ts,open,high,low,close,volume
1775732100000,71305.3,71341.0,71246.4,71246.5,77.3628
1775732400000,71246.5,71325.0,71231.0,71293.4,172.6481
1775732700000,71293.4,71293.6,71229.9,71236.4,180.1096
1775733000000,71236.4,71236.5,71161.2,71166.2,255.4646
1775733300000,71166.2,71188.0,71113.8,71187.9,309.3736
1775733600000,71188.0,71219.9,71134.5,71156.5,212.1014
1775733900000,71156.5,71158.0,71020.1,71054.6,532.0788
1775734200000,71054.6,71149.0,71054.6,71100.0,221.3568
1775734500000,71100.0,71156.0,71061.6,71156.0,164.7355
1775734800000,71156.0,71200.0,71121.5,71145.0,219.0959
1775735100000,71145.0,71200.0,71133.8,71192.3,88.535
1775735400000,71192.2,71203.3,71163.1,71163.1,90.5139
1775735700000,71163.1,71163.1,71115.7,71124.5,91.1133
1775736000000,71124.5,71196.8,71124.5,71184.0,112.7931
1775736300000,71184.0,71228.8,71150.0,71207.3,97.3754
1775736600000,71207.3,71233.6,71176.7,71180.1,107.5362
1775736900000,71180.1,71230.0,71141.7,71141.8,113.6605
1775737200000,71141.8,71141.8,71013.0,71089.0,421.8824
1775737500000,71089.0,71316.6,71081.9,71252.3,359.1723
1775737800000,71252.3,71275.0,71145.4,71203.9,215.2584
1775738100000,71203.9,71250.0,71096.8,71134.1,167.2756
1775738400000,71134.0,71291.5,71105.4,71196.3,305.9979
1775738700000,71196.3,71220.0,71075.8,71132.5,174.5546
1775739000000,71132.4,71206.5,71130.0,71189.9,121.4479
1775739300000,71189.9,71286.5,71189.4,71263.6,143.0287
1775739600000,71263.7,71337.6,71140.2,71154.8,279.4585
1775739900000,71154.7,71170.0,71087.0,71114.0,241.1945
1775740200000,71113.9,71120.0,71080.4,71100.0,123.4039
1775740500000,71100.0,71123.1,71090.0,71103.2,91.5815
1775740800000,71103.1,71109.6,71040.1,71092.8,177.8432
1775741100000,71092.7,71133.1,71075.9,71085.6,204.8606
1775741400000,71085.7,71145.5,70856.6,70969.7,835.7046
1775741700000,70969.8,71089.0,70750.0,70921.2,1111.3371
1775742000000,70921.2,70947.9,70779.4,70876.0,594.3254
1775742300000,70876.0,70899.8,70721.0,70857.0,820.4022
1775742600000,70857.0,70857.0,70709.3,70725.1,461.5352
1775742900000,70725.1,70815.6,70609.5,70779.8,1051.087
1775743200000,70779.8,70812.9,70681.9,70762.9,390.5603
1775743500000,70762.9,70769.3,70661.5,70672.1,334.7221
1775743800000,70672.0,70831.5,70619.8,70770.0,427.0645
1775744100000,70770.1,70809.8,70566.0,70599.9,571.8569
1775744400000,70599.8,70696.4,70584.4,70686.7,263.9017
1775744700000,70686.7,70698.2,70505.0,70621.8,501.1291
1775745000000,70621.8,70672.1,70583.3,70640.0,309.7695
1775745300000,70640.0,70810.0,70583.4,70788.0,540.6277
1775745600000,70788.1,70890.0,70774.7,70867.4,528.6587
1775745900000,70867.4,71010.0,70867.3,71008.6,1095.9821
1775746200000,71008.7,71228.0,71000.3,71131.7,1190.0274
1775746500000,71131.8,71210.0,71031.0,71090.7,796.639
1775746800000,71090.8,71125.0,70984.0,71036.7,499.7939
1775747100000,71036.8,71050.0,70900.0,70900.1,346.177
1775747400000,70900.0,71350.0,70900.0,71311.8,962.7701
1775747700000,71311.7,71537.8,71306.3,71370.3,1181.965
1775748000000,71370.4,71628.8,71370.3,71442.4,1057.9395
1775748300000,71442.4,71442.5,71308.2,71313.2,454.4469
1775748600000,71313.3,72238.6,71260.4,72185.1,3498.8068
1775748900000,72185.2,72203.0,71800.5,71845.3,2490.4031
1775749200000,71845.3,72080.0,71844.7,72045.6,1003.6639
1775749500000,72045.5,72333.7,72010.0,72076.4,1312.0402
1775749800000,72076.4,72210.0,72044.5,72198.4,549.4762
1775750100000,72198.4,72324.0,72045.5,72105.7,1116.4663
1775750400000,72105.6,72379.3,72105.6,72272.5,1143.0356
1775750700000,72272.6,72273.3,72045.9,72091.1,1101.061
1775751000000,72091.2,72278.9,72081.7,72139.0,611.6891
1775751300000,72138.9,72362.0,72112.2,72281.2,477.051
1775751600000,72281.0,72328.1,72066.3,72130.9,659.4155
1775751900000,72131.0,72192.1,72020.0,72023.5,458.5349
1775752200000,72023.5,72028.9,71900.0,71900.2,978.9252
1775752500000,71900.1,71980.0,71741.8,71825.0,889.3651
1775752800000,71824.9,71952.2,71769.6,71934.5,656.0822
1775753100000,71934.5,71949.9,71666.7,71789.6,615.8291
1775753400000,71789.6,71900.0,71763.1,71849.9,299.4068
1775753700000,71849.9,72076.7,71849.8,72047.5,506.5841
1775754000000,72047.6,72491.3,72037.2,72437.1,1503.4414
1775754300000,72437.2,72487.9,72310.5,72416.5,1231.9578
1775754600000,72416.4,72480.0,72362.9,72443.6,448.4249
1775754900000,72443.7,72518.3,72379.4,72385.5,602.6171
1775755200000,72385.5,72443.2,72250.0,72337.4,601.3546
1775755500000,72337.4,72350.0,72165.0,72303.2,598.2232
1775755800000,72303.2,72303.2,72055.0,72141.8,486.769
1775756100000,72141.8,72478.8,72141.7,72413.1,469.7619
1775756400000,72413.1,72466.5,72314.9,72377.2,416.0027
1775756700000,72377.2,72440.0,72282.6,72330.5,375.1178
1775757000000,72330.3,72360.0,72232.9,72320.4,238.1258
1775757300000,72320.5,72330.0,72219.8,72308.6,111.1242
1775757600000,72308.6,72341.7,71816.2,71891.9,1212.5444
1775757900000,71892.0,72004.6,71866.9,71973.4,485.7142
1775758200000,71973.3,72019.7,71851.6,71861.1,231.7819
1775758500000,71861.0,71963.3,71822.7,71888.6,329.4947
1775758800000,71888.5,71888.6,71733.3,71824.9,355.4825
1775759100000,71824.9,71915.0,71760.0,71876.4,359.5824
1775759400000,71876.4,71899.9,71708.5,71831.1,240.3246
1775759700000,71831.1,71910.8,71819.6,71868.9,148.1931
1775760000000,71868.9,71924.0,71775.2,71819.9,131.8554
1775760300000,71819.9,71860.0,71714.0,71857.0,209.3224
1775760600000,71857.0,71871.2,71804.6,71843.1,135.101
1775760900000,71843.1,71891.1,71816.3,71858.3,193.0231
1775761200000,71858.2,71920.0,71794.2,71897.8,247.6483
1775761500000,71897.8,72061.8,71840.0,72030.1,435.6538
1775761800000,72030.1,72104.5,71956.5,72000.1,282.7489
1775762100000,72000.0,72059.0,71900.0,71908.9,255.3633
1775762400000,71908.9,71931.5,71744.4,71760.0,180.8817
1775762700000,71760.0,71813.3,71718.0,71796.3,135.1484
1775763000000,71796.2,71934.8,71788.4,71832.7,198.6623
1775763300000,71832.8,71933.2,71790.0,71933.2,88.7972
1775763600000,71933.3,72127.8,71918.0,72075.4,384.1655
1775763900000,72075.4,72236.4,72075.4,72198.0,411.1518
1775764200000,72197.9,72270.0,72120.0,72161.4,296.3852
1775764500000,72161.4,72161.4,71947.1,72060.7,402.1015
1775764800000,72060.7,72157.4,72021.2,72059.4,301.8136
1775765100000,72059.4,72059.5,71929.1,71993.8,182.0672
1775765400000,71993.8,72150.0,71968.1,72147.0,124.8273
1775765700000,72147.1,72250.0,72126.0,72221.1,191.7121
1775766000000,72221.1,72310.8,72221.0,72277.2,206.5592
1775766300000,72277.1,72309.5,72227.7,72255.2,88.5943
1775766600000,72255.3,72418.5,72220.5,72398.6,288.1672
1775766900000,72398.6,72414.8,72331.2,72346.6,92.9482
1775767200000,72346.7,72406.5,72316.8,72383.5,119.4082
1775767500000,72383.5,72383.6,72292.6,72294.3,99.4833
1775767800000,72294.4,72345.9,72248.1,72345.8,117.8424
1775768100000,72345.8,72382.8,72308.9,72374.8,121.983
1775768400000,72374.8,72445.0,72298.7,72417.5,188.3666
1775768700000,72417.5,72676.0,72237.7,72237.8,1134.4795
1775769000000,72237.8,72320.0,72158.6,72298.1,322.6885
1775769300000,72298.0,72320.0,72231.9,72238.4,90.4789
1775769600000,72238.4,72258.3,72110.0,72258.3,154.8699
1775769900000,72258.3,72275.0,72140.9,72140.9,75.95
1775770200000,72140.9,72229.9,72107.1,72208.9,108.0239
1775770500000,72208.9,72252.0,72154.6,72179.4,85.8878
1775770800000,72179.5,72418.4,72179.4,72415.5,315.3716
1775771100000,72415.6,72435.0,72316.8,72368.0,154.0199
1775771400000,72368.1,72368.1,72245.5,72245.5,91.9459
1775771700000,72245.5,72264.3,72189.3,72226.5,72.8869
1775772000000,72226.5,72379.9,72213.9,72352.4,176.3441
1775772300000,72352.4,72361.0,72266.0,72356.5,92.3678
1775772600000,72356.5,72489.0,72342.3,72469.9,221.4622
1775772900000,72469.9,73146.1,72460.8,72776.8,3655.734
1775773200000,72776.7,72782.6,72693.8,72761.8,491.8583
1775773500000,72761.8,72767.0,72546.2,72597.1,420.7408
1775773800000,72597.0,72597.1,72402.8,72475.0,489.0623
1775774100000,72475.1,72475.1,72321.0,72323.5,492.2716
1775774400000,72323.6,72417.6,72256.9,72284.5,245.6371
1775774700000,72284.5,72431.3,72211.2,72380.1,376.6452
1775775000000,72380.1,72380.1,72043.4,72186.5,492.4676
1775775300000,72186.5,72199.9,71911.1,71911.2,612.5548
1775775600000,71911.1,71995.1,71800.0,71852.0,998.7185
1775775900000,71852.0,71994.0,71838.6,71910.3,324.5175
1775776200000,71910.4,71947.0,71705.3,71773.3,380.7239
1775776500000,71773.3,71837.8,71541.9,71816.3,1206.9059
1775776800000,71816.3,71888.5,71751.1,71784.3,273.7109
1775777100000,71784.2,71850.0,71734.2,71754.6,175.971
1775777400000,71754.6,71754.6,71580.8,71708.1,608.5914
1775777700000,71708.2,71800.0,71655.1,71796.1,286.925
1775778000000,71796.0,71820.9,71733.0,71733.0,182.9903
1775778300000,71733.1,71766.0,71666.0,71754.8,200.6584
1775778600000,71754.8,71797.4,71696.6,71770.9,150.9209
1775778900000,71770.9,71800.0,71708.1,71759.0,283.5174
1775779200000,71759.1,71830.0,71715.5,71775.7,278.0796
1775779500000,71775.7,71851.0,71690.0,71792.5,297.5848
1775779800000,71792.6,71867.3,71670.3,71783.7,313.8565
1775780100000,71783.6,71783.6,71592.5,71592.5,407.9816
1775780400000,71592.5,71698.0,71543.0,71635.8,275.4056
1775780700000,71635.8,71836.2,71582.5,71807.5,328.0828
1775781000000,71807.6,71950.0,71766.1,71853.7,382.5957
1775781300000,71853.8,71930.0,71760.4,71838.4,215.3259
1775781600000,71838.3,71930.0,71810.1,71905.0,238.7506
1775781900000,71905.0,71967.9,71839.5,71903.7,197.8399
1775782200000,71903.7,72020.3,71890.9,71929.9,239.2686
1775782500000,71929.9,71949.3,71846.8,71945.6,166.9463
1775782800000,71945.7,71945.7,71806.7,71842.5,196.5579
1775783100000,71842.5,71933.3,71785.5,71933.2,107.0278
1775783400000,71933.3,72066.0,71900.9,71971.4,344.0028
1775783700000,71971.4,72018.8,71920.7,71974.9,154.3005
1775784000000,71974.9,71986.9,71632.7,71829.4,367.0612
1775784300000,71829.5,71870.0,71760.0,71845.3,228.4054
1775784600000,71845.3,72167.5,71830.8,72149.9,632.2991
1775784900000,72150.0,72342.3,72131.7,72273.5,856.8427
1775785200000,72273.5,72355.4,72224.8,72272.9,522.8361
1775785500000,72272.8,72272.9,72169.8,72201.9,261.6599
1775785800000,72201.9,72330.0,72175.9,72194.3,356.0813
1775786100000,72194.3,72224.0,72111.5,72133.4,345.7805
1775786400000,72133.3,72217.0,72083.3,72094.2,236.6536
1775786700000,72094.2,72250.0,72087.4,72212.5,175.3006
1775787000000,72212.4,72264.5,72156.1,72194.8,167.1449
1775787300000,72194.8,72230.0,72150.0,72174.5,144.6394
1775787600000,72174.5,72189.4,72150.3,72154.4,64.7354
1775787900000,72154.4,72210.0,72133.9,72145.5,131.7107
1775788200000,72145.4,72200.4,72097.9,72153.1,143.5445
1775788500000,72153.1,72180.2,72113.4,72140.9,76.8806
1775788800000,72140.8,72158.1,72094.3,72125.0,62.9876
1775789100000,72125.0,72125.0,71950.1,71964.7,427.5687
1775789400000,71964.7,71978.2,71868.8,71956.0,401.1516
1775789700000,71956.0,71960.0,71898.8,71924.9,196.0372
1775790000000,71924.9,71999.9,71885.3,71923.2,207.6496
1775790300000,71923.2,71956.9,71862.0,71880.1,185.1433
1775790600000,71880.1,71895.4,71800.0,71827.0,165.1549
1775790900000,71827.0,71915.2,71811.8,71877.8,104.23
1775791200000,71877.7,71886.4,71824.5,71829.1,93.0083
1775791500000,71829.1,71860.0,71780.0,71789.4,146.7913
1775791800000,71789.3,71891.5,71780.0,71862.5,101.9142
1775792100000,71862.6,71942.5,71862.5,71868.4,182.4145
1775792400000,71868.5,71920.0,71845.1,71884.7,189.1824
1775792700000,71884.3,71920.0,71820.0,71831.3,118.2235
1775793000000,71831.3,71845.0,71800.0,71833.2,104.8088
1775793300000,71833.2,71845.5,71817.0,71838.2,51.2876
1775793600000,71838.3,71895.6,71838.2,71885.1,61.0242
1775793900000,71885.1,71930.0,71863.1,71895.5,122.2455
1775794200000,71895.4,71913.4,71840.7,71840.8,69.1479
1775794500000,71840.8,71905.0,71828.6,71858.6,90.2935
1775794800000,71858.6,71915.5,71813.8,71836.2,213.5677
1775795100000,71836.2,71897.7,71830.9,71837.5,130.5954
1775795400000,71837.5,71854.9,71800.0,71813.2,191.3928
1775795700000,71813.2,71881.5,71784.1,71869.0,159.8752
1775796000000,71869.1,71877.1,71840.0,71876.8,83.354
1775796300000,71876.9,71915.1,71867.2,71906.3,81.6744
1775796600000,71906.3,72194.6,71855.8,72072.0,591.9169
1775796900000,72072.0,72100.0,71992.0,72086.8,265.174
1775797200000,72086.9,72100.0,72011.2,72093.7,158.7805
1775797500000,72093.6,72135.1,72007.8,72021.7,141.5087
1775797800000,72021.7,72035.2,71963.5,72028.4,104.906
1775798100000,72028.5,72057.5,71960.4,72057.5,181.2177
1775798400000,72057.6,72199.9,72057.5,72196.4,273.4861
1775798700000,72196.3,72258.0,72190.7,72194.9,247.1747
1775799000000,72194.9,72232.7,72163.8,72178.8,198.4436
1775799300000,72178.8,72189.0,72133.3,72188.9,109.5591
1775799600000,72189.0,72193.0,72122.0,72123.7,69.0714
1775799900000,72123.7,72172.3,72123.6,72151.1,50.1861
1775800200000,72151.1,72186.9,72079.9,72085.2,94.7054
1775800500000,72085.2,72097.5,72055.0,72097.0,64.1365
1775800800000,72096.9,72120.0,72074.1,72120.0,86.5798
1775801100000,72119.9,72150.0,72063.0,72063.2,54.289
1775801400000,72063.2,72106.0,72021.1,72106.0,134.9543
1775801700000,72106.0,72106.0,71933.4,71970.0,172.8868
1775802000000,71970.1,71974.9,71916.6,71955.1,165.6336
1775802300000,71955.0,71956.7,71916.6,71936.9,86.2217
1775802600000,71936.9,71949.7,71888.3,71949.7,132.7377
1775802900000,71949.7,71977.4,71840.0,71977.2,230.5767
1775803200000,71977.2,71977.3,71870.1,71912.9,85.2968
1775803500000,71912.8,71966.0,71850.0,71850.1,106.8449
1775803800000,71850.1,71850.1,71800.1,71801.7,191.7455
1775804100000,71801.7,71809.0,71754.6,71777.0,233.4211
1775804400000,71777.0,71819.5,71742.0,71754.3,445.0908
1775804700000,71754.3,71769.8,71680.6,71712.8,490.0509
1775805000000,71712.9,71748.0,71686.2,71687.8,190.8084
1775805300000,71687.9,71755.4,71686.3,71736.8,203.1754
1775805600000,71736.8,71746.0,71673.7,71705.0,229.3949
1775805900000,71704.9,71722.7,71683.0,71703.3,163.6287
1775806200000,71703.3,71766.0,71680.0,71721.9,269.3469
1775806500000,71722.0,71750.0,71688.0,71691.1,198.9902
1775806800000,71691.0,71705.5,71616.4,71633.2,233.1036
1775807100000,71633.2,71666.1,71598.0,71598.0,222.6971
1775807400000,71598.1,71628.2,71404.1,71415.7,1062.4625
1775807700000,71415.8,71485.5,71405.0,71463.5,480.6849
1775808000000,71463.5,71487.4,71388.9,71440.8,718.686
1775808300000,71440.7,71604.0,71440.7,71578.1,444.527
1775808600000,71578.1,71649.9,71538.5,71578.1,608.5759
1775808900000,71578.0,71618.2,71493.0,71618.2,169.7193
1775809200000,71618.1,71646.4,71592.6,71643.3,153.0054
1775809500000,71643.3,71666.0,71608.0,71608.0,134.9923
1775809800000,71608.0,71651.0,71594.4,71607.7,197.7449
1775810100000,71607.7,71728.0,71581.9,71716.1,295.3598
1775810400000,71716.1,71730.0,71667.9,71674.2,269.3328
1775810700000,71674.2,71682.7,71500.0,71528.2,388.569
1775811000000,71528.3,71565.7,71463.0,71565.6,308.3706
1775811300000,71565.7,71588.8,71540.0,71581.2,83.9362
1775811600000,71581.1,71671.4,71560.5,71649.5,186.1056
1775811900000,71649.5,71672.3,71634.3,71644.9,84.2147
1775812200000,71645.0,71675.7,71612.1,71675.6,54.7745
1775812500000,71675.6,71827.0,71659.1,71791.9,520.6906
1775812800000,71791.8,71831.4,71720.1,71724.5,271.3397
1775813100000,71724.6,71738.0,71692.9,71733.3,163.1804
1775813400000,71733.4,71787.9,71715.2,71776.3,162.5628
1775813700000,71776.2,71846.9,71739.5,71802.4,187.9906
1775814000000,71802.5,71806.9,71740.2,71771.8,86.564
1775814300000,71771.9,71771.9,71706.6,71731.8,82.4776
1775814600000,71731.8,71769.9,71726.4,71756.6,59.8638
1775814900000,71756.6,71799.2,71748.1,71748.1,95.9231
1775815200000,71748.1,71762.5,71720.0,71762.5,164.29
1775815500000,71762.5,71762.5,71680.9,71732.8,106.6217
1775815800000,71732.8,71771.3,71707.8,71771.3,94.0548
1775816100000,71771.2,71785.0,71756.4,71782.4,71.0994
1775816400000,71782.4,71782.5,71679.7,71699.6,145.9335
1775816700000,71699.6,71739.3,71667.6,71692.4,73.6708
1775817000000,71692.4,71725.9,71692.4,71717.8,53.4394
1775817300000,71717.8,71745.0,71684.1,71734.5,55.6232
1775817600000,71734.6,71790.0,71728.5,71764.1,91.4896
1775817900000,71764.1,71800.0,71749.1,71799.9,131.3326
1775818200000,71799.9,71870.0,71792.3,71859.0,449.171
1775818500000,71858.9,71896.3,71858.9,71863.2,177.7075
1775818800000,71863.1,71988.0,71858.4,71957.0,372.8805
1775819100000,71957.0,72068.0,71922.0,72067.9,393.8623
1775819400000,72067.9,72121.6,72022.3,72083.1,307.8353
1775819700000,72083.2,72149.0,72050.4,72113.3,401.4078
1775820000000,72113.4,72177.0,72100.0,72146.6,425.7375
1775820300000,72146.6,72174.1,72100.3,72170.3,194.5269
1775820600000,72170.2,72185.0,72091.9,72109.6,248.1979
1775820900000,72109.6,72222.0,72109.6,72194.4,298.5447
1775821200000,72194.4,72218.0,72135.8,72140.4,326.4718
1775821500000,72140.5,72206.6,72081.0,72190.1,279.7583
1775821800000,72190.0,72192.5,72106.0,72106.0,172.8097
1775822100000,72106.0,72110.6,72055.0,72084.8,236.1999
1775822400000,72084.7,72146.2,72054.2,72140.0,477.4558
1775822700000,72139.9,72163.6,72088.3,72100.1,185.3952
1775823000000,72100.1,72100.2,72035.9,72041.2,200.3166
1775823300000,72041.2,72144.4,72028.4,72137.7,260.907
1775823600000,72137.8,72300.0,72046.4,72088.3,531.8107
1775823900000,72088.2,72210.0,71960.0,72130.4,900.1602
1775824200000,72128.8,72420.0,72000.0,72285.3,2119.6013
1775824500000,72285.2,72285.2,72140.5,72248.1,374.7861
1775824800000,72248.0,72380.0,72241.3,72268.2,336.1291
1775825100000,72268.2,72371.3,72230.0,72369.7,262.4269
1775825400000,72369.7,72370.8,72166.4,72179.2,321.2217
1775825700000,72179.2,72243.6,72160.0,72220.0,242.8539
1775826000000,72220.0,72220.6,72155.7,72163.4,215.8518
1775826300000,72163.5,72238.0,72138.4,72193.8,297.0614
1775826600000,72193.7,72233.7,72173.3,72180.4,126.3448
1775826900000,72180.4,72191.9,72123.8,72183.0,194.2945
1775827200000,72183.0,72250.0,72161.5,72205.2,229.7638
1775827500000,72205.3,72280.0,72205.2,72265.5,202.2207
1775827800000,72265.6,72381.0,72035.0,72072.0,1080.1211
1775828100000,72071.9,72071.9,71874.9,71907.3,1528.8371
1775828400000,71907.3,72037.1,71868.8,72037.1,496.4182
1775828700000,72037.1,72288.0,72025.0,72258.3,595.4931
1775829000000,72258.3,72269.9,72073.1,72238.6,285.0968
1775829300000,72238.7,72345.2,72202.4,72289.0,643.378
1775829600000,72289.0,72463.0,72215.2,72395.0,1200.8108
1775829900000,72395.0,72530.0,72367.2,72398.4,876.5431
1775830200000,72398.4,72735.0,72351.7,72670.5,1469.381
1775830500000,72670.5,72814.6,72588.7,72729.6,1746.2182
1775830800000,72729.5,73036.0,72729.5,73025.9,1790.1738
1775831100000,73025.9,73047.9,72841.8,72936.2,1121.6677
1775831400000,72936.3,73100.0,72921.6,73033.1,1018.6982
1775831700000,73033.1,73125.5,72975.9,73020.9,794.6934
1775832000000,73020.8,73039.9,72671.1,72825.0,1491.0189
1775832300000,72825.1,72899.8,72665.5,72685.7,705.956
1775832600000,72685.7,72936.0,72685.6,72803.8,463.1319
1775832900000,72803.9,72888.0,72722.2,72878.5,404.5035
1775833200000,72878.6,72981.3,72852.9,72872.4,459.856
1775833500000,72872.4,73066.0,72804.3,73054.1,374.8678
1775833800000,73054.0,73087.0,72981.4,72984.0,325.229
1775834100000,72984.0,73010.0,72880.4,72984.7,246.2469
1775834400000,72984.6,73288.0,72943.6,73224.0,1134.853
1775834700000,73224.0,73225.8,72710.3,72746.4,1690.0161
1775835000000,72746.4,72818.5,72646.7,72669.6,940.5309
1775835300000,72669.7,72696.0,72610.6,72685.2,411.607
1775835600000,72685.1,72717.0,72548.9,72703.0,570.2945
1775835900000,72703.0,72728.5,72467.1,72532.8,463.8007
1775836200000,72532.8,72565.8,72464.0,72464.0,270.6828
1775836500000,72464.0,72490.1,72285.8,72418.3,815.5335
1775836800000,72418.2,72521.5,72348.4,72486.4,555.5083
1775837100000,72486.4,72566.7,72433.4,72519.9,361.2828
1775837400000,72520.0,72687.7,72519.9,72664.7,378.7967
1775837700000,72664.7,72789.5,72633.5,72706.9,594.3898
1775838000000,72707.0,72727.3,72535.5,72720.0,577.717
1775838300000,72720.0,72734.2,72640.0,72733.9,188.4994
1775838600000,72733.9,72753.8,72550.0,72746.3,337.8066
1775838900000,72746.2,72766.0,72666.8,72676.6,132.7131
1775839200000,72676.7,72685.8,72596.5,72685.7,332.6374
1775839500000,72685.7,72760.0,72663.6,72736.5,123.4993
1775839800000,72736.6,72941.1,72736.6,72863.2,367.8265
1775840100000,72863.3,73056.7,72860.1,72965.8,1437.0292
1775840400000,72965.8,72980.8,72844.8,72854.4,497.7907
1775840700000,72854.5,72899.0,72797.2,72856.1,187.045
1775841000000,72856.1,72872.2,72770.2,72831.9,122.859
1775841300000,72831.9,72918.8,72778.1,72887.9,134.1387
1775841600000,72888.0,72942.0,72813.3,72919.1,104.6694
1775841900000,72919.2,73010.0,72890.8,72940.0,160.6684
1775842200000,72939.9,72940.0,72860.0,72868.4,166.5309
1775842500000,72868.4,72883.2,72768.1,72866.6,135.3176
1775842800000,72866.7,72899.0,72795.3,72894.9,122.2999
1775843100000,72894.9,72997.5,72889.8,72954.4,160.712
1775843400000,72954.3,73123.0,72943.1,73041.4,528.6295
1775843700000,73041.4,73100.0,73015.0,73092.0,188.3366
1775844000000,73091.9,73111.7,72860.5,72881.4,446.5534
1775844300000,72881.4,72995.3,72840.0,72974.6,170.0908
1775844600000,72974.6,73060.0,72946.0,73059.9,131.1185
1775844900000,73060.0,73149.5,72913.2,72945.7,388.4009
1775845200000,72945.7,73006.7,72918.0,72918.0,109.8296
1775845500000,72918.0,72989.9,72851.3,72954.2,189.0598
1775845800000,72954.2,72988.0,72912.2,72912.5,103.4208
1775846100000,72912.5,72966.7,72890.0,72921.6,72.257
1775846400000,72921.6,72936.9,72886.2,72918.0,58.9298
1775846700000,72918.0,72950.0,72900.5,72949.3,47.1008
1775847000000,72949.2,73037.0,72940.9,73013.0,74.7681
1775847300000,73013.0,73082.3,73013.0,73071.1,146.3682
1775847600000,73071.2,73139.6,73071.1,73118.2,190.6627
1775847900000,73118.1,73156.0,73037.3,73049.2,169.4173
1775848200000,73049.2,73227.9,73040.0,73144.5,421.2483
1775848500000,73144.5,73156.5,73090.9,73109.5,97.2369
1775848800000,73109.4,73125.0,72950.6,73014.9,231.4975
1775849100000,73014.9,73018.0,72956.2,72957.0,68.7719
1775849400000,72957.0,72982.7,72886.0,72982.7,218.9328
1775849700000,72982.7,72983.2,72894.7,72919.1,96.799
1775850000000,72919.2,72925.0,72871.4,72918.7,127.64
1775850300000,72918.6,72983.5,72863.8,72982.2,96.4631
1775850600000,72982.2,73093.7,72982.2,73057.6,134.2049
1775850900000,73057.6,73248.8,73052.5,73194.0,352.6914
1775851200000,73194.5,73228.3,73135.7,73220.0,294.7116
1775851500000,73220.0,73230.0,73096.8,73210.2,244.9166
1775851800000,73210.3,73219.9,73133.4,73203.9,115.9882
1775852100000,73203.9,73244.2,73140.6,73234.9,199.8443
1775852400000,73234.9,73235.0,73094.4,73123.2,122.8762
1775852700000,73123.1,73224.0,73123.1,73214.9,68.1606
1775853000000,73214.9,73452.3,73156.4,73195.5,1207.5995
1775853300000,73195.6,73247.4,73012.8,73043.7,243.4354
1775853600000,73043.7,73203.0,73023.2,73203.0,232.4111
1775853900000,73203.0,73240.3,73107.1,73207.0,127.5317
1775854200000,73207.0,73249.9,73174.6,73240.7,68.8218
1775854500000,73240.7,73388.7,73240.7,73321.2,272.0061
1775854800000,73321.3,73321.3,73261.2,73289.3,118.0316
1775855100000,73289.3,73289.4,73120.2,73157.5,219.4367
1775855400000,73157.6,73157.6,72974.4,73038.9,205.3439
1775855700000,73038.9,73055.0,73013.8,73053.9,74.8169
1775856000000,73053.9,73143.2,73020.1,73102.9,167.7824
1775856300000,73102.9,73107.3,73053.8,73055.2,42.5712
1775856600000,73055.3,73060.8,72986.7,73000.8,146.8194
1775856900000,73000.8,73070.0,73000.7,73013.9,101.0454
1775857200000,73013.9,73065.6,72900.0,73020.0,175.2689
1775857500000,73020.1,73108.0,73001.1,73060.1,66.3747
1775857800000,73060.1,73140.0,73056.0,73113.2,77.9131
1775858100000,73113.2,73179.0,73101.2,73163.0,77.5497
1775858400000,73162.9,73198.2,73060.2,73165.3,450.7782
1775858700000,73165.2,73220.0,73100.0,73100.0,110.9984
1775859000000,73100.1,73140.9,73100.0,73120.2,56.4765
1775859300000,73120.2,73168.5,72977.9,73008.0,336.3921
1775859600000,73008.1,73032.1,72958.8,72985.5,151.1995
1775859900000,72985.1,73039.9,72969.9,72980.1,82.0124
1775860200000,72980.1,72986.1,72913.0,72926.1,73.1277
1775860500000,72926.0,72947.3,72817.2,72860.5,372.7689
1775860800000,72860.6,72865.0,72678.5,72821.0,453.9843
1775861100000,72821.0,72847.5,72797.1,72805.6,190.2951
1775861400000,72805.6,72858.0,72805.5,72855.0,69.3621
1775861700000,72855.1,72868.0,72832.8,72840.8,50.382
1775862000000,72840.8,72840.9,72746.0,72817.4,226.8211
1775862300000,72817.3,72860.0,72807.9,72807.9,71.8856
1775862600000,72808.0,72853.2,72764.6,72841.0,74.7081
1775862900000,72841.0,72844.6,72776.0,72778.2,50.8373
1775863200000,72778.3,72918.0,72778.3,72837.6,155.7069
1775863500000,72837.6,72887.5,72831.6,72861.9,35.8239
1775863800000,72861.9,72870.0,72804.0,72866.5,87.4106
1775864100000,72866.6,72896.9,72861.5,72884.6,52.9807
1775864400000,72884.7,72890.0,72860.0,72875.1,48.9705
1775864700000,72875.1,72922.8,72875.1,72904.5,65.6802
1775865000000,72904.6,72910.0,72875.2,72875.2,44.8095
1775865300000,72875.2,72933.3,72872.1,72925.8,77.375
1775865600000,72925.7,72925.8,72801.3,72801.3,179.3761
1775865900000,72801.3,72847.0,72777.2,72811.6,219.149
1775866200000,72811.6,72847.3,72797.8,72828.0,45.5847
1775866500000,72828.0,72848.0,72815.3,72831.1,62.0992
1775866800000,72831.1,72875.3,72777.0,72833.3,94.1688
1775867100000,72833.2,72874.9,72833.2,72870.0,48.3984
1775867400000,72869.9,72870.0,72805.2,72826.5,63.5679
1775867700000,72826.5,72894.7,72824.3,72894.7,37.7289
1775868000000,72894.7,72900.0,72824.7,72824.8,88.1866
1775868300000,72824.7,72824.8,72750.0,72806.2,86.5892
1775868600000,72806.2,72810.0,72777.0,72810.0,75.8535
1775868900000,72810.0,72810.0,72780.7,72799.2,23.3358
1775869200000,72799.3,72806.6,72734.6,72750.1,77.8799
1775869500000,72750.1,72817.1,72750.0,72804.0,57.0023
1775869800000,72803.9,72805.3,72767.1,72772.6,61.0455
1775870100000,72772.6,72772.6,72616.7,72709.0,424.8934
1775870400000,72709.0,72725.0,72680.4,72702.3,63.8019
1775870700000,72702.3,72817.8,72677.0,72802.3,120.1376
1775871000000,72802.3,72920.0,72790.0,72867.6,137.9542
1775871300000,72867.7,72867.7,72800.0,72832.7,58.1446
1775871600000,72832.8,72850.0,72817.2,72827.2,43.3203
1775871900000,72827.2,72964.1,72824.8,72943.8,122.4543
1775872200000,72943.8,72975.0,72906.5,72917.5,97.6808
1775872500000,72917.5,72931.9,72881.2,72927.5,134.3957
1775872800000,72927.5,72971.3,72875.7,72917.3,99.6414
1775873100000,72917.3,72973.2,72880.0,72898.8,137.8348
1775873400000,72898.7,72950.0,72887.8,72926.4,111.2985
1775873700000,72926.5,73026.0,72926.4,72996.3,148.3316
1775874000000,72996.3,72996.3,72945.1,72945.2,67.0026
1775874300000,72945.2,72983.8,72932.0,72952.4,93.7631
1775874600000,72952.3,73073.8,72952.3,73007.3,288.7422
1775874900000,73007.3,73014.4,72962.4,73001.6,117.4919
1775875200000,73001.6,73013.5,72944.6,72959.3,104.5995
1775875500000,72959.3,72959.3,72891.0,72891.0,111.0632
1775875800000,72891.1,72920.0,72868.1,72883.5,77.6429
1775876100000,72883.5,72928.8,72883.4,72928.8,76.6432
1775876400000,72928.8,72966.0,72921.8,72944.9,87.0846
1775876700000,72944.9,72960.0,72930.1,72957.9,52.156
1775877000000,72957.9,73047.2,72957.9,73005.0,128.6215
1775877300000,73005.1,73016.0,72989.8,72999.9,83.3594
1775877600000,73000.0,73023.4,72956.9,72957.9,80.22
1775877900000,72958.0,72998.1,72957.9,72958.3,44.2414
1775878200000,72958.2,72978.3,72921.2,72922.8,51.4879
1775878500000,72922.8,72931.5,72890.0,72931.4,131.1872
1775878800000,72931.4,72988.0,72915.1,72939.0,37.913
1775879100000,72939.0,72950.0,72915.6,72949.9,43.2276
1775879400000,72950.0,72950.0,72853.3,72885.5,175.3997
1775879700000,72885.5,72885.6,72785.8,72836.9,171.6381
1775880000000,72837.0,72858.0,72774.4,72828.2,172.5877
1775880300000,72828.2,72925.2,72828.2,72896.3,109.1778
1775880600000,72896.3,72905.0,72797.7,72804.6,158.2108
1775880900000,72804.7,72810.8,72697.0,72704.9,314.1192
1775881200000,72704.9,72734.6,72682.9,72700.1,169.3751
1775881500000,72700.1,72729.4,72650.6,72696.8,235.4428
1775881800000,72696.9,72801.5,72696.8,72753.0,105.5292
1775882100000,72753.1,72770.0,72713.7,72762.6,62.1431
1775882400000,72762.6,72772.1,72740.0,72772.0,43.0869
1775882700000,72772.0,72774.9,72734.4,72764.3,58.0735
1775883000000,72764.3,72800.0,72764.3,72779.0,40.8696
1775883300000,72779.0,72788.5,72770.4,72781.1,29.3891
1775883600000,72781.2,72801.5,72760.1,72760.1,58.1717
1775883900000,72760.1,72775.1,72730.0,72730.0,64.8581
1775884200000,72730.0,72730.5,72670.0,72678.8,148.2113
1775884500000,72678.8,72727.3,72642.8,72671.6,236.2794
1775884800000,72671.7,72753.9,72671.6,72736.3,99.0011
1775885100000,72736.3,72783.4,72733.0,72783.4,41.8555
1775885400000,72783.3,72812.0,72776.4,72776.5,95.8985
1775885700000,72776.6,72799.9,72775.0,72794.0,44.1999
1775886000000,72794.0,72804.8,72770.0,72770.0,41.3476
1775886300000,72770.0,72770.1,72735.0,72751.7,46.315
1775886600000,72751.7,72751.7,72722.0,72748.9,35.8697
1775886900000,72748.9,72748.9,72685.1,72696.4,78.6856
1775887200000,72696.3,72696.4,72570.3,72658.0,367.0099
1775887500000,72658.0,72681.7,72604.3,72632.4,129.281
1775887800000,72632.4,72683.7,72630.1,72650.6,180.9111
1775888100000,72650.6,72696.0,72644.1,72675.0,61.6196
1775888400000,72674.9,72717.0,72650.1,72650.1,52.8503
1775888700000,72650.1,72673.5,72600.1,72666.0,112.1328
1775889000000,72666.0,72699.3,72651.5,72656.7,70.7573
1775889300000,72656.7,72724.3,72656.7,72700.1,66.3184
1775889600000,72700.1,72709.2,72688.1,72700.3,24.3417
1775889900000,72700.3,72708.9,72688.0,72701.4,30.7712
1775890200000,72701.4,72750.0,72701.3,72743.0,49.382
1775890500000,72743.1,72755.1,72726.5,72738.9,49.0404
1775890800000,72739.0,72755.5,72722.1,72744.3,75.7911
1775891100000,72744.4,72744.4,72721.2,72724.3,46.3499
1775891400000,72724.3,72738.1,72711.5,72724.2,53.7287
1775891700000,72724.2,72757.2,72724.2,72725.7,70.7034
1775892000000,72725.6,72801.9,72725.6,72798.5,109.9697
1775892300000,72798.6,72809.7,72768.7,72775.3,118.3513
1775892600000,72775.3,72796.2,72752.6,72790.1,94.6647
1775892900000,72790.1,72790.1,72735.3,72766.5,107.0063
1775893200000,72766.6,72773.3,72702.5,72702.5,80.7974
1775893500000,72702.5,72702.5,72658.0,72666.7,122.4148
1775893800000,72666.7,72673.6,72633.6,72663.9,98.6832
1775894100000,72663.9,72719.9,72663.9,72719.7,145.6517
1775894400000,72719.8,72721.6,72684.5,72694.7,86.0242
1775894700000,72694.7,72719.6,72684.5,72712.8,64.5846
1775895000000,72712.7,72766.0,72709.5,72746.8,133.2172
1775895300000,72746.7,72746.8,72730.4,72741.8,32.477
1775895600000,72741.9,72779.9,72725.0,72728.2,74.232
1775895900000,72728.2,72734.5,72717.4,72717.4,25.2756
1775896200000,72717.4,72739.9,72696.4,72696.4,108.078
1775896500000,72696.3,72703.3,72660.1,72703.2,55.6291
1775896800000,72703.3,72720.0,72691.8,72713.5,52.852
1775897100000,72713.5,72721.8,72693.6,72693.7,32.4479
1775897400000,72693.6,72693.7,72601.0,72652.7,226.1577
1775897700000,72652.6,72673.0,72636.2,72636.3,53.2375
1775898000000,72636.3,72657.6,72630.0,72642.4,59.0835
1775898300000,72642.4,72642.5,72600.0,72618.6,236.4286
1775898600000,72618.6,72650.0,72605.7,72650.0,74.5601
1775898900000,72650.0,72831.4,72649.9,72774.1,410.2949
1775899200000,72774.1,72884.0,72757.1,72828.4,353.217
1775899500000,72828.4,72865.0,72822.2,72833.1,151.509
1775899800000,72833.0,72833.1,72728.1,72742.6,125.7547
1775900100000,72742.6,72820.9,72732.1,72814.2,71.8254
1775900400000,72814.1,72833.0,72788.1,72794.8,101.8948
1775900700000,72794.7,72835.6,72794.7,72808.1,53.3129
1775901000000,72808.0,72821.3,72799.1,72821.3,56.5462
1775901300000,72821.3,72883.0,72821.2,72875.2,144.3413
1775901600000,72875.1,72898.4,72833.8,72849.3,154.1915
1775901900000,72849.4,72872.1,72827.7,72868.1,78.2438
1775902200000,72868.1,72868.2,72745.2,72785.0,115.6203
1775902500000,72785.1,72802.9,72740.0,72781.4,119.1285
1775902800000,72781.4,72819.7,72779.8,72819.7,53.6594
1775903100000,72819.7,72850.0,72813.0,72834.8,59.3059
1775903400000,72834.8,72842.2,72824.5,72835.2,62.0322
1775903700000,72835.2,72835.3,72762.0,72773.0,166.4861
1775904000000,72772.9,72787.2,72728.0,72749.5,154.8069
1775904300000,72749.5,72759.6,72734.9,72759.6,72.9694
1775904600000,72759.6,72803.1,72755.2,72803.0,80.4286
1775904900000,72803.0,72817.9,72787.0,72811.2,88.4063
1775905200000,72811.2,72832.5,72787.0,72813.6,73.1835
1775905500000,72813.6,72856.2,72809.7,72843.9,110.606
1775905800000,72844.0,72844.0,72826.0,72832.2,39.845
1775906100000,72832.3,72849.9,72800.0,72812.5,42.0957
1775906400000,72812.4,72849.1,72812.4,72831.6,65.7452
1775906700000,72831.6,72842.6,72800.0,72800.0,38.8809
1775907000000,72800.0,72813.9,72790.9,72803.4,50.5948
1775907300000,72803.4,72832.1,72803.4,72814.8,42.6356
1775907600000,72814.8,72824.9,72800.0,72821.1,42.874
1775907900000,72821.1,72842.0,72809.8,72820.0,36.6593
1775908200000,72820.1,72880.0,72815.0,72874.8,67.4776
1775908500000,72874.8,72896.0,72850.9,72883.8,161.0158
1775908800000,72883.7,72910.3,72864.0,72893.8,242.9037
1775909100000,72893.9,72921.8,72880.0,72880.1,156.7019
1775909400000,72880.1,72897.9,72855.4,72897.9,117.9218
1775909700000,72897.9,72924.3,72858.3,72859.5,71.2664
1775910000000,72859.5,72874.6,72787.0,72789.9,139.7725
1775910300000,72789.9,72845.0,72787.0,72834.6,67.0916
1775910600000,72834.7,72873.1,72818.2,72873.1,44.933
1775910900000,72873.1,72896.7,72841.0,72841.1,97.6964
1775911200000,72841.1,72935.2,72841.0,72925.3,104.762
1775911500000,72925.4,72956.5,72908.8,72921.3,123.4729
1775911800000,72921.3,72925.6,72887.0,72887.0,71.5389
1775912100000,72887.0,72905.5,72882.3,72900.0,46.4118
1775912400000,72900.0,72900.0,72742.2,72775.0,358.7207
1775912700000,72775.0,72800.0,72702.8,72713.8,359.3356
1775913000000,72713.8,72713.9,72480.4,72570.9,1198.0813
1775913300000,72570.9,72760.2,72570.9,72740.4,272.0803
1775913600000,72740.3,72742.1,72634.1,72634.1,141.4387
1775913900000,72634.2,72711.0,72588.0,72589.8,169.1025
1775914200000,72589.7,72631.3,72550.0,72571.7,202.6273
1775914500000,72571.7,72610.0,72561.7,72605.2,151.9222
1775914800000,72605.2,72701.2,72600.0,72638.1,231.1623
1775915100000,72638.1,72670.0,72610.0,72669.9,95.6673
1775915400000,72670.0,72680.0,72620.0,72640.7,129.1214
1775915700000,72640.7,72670.0,72628.1,72628.1,39.6343
1775916000000,72628.2,72677.9,72587.3,72640.0,107.6977
1775916300000,72640.0,72696.4,72619.7,72694.2,114.3178
1775916600000,72694.3,72709.3,72674.1,72678.6,58.8414
1775916900000,72678.6,72716.6,72675.0,72694.0,71.2788
1775917200000,72694.1,72749.4,72690.0,72716.2,114.3445
1775917500000,72716.2,72716.3,72679.1,72687.8,68.5185
1775917800000,72687.8,72687.8,72628.4,72675.4,70.0891
1775918100000,72675.4,72690.8,72599.1,72599.2,96.9234
1775918400000,72599.1,72624.6,72578.0,72624.6,114.7124
1775918700000,72624.6,72644.0,72608.8,72608.8,55.1293
1775919000000,72608.9,72704.5,72608.8,72692.8,85.9309
1775919300000,72692.8,72704.3,72669.3,72669.3,102.8486
1775919600000,72669.3,72712.4,72648.6,72696.4,189.7528
1775919900000,72696.3,72696.4,72661.7,72665.6,30.5081
1775920200000,72665.6,72686.6,72665.0,72680.7,88.7235
1775920500000,72680.7,72874.1,72665.0,72770.2,384.1641
1775920800000,72770.2,72776.6,72735.7,72740.1,67.1988
1775921100000,72740.0,72769.1,72706.0,72722.1,138.4536
1775921400000,72722.0,72786.4,72722.0,72757.0,76.6727
1775921700000,72757.0,72768.0,72736.5,72767.9,122.6237
1775922000000,72767.9,72767.9,72734.0,72740.6,48.9202
1775922300000,72740.7,72814.9,72717.5,72717.5,209.3663
1775922600000,72717.6,72810.0,72711.5,72798.2,115.5786
1775922900000,72798.1,72845.3,72794.6,72826.6,151.2788
1775923200000,72826.5,72850.0,72790.0,72847.9,185.1001
1775923500000,72848.0,72849.8,72793.3,72821.8,66.5127
1775923800000,72821.7,72850.0,72821.7,72849.9,55.721
1775924100000,72849.9,72906.3,72834.3,72888.6,224.2342
1775924400000,72888.5,72888.6,72820.1,72827.9,78.8968
1775924700000,72827.9,72864.9,72827.8,72847.9,36.8995
1775925000000,72848.0,72888.0,72833.3,72833.3,62.6732
1775925300000,72833.3,72928.6,72824.3,72891.3,185.0173
1775925600000,72891.3,73200.0,72891.3,73085.6,1138.6585
1775925900000,73085.5,73175.5,73027.6,73130.5,536.8028
1775926200000,73130.5,73170.9,73034.0,73045.4,285.0707
1775926500000,73045.4,73080.0,73000.0,73000.4,155.0318
1775926800000,73000.4,73025.0,72965.0,72997.1,217.7938
1775927100000,72997.1,72997.1,72957.7,72968.8,80.8792
1775927400000,72968.9,73005.8,72959.1,72967.3,163.3371
1775927700000,72967.4,72967.4,72903.0,72949.3,119.7279
1775928000000,72949.3,73075.3,72933.6,73064.5,125.7403
1775928300000,73064.4,73064.5,72994.7,73047.0,131.4437
1775928600000,73047.0,73130.0,73047.0,73129.9,161.2533
1775928900000,73129.9,73142.0,73073.1,73093.7,140.8166
1775929200000,73093.8,73130.0,73086.2,73117.3,78.7431
1775929500000,73117.2,73136.3,73047.7,73068.1,64.6064
1775929800000,73068.0,73085.9,73039.8,73039.9,53.7951
1775930100000,73039.8,73060.4,73029.8,73060.3,66.7738
1775930400000,73060.4,73080.6,73002.8,73016.8,109.1956
1775930700000,73016.8,73065.0,73004.5,73065.0,51.1024
1775931000000,73065.0,73090.8,73026.4,73090.8,55.8082
1775931300000,73090.8,73156.7,73090.7,73149.4,135.3842
1775931600000,73149.3,73246.4,73149.3,73162.9,272.8697
1775931900000,73162.9,73211.6,73148.9,73167.1,103.6428
1775932200000,73167.0,73333.0,73163.0,73259.9,535.068
1775932500000,73260.0,73748.5,73259.9,73564.9,3122.608
1775932800000,73564.9,73586.3,73413.6,73441.5,398.1938
1775933100000,73441.5,73612.0,73403.9,73526.2,397.0064
1775933400000,73526.2,73536.5,73471.1,73489.1,149.8478
1775933700000,73489.0,73534.3,73466.7,73527.3,131.9347
1775934000000,73527.4,73596.5,73458.2,73512.0,296.7798
1775934300000,73512.0,73799.1,73512.0,73687.9,755.2692
1775934600000,73687.9,73697.8,73530.0,73551.1,212.7304
1775934900000,73551.1,73636.8,73433.8,73516.0,255.969
1775935200000,73516.1,73516.1,73439.3,73493.7,141.3755
1775935500000,73493.7,73636.4,73490.0,73599.9,145.5022
1775935800000,73600.0,73780.0,73600.0,73682.8,582.873
1775936100000,73682.7,73697.5,73587.8,73645.2,307.4521
1775936400000,73645.2,73670.0,73622.7,73666.8,101.3204
1775936700000,73666.9,73670.0,73605.0,73626.0,151.0019
1775937000000,73626.0,73640.6,73583.1,73632.9,159.6367
1775937300000,73632.9,73659.7,73621.9,73659.6,81.9022
1775937600000,73659.6,73670.7,73505.9,73518.9,196.1675
1775937900000,73518.8,73586.5,73500.0,73550.0,190.4782
1775938200000,73550.1,73555.9,73470.6,73470.6,122.0175
1775938500000,73470.5,73499.5,73433.3,73434.1,166.6246
1775938800000,73434.2,73434.2,73376.3,73395.6,137.5323
1775939100000,73395.6,73440.0,73382.2,73397.4,110.3066
1775939400000,73397.4,73397.5,73211.2,73228.0,342.7836
1775939700000,73228.0,73343.7,73201.6,73277.8,288.2535
1775940000000,73277.7,73339.0,73276.2,73333.5,191.9032
1775940300000,73333.4,73394.4,73300.5,73386.5,134.9255
1775940600000,73386.5,73414.8,73340.0,73355.0,140.0585
1775940900000,73354.9,73354.9,73262.6,73274.8,67.0481
1775941200000,73274.8,73320.0,73166.0,73278.5,184.0528
1775941500000,73278.6,73392.8,73273.9,73392.3,67.6187
1775941800000,73392.3,73412.9,73346.3,73389.9,114.7765
1775942100000,73389.9,73419.6,73362.6,73375.5,46.5316
1775942400000,73375.6,73393.9,73301.8,73322.9,219.2161
1775942700000,73322.8,73350.0,73289.6,73326.4,36.9276
1775943000000,73326.5,73402.0,73288.5,73386.3,165.6922
1775943300000,73386.4,73437.5,73371.2,73394.7,54.3109
1775943600000,73394.8,73450.0,73384.8,73406.6,70.0018
1775943900000,73406.6,73479.0,73400.0,73400.0,179.5255
1775944200000,73400.1,73530.4,73400.0,73470.9,141.9454
1775944500000,73470.9,73472.8,73378.2,73406.3,63.88
1775944800000,73406.2,73450.4,73338.2,73450.4,95.7749
1775945100000,73450.3,73522.9,73450.3,73507.7,72.5524
1775945400000,73507.8,73515.0,73455.2,73474.4,63.1112
1775945700000,73474.5,73546.3,73442.6,73474.6,121.9179
1775946000000,73474.7,73474.7,73404.5,73424.0,39.3368
1775946300000,73424.0,73464.0,73372.8,73424.4,91.6113
1775946600000,73424.4,73434.3,73245.3,73289.6,201.3362
1775946900000,73289.7,73334.1,73210.8,73258.9,126.6397
1775947200000,73258.8,73342.9,73228.3,73301.8,106.0756
1775947500000,73301.8,73335.9,73276.5,73314.7,90.8299
1775947800000,73314.8,73320.2,73221.3,73242.3,132.6651
1775948100000,73242.3,73360.0,73241.2,73341.1,139.3166
1775948400000,73341.1,73341.2,73055.0,73083.3,332.2867
1775948700000,73083.4,73095.8,72918.5,72956.0,499.3078
1775949000000,72956.1,73025.0,72864.0,73016.6,406.5701
1775949300000,73016.6,73108.9,73000.0,73091.7,142.22
1775949600000,73091.7,73172.9,73091.6,73166.6,136.3736
1775949900000,73166.6,73180.0,73100.0,73100.0,93.7254
1775950200000,73100.0,73100.0,73040.1,73082.3,202.6427
1775950500000,73082.3,73135.9,73059.9,73104.7,121.4652
1775950800000,73104.6,73104.6,73039.3,73039.3,58.0901
1775951100000,73039.3,73078.4,73027.5,73027.6,94.3138
1775951400000,73027.7,73039.6,72970.0,72972.9,189.3492
1775951700000,72972.9,73020.5,72967.8,73014.7,123.4529
1775952000000,73014.7,73014.8,72823.4,72867.1,258.0296
1775952300000,72867.1,73006.7,72867.1,72971.6,200.1036
1775952600000,72971.5,73052.5,72932.1,72972.8,151.7451
1775952900000,72972.7,72972.7,72906.1,72947.0,123.8391
1775953200000,72947.0,73085.0,72947.0,73052.9,211.3502
1775953500000,73052.8,73059.9,73020.5,73045.2,78.4757
1775953800000,73045.3,73060.0,73020.0,73055.1,54.4824
1775954100000,73055.2,73088.0,72992.6,72992.6,107.9595
1775954400000,72992.6,73018.3,72953.6,72993.2,87.8689
1775954700000,72993.3,73030.8,72990.0,72990.1,73.7428
1775955000000,72990.0,73070.7,72979.0,73013.3,150.0818
1775955300000,73013.2,73049.9,72982.3,73049.8,80.8924
1775955600000,73049.9,73107.1,73006.8,73006.9,123.4735
1775955900000,73006.9,73049.2,72940.3,73030.6,154.0167
1775956200000,73030.7,73099.3,73013.0,73055.4,170.8707
1775956500000,73055.3,73060.0,72976.2,73032.1,183.9965
1775956800000,73032.0,73041.3,73014.4,73014.4,50.1225
1775957100000,73014.4,73031.4,72956.0,72983.0,88.6696
1775957400000,72983.0,72984.8,72581.3,72581.3,785.2874
1775957700000,72581.4,72588.4,71933.0,72205.9,4170.4833
1775958000000,72205.9,72206.1,71515.0,71700.9,2313.4003
1775958300000,71701.0,71701.0,71318.2,71377.3,2201.7765
1775958600000,71377.4,71647.9,71270.2,71643.9,1579.9626
1775958900000,71643.8,71650.3,71466.3,71610.0,646.5041
1775959200000,71609.9,71728.9,71385.3,71385.4,945.9335
1775959500000,71385.4,71587.9,71310.5,71580.0,529.4894
1775959800000,71580.0,71820.8,71551.2,71744.1,974.472
1775960100000,71744.1,71934.7,71723.1,71803.8,947.8883
1775960400000,71803.9,71859.9,71663.7,71719.7,472.4492
1775960700000,71719.7,71791.6,71642.9,71737.8,285.829
1775961000000,71737.7,71870.0,71737.7,71855.5,226.196
1775961300000,71855.4,71880.0,71791.1,71791.1,163.1152
1775961600000,71791.1,71899.9,71770.8,71845.5,218.954
1775961900000,71845.6,71862.0,71760.0,71773.9,197.1129
1775962200000,71773.9,71823.9,71742.0,71742.0,142.3271
1775962500000,71742.0,71780.0,71720.0,71725.8,135.0921
1775962800000,71725.8,71829.5,71706.7,71793.7,222.3036
1775963100000,71793.7,71823.1,71680.0,71697.1,221.5411
1775963400000,71697.1,71771.1,71580.0,71709.6,336.1926
1775963700000,71709.6,71747.1,71638.8,71638.9,139.4131
1775964000000,71638.8,71658.3,71579.0,71600.1,165.5662
1775964300000,71600.2,71710.2,71594.1,71691.5,213.3416
1775964600000,71691.4,71721.7,71560.1,71625.6,159.2469
1775964900000,71625.7,71677.0,71581.0,71624.9,281.1995
1775965200000,71624.8,71679.6,71603.8,71629.0,237.7976
1775965500000,71629.0,71657.9,71586.2,71616.7,208.2021
1775965800000,71616.7,71666.4,71611.1,71614.5,179.4937
1775966100000,71614.6,71614.6,71557.0,71557.7,260.9472
1775966400000,71557.6,71635.6,71540.0,71603.3,220.2362
1775966700000,71603.3,71650.0,71527.6,71546.5,133.6431
1775967000000,71546.4,71562.5,71480.0,71562.4,241.3734
1775967300000,71562.5,71610.0,71450.0,71481.0,223.0319
1775967600000,71480.9,71557.4,71462.5,71503.4,145.7688
1775967900000,71503.5,71540.0,71485.6,71495.7,97.4657
1775968200000,71495.6,71534.6,71460.0,71529.0,165.2489
1775968500000,71529.0,71535.9,71500.0,71524.2,65.7902
1775968800000,71524.3,71554.9,71513.0,71528.4,106.5571
1775969100000,71528.3,71528.4,71470.0,71523.9,113.35
1775969400000,71523.9,71540.4,71411.0,71456.9,368.7713
1775969700000,71456.9,71466.1,71416.8,71437.9,171.2518
1775970000000,71437.9,71498.2,71380.0,71466.7,334.7781
1775970300000,71466.7,71540.4,71449.6,71531.2,209.6485
1775970600000,71531.2,71535.7,71479.0,71479.0,79.7048
1775970900000,71479.0,71517.5,71450.0,71485.0,71.3875
1775971200000,71484.9,71620.0,71484.9,71616.6,288.8441
1775971500000,71616.6,71653.2,71586.0,71636.6,194.0383
1775971800000,71636.6,71695.9,71603.6,71611.4,319.6159
1775972100000,71611.4,71630.0,71576.0,71629.9,124.1124
1775972400000,71629.9,71630.0,71604.0,71611.6,124.6549
1775972700000,71611.6,71711.0,71603.1,71704.5,119.4341
1775973000000,71704.5,71750.0,71652.3,71666.5,234.0135
1775973300000,71666.4,71714.6,71664.1,71664.1,101.9898
1775973600000,71664.2,71684.2,71650.5,71673.2,93.9557
1775973900000,71673.1,71692.8,71660.6,71664.6,54.1237
1775974200000,71664.7,71726.5,71644.6,71708.2,196.5382
1775974500000,71708.2,71708.3,71633.6,71657.6,67.8201
1775974800000,71657.7,71672.9,71625.9,71672.9,57.3222
1775975100000,71672.9,71715.3,71639.8,71670.5,235.2254
1775975400000,71670.4,71670.4,71616.4,71616.4,48.2443
1775975700000,71616.3,71638.8,71603.5,71616.3,71.9202
1775976000000,71616.4,71632.0,71611.1,71622.2,44.2994
1775976300000,71622.1,71629.2,71600.0,71619.2,47.7135
1775976600000,71619.2,71656.2,71619.2,71623.1,65.0739
1775976900000,71623.1,71625.8,71602.6,71617.1,51.3777
1775977200000,71617.0,71617.0,71557.5,71563.5,130.9896
1775977500000,71563.5,71598.0,71541.1,71598.0,133.3594
1775977800000,71598.0,71644.9,71590.7,71596.0,91.3348
1775978100000,71595.9,71599.8,71575.2,71595.7,69.979
1775978400000,71595.6,71619.5,71578.6,71581.2,53.9827
1775978700000,71581.1,71596.9,71552.6,71596.8,78.0431
1775979000000,71596.8,71615.1,71590.0,71613.2,47.9343
1775979300000,71613.3,71699.9,71613.2,71682.9,158.8503
1775979600000,71682.9,71715.0,71676.7,71714.9,152.2942
1775979900000,71714.9,71720.0,71653.1,71669.0,118.3151
1775980200000,71668.9,71708.2,71656.2,71697.7,123.5828
1775980500000,71697.8,71702.8,71635.9,71635.9,104.1307
1775980800000,71635.9,71683.2,71608.0,71620.5,230.9343
1775981100000,71620.5,71655.9,71602.7,71634.3,124.5562
1775981400000,71634.3,71634.3,71600.0,71608.5,154.8436
1775981700000,71608.5,71639.0,71600.0,71600.1,83.7444
1775982000000,71600.1,71685.9,71600.0,71674.5,72.3039
1775982300000,71674.4,71678.1,71652.2,71666.0,61.5218
1775982600000,71666.1,71694.2,71650.1,71652.3,94.1639
1775982900000,71652.3,71715.0,71641.2,71705.0,73.9154
1775983200000,71705.0,71772.0,71696.8,71700.2,286.8505
1775983500000,71700.3,71700.3,71578.6,71578.7,197.0794
1775983800000,71578.6,71588.0,71553.4,71568.8,177.5282
1775984100000,71568.8,71603.9,71560.4,71591.5,70.2227
1775984400000,71591.4,71591.5,71503.7,71531.0,198.0388
1775984700000,71531.0,71553.2,71512.3,71540.0,155.1381
1775985000000,71540.0,71564.0,71528.0,71564.0,45.9339
1775985300000,71564.0,71574.2,71556.7,71574.0,42.7991
1775985600000,71574.0,71588.8,71556.7,71585.8,57.978
1775985900000,71585.8,71596.5,71560.9,71560.9,83.2496
1775986200000,71560.8,71599.9,71560.8,71599.9,35.5696
1775986500000,71600.0,71601.0,71560.0,71601.0,116.9555
1775986800000,71601.0,71607.4,71527.1,71550.6,90.3303
1775987100000,71550.6,71560.0,71480.9,71504.0,219.8202
1775987400000,71503.9,71525.3,71503.9,71519.2,52.0588
1775987700000,71519.2,71519.5,71490.6,71507.4,85.0566
1775988000000,71507.3,71510.5,71479.8,71501.2,145.1224
1775988300000,71501.3,71655.0,71501.3,71654.6,248.5045
1775988600000,71654.5,71654.6,71585.8,71595.0,56.571
1775988900000,71595.1,71630.0,71595.0,71610.8,73.5153
1775989200000,71610.8,71627.2,71610.2,71618.2,44.912
1775989500000,71618.1,71618.2,71575.0,71575.1,71.698
1775989800000,71575.0,71577.3,71550.0,71550.0,64.6274
1775990100000,71550.0,71557.7,71505.0,71505.0,146.826
1775990400000,71505.0,71506.3,71480.0,71487.0,124.5431
1775990700000,71487.0,71495.5,71452.0,71469.2,141.9738
1775991000000,71469.2,71493.8,71326.0,71360.9,415.2844
1775991300000,71360.9,71436.7,71323.0,71425.0,315.9275
1775991600000,71425.0,71473.2,71407.9,71416.2,192.2806
1775991900000,71416.2,71455.4,71401.9,71408.6,122.9331
1775992200000,71408.6,71519.7,71400.0,71481.6,112.3527
1775992500000,71481.7,71494.9,71460.1,71492.4,79.59
1775992800000,71492.3,71509.8,71450.0,71450.1,68.4728
1775993100000,71450.0,71494.8,71450.0,71489.9,58.0738
1775993400000,71490.0,71495.2,71388.0,71388.0,124.8177
1775993700000,71388.1,71420.0,71387.8,71411.4,110.5901
1775994000000,71411.4,71458.9,71411.3,71421.3,85.4642
1775994300000,71421.3,71445.3,71407.8,71416.1,91.8955
1775994600000,71416.2,71449.5,71416.1,71449.5,46.454
1775994900000,71449.4,71449.8,71441.2,71441.4,43.5597
1775995200000,71441.3,71441.3,71350.0,71368.6,321.3505
1775995500000,71368.6,71368.7,71344.6,71344.9,138.8316
1775995800000,71345.0,71404.9,71300.1,71376.8,324.4775
1775996100000,71376.7,71410.9,71360.0,71410.8,74.3115
1775996400000,71410.8,71421.9,71378.9,71391.1,104.5511
1775996700000,71391.2,71406.1,71384.7,71385.3,47.9724
1775997000000,71385.3,71396.6,71306.7,71339.4,114.4419
1775997300000,71339.4,71468.0,71330.3,71452.5,161.7784
1775997600000,71452.5,71477.7,71441.9,71454.3,153.8903
1775997900000,71454.4,71459.7,71385.8,71397.0,103.0769
1775998200000,71397.1,71407.4,71055.0,71130.4,1958.5004
1775998500000,71130.4,71194.7,71027.0,71053.9,919.8395
1775998800000,71053.9,71104.1,70873.1,70982.6,1864.8813
1775999100000,70982.5,71121.4,70970.6,71097.9,728.4609
1775999400000,71097.8,71108.5,70961.3,70962.0,399.4497
1775999700000,70962.0,71073.8,70962.0,71018.8,245.4561
1776000000000,71018.7,71076.9,71000.2,71073.6,160.7147
1776000300000,71073.6,71085.7,71016.0,71016.1,117.7374
1776000600000,71016.1,71043.1,70934.2,71043.1,226.6969
1776000900000,71043.1,71069.8,70926.4,70938.4,248.0726
1776001200000,70938.4,70971.8,70901.8,70955.2,174.3998
1776001500000,70955.2,70964.0,70854.5,70960.5,271.7624
1776001800000,70960.5,70984.8,70850.4,70882.7,271.8688
1776002100000,70882.7,70927.5,70830.4,70861.6,358.2218
1776002400000,70861.6,70933.5,70830.1,70902.7,347.4066
1776002700000,70902.7,70980.0,70900.1,70962.4,169.6576
1776003000000,70962.4,70997.4,70931.4,70956.9,171.8872
1776003300000,70956.9,71038.9,70956.9,71005.7,196.4818
1776003600000,71005.7,71076.2,70953.2,71044.9,276.7666
1776003900000,71044.9,71064.3,71001.4,71044.6,136.8311
1776004200000,71044.6,71060.1,70961.5,71006.3,225.8701
1776004500000,71006.3,71022.6,70880.0,70880.1,120.4993
1776004800000,70880.0,70930.0,70725.3,70824.3,791.4341
1776005100000,70824.3,70850.0,70737.7,70740.0,476.8301
1776005400000,70740.0,70787.6,70677.1,70691.7,647.1774
1776005700000,70691.6,70800.0,70660.7,70721.9,268.8369
1776006000000,70722.0,70802.4,70713.4,70759.5,296.1351
1776006300000,70759.5,70760.2,70707.0,70738.4,130.8393
1776006600000,70738.4,70818.0,70726.6,70808.1,153.0624
1776006900000,70808.1,70822.5,70710.0,70760.1,179.2892
1776007200000,70760.1,70790.8,70700.0,70733.4,98.8099
1776007500000,70733.4,70754.0,70686.7,70686.7,206.2027
1776007800000,70686.8,70771.9,70570.0,70768.0,729.8818
1776008100000,70768.1,70807.9,70762.7,70803.8,144.6303
1776008400000,70803.9,70884.0,70770.0,70850.6,563.1314
1776008700000,70850.5,70871.6,70823.4,70855.6,162.9103
1776009000000,70855.5,70917.0,70845.0,70888.0,279.9747
1776009300000,70888.1,70888.1,70850.0,70869.5,119.6854
1776009600000,70869.5,70934.6,70814.6,70922.4,297.4848
1776009900000,70922.3,70922.4,70815.1,70828.9,140.6971
1776010200000,70828.8,70921.3,70828.8,70910.6,185.6079
1776010500000,70910.5,70913.0,70845.0,70845.0,106.9811
1776010800000,70845.0,70932.5,70789.8,70912.8,151.0437
1776011100000,70912.8,70920.2,70878.9,70895.9,78.7576
1776011400000,70895.9,70911.0,70895.9,70901.9,52.7752
1776011700000,70901.9,70902.0,70850.0,70860.1,56.3643
1776012000000,70860.0,70862.3,70806.1,70849.1,75.3987
1776012300000,70849.1,70869.0,70778.0,70827.7,108.0594
1776012600000,70827.7,70881.8,70820.0,70856.7,103.9227
1776012900000,70856.6,70905.0,70836.0,70900.1,45.314
1776013200000,70900.1,70978.0,70900.0,70933.5,240.5493
1776013500000,70933.5,70956.6,70929.5,70940.0,67.72
1776013800000,70940.0,70940.0,70868.2,70868.2,105.9766
1776014100000,70868.2,70924.2,70866.0,70914.7,50.3597
1776014400000,70914.6,70956.8,70914.0,70932.2,79.8032
1776014700000,70932.2,70990.0,70921.5,70967.9,291.178
1776015000000,70967.9,70988.0,70958.2,70961.7,132.5851
1776015300000,70961.6,70985.3,70921.1,70979.9,129.4195
1776015600000,70979.8,70986.0,70942.3,70986.0,60.1484
1776015900000,70985.9,70995.7,70900.4,70995.7,105.0528
1776016200000,70995.6,71175.9,70973.4,71095.0,905.711
1776016500000,71095.0,71126.8,71066.7,71120.2,220.7273
1776016800000,71120.3,71153.6,71026.9,71122.7,225.5914
1776017100000,71122.6,71154.9,71053.4,71124.9,200.4425
1776017400000,71125.0,71150.5,71091.1,71146.4,127.2224
1776017700000,71146.3,71187.5,71059.0,71067.5,131.4569
1776018000000,71067.5,71090.0,71026.0,71072.5,69.2872
1776018300000,71072.5,71072.6,71039.7,71055.5,44.4537
1776018600000,71055.6,71137.0,71053.3,71111.2,64.6185
1776018900000,71111.2,71174.0,71105.8,71156.4,80.7855
1776019200000,71156.3,71156.4,71075.2,71082.1,94.4276
1776019500000,71082.1,71094.5,71069.3,71083.0,34.7231
1776019800000,71083.1,71124.9,71083.0,71099.0,44.5086
1776020100000,71098.9,71126.0,71091.3,71094.8,35.6147
1776020400000,71094.9,71118.1,71087.8,71118.0,32.6529
1776020700000,71118.0,71140.2,71112.9,71113.0,45.4982
1776021000000,71113.0,71189.2,71095.0,71095.0,178.6638
1776021300000,71095.1,71111.0,71077.6,71110.9,63.6204
1776021600000,71110.9,71136.8,71110.5,71126.3,30.854
1776021900000,71126.3,71138.0,71113.0,71132.0,28.0967
1776022200000,71131.9,71132.0,71114.8,71128.2,29.8171
1776022500000,71128.3,71128.3,71040.2,71090.0,42.2839
1776022800000,71089.9,71098.7,71067.6,71074.8,26.7525
1776023100000,71074.8,71087.9,71050.7,71084.9,50.5001
1776023400000,71084.9,71093.9,71045.9,71093.8,39.0296
1776023700000,71093.8,71093.8,71050.2,71060.7,47.917
1776024000000,71060.7,71081.9,71040.0,71045.9,102.2799
1776024300000,71045.9,71050.0,70977.7,70979.1,108.2884
1776024600000,70979.0,70997.2,70961.5,70985.9,76.3097
1776024900000,70985.9,70993.7,70921.0,70991.4,105.6897
1776025200000,70991.4,71027.6,70975.0,71027.3,65.4786
1776025500000,71027.3,71044.0,71020.5,71020.5,39.4115
1776025800000,71020.6,71122.1,71020.5,71122.1,59.316
1776026100000,71122.0,71155.7,71116.2,71123.4,74.8702
1776026400000,71123.4,71410.9,71123.3,71289.2,603.7555
1776026700000,71289.3,71357.0,71195.0,71213.1,168.2757
1776027000000,71213.1,71315.3,71208.2,71280.0,224.219
1776027300000,71280.1,71316.4,71251.6,71302.0,51.2086
1776027600000,71301.9,71425.2,71288.6,71371.6,190.4057
1776027900000,71371.6,71389.0,71277.8,71277.8,86.5601
1776028200000,71277.8,71277.9,71132.2,71185.0,220.2914
1776028500000,71185.1,71296.3,71185.0,71272.7,81.0523
1776028800000,71272.8,71288.6,71250.5,71288.6,37.7768
1776029100000,71288.5,71289.9,71254.0,71271.8,29.3891
1776029400000,71271.8,71277.5,71188.5,71206.8,77.7338
1776029700000,71206.8,71300.0,71199.8,71290.1,54.2882
1776030000000,71290.0,71325.0,71246.1,71273.8,59.1155
1776030300000,71273.8,71298.8,71180.1,71180.1,46.9983
1776030600000,71180.1,71228.0,71168.4,71190.0,48.3074
1776030900000,71190.1,71333.0,71180.1,71325.6,137.873
1776031200000,71325.6,71333.0,70651.9,70725.0,1995.3483
1776031500000,70725.0,70965.9,70698.5,70898.6,579.451
1776031800000,70898.7,70915.6,70711.9,70915.6,407.8906
1776032100000,70915.6,70932.5,70650.0,70694.8,310.3253
1776032400000,70694.8,70835.0,70680.0,70724.5,245.7233
1776032700000,70724.4,70780.0,70488.0,70633.5,830.2439
1776033000000,70633.5,70749.1,70456.0,70721.0,676.9427
1776033300000,70721.0,70897.8,70706.1,70836.7,404.9564
1776033600000,70836.7,70895.5,70750.0,70789.7,127.083
1776033900000,70789.8,70866.0,70750.0,70750.1,128.7533
1776034200000,70750.0,70847.3,70750.0,70819.0,85.8615
1776034500000,70818.9,70905.0,70790.1,70875.9,182.8611
1776034800000,70875.8,70882.5,70681.7,70753.3,576.5776
1776035100000,70753.3,70800.0,70698.4,70722.8,151.9006
1776035400000,70722.9,70760.0,70587.5,70587.6,185.1976
1776035700000,70587.6,70675.0,70560.0,70663.3,277.6814
1776036000000,70663.4,70663.4,70577.3,70591.9,100.6671
1776036300000,70591.9,70733.3,70591.9,70680.4,121.7489
1776036600000,70680.3,70680.3,70530.1,70553.1,212.5025
1776036900000,70553.1,70637.3,70553.1,70602.5,115.5506
1776037200000,70602.6,70699.0,70567.1,70699.0,100.0459
1776037500000,70699.0,70706.9,70555.0,70561.6,93.2884
1776037800000,70561.6,70757.2,70561.6,70694.5,174.1831
1776038100000,70694.5,70763.0,70680.0,70707.9,112.7859
1776038400000,70707.9,70717.6,70580.0,70659.2,327.952
1776038700000,70659.2,70860.3,70656.2,70858.1,274.7944
1776039000000,70858.1,70897.4,70786.0,70884.2,275.8933
1776039300000,70884.1,70898.0,70801.1,70819.8,149.5888
1776039600000,70819.7,70908.7,70816.9,70898.6,166.5056
1776039900000,70898.6,71073.1,70862.7,70950.0,406.1254
1776040200000,70950.1,71058.8,70920.5,71058.8,194.8496
1776040500000,71058.7,71088.4,71016.5,71016.5,319.6079
1776040800000,71016.4,71095.8,70977.4,71028.5,132.6675
1776041100000,71028.4,71119.8,70990.4,71100.0,212.5892
1776041400000,71100.1,71273.1,71077.1,71171.9,678.2874
1776041700000,71171.9,71172.1,71090.0,71140.0,269.7944
1776042000000,71140.0,71180.8,71078.7,71145.1,238.3572
1776042300000,71145.1,71171.0,71077.7,71100.5,156.0609
1776042600000,71100.6,71200.0,71086.8,71115.2,292.3294
1776042900000,71115.2,71123.2,71042.9,71075.5,236.2959
1776043200000,71075.5,71106.9,71036.6,71052.0,204.4918
1776043500000,71052.0,71150.7,71035.6,71084.7,390.7929
1776043800000,71084.6,71132.7,71008.0,71126.5,183.9116
1776044100000,71126.5,71179.8,71085.4,71085.6,239.3449
1776044400000,71085.7,71143.1,71058.1,71124.5,115.2057
1776044700000,71124.6,71150.1,71090.0,71104.9,54.5811
1776045000000,71104.9,71172.0,71093.9,71094.0,143.9022
1776045300000,71094.0,71199.0,71090.4,71166.1,121.7159
1776045600000,71166.1,71239.1,71138.3,71145.4,173.7039
1776045900000,71145.4,71155.0,71102.7,71102.7,167.4564
1776046200000,71102.8,71120.0,70955.6,70977.1,258.884
1776046500000,70977.0,71055.0,70977.0,71030.5,110.3578
1776046800000,71030.5,71100.0,71030.4,71100.0,143.32
1776047100000,71100.0,71240.7,71100.0,71194.2,274.6284
1776047400000,71194.2,71255.0,71145.1,71169.4,208.5378
1776047700000,71169.4,71193.1,71004.7,71036.2,242.9079
1776048000000,71036.1,71071.4,71015.7,71015.7,196.6555
1776048300000,71015.7,71064.2,70989.8,71035.1,89.082
1776048600000,71035.1,71050.0,70970.0,71050.0,155.6843
1776048900000,71050.0,71060.7,71028.6,71059.9,121.128
1776049200000,71059.9,71099.1,70967.3,71082.8,190.7805
1776049500000,71082.8,71085.5,71010.0,71010.0,74.2573
1776049800000,71010.0,71060.0,71007.4,71035.0,91.7044
1776050100000,71035.0,71134.8,71008.5,71115.9,151.8145
1776050400000,71115.9,71132.9,70975.0,70994.4,275.4238
1776050700000,70994.4,71055.5,70965.4,71002.7,188.4015
1776051000000,71002.7,71034.1,70986.6,71001.8,51.1565
1776051300000,71001.8,71014.3,70883.4,70933.3,142.088
1776051600000,70933.4,70964.8,70921.8,70945.6,271.0235
1776051900000,70945.6,70945.6,70888.6,70933.8,76.3567
1776052200000,70933.8,70955.0,70920.5,70955.0,71.0698
1776052500000,70955.0,70977.0,70950.1,70950.1,58.4771
1776052800000,70950.2,70977.1,70935.0,70964.9,134.7423
1776053100000,70964.8,70964.9,70891.6,70917.5,110.0021
1776053400000,70917.4,70935.9,70871.2,70930.9,78.614
1776053700000,70931.0,70944.0,70887.0,70939.9,42.5822
1776054000000,70940.0,70961.0,70925.0,70936.8,58.4726
1776054300000,70936.7,71010.0,70936.7,70999.3,181.2508
1776054600000,70999.2,71073.1,70999.2,71069.9,134.1934
1776054900000,71069.9,71100.0,71028.3,71092.0,259.5933
1776055200000,71091.9,71120.0,70988.2,70991.7,116.1763
1776055500000,70991.7,70991.8,70928.2,70933.4,102.0786
1776055800000,70933.5,70933.5,70821.7,70894.3,218.205
1776056100000,70894.3,70935.0,70864.5,70868.4,116.0792
1776056400000,70868.5,70893.5,70845.4,70853.1,213.1102
1776056700000,70853.0,70871.9,70787.9,70788.0,157.394
1776057000000,70788.0,70826.1,70760.0,70800.7,202.4752
1776057300000,70800.8,70853.9,70796.8,70796.8,132.163
1776057600000,70796.8,70828.8,70734.7,70812.9,122.6832
1776057900000,70812.9,70852.1,70796.7,70835.5,75.4122
1776058200000,70835.4,70835.5,70725.9,70768.4,124.2314
1776058500000,70768.6,70787.7,70637.2,70686.3,364.7013
1776058800000,70686.3,70759.6,70686.3,70724.2,129.532
1776059100000,70724.2,70853.1,70724.2,70800.2,188.0845
1776059400000,70800.2,70823.1,70800.0,70820.0,48.6725
1776059700000,70820.1,70874.3,70820.0,70858.2,135.4258
1776060000000,70858.1,70950.0,70853.4,70950.0,220.5533
1776060300000,70949.9,70978.8,70943.8,70962.8,147.2961
1776060600000,70962.7,70987.2,70947.6,70975.4,121.7294
1776060900000,70975.4,71029.4,70939.9,71010.9,130.1994
1776061200000,71010.9,71047.6,71006.8,71038.5,132.801
1776061500000,71038.5,71050.0,70978.9,71000.0,146.343
1776061800000,70999.9,71012.5,70976.1,70991.2,88.5311
1776062100000,70991.2,71036.0,70976.7,71027.0,97.9526
1776062400000,71027.0,71027.0,70970.0,71015.6,56.7514
1776062700000,71015.6,71073.7,71003.0,71024.0,229.6485
1776063000000,71024.1,71046.8,70992.1,71009.0,95.6292
1776063300000,71008.9,71031.4,70992.2,70999.3,93.0726
1776063600000,70999.6,71046.1,70953.1,70984.3,213.1119
1776063900000,70984.4,70984.4,70892.0,70893.3,129.1591
1776064200000,70893.2,70916.7,70855.0,70871.4,139.8547
1776064500000,70871.4,70880.0,70826.4,70828.7,165.1294
1776064800000,70828.7,70828.7,70660.0,70683.8,488.4147
1776065100000,70683.7,70718.7,70662.0,70691.4,205.7828
1776065400000,70691.4,70733.5,70666.0,70685.0,158.7847
1776065700000,70685.0,70782.2,70670.1,70766.1,144.8554
1776066000000,70766.0,70786.8,70723.4,70743.3,189.5132
1776066300000,70743.2,70805.0,70736.2,70757.4,135.2564
1776066600000,70757.3,70799.6,70757.3,70760.0,76.6663
1776066900000,70760.0,70819.9,70760.0,70796.5,122.9462
1776067200000,70796.5,70842.5,70711.3,70824.9,173.5074
1776067500000,70825.0,70835.7,70710.4,70714.9,98.8777
1776067800000,70714.9,70754.9,70680.8,70702.0,111.3824
1776068100000,70702.0,70746.7,70623.1,70655.0,250.3466
1776068400000,70655.1,70735.0,70644.9,70734.9,138.4008
1776068700000,70735.0,70798.5,70727.0,70736.3,115.5206
1776069000000,70736.3,70739.9,70695.6,70716.9,181.4569
1776069300000,70716.9,70719.4,70666.9,70672.0,86.5048
1776069600000,70671.9,70676.4,70564.0,70572.6,371.0565
1776069900000,70572.6,70626.9,70542.1,70600.1,327.8427
1776070200000,70600.1,70624.9,70559.3,70624.9,107.8021
1776070500000,70624.9,70668.5,70624.9,70657.2,109.9318
1776070800000,70657.1,70889.9,70657.1,70809.9,507.558
1776071100000,70810.0,70833.2,70680.7,70685.5,243.782
1776071400000,70685.4,70707.9,70665.1,70691.3,115.1427
1776071700000,70691.3,70703.4,70643.9,70672.6,141.4105
1776072000000,70672.6,70730.0,70672.6,70730.0,100.4911
1776072300000,70730.0,70796.0,70729.9,70769.9,133.1434
1776072600000,70769.9,70800.0,70760.4,70786.7,92.478
1776072900000,70786.7,70801.2,70749.1,70785.3,213.8539
1776073200000,70785.4,70798.3,70729.1,70757.4,156.5832
1776073500000,70757.3,70760.0,70726.4,70743.6,79.036
1776073800000,70743.7,70765.8,70721.7,70743.7,47.2089
1776074100000,70743.7,70779.6,70738.1,70766.4,60.2843
1776074400000,70766.4,70790.5,70735.3,70767.8,86.1263
1776074700000,70767.8,70823.6,70767.7,70781.6,86.7205
1776075000000,70781.5,70816.7,70762.9,70792.0,71.7187
1776075300000,70792.1,70792.1,70689.1,70748.1,149.5022
1776075600000,70748.1,70775.0,70710.5,70715.7,81.9502
1776075900000,70715.9,70759.1,70711.0,70729.6,44.6142
1776076200000,70729.7,70767.0,70710.9,70717.6,65.0968
1776076500000,70717.6,70812.5,70654.0,70812.5,150.5269
1776076800000,70812.5,70812.5,70727.2,70738.7,126.3884
1776077100000,70738.7,70782.2,70718.8,70737.2,58.1379
1776077400000,70737.1,70779.5,70680.1,70692.9,106.1098
1776077700000,70692.9,70750.0,70692.9,70728.5,46.4528
1776078000000,70728.6,70839.0,70710.1,70812.0,245.7018
1776078300000,70812.0,70845.0,70804.2,70821.1,147.7874
1776078600000,70821.2,70851.3,70820.4,70844.4,105.1358
1776078900000,70844.3,70858.0,70820.0,70836.7,83.9815
1776079200000,70836.8,70875.0,70814.5,70839.3,118.5225
1776079500000,70839.2,70858.9,70815.6,70839.3,151.162
1776079800000,70839.4,70875.0,70808.8,70813.0,97.6423
1776080100000,70813.0,70850.0,70783.0,70818.4,130.9068
1776080400000,70818.3,70927.0,70818.3,70904.0,182.3167
1776080700000,70904.1,70966.0,70878.4,70904.3,325.3841
1776081000000,70904.3,70937.2,70880.0,70925.6,96.5704
1776081300000,70925.6,70929.0,70889.8,70892.6,96.7347
1776081600000,70892.6,70892.7,70813.0,70818.9,317.1194
1776081900000,70818.9,71044.7,70812.6,70980.9,432.6278
1776082200000,70980.8,71030.1,70927.3,70931.0,158.7154
1776082500000,70931.0,70953.6,70902.5,70902.6,110.5469
1776082800000,70902.6,70918.0,70860.1,70865.1,132.5233
1776083100000,70865.1,70878.6,70830.0,70830.3,96.4931
1776083400000,70830.3,70880.0,70763.3,70829.3,442.1312
1776083700000,70829.2,70829.2,70750.3,70771.9,142.7139
1776084000000,70771.8,70812.1,70730.3,70808.6,145.2611
1776084300000,70808.6,70898.5,70808.6,70857.3,139.7262
1776084600000,70857.3,71180.8,70857.3,71169.8,1017.4073
1776084900000,71169.8,71185.0,71040.4,71040.5,486.9556
1776085200000,71040.5,71150.6,71040.4,71135.7,356.9838
1776085500000,71135.8,71135.8,71035.1,71053.0,158.109
1776085800000,71053.0,71165.9,71053.0,71165.8,252.9756
1776086100000,71165.8,71165.9,71078.1,71158.0,171.2811
1776086400000,71158.0,71192.1,71112.2,71184.1,443.1875
1776086700000,71184.1,71230.0,71100.0,71140.7,465.9683
1776087000000,71140.8,71181.0,71001.8,71057.1,381.0945
1776087300000,71057.1,71060.2,70766.7,70805.8,1016.4818
1776087600000,70805.9,71108.7,70786.5,70995.9,941.2462
1776087900000,70996.0,71586.2,70909.1,71572.2,1980.0312
1776088200000,71572.2,71665.4,71280.0,71433.5,1979.1773
1776088500000,71433.6,71623.0,71389.4,71610.0,1382.1312
1776088800000,71610.0,71722.9,71409.6,71485.8,1394.3235
1776089100000,71485.9,71570.1,71404.0,71435.0,473.1707
1776089400000,71434.9,71583.0,71409.5,71571.6,385.1944
1776089700000,71571.6,71681.5,71400.0,71469.7,993.5846
1776090000000,71469.6,71600.0,71326.3,71595.3,747.9891
1776090300000,71595.4,71650.0,71528.3,71595.2,459.5608
1776090600000,71595.2,71772.6,71556.3,71729.7,674.6712
1776090900000,71729.6,71760.0,71700.0,71744.3,421.7713
1776091200000,71744.3,71976.7,71690.0,71942.1,1150.4178
1776091500000,71942.1,72156.1,71893.5,71904.5,2374.4085
1776091800000,71904.4,72000.0,71834.7,72000.0,545.9696
1776092100000,72000.0,72374.8,71954.8,72347.0,2074.8676
1776092400000,72347.0,72424.0,72000.1,72024.1,1833.0009
1776092700000,72024.0,72125.0,71866.6,71946.9,1115.3416
1776093000000,71947.0,71966.4,71870.2,71912.0,453.5653
1776093300000,71912.0,71938.4,71810.0,71828.6,445.8415
1776093600000,71828.5,71932.7,71828.5,71862.7,474.0435
1776093900000,71862.7,71977.4,71806.7,71910.1,310.6742
1776094200000,71910.0,71910.0,71665.4,71709.9,880.1611
1776094500000,71709.9,71766.3,71618.2,71709.4,691.8005
1776094800000,71709.5,71812.6,71700.0,71800.0,355.2772
1776095100000,71800.0,71890.4,71750.5,71793.0,401.6403
1776095400000,71793.0,71817.3,71692.3,71700.1,210.5864
1776095700000,71700.0,71835.8,71700.0,71831.1,294.1438
1776096000000,71831.0,71884.5,71759.3,71760.1,372.0711
1776096300000,71760.1,71949.9,71637.8,71948.8,1014.5808
1776096600000,71948.9,72020.9,71903.8,71998.1,553.6393
1776096900000,71998.2,72111.0,71883.7,72070.2,463.4878
1776097200000,72070.2,72198.0,72002.9,72197.8,492.5663
1776097500000,72197.9,72245.0,72081.2,72203.3,526.6284
1776097800000,72203.4,72320.0,72140.0,72192.1,752.1516
1776098100000,72192.1,72288.3,72129.3,72241.1,470.7045
1776098400000,72241.1,72332.5,72154.7,72264.5,484.1168
1776098700000,72264.5,72400.0,72230.9,72277.7,513.8875
1776099000000,72277.7,72380.0,72026.9,72048.1,865.5098
1776099300000,72048.0,72198.7,72020.0,72162.1,220.0557
1776099600000,72162.0,72229.4,72089.4,72212.6,259.4281
1776099900000,72212.6,72240.0,72100.3,72237.5,238.5251
1776100200000,72237.6,72418.3,72237.5,72260.2,689.532
1776100500000,72260.2,72367.9,72241.2,72350.8,192.0866
1776100800000,72350.8,72350.9,72237.3,72246.6,172.4779
1776101100000,72246.6,72409.1,72241.1,72409.1,299.349
1776101400000,72409.1,72583.0,72409.0,72447.8,1254.1928
1776101700000,72447.9,72454.6,72337.1,72395.8,399.3633
1776102000000,72395.7,72430.0,72369.6,72405.2,152.4064
1776102300000,72405.2,72461.5,72357.4,72370.7,220.986
1776102600000,72370.6,72380.0,72093.7,72125.7,872.843
1776102900000,72125.8,72130.2,72023.7,72111.8,312.8011
1776103200000,72111.8,72129.4,72052.6,72128.9,267.3502
1776103500000,72128.8,72182.1,72059.2,72132.9,266.9486
1776103800000,72132.8,72167.1,72096.7,72154.9,96.4688
1776104100000,72154.9,72185.6,72113.3,72181.6,183.6195
1776104400000,72181.6,72246.5,72041.7,72045.4,251.6144
1776104700000,72045.3,72130.1,72012.0,72130.1,288.3033
1776105000000,72130.1,72308.8,72130.0,72295.9,234.8653
1776105300000,72296.0,72310.0,72230.0,72263.1,154.3025
1776105600000,72263.1,72388.0,72253.7,72301.0,206.0318
1776105900000,72301.0,72363.2,72276.7,72283.0,214.2714
1776106200000,72283.0,72350.0,72259.3,72349.9,355.2465
1776106500000,72350.0,72424.7,72345.7,72386.5,238.3004
1776106800000,72386.5,72393.9,72307.5,72319.2,350.6823
1776107100000,72319.2,72349.6,72269.6,72284.7,111.9763
1776107400000,72284.8,72319.4,72260.0,72291.2,66.3289
1776107700000,72291.3,72555.0,72291.3,72501.0,832.5332
1776108000000,72500.9,72855.3,72475.6,72720.9,1639.801
1776108300000,72720.8,72887.9,72649.6,72818.9,1172.8797
1776108600000,72818.9,73151.1,72786.2,73073.1,2013.3579
1776108900000,73073.0,73168.1,72937.5,73100.0,1692.2314
1776109200000,73100.0,73104.9,72929.7,72978.8,331.496
1776109500000,72978.8,73274.0,72974.0,73211.7,782.0703
1776109800000,73211.7,73434.0,73211.7,73406.6,932.6021
1776110100000,73406.6,73468.0,73280.2,73287.6,543.9586
1776110400000,73287.6,73367.5,73220.0,73250.4,955.0549
1776110700000,73250.3,73313.0,73161.5,73225.1,415.7207
1776111000000,73225.2,73225.2,73017.9,73031.0,798.7012
1776111300000,73030.9,73130.0,73007.7,73019.3,345.15
1776111600000,73019.4,73096.5,72977.8,72992.6,416.7669
1776111900000,72992.6,73099.9,72992.5,73078.2,359.7463
1776112200000,73078.2,73200.0,73040.0,73199.9,239.4607
1776112500000,73199.9,73252.5,73091.6,73106.4,424.1381
1776112800000,73106.3,73200.0,73094.6,73187.8,125.0808
1776113100000,73187.9,73225.0,73140.1,73160.9,174.4384
1776113400000,73160.9,73168.9,73045.4,73065.0,178.2618
1776113700000,73065.0,73173.3,73042.1,73122.3,142.7593
1776114000000,73122.3,73137.5,73060.8,73065.7,190.3098
1776114300000,73065.7,73186.7,73045.8,73177.1,148.3832
1776114600000,73177.1,73288.0,73177.1,73194.5,305.8074
1776114900000,73194.5,73264.0,73120.0,73130.5,149.6136
1776115200000,73130.5,73160.0,73106.9,73127.2,126.4164
1776115500000,73127.2,73138.8,73083.8,73099.3,77.7723
1776115800000,73099.4,73189.8,73080.3,73178.9,160.3182
1776116100000,73178.9,73261.8,73155.0,73249.1,198.9118
1776116400000,73249.1,73369.6,73210.7,73244.5,338.9292
1776116700000,73244.5,73278.2,73166.5,73241.3,162.8698
1776117000000,73241.3,73241.3,73193.8,73207.4,112.2269
1776117300000,73207.4,73209.0,73150.5,73152.4,60.758
1776117600000,73152.3,73326.8,73138.0,73270.0,204.5198
1776117900000,73270.0,73575.0,73270.0,73300.7,944.484
1776118200000,73300.7,73900.0,73286.7,73729.3,2122.9904
1776118500000,73729.3,74499.9,73729.3,74161.8,4299.1807
1776118800000,74161.8,74343.1,74018.5,74211.4,1136.8769
1776119100000,74211.4,74252.9,74069.8,74112.3,424.5109
1776119400000,74112.3,74334.4,74112.3,74261.8,728.8991
1776119700000,74261.8,74287.7,74050.0,74090.3,587.6041
1776120000000,74090.4,74250.0,74080.0,74232.0,293.1676
1776120300000,74232.0,74444.0,74122.7,74311.2,778.1548
1776120600000,74311.2,74696.5,74251.6,74619.9,1426.2645
1776120900000,74619.9,74746.7,74550.0,74597.7,1690.0266
1776121200000,74597.6,74631.0,74415.6,74610.4,930.6965
1776121500000,74610.3,74768.8,74525.0,74719.9,808.7243
1776121800000,74719.9,74876.5,74581.1,74627.5,1069.7275
1776122100000,74627.4,74707.6,74494.6,74580.1,413.9477
1776122400000,74580.2,74775.0,74576.0,74576.5,565.1197
1776122700000,74576.6,74779.8,74576.5,74692.6,546.6857
1776123000000,74692.7,74860.2,74566.7,74750.2,705.3327
1776123300000,74750.1,74787.0,74658.3,74658.3,244.1506
1776123600000,74658.2,74670.0,74479.1,74527.1,469.5251
1776123900000,74527.1,74561.2,74452.6,74455.2,248.9499
1776124200000,74455.3,74554.4,74423.0,74532.8,348.9842
1776124500000,74532.8,74550.0,74342.1,74385.5,644.8087
1776124800000,74385.4,74494.4,74376.4,74416.6,293.7267
1776125100000,74416.6,74420.0,74284.6,74300.0,342.254
1776125400000,74300.1,74334.5,74211.0,74303.4,352.9344
1776125700000,74303.3,74439.9,74274.9,74366.0,255.232
1776126000000,74365.9,74371.6,74240.0,74266.4,178.8893
1776126300000,74266.5,74266.5,74177.8,74238.6,250.2479
1776126600000,74238.6,74272.7,74084.7,74200.9,751.6896
1776126900000,74201.0,74417.5,74191.9,74359.5,273.7193
1776127200000,74359.6,74400.0,74322.7,74392.5,162.5964
1776127500000,74392.4,74398.3,74223.4,74250.2,226.0389
1776127800000,74250.1,74294.3,74092.6,74129.4,489.606
1776128100000,74129.5,74174.3,74074.8,74138.1,281.968
1776128400000,74138.1,74152.6,73935.5,74143.1,635.0438
1776128700000,74143.1,74245.0,74137.2,74245.0,236.8845
1776129000000,74245.0,74277.9,74175.0,74273.0,158.5097
1776129300000,74272.9,74296.7,74193.0,74281.7,194.5506
1776129600000,74281.8,74390.7,74252.9,74280.0,350.5617
1776129900000,74280.0,74308.9,74230.0,74268.0,239.1231
1776130200000,74268.0,74280.5,74210.7,74215.0,134.6042
1776130500000,74215.0,74300.0,74200.7,74233.0,232.7662
1776130800000,74233.0,74304.1,74225.5,74294.5,186.6209
1776131100000,74294.4,74359.6,74290.5,74319.5,109.0734
1776131400000,74319.6,74418.1,74319.5,74373.5,181.4171
1776131700000,74373.6,74393.0,74319.5,74356.8,120.0576
1776132000000,74356.8,74400.0,74332.5,74362.5,155.563
1776132300000,74362.6,74467.1,74362.6,74424.8,176.7009
1776132600000,74424.9,74466.8,74389.0,74459.9,117.408
1776132900000,74459.9,74567.6,74359.4,74484.4,475.6869
1776133200000,74484.4,74525.9,74431.8,74445.0,132.8589
1776133500000,74445.0,74460.9,74362.1,74362.1,114.3696
1776133800000,74362.2,74362.2,74260.0,74290.0,264.6606
1776134100000,74289.9,74381.0,74250.0,74376.9,147.0538
1776134400000,74376.8,74433.1,74366.4,74407.7,129.4985
1776134700000,74407.7,74407.7,74355.9,74395.7,84.8015
1776135000000,74395.6,74395.6,74280.0,74296.4,91.0482
1776135300000,74296.4,74340.4,74281.2,74307.9,106.2159
1776135600000,74307.9,74307.9,74268.5,74293.0,102.6999
1776135900000,74293.1,74382.4,74291.0,74379.6,90.6158
1776136200000,74379.6,74379.6,74293.2,74324.9,116.2063
1776136500000,74325.0,74338.9,74260.1,74337.4,74.5683
1776136800000,74337.5,74337.5,74250.0,74258.2,87.1156
1776137100000,74258.3,74274.7,74211.7,74263.3,178.274
1776137400000,74263.3,74377.1,74242.0,74321.0,151.7288
1776137700000,74321.0,74360.8,74279.2,74353.3,69.6762
1776138000000,74353.3,74472.8,74350.7,74437.0,285.9652
1776138300000,74437.0,74437.1,74343.6,74405.2,173.9268
1776138600000,74405.1,74433.4,74360.0,74400.0,112.6048
1776138900000,74399.9,74445.9,74383.6,74418.4,168.7392
1776139200000,74418.5,74418.5,74348.2,74394.9,91.1808
1776139500000,74394.9,74470.0,74394.9,74425.6,148.2328
1776139800000,74425.5,74439.0,74370.8,74438.9,160.9358
1776140100000,74438.9,74454.2,74399.6,74444.8,100.6185
1776140400000,74444.8,74470.7,74417.6,74423.0,81.0788
1776140700000,74422.9,74469.0,74395.8,74462.5,90.6193
1776141000000,74462.5,74478.2,74393.3,74393.3,145.2821
1776141300000,74393.4,74420.0,74367.3,74419.9,74.5256
1776141600000,74419.9,74420.0,74335.0,74356.8,131.9968
1776141900000,74356.7,74410.7,74324.6,74380.0,81.651
1776142200000,74380.0,74389.5,74351.2,74351.2,43.7868
1776142500000,74351.2,74375.0,74333.1,74362.4,48.6932
1776142800000,74362.3,74368.1,74301.0,74310.9,89.4437
1776143100000,74310.8,74333.0,74280.9,74303.1,74.5616
1776143400000,74303.1,74345.1,74298.0,74313.3,102.4028
1776143700000,74313.2,74360.0,74281.1,74328.3,103.9434
1776144000000,74328.4,74407.0,74307.5,74318.6,104.7454
1776144300000,74318.6,74329.4,74287.2,74310.3,91.1311
1776144600000,74310.3,74327.2,74272.7,74272.8,66.0829
1776144900000,74272.8,74339.1,74255.0,74276.9,242.4075
1776145200000,74277.0,74287.4,74255.0,74266.6,112.1945
1776145500000,74266.7,74266.7,74243.0,74243.0,83.1037
1776145800000,74243.1,74243.1,74183.5,74197.6,115.3376
1776146100000,74197.6,74197.7,74127.2,74188.6,205.4832
1776146400000,74188.6,74286.7,74188.6,74240.3,199.8409
1776146700000,74240.2,74325.7,74240.2,74309.0,112.6693
1776147000000,74309.0,74331.0,74284.7,74302.1,96.9194
1776147300000,74302.1,74388.5,74282.5,74376.7,152.1478
1776147600000,74376.8,74419.9,74366.0,74407.1,165.7871
1776147900000,74407.1,74419.3,74355.3,74357.2,93.3547
1776148200000,74357.1,74377.9,74335.0,74371.7,111.1264
1776148500000,74371.7,74433.3,74352.5,74400.4,89.3835
1776148800000,74400.4,74402.4,74350.0,74363.6,78.9943
1776149100000,74363.5,74417.7,74343.9,74411.0,46.8833
1776149400000,74411.0,74484.2,74395.0,74476.4,164.8111
1776149700000,74476.4,74526.9,74476.3,74490.9,255.4198
1776150000000,74490.9,74600.0,74402.8,74549.0,465.687
1776150300000,74549.0,74920.4,74525.7,74885.4,1310.2437
1776150600000,74885.3,74896.2,74656.3,74736.2,506.935
1776150900000,74736.1,74763.9,74630.1,74630.2,284.2022
1776151200000,74630.1,74700.0,74565.3,74580.2,201.5602
1776151500000,74580.2,74661.1,74580.1,74632.6,140.0216
1776151800000,74632.6,74649.9,74530.0,74530.0,155.5213
1776152100000,74530.0,74558.7,74462.0,74535.2,254.3294
1776152400000,74535.3,74566.0,74442.4,74466.8,188.2721
1776152700000,74466.8,74480.0,74441.0,74455.0,217.1035
1776153000000,74455.0,74514.5,74436.8,74506.7,175.546
1776153300000,74506.7,74532.2,74472.6,74518.0,198.2406
1776153600000,74518.1,74532.2,74420.4,74502.6,168.5622
1776153900000,74502.6,74566.0,74502.6,74519.4,184.8653
1776154200000,74519.4,74563.2,74468.0,74511.3,129.7877
1776154500000,74511.3,74547.6,74474.6,74503.5,158.9077
1776154800000,74503.6,74530.0,74463.5,74485.0,122.279
1776155100000,74485.0,74613.8,74470.9,74605.4,149.8491
1776155400000,74605.4,74796.5,74605.2,74773.2,478.5864
1776155700000,74773.2,74870.0,74730.1,74751.3,516.5406
1776156000000,74751.3,74751.3,74584.0,74614.6,420.4219
1776156300000,74614.6,74707.2,74565.5,74707.1,233.0981
1776156600000,74707.1,74812.5,74642.2,74674.3,417.057
1776156900000,74674.4,74718.3,74650.0,74718.3,62.8887
1776157200000,74718.3,74757.4,74651.8,74671.8,163.0272
1776157500000,74671.8,74723.0,74620.0,74717.4,98.0914
1776157800000,74717.4,74769.4,74675.0,74761.6,192.0426
1776158100000,74761.5,74800.0,74726.9,74743.0,149.54
1776158400000,74742.9,74743.0,74640.1,74640.1,119.513
1776158700000,74640.2,74669.2,74591.7,74643.8,212.2433
1776159000000,74643.8,74656.8,74580.0,74621.6,166.8703
1776159300000,74621.6,74646.1,74568.1,74628.1,126.488
1776159600000,74628.2,74683.8,74465.4,74479.8,380.61
1776159900000,74479.8,74513.2,74386.5,74423.7,311.2093
1776160200000,74423.8,74460.3,74423.7,74429.3,150.3525
1776160500000,74429.2,74505.8,74415.6,74468.3,121.128
1776160800000,74468.4,74470.2,74424.7,74431.2,97.6767
1776161100000,74431.1,74525.0,74427.9,74473.7,94.4234
1776161400000,74473.7,74515.0,74466.0,74515.0,59.2623
1776161700000,74515.0,74515.0,74458.3,74503.3,75.9705
1776162000000,74503.4,74553.9,74485.5,74530.0,101.0177
1776162300000,74530.1,74556.6,74512.0,74528.1,55.1772
1776162600000,74528.1,74574.0,74502.0,74547.6,107.4459
1776162900000,74547.7,74566.0,74356.3,74356.7,260.4623
1776163200000,74356.8,74393.0,74323.3,74323.3,220.2406
1776163500000,74323.3,74371.9,74300.0,74367.1,151.3944
1776163800000,74367.2,74408.2,74330.0,74333.5,147.791
1776164100000,74333.6,74410.4,74318.2,74318.2,115.8366
1776164400000,74318.2,74380.0,74289.1,74373.4,168.4566
1776164700000,74373.4,74409.0,74350.1,74408.9,109.3187
1776165000000,74409.0,74409.0,74358.2,74367.6,58.7087
1776165300000,74367.5,74409.0,74367.5,74400.0,168.8876
1776165600000,74400.0,74422.0,74338.9,74363.5,178.8782
1776165900000,74363.4,74416.0,74333.0,74333.0,146.7965
1776166200000,74333.0,74335.6,74289.6,74325.1,151.4911
1776166500000,74325.1,74372.1,74313.9,74371.0,97.4736
1776166800000,74370.9,74372.1,74295.1,74295.1,177.0507
1776167100000,74295.1,74418.1,74276.7,74398.1,204.3033
1776167400000,74398.2,74405.0,74300.0,74340.5,77.5207
1776167700000,74340.5,74422.0,74293.5,74350.1,327.2766
1776168000000,74350.0,74405.0,74268.0,74396.3,285.089
1776168300000,74396.2,74400.0,74363.0,74386.6,69.4079
1776168600000,74386.6,74387.7,74264.7,74279.2,192.6053
1776168900000,74279.3,74385.0,74270.1,74347.0,76.4205
1776169200000,74347.0,74347.0,74251.5,74266.4,219.7896
1776169500000,74266.3,74315.4,74250.0,74266.0,218.6021
1776169800000,74265.9,74374.9,74264.6,74327.7,305.0251
1776170100000,74327.7,74350.0,74272.8,74300.3,194.1252
1776170400000,74300.4,74375.9,74268.1,74268.2,190.4225
1776170700000,74268.1,74355.0,74258.5,74343.3,138.6183
1776171000000,74343.3,74385.0,74300.0,74363.6,95.6152
1776171300000,74363.5,74475.7,74363.5,74423.8,412.7277
1776171600000,74423.8,74564.5,74366.9,74561.9,512.3136
1776171900000,74562.0,74581.7,74501.8,74549.9,163.2284
1776172200000,74549.9,74549.9,74484.6,74543.5,98.4352
1776172500000,74543.5,74650.0,74515.0,74595.5,303.1664
1776172800000,74595.5,74696.4,74593.3,74672.8,312.7151
1776173100000,74672.9,74685.6,74458.0,74458.1,333.0559
1776173400000,74458.0,74861.0,74457.1,74708.1,1135.1235
1776173700000,74708.1,74897.5,74689.2,74827.2,602.3255
1776174000000,74827.1,75199.8,74817.2,75144.8,2636.5969
1776174300000,75144.8,75372.6,75016.2,75079.8,2592.867
1776174600000,75079.8,75350.0,75070.0,75313.3,1022.7537
1776174900000,75313.4,75488.0,75280.0,75468.5,1016.0437
1776175200000,75468.5,75542.2,75311.6,75354.0,1842.0979
1776175500000,75354.1,75588.2,75280.0,75501.6,1144.4282
1776175800000,75501.7,75564.1,75382.7,75520.0,592.8969
1776176100000,75519.9,75640.0,75444.0,75503.3,857.8638
1776176400000,75503.3,75685.0,75503.3,75546.7,885.0998
1776176700000,75546.7,75813.6,75546.7,75800.1,1376.2617
1776177000000,75800.0,76000.0,75550.1,75594.8,3048.2289
1776177300000,75594.9,75694.9,75200.0,75361.6,2044.0584
1776177600000,75361.6,75462.0,75179.0,75331.5,1056.3657
1776177900000,75331.5,75359.3,75125.0,75135.1,970.4024
1776178200000,75135.1,75220.7,75068.4,75208.7,761.4274
1776178500000,75208.6,75242.2,74970.0,74970.0,899.3496
1776178800000,74970.0,75087.8,74880.6,74973.3,1269.6169
1776179100000,74973.3,74973.3,74505.6,74663.5,1806.4915
1776179400000,74663.6,74822.5,74516.3,74710.6,1680.217
1776179700000,74710.6,74778.0,74650.0,74753.9,482.1672
1776180000000,74754.0,74883.5,74712.6,74861.9,743.8396
1776180300000,74862.0,74897.1,74757.5,74757.5,520.6037
1776180600000,74757.5,75059.9,74747.0,75045.2,921.1267
1776180900000,75045.2,75214.1,75002.9,75120.0,834.0614
1776181200000,75120.0,75266.0,75120.0,75240.0,533.6981
1776181500000,75239.9,75278.2,75125.8,75208.3,350.9349
1776181800000,75208.3,75415.4,75203.6,75383.6,627.2516
1776182100000,75383.6,75400.0,75237.3,75280.4,399.1823
1776182400000,75280.4,75455.0,75263.9,75424.9,590.9832
1776182700000,75424.9,75668.3,75380.3,75602.8,1190.3233
1776183000000,75602.8,75602.8,75383.0,75442.4,520.7161
1776183300000,75442.3,75458.2,75239.5,75270.0,521.5857
1776183600000,75270.0,75300.0,75121.8,75168.0,533.8023
1776183900000,75168.0,75333.0,75167.9,75206.2,303.2188
1776184200000,75206.2,75212.1,75078.2,75132.3,337.4488
1776184500000,75132.4,75241.9,75047.0,75183.1,449.6275
1776184800000,75183.1,75232.0,75152.9,75156.5,319.4692
1776185100000,75156.4,75183.6,75047.0,75050.0,241.747
1776185400000,75050.1,75062.5,74700.0,74733.6,1058.8116
1776185700000,74733.5,74745.0,74465.2,74600.3,1139.4683
1776186000000,74600.4,74720.0,74535.0,74622.1,585.7176
1776186300000,74622.1,74712.9,74611.0,74699.9,347.9356
1776186600000,74699.9,74787.5,74666.7,74750.6,406.4268
1776186900000,74750.6,74850.0,74725.0,74822.3,220.5336
1776187200000,74822.3,74919.7,74803.7,74803.7,314.0019
1776187500000,74803.8,74833.8,74584.4,74588.2,490.7134
1776187800000,74588.2,74652.1,74251.3,74303.4,1185.7504
1776188100000,74303.4,74390.0,74200.0,74339.0,1091.6799
1776188400000,74338.9,74550.0,74338.6,74501.9,394.3503
1776188700000,74501.9,74636.1,74492.2,74616.1,257.6607
1776189000000,74616.1,74666.0,74600.0,74633.9,321.7677
1776189300000,74633.8,74716.0,74633.8,74694.8,260.0058
1776189600000,74694.9,74765.7,74692.4,74722.4,179.5231
1776189900000,74722.4,74755.2,74680.0,74741.4,207.042
1776190200000,74741.5,74752.9,74547.2,74620.6,197.2004
1776190500000,74620.6,74689.8,74590.0,74668.6,103.3656
1776190800000,74668.5,74710.5,74388.2,74443.0,356.6333
1776191100000,74443.0,74566.0,74394.0,74466.0,244.4619
1776191400000,74466.0,74523.4,74360.0,74364.7,186.4373
1776191700000,74364.6,74418.0,74088.0,74143.0,883.9381
1776192000000,74143.1,74258.9,74143.1,74241.7,313.231
1776192300000,74241.7,74300.5,73811.0,73814.0,1772.5782
1776192600000,73813.9,74095.3,73777.0,74050.5,1016.8956
1776192900000,74050.6,74082.2,73996.8,74056.3,245.0282
1776193200000,74056.3,74202.1,74016.1,74150.2,390.9282
1776193500000,74150.2,74314.1,74150.1,74289.5,338.2088
1776193800000,74289.5,74350.0,74206.1,74211.5,231.4002
1776194100000,74211.5,74314.3,74205.5,74277.2,170.0745
1776194400000,74277.1,74319.9,73964.7,73964.7,407.1612
1776194700000,73964.7,74143.9,73829.3,74112.5,539.4776
1776195000000,74112.5,74230.8,74038.7,74057.1,237.7802
1776195300000,74057.1,74132.5,73988.6,74114.5,322.1577
1776195600000,74114.5,74203.4,74033.3,74068.3,222.3796
1776195900000,74068.3,74122.8,74035.4,74104.5,154.6854
1776196200000,74104.6,74222.7,74070.0,74181.0,336.5921
1776196500000,74181.1,74213.7,74112.6,74175.0,427.5389
1776196800000,74175.0,74366.8,74171.4,74240.5,344.7564
1776197100000,74240.5,74325.0,74180.2,74324.9,181.6432
1776197400000,74325.0,74391.2,74273.0,74367.0,181.6473
1776197700000,74367.0,74384.7,74231.0,74257.7,134.9839
1776198000000,74257.8,74275.0,74070.0,74149.6,200.3602
1776198300000,74149.5,74164.3,74115.9,74134.5,90.3557
1776198600000,74134.5,74233.8,74134.5,74151.1,129.2164
1776198900000,74151.1,74164.8,74074.1,74116.1,110.2887
1776199200000,74116.0,74206.4,74095.7,74206.4,88.7817
1776199500000,74206.4,74252.1,74129.9,74180.0,170.2437
1776199800000,74180.0,74198.5,74075.0,74090.4,78.4394
1776200100000,74090.4,74109.9,73966.0,74055.3,188.4914
1776200400000,74055.3,74254.6,74049.8,74242.5,232.8623
1776200700000,74242.6,74242.6,74136.4,74186.7,60.9203
1776201000000,74186.8,74199.9,74160.0,74160.0,83.5066
1776201300000,74160.1,74160.1,74082.4,74121.5,91.7061
1776201600000,74121.4,74137.0,74000.2,74011.8,68.1311
1776201900000,74011.8,74080.5,74011.8,74080.4,79.1204
1776202200000,74080.4,74103.8,74002.5,74002.6,57.3024
1776202500000,74002.5,74046.3,73973.6,74006.3,95.6158
1776202800000,74006.3,74013.7,73901.0,73988.8,159.8303
1776203100000,73988.8,74000.0,73937.5,73970.4,46.0502
1776203400000,73970.4,74193.2,73970.3,74169.1,145.5703
1776203700000,74169.2,74285.2,74152.0,74230.4,211.212
1776204000000,74230.3,74230.3,74090.9,74112.7,200.1063
1776204300000,74112.7,74287.9,74108.4,74269.1,309.8761
1776204600000,74269.1,74333.0,74200.1,74264.8,280.9681
1776204900000,74264.8,74264.9,74062.0,74074.1,138.3194
1776205200000,74074.1,74081.6,73974.0,74037.3,198.6648
1776205500000,74037.3,74037.3,73866.0,73869.3,312.6052
1776205800000,73869.3,74048.2,73743.9,73964.6,747.2408
1776206100000,73964.7,73989.5,73859.5,73935.6,116.6139
1776206400000,73935.7,74005.6,73921.8,73931.7,141.6508
1776206700000,73931.6,74045.4,73922.5,73979.6,149.5722
1776207000000,73979.6,74059.5,73965.6,74029.2,88.9511
1776207300000,74029.2,74097.3,73982.6,73982.7,208.1807
1776207600000,73982.6,74079.0,73966.0,74078.9,119.2266
1776207900000,74078.9,74124.5,74005.4,74016.8,121.0601
1776208200000,74016.8,74080.0,74000.0,74063.3,119.2157
1776208500000,74063.3,74181.1,74056.7,74112.5,228.9465
1776208800000,74112.6,74156.3,74078.4,74078.4,120.8177
1776209100000,74078.5,74088.3,74015.1,74073.6,88.647
1776209400000,74073.5,74155.0,74041.0,74112.3,176.1347
1776209700000,74112.2,74147.8,74001.3,74119.9,181.3666
1776210000000,74120.0,74174.8,74095.5,74099.9,176.7663
1776210300000,74099.9,74212.2,74099.9,74179.9,174.6906
1776210600000,74179.9,74199.9,74000.0,74027.1,292.5916
1776210900000,74027.0,74144.1,74020.0,74100.1,139.4226
1776211200000,74100.0,74579.6,74079.6,74502.7,1138.7989
1776211500000,74502.6,74648.2,74432.5,74584.7,856.125
1776211800000,74584.6,74584.7,74443.1,74510.0,407.0712
1776212100000,74509.9,74510.0,74349.9,74360.4,193.4446
1776212400000,74360.4,74600.0,74360.4,74532.8,288.6227
1776212700000,74532.8,74574.3,74488.1,74541.3,150.0395
1776213000000,74541.2,74563.7,74400.0,74468.3,163.1414
1776213300000,74468.2,74540.0,74451.4,74486.2,110.9394
1776213600000,74486.2,74524.5,74459.4,74503.2,134.9175
1776213900000,74503.2,74550.0,74388.2,74406.6,175.6568
1776214200000,74406.7,74500.0,74382.0,74396.4,117.1416
1776214500000,74396.4,74547.0,74396.4,74515.9,174.6641
1776214800000,74515.9,74611.2,74455.7,74591.9,168.4193
1776215100000,74591.9,74698.1,74584.8,74670.0,291.2976
1776215400000,74670.0,74724.0,74600.6,74706.6,204.4553
1776215700000,74706.5,74749.0,74625.3,74665.1,258.9657
1776216000000,74665.1,74665.2,74535.3,74555.5,152.6557
1776216300000,74555.6,74650.0,74541.9,74639.9,115.9634
1776216600000,74639.9,74664.7,74568.1,74593.8,71.5842
1776216900000,74593.8,74600.0,74444.6,74520.2,585.8556
1776217200000,74520.2,74623.4,74510.5,74582.7,132.7784
1776217500000,74582.7,74608.5,74525.1,74600.0,63.4665
1776217800000,74600.0,74696.2,74533.9,74567.7,206.6772
1776218100000,74567.8,74600.0,74560.0,74560.0,76.7948
1776218400000,74560.0,74650.0,74543.3,74595.1,124.2294
1776218700000,74595.1,74595.1,74500.0,74500.1,64.7256
1776219000000,74500.1,74500.1,74476.2,74495.9,67.9281
1776219300000,74495.9,74549.9,74476.0,74484.5,87.7044
1776219600000,74484.5,74509.0,74402.0,74414.4,167.3015
1776219900000,74414.4,74419.2,74280.0,74311.9,412.5732
1776220200000,74312.0,74318.6,74144.6,74164.1,420.0616
1776220500000,74164.2,74214.6,74140.0,74173.9,281.2184
1776220800000,74173.9,74240.8,74135.9,74235.7,154.9909
1776221100000,74235.7,74242.3,74150.1,74168.5,181.4401
1776221400000,74168.5,74265.2,74168.0,74244.8,136.859
1776221700000,74244.7,74307.7,74244.7,74281.1,111.9017
1776222000000,74281.1,74296.0,74210.0,74210.1,160.4363
1776222300000,74210.0,74239.5,74180.0,74209.8,83.421
1776222600000,74209.9,74214.6,74168.0,74181.6,122.0496
1776222900000,74181.6,74192.0,74130.0,74179.9,154.895
1776223200000,74180.0,74269.4,74161.0,74259.7,93.7975
1776223500000,74259.7,74330.0,74246.0,74256.1,118.4399
1776223800000,74256.0,74309.6,74225.0,74266.0,114.6748
1776224100000,74266.0,74271.3,74166.0,74210.9,113.0397
1776224400000,74210.8,74210.8,74180.0,74200.1,47.5693
1776224700000,74200.1,74244.5,74180.6,74234.0,58.0196
1776225000000,74234.0,74264.0,74233.9,74241.3,55.8503
1776225300000,74241.7,74328.7,74241.7,74296.3,136.0866
1776225600000,74296.3,74400.0,74296.2,74373.7,187.1137
1776225900000,74373.7,74373.8,74309.9,74329.2,173.2737
1776226200000,74329.3,74329.3,74303.7,74303.8,55.4144
1776226500000,74303.7,74365.4,74290.0,74294.8,117.7171
1776226800000,74294.7,74294.8,74261.8,74292.2,80.6563
1776227100000,74292.2,74298.2,74260.1,74274.4,32.0323
1776227400000,74274.4,74296.1,74227.8,74255.4,48.6528
1776227700000,74255.4,74374.5,74255.4,74279.9,95.4753
1776228000000,74279.9,74349.9,74279.9,74299.7,117.6326
1776228300000,74299.7,74306.5,74220.0,74302.0,94.9144
1776228600000,74302.0,74318.3,74260.8,74311.5,48.0559
1776228900000,74311.5,74311.5,74252.3,74292.8,191.8408
1776229200000,74292.8,74397.1,74280.5,74306.9,203.2775
1776229500000,74306.9,74306.9,74163.7,74200.0,191.6905
1776229800000,74199.9,74235.5,74143.5,74165.9,543.9577
1776230100000,74165.9,74201.4,74165.0,74200.8,135.7814
1776230400000,74200.9,74200.9,74043.2,74087.4,375.5335
1776230700000,74087.3,74103.6,73966.0,73980.2,510.2415
1776231000000,73980.2,74008.1,73920.0,73984.6,375.6338
1776231300000,73984.6,73999.6,73850.0,73850.1,599.5324
1776231600000,73850.1,73944.0,73830.1,73918.5,277.862
1776231900000,73918.5,73956.2,73868.9,73900.1,246.4262
1776232200000,73900.1,73980.2,73873.5,73951.9,206.6888
1776232500000,73951.9,74015.9,73951.8,73985.2,158.2101
1776232800000,73985.1,74022.5,73900.0,73910.8,293.6499
1776233100000,73910.8,73971.6,73900.0,73914.2,185.7469
1776233400000,73914.2,73980.5,73905.0,73918.2,172.5981
1776233700000,73918.2,74000.0,73915.0,73962.7,178.84
1776234000000,73962.7,73992.0,73911.4,73924.7,88.2559
1776234300000,73924.7,73926.1,73888.0,73894.6,104.9353
1776234600000,73894.5,73950.0,73880.9,73881.0,116.2193
1776234900000,73881.0,73970.1,73860.1,73942.5,136.0351
1776235200000,73942.5,73975.2,73927.5,73975.2,92.5031
1776235500000,73975.2,73996.3,73932.1,73932.1,81.8404
1776235800000,73932.1,73947.8,73855.6,73873.0,169.2429
1776236100000,73873.0,73882.8,73834.0,73860.8,282.7866
1776236400000,73860.9,73917.2,73842.4,73876.4,266.923
1776236700000,73876.4,73876.4,73801.0,73822.1,271.0738
1776237000000,73822.2,73986.0,73822.2,73880.9,244.7169
1776237300000,73881.0,73881.0,73539.0,73609.2,1498.7778
1776237600000,73609.1,73695.0,73584.3,73650.1,461.5547
1776237900000,73650.2,73700.0,73611.3,73681.8,316.4884
1776238200000,73681.7,73692.4,73533.1,73594.9,482.9072
1776238500000,73594.9,73655.1,73575.0,73618.9,260.1495
1776238800000,73618.8,73634.5,73560.8,73567.1,173.5912
1776239100000,73567.1,73675.1,73443.0,73659.5,973.6872
1776239400000,73659.6,73750.0,73632.7,73726.0,469.7282
1776239700000,73725.9,73750.0,73689.2,73706.9,231.3659
1776240000000,73706.9,73745.1,73644.0,73733.7,190.7113
1776240300000,73733.6,73799.9,73713.7,73713.7,218.6749
1776240600000,73713.7,73824.7,73680.0,73812.4,165.768
1776240900000,73812.5,73842.5,73803.8,73827.1,207.5608
1776241200000,73827.1,73913.0,73827.1,73913.0,300.7058
1776241500000,73913.0,73964.1,73909.8,73962.8,307.6339
1776241800000,73962.9,74108.6,73941.0,74100.0,627.3101
1776242100000,74100.0,74141.0,74062.0,74065.1,383.6192
1776242400000,74065.1,74109.5,74050.0,74062.4,210.2513
1776242700000,74062.4,74068.3,74000.0,74029.9,227.1984
1776243000000,74029.9,74152.3,74005.0,74123.2,334.8646
1776243300000,74123.3,74139.9,74074.0,74077.1,152.5792
1776243600000,74077.0,74150.0,74000.0,74010.8,448.8488
1776243900000,74010.9,74056.2,73968.0,73982.7,159.2783
1776244200000,73982.7,74030.0,73920.0,73994.4,208.6095
1776244500000,73994.4,74047.7,73987.8,74047.7,80.5548
1776244800000,74047.7,74050.0,74013.3,74013.3,56.7738
1776245100000,74013.3,74013.4,73891.5,73924.5,185.6873
1776245400000,73924.5,73979.1,73889.9,73890.0,109.6009
1776245700000,73889.9,73958.2,73889.9,73893.9,299.4
1776246000000,73893.9,73956.0,73852.4,73934.9,164.4734
1776246300000,73934.8,73952.0,73898.4,73915.8,78.0917
1776246600000,73915.7,73945.0,73890.0,73941.8,42.1036
1776246900000,73941.8,73998.2,73928.5,73975.1,77.2361
1776247200000,73975.0,74029.4,73946.2,73973.1,299.5674
1776247500000,73973.1,74144.0,73964.0,74100.0,221.5336
1776247800000,74100.1,74128.0,74062.8,74080.8,119.9962
1776248100000,74080.9,74085.1,73959.1,73970.1,169.5228
1776248400000,73970.2,73984.7,73906.3,73952.4,120.5052
1776248700000,73952.4,73984.0,73850.8,73867.1,278.8682
1776249000000,73867.1,73883.6,73741.4,73797.8,431.0655
1776249300000,73797.9,73828.0,73750.0,73807.0,313.7
1776249600000,73806.9,74016.0,73806.9,74014.0,357.55
1776249900000,74014.0,74243.2,74003.2,74047.9,764.1772
1776250200000,74047.8,74071.3,73960.0,73962.2,201.0827
1776250500000,73962.3,73962.3,73786.0,73826.1,270.3549
1776250800000,73826.1,73913.2,73826.1,73866.6,123.861
1776251100000,73866.6,73963.1,73836.0,73952.0,161.759
1776251400000,73952.1,74053.9,73944.2,73988.0,175.1507
1776251700000,73988.1,73988.1,73903.5,73909.7,92.7622
1776252000000,73909.8,73944.3,73883.1,73940.4,71.3958
1776252300000,73940.5,73972.8,73920.0,73920.0,52.1484
1776252600000,73920.0,73995.1,73900.0,73941.0,77.7467
1776252900000,73940.9,74023.4,73940.9,73973.9,62.94
1776253200000,73973.8,74010.8,73957.9,74010.7,70.8069
1776253500000,74010.7,74212.3,73988.0,74060.6,531.8658
1776253800000,74060.7,74232.0,74058.7,74179.9,326.987
1776254100000,74179.9,74186.9,74124.7,74163.1,191.0106
1776254400000,74163.1,74189.0,74071.5,74102.6,389.2321
1776254700000,74102.6,74134.2,74006.6,74104.9,209.107
1776255000000,74105.0,74192.0,74105.0,74159.1,193.7618
1776255300000,74159.1,74192.0,74075.0,74164.1,147.883
1776255600000,74164.1,74227.1,74157.2,74192.3,179.2734
1776255900000,74192.4,74203.1,74110.7,74134.6,136.7949
1776256200000,74134.6,74196.0,74134.5,74184.7,140.3118
1776256500000,74184.7,74444.0,74176.1,74399.5,826.3102
1776256800000,74399.6,74415.0,74257.8,74292.2,277.6485
1776257100000,74292.3,74319.9,74273.7,74299.9,268.4537
1776257400000,74299.8,74307.7,74250.0,74288.5,136.3862
1776257700000,74288.5,74294.6,74226.4,74226.4,113.7201
1776258000000,74226.4,74244.1,74127.3,74195.4,418.3522
1776258300000,74195.4,74313.5,74167.0,74291.0,178.0363
1776258600000,74291.1,74291.1,74230.7,74273.8,99.1436
1776258900000,74273.8,74280.4,74231.4,74231.5,116.2546
1776259200000,74231.5,74275.0,74200.0,74226.4,132.0925
1776259500000,74226.5,74391.5,74226.5,74348.0,193.378
1776259800000,74348.1,74374.8,74061.7,74159.1,844.4645
1776260100000,74159.1,74179.5,73920.0,74089.9,760.8372
1776260400000,74089.9,74100.0,73802.7,73839.9,901.4649
1776260700000,73839.8,73970.0,73813.0,73880.0,448.3137
1776261000000,73880.1,73933.0,73772.9,73808.3,322.1541
1776261300000,73808.2,74096.7,73808.2,74016.7,429.8529
1776261600000,74016.7,74024.3,73884.0,73888.4,274.3054
1776261900000,73888.3,73951.6,73780.0,73900.1,279.156
1776262200000,73900.0,74114.3,73890.3,74107.4,362.0923
1776262500000,74107.4,74342.3,74095.0,74117.9,1151.7575
1776262800000,74117.9,74410.0,74117.8,74385.1,599.8971
1776263100000,74385.1,74479.8,74355.1,74388.0,700.9551
1776263400000,74388.0,74424.6,74254.1,74261.7,531.1144
1776263700000,74261.7,74269.4,73925.5,73959.8,739.8093
1776264000000,73959.8,74070.5,73875.0,73925.9,553.911
1776264300000,73926.0,74090.8,73919.3,74073.9,280.5527
1776264600000,74073.9,74166.0,74048.4,74119.8,270.107
1776264900000,74119.9,74219.4,74079.8,74111.0,230.1
1776265200000,74111.0,74205.6,74076.4,74087.7,217.2619
1776265500000,74087.7,74096.9,73925.9,73992.6,372.0241
1776265800000,73992.6,74271.9,73934.0,74236.8,434.5951
1776266100000,74236.7,74263.5,74091.8,74096.2,277.0161
1776266400000,74096.3,74125.2,73960.9,74002.6,160.6816
1776266700000,74002.5,74057.0,73941.1,73992.5,153.649
1776267000000,73992.6,73992.6,73542.0,73617.1,1699.3068
1776267300000,73617.2,73717.0,73612.7,73703.0,364.1142
1776267600000,73703.0,73886.9,73700.0,73809.3,476.9251
1776267900000,73809.3,73923.7,73781.8,73872.2,325.3941
1776268200000,73872.3,73950.0,73800.0,73800.0,218.3222
1776268500000,73800.0,73815.2,73685.8,73802.4,295.6999
1776268800000,73802.3,73943.0,73721.8,73918.0,375.218
1776269100000,73918.0,73950.0,73870.7,73944.4,203.6069
1776269400000,73944.5,73987.8,73890.4,73973.2,186.3327
1776269700000,73973.2,74062.1,73941.0,74033.4,371.1576
1776270000000,74033.5,74144.0,74033.4,74076.2,369.6128
1776270300000,74076.3,74112.4,74026.2,74063.0,226.2394
1776270600000,74063.0,74092.5,73954.7,73993.0,321.249
1776270900000,73992.9,74128.0,73990.5,73990.6,295.9681
1776271200000,73990.5,74003.1,73832.0,73864.3,309.6411
1776271500000,73864.2,73969.0,73812.4,73969.0,170.4132
1776271800000,73969.0,74000.0,73786.0,73806.7,174.7034
1776272100000,73806.8,73913.7,73782.4,73907.6,119.4383
1776272400000,73907.7,74037.5,73877.5,74032.5,167.3769
1776272700000,74032.6,74075.0,73983.7,74017.6,158.5181
1776273000000,74017.6,74025.6,73938.1,73998.4,61.6701
1776273300000,73998.3,74027.7,73962.7,73984.2,72.0031
1776273600000,73984.1,74000.0,73918.0,73979.4,123.71
1776273900000,73979.4,74211.0,73979.4,74088.8,467.5482
1776274200000,74088.8,74161.3,74032.2,74102.5,264.5511
1776274500000,74102.5,74157.3,74032.2,74032.2,239.6425
1776274800000,74032.2,74058.6,73886.2,73947.6,222.1499
1776275100000,73947.6,74001.8,73896.7,73966.1,198.9831
1776275400000,73966.1,74120.0,73966.1,74080.0,228.0519
1776275700000,74080.1,74130.8,74047.8,74099.6,93.217
1776276000000,74099.5,74240.8,74034.8,74202.7,416.9321
1776276300000,74202.7,74270.0,74160.0,74181.0,225.0184
1776276600000,74180.9,74269.7,74162.1,74248.4,223.7957
1776276900000,74248.5,74328.5,74244.3,74272.4,264.1847
1776277200000,74272.3,74294.5,74211.9,74232.7,89.2249
1776277500000,74232.6,74250.0,74142.3,74165.1,135.7722
1776277800000,74165.0,74293.7,74160.0,74272.1,158.8311
1776278100000,74272.1,74294.5,74196.1,74229.1,99.0376
1776278400000,74229.0,74283.9,74192.4,74274.9,68.1729
1776278700000,74274.9,74313.5,74244.1,74313.4,54.9658
1776279000000,74313.4,74372.7,74306.1,74332.3,209.1304
1776279300000,74332.2,74365.6,74304.0,74354.8,162.8411
1776279600000,74354.8,74479.0,74317.3,74413.8,551.0527
1776279900000,74413.8,74655.0,74413.7,74639.9,790.5437
1776280200000,74639.9,74679.8,74582.2,74599.2,287.9628
1776280500000,74599.2,74662.7,74535.0,74607.1,195.7692
1776280800000,74607.2,74631.2,74520.0,74603.0,124.5126
1776281100000,74603.1,74678.7,74590.1,74678.7,125.6441
1776281400000,74678.7,74912.0,74675.7,74906.1,990.3169
1776281700000,74906.1,75250.0,74887.2,75100.1,1663.7529
1776282000000,75100.0,75105.7,74979.0,75026.7,407.5408
1776282300000,75026.8,75035.9,74900.0,74994.7,276.5336
1776282600000,74994.8,75100.0,74947.5,75015.7,249.6735
1776282900000,75015.7,75040.0,74924.1,74963.0,407.7184
1776283200000,74962.2,75013.4,74782.4,74815.7,570.8096
1776283500000,74815.7,74871.7,74657.0,74737.7,405.6675
1776283800000,74737.6,74737.7,74563.1,74627.1,356.5562
1776284100000,74627.1,74640.0,74469.1,74569.8,364.5356
1776284400000,74569.9,74609.4,74533.3,74593.1,119.7239
1776284700000,74593.1,74741.8,74500.0,74730.9,247.7819
1776285000000,74730.8,74884.6,74685.0,74728.9,407.1323
1776285300000,74728.9,74787.9,74630.6,74630.6,153.5863
1776285600000,74630.6,74734.9,74595.0,74705.6,95.5764
1776285900000,74705.6,74780.2,74684.7,74732.9,155.7466
1776286200000,74732.8,74820.4,74698.1,74799.3,98.8324
1776286500000,74799.2,74833.4,74770.0,74794.4,189.5107
1776286800000,74794.4,74820.0,74701.9,74751.8,126.9267
1776287100000,74751.8,74783.4,74683.3,74720.6,101.4359
1776287400000,74720.6,74750.0,74682.6,74689.0,93.7906
1776287700000,74689.1,74689.1,74561.3,74592.9,243.1344
1776288000000,74592.9,74640.9,74550.0,74631.7,267.0982
1776288300000,74631.7,74640.0,74573.8,74592.6,107.7974
1776288600000,74592.6,74608.6,74502.0,74516.1,209.5545
1776288900000,74516.1,74676.4,74516.0,74676.4,199.9833
1776289200000,74676.3,74769.1,74606.3,74678.4,394.732
1776289500000,74678.4,74732.4,74661.1,74696.7,90.6397
1776289800000,74696.8,74774.9,74696.7,74760.3,76.986
1776290100000,74760.3,74787.1,74663.5,74706.0,148.7815
1776290400000,74706.1,75047.2,74692.8,74963.5,401.1316
1776290700000,74963.5,75129.0,74856.0,75101.8,458.2487
1776291000000,75101.7,75117.4,74994.7,75008.5,364.4869
1776291300000,75008.6,75021.6,74869.0,74887.9,339.2758
1776291600000,74888.0,75018.9,74888.0,74966.8,111.0091
1776291900000,74966.8,74996.3,74900.0,74952.3,71.9815
1776292200000,74952.4,75034.5,74914.0,74934.9,143.6178
1776292500000,74934.9,75391.9,74883.7,75245.6,932.9849
1776292800000,75245.6,75277.4,75020.0,75020.1,326.6563
1776293100000,75020.0,75110.0,74985.6,75081.5,208.5701
1776293400000,75081.4,75166.0,75030.0,75051.1,201.3486
1776293700000,75051.0,75051.0,74868.9,74929.5,381.5903
1776294000000,74929.6,74929.6,74708.7,74779.1,967.8388
1776294300000,74779.2,74848.3,74675.1,74736.9,257.4824
1776294600000,74736.9,74777.8,74652.0,74705.6,203.6248
1776294900000,74705.6,74721.9,74597.6,74681.0,319.8555
1776295200000,74680.9,74705.8,74622.6,74660.0,87.3214
1776295500000,74660.0,74716.2,74643.9,74697.0,135.1787
1776295800000,74697.0,74739.0,74628.9,74666.7,155.5128
1776296100000,74666.7,74666.7,74579.0,74610.1,261.5939
1776296400000,74610.0,74651.0,74572.6,74611.4,169.5959
1776296700000,74611.4,74747.5,74603.3,74706.3,202.8338
1776297000000,74706.4,74817.9,74695.2,74761.1,138.9708
1776297300000,74761.1,74775.5,74725.4,74773.4,64.962
1776297600000,74773.4,74798.9,74603.3,74604.0,174.7306
1776297900000,74604.0,74676.5,74551.6,74587.6,209.3378
1776298200000,74587.7,74650.0,74560.1,74560.1,177.5698
1776298500000,74560.1,74618.2,74530.5,74534.4,125.2909
1776298800000,74534.4,74545.5,74439.4,74456.4,417.8711
1776299100000,74456.4,74550.0,74400.5,74550.0,166.0107
1776299400000,74550.0,74847.4,74550.0,74809.9,406.3534
1776299700000,74809.9,74821.9,74725.4,74732.3,199.9072
1776300000000,74732.3,74814.5,74721.6,74722.0,166.6097
1776300300000,74721.9,74729.2,74647.1,74667.7,94.8398
1776300600000,74667.7,74813.9,74667.7,74706.9,94.3433
1776300900000,74706.9,74779.5,74696.3,74766.0,74.6681
1776301200000,74765.9,74765.9,74580.6,74639.5,202.9463
1776301500000,74639.5,74645.6,74410.3,74549.6,310.0404
1776301800000,74549.6,74600.0,74470.6,74529.1,65.1996
1776302100000,74529.1,74595.7,74471.5,74595.7,80.4208
1776302400000,74595.7,74648.9,74547.7,74560.3,79.8764
1776302700000,74560.3,74581.9,74515.0,74566.9,64.2727
1776303000000,74567.0,74648.9,74536.7,74632.8,58.6617
1776303300000,74632.9,74640.2,74555.8,74555.8,58.8782
1776303600000,74555.8,74662.7,74550.0,74642.6,57.0427
1776303900000,74642.7,74667.1,74592.0,74659.5,70.6767
1776304200000,74659.6,74659.6,74600.0,74600.1,36.8963
1776304500000,74600.1,74620.9,74516.7,74609.6,81.0005
1776304800000,74609.6,74700.0,74584.5,74652.9,120.888
1776305100000,74652.9,74716.7,74556.8,74557.1,124.2216
1776305400000,74557.0,74699.7,74557.0,74634.5,218.9467
1776305700000,74634.5,74668.8,74571.0,74592.6,59.4277
1776306000000,74592.6,74725.1,74590.1,74695.6,126.0207
1776306300000,74695.6,74868.5,74670.8,74854.6,329.6145
1776306600000,74854.6,75050.0,74854.6,74911.1,612.0368
1776306900000,74911.1,75027.9,74896.7,75011.1,297.9859
1776307200000,75011.0,75185.9,75011.0,75148.1,504.3617
1776307500000,75148.2,75220.4,74869.0,74936.7,542.7914
1776307800000,74936.7,74940.0,74756.8,74851.1,363.2725
1776308100000,74851.1,74920.0,74836.6,74843.1,215.6901
1776308400000,74843.0,74967.8,74827.9,74954.8,218.1671
1776308700000,74954.9,75088.0,74892.9,74893.0,281.3292
1776309000000,74893.0,74957.1,74861.6,74907.3,151.3942
1776309300000,74907.3,75025.0,74907.3,75023.7,143.8945
1776309600000,75023.8,75046.4,74966.0,75020.0,72.4021
1776309900000,75020.0,75126.7,74975.0,74997.7,152.5276
1776310200000,74997.7,75009.5,74902.0,74929.6,162.2119
1776310500000,74929.6,74978.1,74909.7,74933.1,64.3597
1776310800000,74933.1,74982.2,74929.1,74933.5,59.7324
1776311100000,74933.5,74946.5,74880.5,74894.9,102.0227
1776311400000,74894.8,74947.6,74822.2,74914.0,149.1562
1776311700000,74913.9,74930.2,74827.9,74844.6,89.8085
1776312000000,74844.6,74866.4,74791.8,74832.3,115.9432
1776312300000,74832.3,74970.8,74797.2,74885.9,172.2246
1776312600000,74885.9,74973.6,74872.5,74897.1,160.3912
1776312900000,74897.2,74936.4,74850.0,74906.2,102.1779
1776313200000,74906.3,74924.4,74837.3,74846.2,87.0411
1776313500000,74846.3,74890.0,74838.8,74882.3,66.2352
1776313800000,74882.4,74914.0,74829.0,74914.0,90.0698
1776314100000,74914.0,74993.1,74913.9,74990.0,88.7161
1776314400000,74990.0,75129.6,74972.3,75055.3,238.7552
1776314700000,75055.3,75055.3,74680.0,74776.4,690.6009
1776315000000,74776.3,74920.0,74776.3,74907.0,322.5429
1776315300000,74906.7,74929.6,74864.4,74900.1,78.645
1776315600000,74900.0,74967.7,74862.8,74963.8,188.5275
1776315900000,74963.7,74964.3,74858.1,74880.7,83.7971
1776316200000,74880.8,74922.4,74858.4,74879.9,87.8727
1776316500000,74879.9,74960.0,74850.1,74960.0,51.2079
1776316800000,74960.0,75012.9,74945.8,75009.8,142.858
1776317100000,75009.8,75068.0,75001.5,75025.7,223.4499
1776317400000,75025.7,75070.8,75005.8,75061.4,124.2384
1776317700000,75061.5,75104.1,75010.2,75072.4,251.7188
1776318000000,75072.5,75076.9,74973.9,75020.2,124.2503
1776318300000,75020.1,75034.8,74995.8,74995.9,46.0089
1776318600000,74995.8,75033.4,74975.2,75016.6,93.4014
1776318900000,75016.6,75028.5,74971.0,75002.9,58.464
1776319200000,75002.9,75071.4,74979.9,74983.5,120.0469
1776319500000,74983.5,75083.1,74964.3,75044.0,103.3188
1776319800000,75043.9,75057.7,74978.2,74978.2,131.9452
1776320100000,74978.3,75042.4,74976.1,75042.3,66.2003
1776320400000,75042.3,75042.4,74966.0,75001.8,94.3425
1776320700000,75001.7,75023.5,74980.0,74980.1,39.2899
1776321000000,74980.1,74996.2,74929.7,74955.5,70.386
1776321300000,74955.5,74984.1,74943.0,74970.1,53.0189
1776321600000,74970.1,74970.1,74813.7,74909.8,397.1471
1776321900000,74909.9,74976.5,74867.0,74966.1,151.9259
1776322200000,74966.1,75004.4,74932.6,74945.6,92.373
1776322500000,74945.5,75001.3,74924.6,74987.8,133.5127
1776322800000,74987.8,75043.1,74936.6,75018.4,146.563
1776323100000,75018.5,75020.0,74910.1,74940.4,72.729
1776323400000,74940.4,74940.4,74850.0,74873.9,122.2438
1776323700000,74873.9,74906.7,74861.4,74887.4,79.6293
1776324000000,74887.5,74893.2,74858.2,74866.1,71.7792
1776324300000,74866.2,74875.0,74820.1,74866.0,129.0784
1776324600000,74866.1,74871.0,74811.0,74851.0,133.4909
1776324900000,74851.0,74859.2,74800.0,74827.5,96.6198
1776325200000,74827.5,74850.2,74750.5,74824.6,263.3917
1776325500000,74824.5,74824.6,74675.1,74734.1,336.7512
1776325800000,74734.1,74739.0,74600.0,74618.2,329.7511
1776326100000,74618.2,74680.8,74600.0,74673.4,235.1951
1776326400000,74673.5,74718.6,74569.2,74587.2,311.8514
1776326700000,74587.2,74622.0,74477.5,74494.1,494.2308
1776327000000,74494.1,74549.3,74474.0,74493.4,362.0941
1776327300000,74493.4,74621.2,74486.3,74592.2,343.4524
1776327600000,74592.3,74700.0,74591.3,74638.2,307.5667
1776327900000,74638.3,74666.0,74562.4,74650.1,329.2197
1776328200000,74650.1,74706.0,74628.5,74673.6,252.7467
1776328500000,74673.6,74682.8,74600.0,74629.8,171.006
1776328800000,74629.7,74654.5,74519.2,74638.8,152.7141
1776329100000,74638.8,74703.9,74628.6,74681.5,119.476
1776329400000,74681.4,74681.5,74622.6,74649.9,102.8849
1776329700000,74649.9,74681.0,74606.8,74635.9,82.5851
1776330000000,74635.8,74700.0,74590.1,74700.0,223.0918
1776330300000,74699.9,74711.0,74630.2,74688.0,146.0922
1776330600000,74687.9,74722.3,74660.4,74706.1,107.453
1776330900000,74706.2,74791.4,74706.2,74784.7,244.1592
1776331200000,74784.8,74860.0,74777.4,74832.1,307.1726
1776331500000,74832.2,74858.8,74767.6,74783.2,191.1421
1776331800000,74783.2,74797.6,74710.0,74721.6,186.3581
1776332100000,74721.6,74773.3,74719.4,74740.8,90.4147
1776332400000,74740.9,74744.0,74653.1,74662.1,122.8057
1776332700000,74662.1,74682.6,74560.0,74567.6,146.0446
1776333000000,74567.6,74614.4,74555.0,74603.7,179.2385
1776333300000,74603.7,74633.0,74555.0,74559.6,103.4285
1776333600000,74559.7,74611.2,74520.0,74535.0,172.3835
1776333900000,74535.0,74563.9,74367.7,74517.8,665.7288
1776334200000,74517.9,74517.9,74357.1,74392.2,425.0526
1776334500000,74392.2,74441.6,74260.4,74315.2,508.3596
1776334800000,74315.2,74431.7,74315.2,74410.1,288.5603
1776335100000,74410.1,74492.2,74407.0,74420.4,282.3728
1776335400000,74420.4,74480.7,74383.0,74437.7,225.8322
1776335700000,74437.8,74463.1,74380.0,74425.3,131.694
1776336000000,74425.3,74433.1,74334.4,74359.0,142.6872
1776336300000,74358.9,74373.7,74240.0,74240.1,365.6264
1776336600000,74240.1,74336.6,74240.0,74316.3,153.1145
1776336900000,74316.2,74381.8,74266.0,74276.2,262.6908
1776337200000,74276.3,74344.2,74250.1,74344.1,251.3043
1776337500000,74344.2,74350.4,74276.0,74276.0,82.3368
1776337800000,74276.0,74319.8,74250.1,74290.0,125.8779
1776338100000,74290.0,74308.1,74255.3,74255.3,128.5141
1776338400000,74255.4,74309.9,74255.3,74280.2,110.8345
1776338700000,74280.2,74355.2,74280.1,74347.7,132.0022
1776339000000,74347.8,74459.4,74314.1,74390.4,662.4948
1776339300000,74390.4,74438.8,74361.9,74365.1,459.1717
1776339600000,74365.1,74417.8,74347.0,74417.8,111.3345
1776339900000,74417.7,74444.0,74395.3,74437.5,126.7509
1776340200000,74437.6,74537.0,74437.0,74515.6,378.872
1776340500000,74515.6,74544.2,74498.0,74532.3,145.1638
1776340800000,74532.4,74718.1,74532.3,74700.0,668.0777
1776341100000,74700.1,74700.1,74575.8,74619.6,244.6859
1776341400000,74619.6,74827.2,74619.6,74703.7,555.5052
1776341700000,74703.7,74765.5,74668.8,74706.8,181.8891
1776342000000,74706.8,74729.6,74621.6,74654.7,201.7388
1776342300000,74654.7,74702.5,74634.4,74674.5,133.6017
1776342600000,74674.4,74685.0,74628.0,74679.6,132.8195
1776342900000,74679.6,74707.0,74586.2,74599.9,139.5586
1776343200000,74600.0,74627.0,74562.4,74621.4,115.8858
1776343500000,74621.3,74621.4,74561.5,74562.1,84.4677
1776343800000,74562.1,74600.0,74542.4,74565.2,93.6033
1776344100000,74565.2,74619.0,74543.1,74581.2,285.6381
1776344400000,74581.3,74642.4,74547.6,74602.9,117.2216
1776344700000,74602.8,74718.0,74590.1,74705.0,136.0021
1776345000000,74704.9,74800.0,74671.6,74783.8,202.2774
1776345300000,74783.7,74900.0,74750.8,74881.7,412.0276
1776345600000,74881.7,74899.9,74827.1,74884.6,430.4464
1776345900000,74884.5,74990.0,74861.9,74929.7,356.0778
1776346200000,74929.7,74980.0,74703.7,74767.1,506.7463
1776346500000,74767.1,74784.9,74570.7,74571.7,488.4046
1776346800000,74571.7,74641.0,74440.8,74565.0,876.6545
1776347100000,74565.1,74565.6,74375.0,74450.0,466.3701
1776347400000,74450.1,74450.1,73310.0,73389.5,4755.9832
1776347700000,73389.5,73750.0,73220.2,73750.0,2955.4742
1776348000000,73750.0,73750.0,73542.0,73661.1,1073.0589
1776348300000,73661.1,73919.7,73571.4,73907.6,1248.009
1776348600000,73907.5,73937.3,73781.6,73785.0,520.402
1776348900000,73785.0,73859.5,73453.5,73544.9,980.703
1776349200000,73545.0,73591.1,73377.8,73523.2,1241.0496
1776349500000,73523.2,73762.4,73471.9,73741.1,607.2374
1776349800000,73741.1,73940.0,73725.1,73877.1,773.9486
1776350100000,73877.1,73931.0,73820.8,73844.1,418.9036
1776350400000,73844.2,74018.5,73788.8,73933.3,437.2931
1776350700000,73933.3,74058.0,73897.6,74032.2,410.9257
1776351000000,74032.1,74150.0,73938.6,73980.6,726.036
1776351300000,73980.6,73980.6,73810.9,73937.1,496.1056
1776351600000,73937.0,74061.5,73896.5,74012.0,430.1817
1776351900000,74012.0,74281.3,73986.0,74239.9,780.6391
1776352200000,74240.0,74418.7,74190.3,74270.1,894.899
1776352500000,74270.1,74353.2,74172.7,74218.0,391.3685
1776352800000,74217.9,74357.3,74217.0,74355.0,493.0761
1776353100000,74354.9,74388.0,74156.8,74157.0,451.5642
1776353400000,74156.9,74257.8,74134.2,74183.7,308.7994
1776353700000,74183.8,74855.0,74152.7,74621.9,2291.8183
1776354000000,74622.0,74622.0,74429.1,74524.2,582.9553
1776354300000,74524.3,74666.0,74410.2,74453.9,582.3846
1776354600000,74453.9,74674.5,74447.5,74585.1,282.3449
1776354900000,74585.2,74763.6,74585.2,74660.0,288.7164
1776355200000,74660.1,74775.0,74660.0,74719.6,392.9332
1776355500000,74719.6,74899.8,74659.9,74708.9,612.507
1776355800000,74708.8,74808.7,74600.0,74621.6,393.8099
1776356100000,74621.7,74837.9,74621.7,74773.9,272.0827
1776356400000,74774.0,74808.0,74523.0,74587.9,356.9641
1776356700000,74587.9,74664.4,74514.3,74532.8,291.8729
1776357000000,74532.8,74595.9,74238.7,74272.8,853.4786
1776357300000,74272.8,74396.4,74175.0,74383.3,430.7899
1776357600000,74383.2,74412.4,74246.5,74292.1,273.1406
1776357900000,74292.1,74357.9,74233.4,74285.2,197.702
1776358200000,74285.1,74384.0,74025.0,74123.7,576.0728
1776358500000,74123.6,74210.9,74117.9,74136.9,230.063
1776358800000,74137.0,74168.0,74008.0,74114.8,340.5208
1776359100000,74114.8,74149.9,73920.0,74040.6,463.5201
1776359400000,74040.7,74136.4,73920.0,73920.3,234.509
1776359700000,73920.4,74093.1,73866.5,74065.0,536.6548
1776360000000,74065.0,74226.5,74010.1,74222.0,414.9619
1776360300000,74221.9,74249.5,74092.0,74180.6,274.0492
1776360600000,74180.5,74275.2,74166.1,74175.0,319.8702
1776360900000,74175.0,74184.2,74056.3,74178.5,301.4113
1776361200000,74178.5,74372.7,74178.5,74337.4,357.1861
1776361500000,74337.3,74414.4,74285.0,74410.4,306.2421
1776361800000,74410.4,74410.4,74262.5,74283.1,148.5226
1776362100000,74283.1,74311.0,74161.6,74302.8,222.0609
1776362400000,74302.7,74493.9,74300.0,74320.2,464.0952
1776362700000,74320.2,74392.6,74196.0,74207.7,144.5744
1776363000000,74207.7,74384.3,74207.7,74378.7,175.7685
1776363300000,74378.8,74450.0,74333.3,74413.6,243.7906
1776363600000,74413.6,74434.2,74228.3,74255.5,169.202
1776363900000,74255.6,74389.3,74255.6,74369.0,91.6532
1776364200000,74368.9,74425.0,74321.8,74421.7,138.5824
1776364500000,74421.8,74522.0,74380.0,74491.8,248.5206
1776364800000,74491.7,74547.0,74488.5,74540.0,130.9899
1776365100000,74539.9,74762.8,74539.9,74640.0,502.9542
1776365400000,74640.1,75088.0,74622.8,74853.9,1226.9736
1776365700000,74853.9,75060.0,74853.9,75003.9,346.628
1776366000000,75003.9,75064.7,74879.6,74889.8,481.4054
1776366300000,74889.9,74920.0,74813.8,74836.7,188.1914
1776366600000,74836.7,74844.1,74700.0,74787.3,320.518
1776366900000,74787.3,74899.0,74755.6,74898.9,190.0777
1776367200000,74899.0,74941.9,74860.0,74941.9,184.5616
1776367500000,74941.9,75030.4,74860.3,74980.5,176.6186
1776367800000,74980.4,75177.5,74928.4,74974.9,726.7324
1776368100000,74975.0,75171.8,74934.0,75121.2,242.5475
1776368400000,75121.3,75286.0,75101.8,75196.7,603.1951
1776368700000,75196.7,75299.9,75189.7,75235.9,256.029
1776369000000,75235.8,75378.2,75181.8,75337.3,464.0343
1776369300000,75337.4,75388.0,75267.9,75317.0,331.3526
1776369600000,75317.0,75522.3,75240.1,75297.7,1357.8881
1776369900000,75297.7,75318.2,75205.6,75242.2,192.4743
1776370200000,75242.2,75444.4,75239.9,75380.1,212.0253
1776370500000,75380.1,75397.1,75211.2,75224.2,159.926
1776370800000,75224.2,75224.3,75060.7,75171.5,249.3001
1776371100000,75171.6,75171.6,75110.1,75158.0,94.2939
1776371400000,75158.0,75158.1,75017.3,75017.3,200.3504
1776371700000,75017.4,75044.2,74972.9,75000.1,137.214
1776372000000,75000.0,75049.8,74959.2,75041.9,77.1669
1776372300000,75041.9,75167.8,75009.0,75119.8,124.8056
1776372600000,75119.7,75211.3,75119.7,75157.8,106.3374
1776372900000,75157.8,75228.0,75127.1,75185.6,92.5236
1776373200000,75185.7,75241.9,75115.0,75135.2,102.6733
1776373500000,75135.2,75235.3,75104.6,75220.3,79.5776
1776373800000,75220.3,75244.0,75100.1,75106.1,79.6897
1776374100000,75106.1,75132.0,75024.4,75040.1,129.5671
1776374400000,75040.0,75040.0,74747.0,74837.3,790.1641
1776374700000,74837.2,74909.1,74792.2,74892.9,197.7817
1776375000000,74892.9,74936.5,74786.4,74934.1,142.8764
1776375300000,74934.1,74960.0,74867.7,74920.0,60.6509
1776375600000,74920.0,74956.4,74898.1,74912.6,183.7819
1776375900000,74912.6,74990.8,74893.9,74977.0,80.1541
1776376200000,74976.9,74977.0,74913.2,74921.3,68.9342
1776376500000,74921.3,74950.0,74866.0,74903.2,56.0153
1776376800000,74903.2,75075.0,74903.2,75007.1,276.5299
1776377100000,75007.0,75083.4,74950.0,74950.0,105.7094
1776377400000,74950.1,75010.3,74928.1,74937.4,76.4466
1776377700000,74937.5,74952.6,74824.4,74841.6,155.6634
1776378000000,74841.7,74880.0,74784.4,74811.1,187.2594
1776378300000,74811.0,74947.4,74810.1,74887.8,154.7654
1776378600000,74887.7,74917.9,74851.3,74888.9,105.9662
1776378900000,74888.8,74910.8,74856.6,74879.4,75.3732
1776379200000,74879.4,74972.4,74850.1,74886.1,118.5565
1776379500000,74886.1,74936.7,74853.2,74916.0,102.007
1776379800000,74916.1,74936.1,74794.5,74842.9,149.0651
1776380100000,74842.8,74857.5,74805.0,74833.5,61.7924
1776380400000,74833.6,74931.4,74797.3,74915.3,119.9328
1776380700000,74915.4,74964.4,74915.3,74950.5,100.8414
1776381000000,74950.6,74998.0,74925.4,74952.2,90.06
1776381300000,74952.3,74952.3,74868.4,74940.9,124.6168
1776381600000,74940.9,75088.0,74939.8,75042.3,121.2919
1776381900000,75042.3,75042.4,74971.2,74986.4,71.9215
1776382200000,74986.5,75058.6,74971.4,75008.4,150.1929
1776382500000,75008.4,75148.9,74987.4,75103.1,139.3779
1776382800000,75103.0,75124.9,75053.1,75098.7,116.8366
1776383100000,75098.7,75100.3,75010.0,75025.0,144.4221
1776383400000,75025.0,75050.0,75001.5,75018.8,66.1616
1776383700000,75018.8,75135.7,75011.6,75106.7,139.1206
1776384000000,75106.7,75114.3,75034.7,75034.8,177.9474
1776384300000,75034.8,75034.9,74902.8,74934.4,150.7285
1776384600000,74934.5,74992.7,74920.0,74923.0,73.0144
1776384900000,74923.0,74958.0,74900.1,74941.9,83.6589
1776385200000,74941.9,74959.0,74854.5,74869.2,191.5806
1776385500000,74869.2,74956.3,74840.9,74956.2,91.7551
1776385800000,74956.3,75068.0,74956.3,75038.9,117.558
1776386100000,75038.9,75038.9,74939.4,74967.0,51.4492
1776386400000,74967.0,74993.0,74919.8,74919.8,52.5366
1776386700000,74919.8,74940.8,74869.8,74925.1,165.8716
1776387000000,74925.2,74950.0,74890.0,74919.3,39.3991
1776387300000,74919.2,74946.6,74900.1,74900.1,70.3447
1776387600000,74900.1,74919.3,74871.2,74884.2,66.4177
1776387900000,74884.2,75000.0,74877.5,74942.6,79.9624
1776388200000,74942.6,74942.6,74833.2,74853.5,143.6654
1776388500000,74853.5,74896.1,74847.0,74858.7,50.0212
1776388800000,74858.6,74861.5,74579.0,74641.7,745.0482
1776389100000,74641.7,74730.9,74640.1,74712.4,218.1314
1776389400000,74712.4,74731.4,74648.0,74707.3,151.8191
1776389700000,74707.4,74759.4,74700.0,74740.3,105.8151
1776390000000,74740.3,74774.9,74612.9,74679.9,133.8067
1776390300000,74680.0,74700.0,74547.0,74547.0,260.4483
1776390600000,74547.0,74600.0,74525.0,74543.8,200.7376
1776390900000,74543.9,74799.7,74543.9,74699.0,236.4573
1776391200000,74699.0,74758.7,74669.0,74754.6,169.5091
1776391500000,74754.6,74772.4,74592.7,74626.0,144.5956
1776391800000,74625.9,74688.7,74620.0,74671.5,73.8848
1776392100000,74671.5,74693.3,74558.7,74584.2,147.781
1776392400000,74584.3,74620.0,74554.5,74614.2,103.3399
1776392700000,74614.2,74636.0,74547.6,74560.0,98.1112
1776393000000,74560.0,74625.0,74495.2,74605.8,238.8729
1776393300000,74605.8,74689.3,74597.7,74667.5,103.4856
1776393600000,74667.5,74700.0,74622.7,74622.8,99.4577
1776393900000,74622.7,74662.0,74589.0,74590.5,124.858
1776394200000,74590.5,74635.4,74574.4,74629.5,93.4732
1776394500000,74629.5,74662.5,74629.5,74660.5,58.4927
1776394800000,74660.5,74665.1,74580.0,74583.8,94.8735
1776395100000,74583.8,74631.5,74558.6,74564.5,314.8479
1776395400000,74564.5,74658.6,74560.3,74645.9,161.854
1776395700000,74645.9,74687.8,74643.8,74659.4,72.5086
1776396000000,74659.4,74680.0,74640.0,74678.3,118.8453
1776396300000,74678.3,74745.0,74660.0,74696.1,261.8304
1776396600000,74696.1,74776.6,74688.0,74755.4,116.7045
1776396900000,74755.5,74798.9,74741.9,74758.1,107.1367
1776397200000,74758.1,74758.1,74625.3,74729.3,141.8368
1776397500000,74729.3,74769.8,74694.2,74710.4,114.7121
1776397800000,74710.4,74710.4,74607.1,74607.2,147.9149
1776398100000,74607.2,74611.3,74565.6,74577.3,113.8626
1776398400000,74577.2,74617.9,74550.1,74617.0,131.8278
1776398700000,74616.9,74648.8,74610.0,74626.1,73.2633
1776399000000,74626.2,74644.6,74614.6,74630.5,74.3295
1776399300000,74630.6,74750.0,74630.5,74750.0,114.2574
1776399600000,74750.0,74750.0,74677.0,74693.7,116.5992
1776399900000,74693.7,74719.3,74676.6,74715.2,114.1098
1776400200000,74715.1,74789.6,74693.5,74786.4,138.6306
1776400500000,74786.4,74820.5,74751.6,74773.3,231.2246
1776400800000,74773.2,74794.6,74750.1,74774.2,41.9994
1776401100000,74774.2,74794.5,74713.5,74713.6,80.6032
1776401400000,74713.5,74786.6,74706.2,74740.1,92.8852
1776401700000,74740.1,74776.9,74725.2,74749.0,99.1632
1776402000000,74749.0,74766.6,74624.7,74629.3,212.9563
1776402300000,74629.4,74666.3,74537.6,74555.1,283.3364
1776402600000,74555.1,74614.7,74510.3,74586.2,326.898
1776402900000,74586.1,74637.7,74563.9,74637.7,112.6612
1776403200000,74637.7,74714.7,74637.7,74684.9,169.8199
1776403500000,74685.0,74692.1,74616.0,74631.7,58.2148
1776403800000,74631.6,74652.0,74600.0,74651.9,76.2589
1776404100000,74651.9,74658.6,74600.0,74600.1,38.7656
1776404400000,74600.0,74637.1,74570.0,74614.3,42.9025
1776404700000,74614.3,74658.0,74588.3,74642.9,62.586
1776405000000,74642.9,74694.7,74628.6,74648.6,112.2705
1776405300000,74648.6,74648.7,74606.0,74606.0,62.6539
1776405600000,74606.1,74656.0,74555.0,74655.9,181.3763
1776405900000,74655.9,74742.2,74624.2,74624.2,197.1275
1776406200000,74624.2,74734.9,74624.2,74719.1,83.0292
1776406500000,74719.1,74775.0,74697.6,74697.6,181.3512
1776406800000,74697.7,74770.0,74697.6,74763.6,154.6558
1776407100000,74763.7,74774.8,74720.7,74771.2,183.6588
1776407400000,74771.2,74790.1,74725.6,74778.6,80.0915
1776407700000,74778.5,74810.0,74720.9,74785.5,209.7752
1776408000000,74785.5,74832.9,74739.8,74815.5,177.4061
1776408300000,74815.6,74830.0,74780.0,74830.0,89.329
1776408600000,74829.9,74909.3,74829.9,74893.2,217.8309
1776408900000,74893.2,74905.8,74854.6,74896.7,136.7037
1776409200000,74896.8,74983.9,74896.7,74957.4,365.889
1776409500000,74957.4,75064.7,74932.3,75049.8,414.1793
1776409800000,75049.9,75050.0,74962.0,74998.1,311.4033
1776410100000,74998.1,74998.1,74919.7,74969.0,208.6132
1776410400000,74969.0,74969.0,74906.8,74920.7,136.4137
1776410700000,74920.7,74939.9,74898.3,74939.9,93.1437
1776411000000,74939.9,74976.0,74892.6,74957.3,298.046
1776411300000,74957.3,74957.3,74915.3,74957.0,211.6581
1776411600000,74956.9,74984.3,74904.4,74984.3,188.2571
1776411900000,74984.2,75000.0,74927.6,74957.4,250.4464
1776412200000,74957.4,75027.0,74901.8,75014.6,358.2799
1776412500000,75014.6,75049.9,74930.5,75043.8,546.1192
1776412800000,75043.7,75068.0,74975.0,75052.4,319.7442
1776413100000,75052.4,75133.4,75020.4,75065.6,369.4472
1776413400000,75065.7,75092.8,75005.1,75022.0,180.5896
1776413700000,75022.0,75080.3,74990.1,75005.7,157.5638
1776414000000,75005.7,75042.6,74961.4,75042.5,126.9426
1776414300000,75042.6,75120.0,75023.0,75068.4,252.329
1776414600000,75068.2,75352.5,75060.0,75323.8,807.9115
1776414900000,75323.8,75371.8,75154.7,75226.1,445.9099
1776415200000,75226.0,75375.0,75214.2,75296.7,470.415
1776415500000,75296.7,75669.0,75240.0,75506.7,1884.4981
1776415800000,75506.7,75789.6,75424.8,75722.5,1565.2514
1776416100000,75722.6,75849.2,75667.9,75739.3,1236.982
1776416400000,75739.3,75780.1,75632.3,75646.5,618.5046
1776416700000,75646.5,75713.4,75576.2,75709.9,558.3002
1776417000000,75710.0,75899.0,75675.0,75870.9,753.7826
1776417300000,75871.0,75956.0,75686.1,75730.2,1079.9602
1776417600000,75730.3,75849.9,75728.3,75782.8,262.6749
1776417900000,75782.8,76348.0,75782.8,76248.8,3381.2061
1776418200000,76248.8,76290.4,75567.0,75671.5,2741.9142
1776418500000,75671.5,75697.8,75471.9,75611.9,1187.8566
1776418800000,75611.8,75756.9,75584.2,75708.2,573.7465
1776419100000,75708.3,75799.0,75625.6,75708.2,698.2103
1776419400000,75708.1,75860.0,75695.0,75813.7,462.6328
1776419700000,75813.7,75829.5,75702.0,75736.0,311.6493
1776420000000,75736.0,75850.0,75634.2,75736.6,455.8762
1776420300000,75736.6,75800.0,75685.3,75685.3,184.9042
1776420600000,75685.4,75687.9,75563.4,75584.0,410.8518
1776420900000,75584.0,75664.1,75544.0,75630.0,243.0831
1776421200000,75630.1,75675.0,75618.3,75663.9,190.549
1776421500000,75663.9,75694.8,75184.2,75188.0,1277.5096
1776421800000,75188.1,75300.0,75037.0,75255.2,1263.8583
1776422100000,75255.2,75331.5,75137.4,75163.5,556.8415
1776422400000,75163.5,75258.4,75083.3,75144.4,759.7679
1776422700000,75144.4,75228.0,75060.0,75223.3,348.5358
1776423000000,75223.3,75255.5,75179.3,75242.7,145.9979
1776423300000,75242.7,75268.1,75206.0,75233.8,148.6825
1776423600000,75233.7,75316.2,75200.7,75284.8,231.3196
1776423900000,75284.9,75376.8,75250.0,75334.8,291.0271
1776424200000,75334.7,75338.4,75256.7,75276.1,184.0896
1776424500000,75276.0,75438.0,75269.6,75381.3,227.7292
1776424800000,75381.2,75430.5,75343.3,75399.3,133.2754
1776425100000,75399.4,75430.2,75389.9,75423.9,106.8996
1776425400000,75423.9,75538.6,75423.9,75510.5,356.7489
1776425700000,75510.5,75510.5,75440.6,75443.7,105.6536
1776426000000,75443.7,75467.7,75327.1,75347.7,311.7458
1776426300000,75347.6,75447.0,75336.9,75438.4,228.0903
1776426600000,75438.5,75564.2,75438.5,75526.8,195.7481
1776426900000,75526.7,75564.6,75480.3,75544.1,153.0628
1776427200000,75544.1,75598.9,75483.0,75538.4,247.1261
1776427500000,75538.5,75579.8,75511.6,75579.8,119.5533
1776427800000,75579.8,75675.7,75561.7,75648.6,306.7651
1776428100000,75648.5,75694.5,75610.1,75684.4,201.8979
1776428400000,75684.5,75774.9,75627.0,75741.7,325.1193
1776428700000,75741.7,75950.0,75582.8,75736.2,776.6344
1776429000000,75736.3,75876.0,75736.3,75767.4,320.087
1776429300000,75767.4,75772.0,75605.4,75605.4,332.5989
1776429600000,75605.3,75730.8,75604.8,75711.4,268.448
1776429900000,75711.3,76136.0,75689.8,76110.0,2167.9961
1776430200000,76109.9,76222.0,75953.2,76178.3,1318.2336
1776430500000,76178.3,76229.2,76072.0,76190.0,613.0512
1776430800000,76190.0,76500.0,76018.0,76145.0,2738.1899
1776431100000,76145.0,76647.6,76072.5,76566.0,2730.7787
1776431400000,76566.0,76895.0,76447.7,76878.9,2118.8566
1776431700000,76878.9,76948.6,76611.6,76771.7,1845.9313
1776432000000,76771.6,76888.0,76665.4,76836.2,946.5882
1776432300000,76836.2,76980.0,76400.0,76549.9,2275.3723
1776432600000,76550.0,76612.0,76005.6,76491.0,5997.9545
1776432900000,76491.0,76575.4,76406.3,76513.9,928.5414
1776433200000,76513.9,76887.0,76467.6,76849.9,1196.4077
1776433500000,76849.9,77062.2,76603.6,77007.6,2459.4465
1776433800000,77007.5,77320.6,76920.2,77250.0,3519.2041
1776434100000,77250.0,77397.2,77115.3,77299.9,1703.5879
1776434400000,77299.9,77533.0,77200.0,77270.6,2024.8334
1776434700000,77270.7,77308.0,77117.5,77130.6,782.2485
1776435000000,77130.6,77165.0,76980.0,77054.4,817.6431
1776435300000,77054.4,77251.8,77046.6,77251.8,487.7581
1776435600000,77251.7,77664.5,77150.1,77510.2,1632.1552
1776435900000,77510.2,77717.0,77371.9,77416.8,2158.2652
1776436200000,77416.7,77771.4,77416.7,77727.1,1399.1734
1776436500000,77727.1,77852.4,77615.4,77841.5,1665.1009
1776436800000,77841.6,78015.5,77749.8,77940.5,2677.8999
1776437100000,77940.5,77949.7,77694.3,77901.5,1122.2479
1776437400000,77901.6,78036.1,77750.0,77776.9,923.6738
1776437700000,77776.9,77950.3,77658.0,77844.1,739.5323
1776438000000,77844.2,77899.9,77512.6,77674.4,1100.6198
1776438300000,77674.5,77780.0,77614.2,77765.9,821.1823
1776438600000,77765.9,77939.3,77734.8,77779.9,620.5542
1776438900000,77779.9,77937.7,77740.0,77829.5,528.3451
1776439200000,77829.5,77936.0,77766.2,77809.2,337.3426
1776439500000,77809.1,77836.3,77610.0,77698.5,690.4399
1776439800000,77698.4,77750.0,77600.0,77749.9,335.762
1776440100000,77750.0,77800.0,77628.0,77644.5,381.4815
1776440400000,77644.6,77659.9,77408.2,77478.9,812.7511
1776440700000,77478.8,77625.3,77441.6,77448.0,756.577
1776441000000,77448.0,77795.9,77389.5,77786.5,592.8064
1776441300000,77786.5,77835.7,77703.5,77740.1,387.6396
1776441600000,77740.1,77875.1,77656.9,77840.1,457.3311
1776441900000,77840.1,77989.0,77796.0,77816.6,694.4473
1776442200000,77816.6,77999.9,77800.0,77820.7,736.4507
1776442500000,77820.7,77950.0,77753.9,77924.7,354.6585
1776442800000,77924.7,78323.0,77910.9,78109.4,2535.7868
1776443100000,78109.4,78206.3,78076.7,78110.5,440.1139
1776443400000,78110.4,78239.8,77975.3,78062.8,628.044
1776443700000,78062.8,78230.6,78017.6,78123.2,416.5356
1776444000000,78123.2,78163.4,77930.6,78050.4,385.6439
1776444300000,78050.4,78060.0,77886.3,77895.3,551.3269
1776444600000,77895.4,77919.7,77801.4,77811.0,515.4342
1776444900000,77810.9,77840.0,77750.0,77826.0,394.2609
1776445200000,77825.9,77886.3,77732.8,77825.1,364.3424
1776445500000,77825.1,77825.1,77477.0,77552.9,936.6963
1776445800000,77552.9,77568.5,77300.0,77468.1,1470.6129
1776446100000,77468.1,77564.9,77445.5,77479.6,617.5427
1776446400000,77479.5,77479.5,77088.0,77189.8,1294.7009
1776446700000,77189.9,77241.4,77075.1,77210.0,723.4145
1776447000000,77210.0,77519.0,77209.9,77418.6,635.5018
1776447300000,77418.5,77450.0,77325.3,77412.7,268.3349
1776447600000,77412.7,77437.0,77335.6,77433.3,273.1484
1776447900000,77433.2,77650.0,77421.3,77538.3,741.0125
1776448200000,77538.3,77580.0,77438.7,77495.8,229.9462
1776448500000,77495.8,77535.0,77393.4,77487.9,173.7907
1776448800000,77487.8,77536.7,77270.0,77301.3,257.9192
1776449100000,77301.2,77318.8,77159.8,77207.2,460.362
1776449400000,77207.2,77207.3,77070.6,77119.4,565.2199
1776449700000,77119.3,77266.8,77112.6,77165.5,306.8115
1776450000000,77165.4,77240.0,77064.1,77240.0,387.7063
1776450300000,77239.9,77345.3,77158.9,77168.1,274.6443
1776450600000,77168.2,77245.3,77110.3,77235.5,338.5342
1776450900000,77235.5,77335.0,77221.2,77335.0,154.5972
1776451200000,77335.0,77353.5,77277.0,77343.7,274.3956
1776451500000,77343.7,77343.8,77225.0,77230.9,102.0102
1776451800000,77230.9,77261.6,77060.0,77148.4,210.7607
1776452100000,77148.3,77153.7,77058.0,77129.5,245.6857
1776452400000,77129.6,77235.2,77100.0,77100.1,231.0411
1776452700000,77100.0,77130.3,76920.6,77101.9,834.0718
1776453000000,77102.0,77234.6,77066.7,77200.0,233.311
1776453300000,77200.0,77359.5,77200.0,77300.0,445.0177
1776453600000,77299.9,77357.8,77253.8,77318.8,189.0587
1776453900000,77318.8,77342.3,77205.7,77238.7,138.3443
1776454200000,77238.7,77370.0,77238.7,77290.5,183.09
1776454500000,77290.5,77350.0,77169.5,77300.1,242.8438
1776454800000,77300.1,77366.0,77271.5,77312.0,99.0022
1776455100000,77311.9,77322.9,77190.1,77322.9,149.447
1776455400000,77322.8,77345.7,77252.9,77318.5,240.0422
1776455700000,77318.5,77440.9,77304.6,77354.6,385.1028
1776456000000,77354.6,77533.6,77313.8,77524.9,390.8197
1776456300000,77524.8,77598.4,77482.7,77525.4,229.7044
1776456600000,77525.4,77525.4,77368.1,77479.9,156.7303
1776456900000,77479.9,77487.7,77406.5,77439.9,65.8639
1776457200000,77440.0,77440.0,77318.0,77395.6,79.738
1776457500000,77395.6,77407.5,77321.9,77329.2,70.4875
1776457800000,77329.1,77352.9,77125.0,77155.0,589.8829
1776458100000,77155.0,77212.7,77125.0,77212.7,105.5704
1776458400000,77212.6,77237.3,77150.6,77210.0,67.903
1776458700000,77210.0,77278.3,77165.4,77278.2,101.9657
1776459000000,77278.2,77302.9,77253.5,77286.3,78.741
1776459300000,77286.3,77324.9,77278.4,77292.8,76.0175
1776459600000,77292.8,77379.7,77280.0,77318.2,159.9685
1776459900000,77318.2,77362.7,77309.9,77318.4,84.089
1776460200000,77318.5,77383.9,77297.8,77354.4,134.3253
1776460500000,77354.4,77354.4,77248.5,77349.3,71.1481
1776460800000,77349.3,77450.0,77340.2,77393.4,82.8103
1776461100000,77393.5,77436.6,77347.5,77402.8,53.182
1776461400000,77402.8,77402.8,77329.7,77336.7,39.4137
1776461700000,77336.7,77371.4,77244.1,77261.6,106.9009
1776462000000,77261.7,77400.0,77261.7,77379.9,97.8615
1776462300000,77380.0,77400.9,77334.5,77365.7,55.0855
1776462600000,77365.5,77425.0,77363.1,77416.9,69.5359
1776462900000,77417.0,77460.0,77394.1,77404.2,70.4598
1776463200000,77404.1,77460.0,77341.7,77431.8,141.3123
1776463500000,77431.8,77472.0,77431.7,77471.9,43.3457
1776463800000,77471.9,77473.6,77353.5,77374.4,136.9497
1776464100000,77374.4,77418.8,77270.1,77315.9,200.913
1776464400000,77315.9,77368.8,77293.3,77330.7,60.4626
1776464700000,77330.8,77397.2,77325.5,77352.2,80.3256
1776465000000,77352.1,77438.5,77300.0,77429.8,182.4883
1776465300000,77429.8,77429.9,77327.3,77345.0,52.6747
1776465600000,77345.0,77417.7,77344.9,77380.1,50.6898
1776465900000,77380.1,77399.9,77319.1,77340.0,130.5288
1776466200000,77340.0,77378.2,77319.2,77343.6,63.5495
1776466500000,77343.6,77343.6,77230.0,77260.0,193.1608
1776466800000,77259.9,77270.3,77200.7,77207.1,102.3489
1776467100000,77207.1,77246.3,77161.5,77168.4,98.3846
1776467400000,77168.4,77174.8,77125.0,77159.9,213.6746
1776467700000,77160.0,77160.0,76856.1,76886.3,700.6967
1776468000000,76886.2,76990.0,76856.9,76941.1,553.4209
1776468300000,76941.1,77023.9,76941.1,77013.3,125.7354
1776468600000,77013.3,77097.4,76987.5,76994.8,125.3129
1776468900000,76994.7,77033.1,76953.1,76967.5,136.8266
1776469200000,76967.4,77061.8,76960.1,77001.3,138.6126
1776469500000,77001.3,77112.4,77001.2,77098.1,126.7352
1776469800000,77098.2,77098.2,77045.0,77054.8,65.7104
1776470100000,77054.7,77090.0,77033.0,77033.1,103.6836
1776470400000,77033.0,77150.0,77000.0,77127.7,174.4466
1776470700000,77127.6,77158.0,77036.7,77051.9,161.0308
1776471000000,77051.9,77115.8,77041.5,77055.4,68.9072
1776471300000,77055.5,77193.9,77055.4,77164.0,110.5343
1776471600000,77164.0,77165.9,77106.3,77132.8,58.6388
1776471900000,77132.8,77185.7,77132.7,77185.7,44.0753
1776472200000,77185.6,77220.0,76989.0,77030.0,329.7235
1776472500000,77029.9,77100.0,76972.8,76993.5,293.5014
1776472800000,76993.6,77049.9,76978.0,76978.0,72.0797
1776473100000,76978.1,77114.4,76930.7,77113.6,151.7856
1776473400000,77113.6,77149.9,77076.5,77141.6,278.455
1776473700000,77141.6,77175.1,77093.3,77134.2,59.5844
1776474000000,77134.2,77145.2,77076.5,77140.0,73.4853
1776474300000,77140.0,77170.0,77136.6,77140.2,85.2739
1776474600000,77140.2,77293.5,77140.1,77266.7,222.5463
1776474900000,77266.7,77287.5,77239.0,77287.4,113.8189
1776475200000,77287.3,77287.5,77236.5,77258.9,81.7542
1776475500000,77258.9,77278.6,77228.9,77251.6,48.6229
1776475800000,77251.7,77255.3,77200.0,77200.0,47.0881
1776476100000,77200.0,77224.2,77161.4,77189.1,92.4347
1776476400000,77189.1,77233.9,77146.6,77150.0,113.5786
1776476700000,77150.0,77267.1,77135.3,77135.3,122.5173
1776477000000,77135.4,77192.0,77130.1,77135.4,106.7677
1776477300000,77135.4,77178.5,77091.3,77178.5,134.6876
1776477600000,77178.5,77178.5,77080.0,77115.4,90.437
1776477900000,77115.5,77219.3,77113.1,77191.5,156.0037
1776478200000,77191.5,77247.2,77175.8,77247.1,75.391
1776478500000,77247.2,77325.0,77247.1,77312.7,181.6098
1776478800000,77312.6,77392.4,77280.9,77297.7,268.7583
1776479100000,77297.7,77311.9,77266.0,77270.0,45.1909
1776479400000,77270.0,77275.1,77214.3,77230.7,48.2023
1776479700000,77230.8,77341.3,77213.3,77307.8,127.9226
1776480000000,77307.7,77357.4,77251.8,77270.8,131.1123
1776480300000,77270.9,77286.5,77252.6,77259.9,38.8052
1776480600000,77259.9,77266.3,77225.0,77240.2,92.9873
1776480900000,77240.3,77265.4,77237.0,77243.5,46.3418
1776481200000,77243.6,77255.2,77184.6,77246.8,88.1462
1776481500000,77246.7,77250.0,77210.0,77250.0,32.3912
1776481800000,77249.9,77254.8,77214.3,77217.4,33.8242
1776482100000,77217.4,77217.4,77166.7,77200.2,86.3114
1776482400000,77200.2,77202.7,77165.4,77196.2,39.9162
1776482700000,77196.3,77196.3,77109.2,77137.5,67.5153
1776483000000,77137.5,77157.5,77067.5,77114.9,143.2797
1776483300000,77114.9,77145.8,77062.7,77100.1,103.677
1776483600000,77100.0,77131.2,77090.6,77116.3,38.1257
1776483900000,77116.3,77142.8,77100.0,77142.3,61.8956
1776484200000,77142.3,77166.2,76970.0,76971.9,339.7677
1776484500000,76972.0,77025.4,76922.0,76975.2,769.8257
1776484800000,76975.1,77027.9,76919.0,77025.2,249.7242
1776485100000,77025.3,77050.0,77025.2,77044.4,73.242
1776485400000,77044.4,77064.2,77028.6,77038.1,86.2295
1776485700000,77038.1,77038.1,76981.9,76999.9,104.2591
1776486000000,77000.0,77000.0,76932.7,76970.7,129.4325
1776486300000,76970.7,76978.0,76878.5,76959.4,173.0032
1776486600000,76959.4,76959.4,76824.4,76896.8,372.0829
1776486900000,76896.9,77020.0,76896.8,77008.8,189.6121
1776487200000,77008.7,77049.0,76950.1,76953.6,211.4739
1776487500000,76953.7,77031.3,76953.7,77012.5,117.3147
1776487800000,77012.5,77072.9,77012.5,77048.5,76.0605
1776488100000,77048.4,77141.4,77038.3,77072.2,157.7285
1776488400000,77072.2,77158.3,77072.1,77150.0,195.9351
1776488700000,77150.0,77186.4,77145.0,77182.9,62.0704
1776489000000,77182.9,77250.0,77156.0,77166.8,180.8166
1776489300000,77166.8,77193.7,77139.8,77148.4,141.9768
1776489600000,77148.4,77159.3,77100.0,77150.9,111.0263
1776489900000,77150.9,77156.7,77109.7,77115.1,62.5619
1776490200000,77115.1,77131.0,77075.3,77120.3,85.7536
1776490500000,77120.3,77151.0,77074.2,77140.4,120.7338
1776490800000,77140.3,77140.3,77094.1,77115.0,46.6794
1776491100000,77115.0,77115.1,77081.9,77097.0,34.3802
1776491400000,77096.9,77100.0,77087.0,77087.0,32.1462
1776491700000,77087.0,77100.0,77081.8,77086.8,63.9621
1776492000000,77086.8,77146.9,77075.0,77091.2,225.1784
1776492300000,77091.3,77125.0,77057.0,77113.2,80.6935
1776492600000,77113.2,77187.9,77108.9,77133.2,82.8239
1776492900000,77133.2,77149.0,77110.0,77115.0,38.5726
1776493200000,77115.0,77115.1,77063.6,77063.8,85.9732
1776493500000,77063.8,77070.0,77014.5,77050.1,150.6801
1776493800000,77050.0,77075.9,77050.0,77071.7,49.0912
1776494100000,77071.8,77103.0,77056.3,77056.4,98.339
1776494400000,77056.4,77106.3,77056.3,77106.3,44.5535
1776494700000,77106.3,77120.9,77081.1,77083.0,46.8892
1776495000000,77083.0,77104.0,77070.9,77091.3,47.5602
1776495300000,77091.2,77114.2,77071.5,77094.4,64.3207
1776495600000,77094.4,77094.4,77062.4,77087.5,73.8158
1776495900000,77087.5,77093.9,77040.0,77040.6,52.7264
1776496200000,77040.6,77062.9,77030.1,77035.0,36.9105
1776496500000,77035.0,77046.9,76996.5,77020.9,153.1465
1776496800000,77021.0,77067.6,77012.5,77044.8,58.9009
1776497100000,77044.9,77061.0,77036.9,77051.9,27.4814
1776497400000,77052.0,77056.5,77032.5,77043.1,71.7276
1776497700000,77043.1,77043.2,76992.5,76992.5,41.3314
1776498000000,76992.5,77019.0,76940.0,77006.5,212.9213
1776498300000,77006.5,77006.5,76931.0,76931.1,156.8582
1776498600000,76931.0,76937.2,76863.8,76921.6,325.6486
1776498900000,76921.6,76969.3,76900.0,76969.3,97.206
1776499200000,76969.3,77016.0,76940.9,76974.5,133.1522
1776499500000,76974.5,77000.0,76940.4,76961.4,65.6331
1776499800000,76961.3,76961.4,76760.0,76761.0,835.2093
1776500100000,76761.0,76829.7,76600.0,76808.3,1536.0391
1776500400000,76808.3,76822.6,76600.0,76655.2,493.38
1776500700000,76655.2,76688.0,76618.1,76658.6,256.8028
1776501000000,76658.6,76729.0,76534.6,76560.1,563.665
1776501300000,76560.0,76618.2,76459.0,76573.9,988.4637
1776501600000,76574.0,76587.9,76474.3,76517.0,417.1278
1776501900000,76516.9,76669.8,76507.7,76639.2,504.6477
1776502200000,76639.2,76700.1,76615.1,76700.1,240.4751
1776502500000,76700.1,76750.0,76686.3,76700.0,221.4945
1776502800000,76700.0,76700.0,76570.9,76625.2,310.8088
1776503100000,76625.2,76659.3,76406.7,76440.7,402.7484
1776503400000,76440.7,76555.0,76440.6,76504.3,294.4863
1776503700000,76504.3,76507.0,76370.2,76456.1,418.6953
1776504000000,76456.1,76470.3,76420.9,76459.9,204.5817
1776504300000,76460.0,76547.7,76460.0,76542.5,165.7911
1776504600000,76542.4,76638.1,76519.3,76638.0,143.3564
1776504900000,76638.0,76638.2,76557.7,76577.0,142.8109
1776505200000,76576.9,76607.7,76575.0,76591.7,94.0951
1776505500000,76591.7,76662.0,76576.0,76633.0,165.6688
1776505800000,76633.0,76633.1,76528.0,76528.0,158.0078
1776506100000,76528.0,76580.0,76487.6,76560.9,104.8634
1776506400000,76560.9,76561.0,76330.0,76349.6,808.6378
1776506700000,76349.6,76399.9,76205.3,76217.0,1348.6533
1776507000000,76217.0,76284.5,76154.1,76267.0,704.9481
1776507300000,76267.1,76337.9,76260.0,76335.9,296.1946
1776507600000,76335.9,76362.0,76252.2,76299.9,265.1897
1776507900000,76300.0,76319.4,76260.0,76295.2,128.5579
1776508200000,76295.3,76295.3,76179.5,76230.0,399.0436
1776508500000,76230.0,76250.0,76178.3,76250.0,167.4408
1776508800000,76250.0,76285.1,76193.0,76196.6,269.8814
1776509100000,76196.7,76259.6,76136.7,76214.4,394.9886
1776509400000,76214.4,76221.6,76100.0,76130.5,416.7295
1776509700000,76130.4,76164.7,76100.0,76164.6,196.9345
1776510000000,76164.6,76164.7,76023.1,76080.0,652.721
1776510300000,76080.0,76092.9,75869.0,75936.1,1005.7686
1776510600000,75936.2,76026.6,75892.6,75925.0,349.4458
1776510900000,75925.1,76044.8,75900.0,76019.0,343.2274
1776511200000,76019.0,76066.9,75990.0,76041.6,190.8513
1776511500000,76041.5,76046.1,76005.8,76046.1,98.7908
1776511800000,76046.0,76143.4,76032.0,76094.9,252.3201
1776512100000,76094.9,76095.0,75777.0,75788.8,533.4706
1776512400000,75788.7,75850.2,75733.3,75820.3,794.104
1776512700000,75820.4,75876.2,75760.0,75817.6,367.9251
1776513000000,75817.7,75977.0,75810.0,75963.0,498.8848
1776513300000,75962.9,76061.1,75911.9,76008.5,339.1018
1776513600000,76008.5,76194.6,76008.5,76194.5,451.5657
1776513900000,76194.5,76194.6,76120.1,76146.9,292.8091
1776514200000,76146.9,76183.9,76103.8,76180.0,200.1393
1776514500000,76180.1,76267.3,76159.1,76186.8,363.8656
1776514800000,76186.8,76188.0,76100.0,76160.4,121.1125
1776515100000,76160.5,76160.5,76104.0,76104.0,84.1476
1776515400000,76104.0,76184.3,76075.0,76141.9,110.9242
1776515700000,76141.9,76147.8,76022.6,76022.7,150.2016
1776516000000,76022.7,76143.9,76004.1,76139.2,124.9093
1776516300000,76139.2,76202.8,76139.2,76201.9,144.4295
1776516600000,76202.0,76222.0,76180.1,76180.2,130.4506
1776516900000,76180.1,76237.2,76153.9,76167.6,159.6506
1776517200000,76167.6,76173.5,76092.1,76113.7,174.5284
1776517500000,76113.8,76158.0,76107.1,76124.0,48.0642
1776517800000,76124.0,76149.7,76110.2,76124.5,34.9061
1776518100000,76124.6,76126.7,76015.0,76090.0,185.7976
1776518400000,76090.0,76176.8,76090.0,76102.7,125.0776
1776518700000,76102.7,76126.7,76025.0,76055.0,80.6699
1776519000000,76054.9,76060.0,75943.5,75970.4,387.2928
1776519300000,75970.3,75977.7,75831.7,75831.7,347.7591
1776519600000,75831.7,75938.9,75760.0,75919.1,379.1613
1776519900000,75919.1,76019.1,75864.0,76014.8,214.0167
1776520200000,76014.7,76155.0,76010.7,76110.4,352.9241
1776520500000,76110.4,76110.4,76070.1,76083.7,150.3707
1776520800000,76083.6,76138.5,76066.7,76066.7,155.6361
1776521100000,76066.7,76135.1,76040.1,76084.1,92.9458
1776521400000,76084.1,76141.1,76084.0,76137.2,75.9102
1776521700000,76137.1,76154.0,76120.1,76121.6,67.916
1776522000000,76121.6,76121.7,75939.8,75984.7,201.4618
1776522300000,75984.7,76109.1,75971.4,76104.8,137.0571
1776522600000,76104.7,76188.0,76104.7,76178.0,216.1438
1776522900000,76178.1,76236.2,76169.3,76215.7,342.2702
1776523200000,76215.7,76266.1,76074.8,76151.6,1018.8894
1776523500000,76151.6,76185.7,76118.4,76142.2,142.9582
1776523800000,76142.2,76223.3,76142.2,76197.9,140.1859
1776524100000,76197.9,76216.6,76181.2,76214.7,95.1917
1776524400000,76214.7,76345.2,76180.0,76272.9,573.3693
1776524700000,76273.0,76273.0,76167.3,76175.2,139.2065
1776525000000,76175.3,76187.3,76086.6,76174.3,218.3618
1776525300000,76174.3,76194.2,76096.5,76112.8,147.4126
1776525600000,76112.8,76198.9,76093.4,76195.5,108.8337
1776525900000,76195.6,76230.0,76150.0,76165.9,72.4516
1776526200000,76166.0,76193.8,76142.9,76179.3,41.145
1776526500000,76179.2,76181.7,76125.0,76139.8,43.4478
1776526800000,76139.7,76139.7,76086.2,76086.2,42.844
1776527100000,76086.2,76118.0,76056.7,76086.9,74.876
1776527400000,76087.0,76103.4,75928.8,76077.0,314.2294
1776527700000,76076.9,76152.2,76076.9,76121.9,80.6058
1776528000000,76121.8,76121.9,75981.1,75992.6,335.0728
1776528300000,75992.7,76086.2,75992.6,76086.2,60.3667
1776528600000,76086.2,76172.0,76086.1,76144.4,164.6477
1776528900000,76144.5,76144.5,75623.2,75947.4,2094.0072
1776529200000,75947.4,76086.0,75880.0,76005.1,457.4053
1776529500000,76005.1,76100.0,75991.3,76057.5,168.6852
1776529800000,76057.4,76100.0,75950.0,75997.6,184.1873
1776530100000,75997.6,76059.3,75997.6,76016.5,80.3398
1776530400000,76016.5,76019.0,75951.6,75952.4,180.3292
1776530700000,75952.4,75984.1,75859.4,75891.3,145.554
1776531000000,75891.4,75891.4,75822.8,75872.7,229.4403
1776531300000,75872.8,75923.9,75843.7,75903.8,174.1665
1776531600000,75903.7,75910.8,75825.0,75860.6,162.5017
1776531900000,75860.7,75870.8,75766.0,75839.5,248.42
1776532200000,75839.5,75939.3,75738.3,75793.0,339.3019
1776532500000,75793.1,75863.3,75793.0,75841.7,136.7969
1776532800000,75841.8,75841.8,75745.0,75812.2,408.3134
1776533100000,75812.2,75872.9,75771.9,75812.6,400.2552
1776533400000,75812.6,75863.7,75799.9,75851.8,594.5562
1776533700000,75851.8,75857.3,75840.0,75840.1,72.823
1776534000000,75840.1,75849.4,75831.0,75841.2,79.2326
1776534300000,75841.2,75864.7,75840.1,75855.0,52.0933
1776534600000,75855.0,75855.3,75840.0,75840.1,40.2178
1776534900000,75840.1,75840.1,75788.0,75788.0,64.7251
1776535200000,75788.0,75788.0,75654.1,75727.0,324.5955
1776535500000,75727.0,75800.0,75680.0,75795.6,185.4318
1776535800000,75795.6,75795.6,75746.8,75764.7,61.9606
1776536100000,75764.7,75764.7,75555.0,75581.8,448.693
1776536400000,75581.7,75659.6,75555.1,75597.3,190.724
1776536700000,75597.4,75655.6,75568.3,75622.2,82.7768
1776537000000,75622.1,75642.0,75512.9,75599.9,383.6878
1776537300000,75600.0,75622.2,75458.1,75526.7,414.6342
1776537600000,75526.7,75536.3,75370.0,75536.3,606.8478
1776537900000,75536.3,75696.4,75506.4,75630.7,301.9571
1776538200000,75630.7,75663.0,75500.1,75514.9,243.8678
1776538500000,75514.8,75620.0,75478.0,75603.6,233.4441
1776538800000,75603.6,75685.8,75576.1,75670.8,154.7159
1776539100000,75670.8,75730.0,75637.6,75700.0,171.2101
1776539400000,75700.1,75750.5,75693.5,75711.5,117.4169
1776539700000,75711.4,75761.5,75700.6,75700.7,72.8392
1776540000000,75700.7,75700.7,75580.6,75597.6,110.3592
1776540300000,75597.7,75657.5,75597.6,75650.3,39.7902
1776540600000,75650.3,75658.9,75562.5,75578.2,64.2759
1776540900000,75578.3,75593.1,75535.0,75547.0,107.5192
1776541200000,75547.1,75572.4,75540.0,75550.1,48.419
1776541500000,75550.0,75600.0,75535.4,75588.7,57.5701
1776541800000,75588.6,75602.7,75526.5,75549.3,86.0131
1776542100000,75549.4,75638.1,75549.3,75609.8,136.8329
1776542400000,75609.8,75621.4,75564.3,75570.0,88.0557
1776542700000,75570.1,75673.6,75570.0,75641.8,51.9531
1776543000000,75641.9,75668.3,75625.0,75657.4,102.3588
1776543300000,75657.4,75742.4,75629.7,75641.6,127.2191
1776543600000,75641.7,75686.4,75617.1,75651.4,93.6648
1776543900000,75651.4,75680.0,75642.8,75667.5,30.1412
1776544200000,75667.5,75710.8,75667.5,75694.0,48.9649
1776544500000,75694.1,75720.0,75653.9,75711.8,128.7272
1776544800000,75711.7,75750.0,75703.9,75743.9,82.5615
1776545100000,75743.9,75798.3,75733.4,75774.6,127.606
1776545400000,75774.6,75795.8,75736.9,75762.2,96.1634
1776545700000,75762.2,75762.2,75683.9,75707.6,91.5082
1776546000000,75707.7,75796.3,75695.0,75758.3,106.045
1776546300000,75758.3,75787.6,75742.0,75776.1,31.0192
1776546600000,75776.1,75776.1,75658.8,75677.5,154.6937
1776546900000,75677.5,75704.7,75573.4,75578.8,69.7743
1776547200000,75578.9,75614.6,75547.7,75614.6,64.1176
1776547500000,75614.6,75692.0,75596.5,75692.0,61.3194
1776547800000,75692.0,75692.0,75660.0,75660.0,24.1916
1776548100000,75660.0,75660.1,75620.6,75643.4,32.1663
1776548400000,75643.5,75706.8,75623.4,75686.0,48.4587
1776548700000,75686.0,75779.5,75685.9,75740.1,64.3881
1776549000000,75740.1,75751.0,75699.0,75731.1,31.66
1776549300000,75731.2,75779.8,75731.2,75776.5,23.3829
1776549600000,75776.6,75776.6,75618.6,75626.2,93.3547
1776549900000,75626.3,75658.3,75585.6,75601.2,35.979
1776550200000,75601.2,75639.6,75570.0,75570.9,64.4483
1776550500000,75570.9,75637.5,75570.8,75609.8,30.8964
1776550800000,75609.8,75654.6,75604.9,75654.6,18.4255
1776551100000,75654.6,75675.0,75654.6,75675.0,27.9746
1776551400000,75675.0,75760.0,75674.9,75759.9,92.5565
1776551700000,75759.9,75777.0,75704.8,75704.9,81.9216
1776552000000,75704.9,75745.0,75699.6,75741.6,69.7693
1776552300000,75741.6,75821.9,75728.1,75784.4,137.2832
1776552600000,75784.5,75835.9,75762.2,75763.2,111.4615
1776552900000,75763.3,75789.6,75737.1,75768.6,64.0643
1776553200000,75768.6,75835.9,75760.4,75815.1,100.9119
1776553500000,75815.1,75861.1,75790.8,75795.4,136.0372
1776553800000,75795.5,75795.5,75770.0,75776.6,43.3859
1776554100000,75776.6,75811.1,75769.6,75769.6,70.0285
1776554400000,75769.7,75806.2,75764.9,75806.1,30.9805
1776554700000,75806.1,75806.2,75761.5,75762.8,79.0075
1776555000000,75762.9,75762.9,75695.9,75734.7,84.3232
1776555300000,75734.7,75734.8,75658.6,75662.8,51.3263
1776555600000,75662.8,75728.1,75662.8,75711.3,60.2215
1776555900000,75711.3,75727.1,75698.6,75716.7,46.0797
1776556200000,75716.6,75716.7,75658.8,75671.1,41.8455
1776556500000,75671.1,75675.3,75649.5,75649.6,62.5134
1776556800000,75649.5,75721.0,75640.0,75720.9,144.1685
1776557100000,75720.9,75796.1,75720.9,75791.0,87.6768
1776557400000,75791.1,75811.1,75721.6,75731.3,126.5048
1776557700000,75731.4,75731.4,75638.8,75677.7,70.8027
1776558000000,75677.7,75698.9,75521.2,75552.7,515.319
1776558300000,75552.8,75580.9,75535.1,75571.0,106.1047
1776558600000,75571.0,75608.6,75539.0,75539.2,76.5119
1776558900000,75539.1,75571.7,75513.3,75554.4,121.5594
1776559200000,75554.4,75554.4,75503.0,75528.8,127.0041
1776559500000,75528.8,75641.6,75528.8,75619.4,104.9344
1776559800000,75619.4,75635.1,75603.9,75603.9,46.1415
1776560100000,75603.9,75650.0,75580.0,75629.0,78.7819
1776560400000,75629.1,75745.5,75629.0,75705.3,231.4378
1776560700000,75705.2,75718.6,75617.5,75617.6,92.7566
1776561000000,75617.6,75634.4,75575.3,75624.2,228.2248
1776561300000,75624.3,75624.3,75558.1,75566.5,156.3697
1776561600000,75566.5,75566.5,75521.9,75532.4,120.4831
1776561900000,75532.4,75554.8,75490.8,75495.1,126.1848
1776562200000,75495.0,75495.1,75403.0,75483.1,196.7926
1776562500000,75483.1,75532.5,75460.1,75470.2,151.8045
1776562800000,75470.2,75513.1,75470.1,75505.7,95.2398
1776563100000,75505.7,75541.6,75505.7,75529.4,95.4501
1776563400000,75529.4,75593.3,75528.4,75582.8,191.3731
1776563700000,75582.7,75593.3,75560.4,75576.1,84.4105
1776564000000,75576.2,75578.8,75540.0,75546.4,84.7152
1776564300000,75546.4,75572.9,75535.0,75570.7,57.8842
1776564600000,75570.8,75588.8,75549.1,75588.8,52.7149
1776564900000,75588.8,75620.0,75576.6,75614.8,99.6507
1776565200000,75614.8,75647.6,75424.0,75436.1,222.4268
1776565500000,75436.1,75469.8,75343.1,75452.8,417.5238
1776565800000,75452.7,75491.5,75400.0,75439.3,228.9568
1776566100000,75439.2,75491.3,75414.9,75485.7,129.6821
1776566400000,75485.8,75679.8,75485.7,75595.8,236.9574
1776566700000,75595.8,75644.2,75531.2,75543.1,133.5233
1776567000000,75543.1,75556.6,75502.5,75519.9,112.9914
1776567300000,75519.9,75520.0,75444.4,75444.5,81.7441
1776567600000,75444.4,75490.3,75377.7,75427.5,240.249
1776567900000,75427.5,75440.8,75310.4,75388.9,530.759
1776568200000,75389.0,75511.1,75388.9,75499.9,105.1295
1776568500000,75499.9,75520.0,75450.0,75453.5,136.8723
1776568800000,75453.6,75483.7,75422.0,75439.2,138.7836
1776569100000,75439.2,75485.0,75436.0,75485.0,75.6895
1776569400000,75485.0,75520.0,75450.0,75504.5,109.2016
1776569700000,75504.4,75573.5,75504.4,75527.6,108.5221
1776570000000,75527.6,75570.0,75514.6,75562.5,46.2847
1776570300000,75562.5,75588.0,75560.0,75587.9,81.763
1776570600000,75588.0,75607.7,75530.2,75576.9,141.3125
1776570900000,75577.0,75577.0,75462.8,75473.4,81.8555
1776571200000,75473.3,75558.3,75473.3,75557.6,75.8151
1776571500000,75557.6,75598.8,75557.5,75562.9,102.0007
1776571800000,75563.0,75713.4,75562.9,75660.0,371.4626
1776572100000,75660.1,75755.0,75650.0,75686.0,347.6098
1776572400000,75686.1,75712.1,75660.0,75669.5,142.4119
1776572700000,75669.5,75675.8,75623.7,75635.9,86.4739
1776573000000,75635.9,75639.1,75515.4,75574.3,228.5583
1776573300000,75574.3,75620.0,75563.5,75580.0,170.2015
1776573600000,75580.1,75580.1,75379.7,75499.9,609.7934
1776573900000,75500.0,75609.8,75462.1,75595.4,250.0055
1776574200000,75595.4,75672.3,75595.3,75618.8,175.4718
1776574500000,75618.8,75640.0,75600.5,75633.0,62.8374
1776574800000,75633.0,75656.0,75496.4,75512.0,265.8411
1776575100000,75512.0,75522.3,75483.2,75522.0,60.4085
1776575400000,75522.1,75532.0,75511.9,75525.0,50.9862
1776575700000,75525.1,75525.1,75480.0,75520.1,68.3189
1776576000000,75520.0,75532.9,75514.4,75532.9,43.6302
1776576300000,75532.9,75533.9,75516.3,75532.6,43.3221
1776576600000,75532.7,75631.1,75532.6,75618.6,136.1194
1776576900000,75618.5,75630.0,75584.5,75595.3,60.1813
1776577200000,75595.3,75595.3,75566.0,75566.0,26.9909
1776577500000,75566.0,75566.1,75543.1,75564.1,24.8742
1776577800000,75564.1,75564.2,75505.8,75517.7,37.0112
1776578100000,75517.7,75521.4,75491.7,75508.2,54.7894
1776578400000,75508.1,75513.9,75421.0,75427.4,266.2844
1776578700000,75427.4,75487.4,75355.0,75400.0,197.179
1776579000000,75400.0,75438.3,75355.9,75362.4,193.0796
1776579300000,75362.4,75368.0,75250.5,75348.8,660.6039
1776579600000,75348.9,75408.3,75337.2,75408.2,143.1743
1776579900000,75408.2,75410.0,75371.1,75378.2,78.5275
1776580200000,75378.2,75441.7,75378.1,75433.1,89.6911
1776580500000,75433.1,75457.0,75407.3,75416.8,63.2763
1776580800000,75416.9,75428.1,75379.6,75393.1,58.4416
1776581100000,75393.1,75395.8,75360.0,75380.0,72.8475
1776581400000,75380.0,75395.9,75368.6,75369.0,28.2776
1776581700000,75369.0,75369.1,75333.6,75364.7,70.0755
1776582000000,75364.7,75365.0,75280.0,75321.4,175.4104
1776582300000,75321.5,75338.9,75177.0,75199.7,573.2496
1776582600000,75199.8,75267.0,75198.8,75200.1,235.3769
1776582900000,75200.1,75210.0,75069.2,75083.5,661.6958
1776583200000,75083.4,75113.1,74837.4,74955.9,1617.6658
1776583500000,74955.9,75004.7,74929.7,74942.1,322.0455
1776583800000,74942.2,75076.7,74942.1,75016.7,279.6887
1776584100000,75016.7,75072.0,74972.6,75003.4,222.6221
1776584400000,75003.5,75226.7,75003.2,75149.0,488.3583
1776584700000,75149.0,75174.0,75138.8,75139.3,329.4972
1776585000000,75139.4,75239.1,75101.6,75198.9,751.7117
1776585300000,75198.9,75264.7,75191.3,75210.3,176.0791
1776585600000,75210.2,75219.5,75135.1,75153.5,154.3899
1776585900000,75153.5,75200.0,75130.0,75175.0,86.0695
1776586200000,75175.0,75250.0,75175.0,75229.5,109.1728
1776586500000,75229.5,75268.7,75194.0,75207.3,117.3262
1776586800000,75207.3,75207.3,75150.0,75161.8,108.1028
1776587100000,75161.9,75186.9,75100.0,75100.1,104.6262
1776587400000,75100.1,75127.4,75015.2,75113.7,223.3682
1776587700000,75113.7,75227.1,75100.1,75172.4,157.6183
1776588000000,75172.4,75222.0,75168.5,75198.1,88.8603
1776588300000,75198.1,75225.0,75177.1,75221.6,104.049
1776588600000,75221.6,75243.0,75140.7,75223.6,106.6077
1776588900000,75223.6,75231.9,75180.0,75223.0,100.3693
1776589200000,75223.0,75234.2,75190.0,75190.1,60.3738
1776589500000,75190.0,75224.3,75121.7,75159.3,188.8356
1776589800000,75159.4,75180.0,75121.6,75137.3,82.5342
1776590100000,75137.4,75155.2,75068.1,75091.3,90.5933
1776590400000,75091.3,75091.3,74981.7,75011.5,249.5122
1776590700000,75011.5,75096.0,74927.6,75054.7,287.5944
1776591000000,75054.8,75139.3,75054.7,75082.5,183.2362
1776591300000,75082.6,75120.0,75026.0,75028.0,128.9043
1776591600000,75028.1,75067.5,75026.8,75026.8,44.3245
1776591900000,75026.9,75036.1,74888.0,74979.7,282.2359
1776592200000,74979.6,75032.8,74930.0,75016.1,222.8142
1776592500000,75016.2,75020.8,74950.0,74989.1,158.9761
1776592800000,74989.2,75065.7,74900.1,75010.3,435.4965
1776593100000,75010.3,75010.4,74939.2,74975.7,107.0506
1776593400000,74975.7,75028.6,74958.9,75009.5,91.4599
1776593700000,75009.5,75009.6,74964.7,74990.7,119.7461
1776594000000,74990.7,75064.9,74985.2,75026.7,124.9002
1776594300000,75026.7,75087.4,75025.0,75058.2,103.066
1776594600000,75058.3,75080.7,75051.2,75073.0,79.4016
1776594900000,75073.0,75073.1,75040.0,75040.1,64.3022
1776595200000,75040.1,75071.1,75020.1,75067.0,72.9912
1776595500000,75067.0,75100.0,75020.0,75099.9,94.9242
1776595800000,75100.0,75187.9,75099.9,75172.6,411.7956
1776596100000,75172.5,75223.1,75165.9,75197.2,138.1621
1776596400000,75197.3,75227.0,75186.0,75194.7,100.2569
1776596700000,75194.7,75424.0,75186.3,75415.1,542.5658
1776597000000,75415.0,75426.4,75285.8,75395.1,430.1419
1776597300000,75395.0,75520.5,75387.9,75387.9,778.9084
1776597600000,75387.9,75409.6,75315.1,75357.3,435.72
1776597900000,75357.3,75397.8,75315.1,75340.1,282.137
1776598200000,75340.0,75438.9,75333.8,75380.0,169.0237
1776598500000,75379.9,75434.6,75368.0,75422.9,93.6582
1776598800000,75422.8,75500.1,75420.9,75479.6,158.9309
1776599100000,75479.7,75516.7,75458.5,75502.9,233.9314
1776599400000,75503.0,75595.8,75487.6,75571.3,501.3052
1776599700000,75571.4,75581.0,75521.8,75560.7,140.477
1776600000000,75560.7,75617.0,75514.8,75596.7,355.4058
1776600300000,75596.7,75632.0,75529.4,75621.2,306.0769
1776600600000,75621.3,75648.0,75470.0,75634.3,433.3628
1776600900000,75634.3,75658.0,75593.8,75628.1,353.9226
1776601200000,75628.1,75628.1,75538.7,75542.5,114.4133
1776601500000,75542.5,75542.6,75451.6,75473.5,355.1332
1776601800000,75473.6,75509.1,75450.5,75500.0,145.2518
1776602100000,75500.1,75500.1,75430.2,75430.3,106.4021
1776602400000,75430.2,75480.0,75380.0,75461.4,168.0511
1776602700000,75461.4,75480.0,75427.9,75442.2,71.6488
1776603000000,75442.3,75520.6,75442.2,75515.5,88.7904
1776603300000,75515.4,75640.0,75515.4,75535.7,193.5881
1776603600000,75535.8,75640.0,75508.4,75640.0,145.9244
1776603900000,75639.9,75728.0,75620.0,75727.9,464.7823
1776604200000,75727.9,75727.9,75619.7,75719.4,258.0902
1776604500000,75719.5,76090.9,75680.3,75996.7,1714.5548
1776604800000,75996.6,76219.3,75887.2,76006.1,1523.2488
1776605100000,76006.2,76091.8,75970.0,76005.6,501.9762
1776605400000,76005.6,76070.0,75930.0,75976.7,411.2601
1776605700000,75976.6,76000.0,75881.1,75999.0,346.9085
1776606000000,75999.1,76000.0,75944.2,75997.3,108.3975
1776606300000,75997.3,75997.3,75849.0,75896.9,414.8401
1776606600000,75896.9,75937.5,75858.4,75882.0,109.6727
1776606900000,75882.0,75911.9,75817.6,75884.8,137.4689
1776607200000,75884.9,75972.6,75712.8,75765.7,422.2106
1776607500000,75765.7,75769.7,75623.8,75657.8,573.499
1776607800000,75657.8,75761.8,75645.0,75750.1,223.4479
1776608100000,75750.1,75879.0,75714.7,75809.8,269.821
1776608400000,75809.8,75878.5,75768.2,75856.4,220.2814
1776608700000,75856.5,75995.9,75856.4,75922.3,307.6792
1776609000000,75922.3,75950.0,75747.0,75814.4,240.6973
1776609300000,75814.4,75890.0,75777.9,75890.0,147.8213
1776609600000,75890.0,75950.0,75890.0,75939.1,130.8822
1776609900000,75939.2,76108.9,75900.1,76050.1,378.1291
1776610200000,76050.1,76093.2,75932.3,75932.3,263.7968
1776610500000,75932.4,75997.8,75915.6,75980.0,117.2514
1776610800000,75980.0,75988.0,75822.5,75975.0,245.6374
1776611100000,75975.0,75975.0,75850.0,75892.2,94.8444
1776611400000,75892.2,75996.9,75892.2,75963.1,101.7194
1776611700000,75963.2,76120.0,75953.1,76035.5,207.8882
1776612000000,76035.5,76039.3,75850.0,75938.2,198.2305
1776612300000,75938.2,75950.0,75890.3,75919.9,106.4911
1776612600000,75919.9,75940.0,75656.6,75675.0,479.2896
1776612900000,75675.0,75711.7,75337.2,75600.1,1404.9668
1776613200000,75600.1,75714.2,75556.6,75680.0,253.3
1776613500000,75680.0,75810.5,75643.4,75810.5,303.3614
1776613800000,75810.5,75843.4,75669.3,75803.1,228.7193
1776614100000,75803.1,75836.6,75751.8,75806.8,95.342
1776614400000,75806.7,75816.1,75660.0,75801.9,205.5067
1776614700000,75802.0,75807.8,75636.1,75663.1,103.543
1776615000000,75663.1,75689.5,75580.0,75629.8,111.7397
1776615300000,75629.7,75724.5,75560.0,75569.9,168.8592
1776615600000,75569.9,75609.4,75505.9,75579.9,231.3846
1776615900000,75580.0,75682.6,75514.4,75529.8,182.4528
1776616200000,75529.7,75660.0,75476.0,75633.2,142.2726
1776616500000,75633.2,75658.9,75569.6,75580.1,99.6162
1776616800000,75580.0,75608.1,75451.1,75526.3,175.6499
1776617100000,75526.2,75600.0,75497.7,75566.4,155.3301
1776617400000,75566.4,75594.8,75315.9,75361.8,456.2051
1776617700000,75361.7,75452.0,75255.2,75347.0,597.8078
1776618000000,75347.1,75358.6,75113.4,75120.0,913.5731
1776618300000,75120.0,75197.4,74970.5,75094.8,1109.7775
1776618600000,75094.7,75225.2,75060.9,75225.2,227.9436
1776618900000,75225.2,75279.2,75175.0,75250.5,172.4367
1776619200000,75250.6,75359.5,75147.9,75164.7,240.5632
1776619500000,75164.7,75242.9,75132.0,75237.4,125.8852
1776619800000,75237.4,75325.0,75088.0,75102.9,191.0041
1776620100000,75103.2,75179.8,75050.0,75179.6,193.9685
1776620400000,75179.6,75185.0,75089.2,75150.0,114.4526
1776620700000,75150.0,75178.0,75012.0,75012.1,119.3778
1776621000000,75012.0,75012.0,74571.6,74777.0,1850.6086
1776621300000,74776.9,74836.0,74722.2,74750.9,531.6777
1776621600000,74751.0,74857.9,74632.6,74670.7,764.2539
1776621900000,74670.8,74843.8,74646.9,74843.8,364.2513
1776622200000,74843.7,74875.7,74760.0,74800.0,207.8593
1776622500000,74800.0,74820.0,74731.0,74740.6,210.7052
1776622800000,74740.5,74791.4,74610.3,74610.8,316.5724
1776623100000,74610.7,74838.0,74550.0,74776.7,495.67
1776623400000,74776.6,74785.9,74658.1,74683.0,175.748
1776623700000,74682.9,74749.8,74656.0,74716.2,114.3663
1776624000000,74716.2,74731.8,74618.0,74674.3,174.2352
1776624300000,74674.3,74683.0,74575.4,74683.0,195.2875
1776624600000,74683.1,74762.7,74660.1,74695.1,150.3493
1776624900000,74695.1,74757.2,74688.6,74744.1,50.6814
1776625200000,74744.1,74897.9,74744.1,74832.5,392.5613
1776625500000,74832.5,74945.0,74832.5,74910.0,254.3428
1776625800000,74910.0,74950.0,74868.0,74913.0,109.4548
1776626100000,74912.9,74990.0,74893.7,74985.7,106.7931
1776626400000,74985.8,74996.8,74811.6,74828.2,175.4341
1776626700000,74828.2,74940.0,74803.3,74916.6,87.0232
1776627000000,74916.6,75049.0,74910.2,74918.6,156.5187
1776627300000,74918.7,74966.6,74897.3,74950.0,79.3018
1776627600000,74950.0,75000.0,74922.0,74928.5,62.9448
1776627900000,74928.5,74997.8,74928.5,74948.2,76.3873
1776628200000,74948.3,74975.0,74900.0,74906.7,52.087
1776628500000,74906.7,74954.6,74858.5,74935.0,81.6815
1776628800000,74935.0,74935.0,74680.0,74704.3,322.5217
1776629100000,74704.2,74786.6,74646.0,74777.8,262.1707
1776629400000,74777.8,74819.8,74687.2,74771.6,199.4191
1776629700000,74771.6,74771.6,74606.4,74649.8,140.1307
1776630000000,74649.7,74677.4,74605.5,74658.6,76.4772
1776630300000,74658.6,74743.7,74643.7,74732.0,125.0144
1776630600000,74732.1,74839.8,74700.0,74839.8,97.1306
1776630900000,74839.7,74839.8,74747.0,74747.0,38.6466
1776631200000,74747.0,74747.1,74400.0,74511.7,736.4401
1776631500000,74511.7,74565.8,74367.3,74480.0,435.0679
1776631800000,74480.0,74679.9,74450.0,74668.5,319.3827
1776632100000,74668.5,74676.8,74586.5,74603.1,93.203
1776632400000,74603.0,74675.7,74574.2,74654.9,116.4916
1776632700000,74654.8,74710.0,74643.3,74679.0,126.7265
1776633000000,74679.0,74679.0,74534.8,74654.9,252.6499
1776633300000,74654.9,74670.0,74540.0,74600.8,90.0142
1776633600000,74600.8,74678.0,74600.8,74667.3,54.9502
1776633900000,74667.2,74732.2,74643.8,74713.1,71.1976
1776634200000,74713.1,74762.1,74684.2,74706.8,89.0366
1776634500000,74706.7,74791.2,74706.7,74740.1,62.5942
1776634800000,74740.0,74756.9,74708.4,74711.5,60.2808
1776635100000,74711.5,74767.4,74555.8,74589.4,198.7794
1776635400000,74589.3,74627.3,74300.0,74371.1,677.8035
1776635700000,74371.1,74458.3,74321.4,74387.0,250.8804
1776636000000,74387.0,74387.0,73759.0,73837.7,3636.8898
1776636300000,73837.7,74156.2,73768.2,74144.0,926.1201
1776636600000,74144.1,74144.1,73942.1,73981.1,389.3705
1776636900000,73981.2,74029.2,73795.2,74005.0,473.9796
1776637200000,74005.0,74005.0,73716.3,73896.9,662.6247
1776637500000,73896.9,73990.8,73771.3,73903.1,338.4321
1776637800000,73903.0,74085.9,73884.7,74000.1,277.4381
1776638100000,74000.1,74147.6,73988.4,74074.5,352.5812
1776638400000,74074.5,74139.1,74062.2,74102.9,128.9161
1776638700000,74103.0,74127.9,73989.0,74009.2,184.8747
1776639000000,74009.1,74140.0,74009.1,74096.3,160.2464
1776639300000,74096.2,74166.0,74010.0,74010.1,142.2558
1776639600000,74010.1,74032.9,73780.0,73888.0,607.822
1776639900000,73887.9,73933.3,73825.0,73921.3,243.3302
1776640200000,73921.4,73997.6,73888.0,73990.8,201.4278
1776640500000,73990.8,73990.9,73750.0,73897.9,475.2988
1776640800000,73897.8,73915.8,73763.0,73827.2,348.6609
1776641100000,73827.1,73900.0,73804.0,73853.3,184.6642
1776641400000,73853.4,73924.2,73788.0,73837.1,220.5066
1776641700000,73837.1,73929.2,73790.1,73841.9,236.0979
1776642000000,73841.9,73867.0,73782.6,73864.2,256.5208
1776642300000,73864.2,73898.0,73800.2,73877.2,126.8323
1776642600000,73877.1,73945.4,73850.0,73889.5,200.4787
1776642900000,73889.5,73889.6,73755.5,73767.8,198.7062
1776643200000,73768.4,74191.7,73666.0,74041.6,2093.4106
1776643500000,74041.6,74081.9,73849.6,74032.4,816.8852
1776643800000,74032.3,74106.9,74003.6,74007.4,259.8261
1776644100000,74007.5,74186.0,74007.4,74097.9,681.0086
1776644400000,74097.9,74222.0,74079.5,74208.6,242.0325
1776644700000,74208.6,74246.6,74154.5,74189.6,293.6446
1776645000000,74189.6,74240.0,74136.9,74178.4,291.3313
1776645300000,74178.4,74187.7,74110.0,74125.3,151.7049
1776645600000,74125.3,74183.2,74124.3,74148.9,135.3605
1776645900000,74148.9,74236.5,74129.0,74213.3,166.0241
1776646200000,74213.3,74326.7,74213.3,74262.5,368.8424
1776646500000,74262.5,74306.5,74240.3,74241.3,171.8207
1776646800000,74241.4,74329.0,74213.0,74253.0,315.3706
1776647100000,74253.0,74335.3,74192.0,74251.6,386.1521
1776647400000,74251.6,74332.9,74225.0,74325.6,137.9443
1776647700000,74325.7,74333.0,74240.0,74255.1,291.5625
1776648000000,74255.1,74255.1,74180.0,74196.3,196.3408
1776648300000,74196.3,74274.9,74196.3,74264.9,123.6511
1776648600000,74265.0,74583.3,74264.9,74575.2,1160.2143
1776648900000,74575.2,74625.7,74506.9,74571.2,366.209
1776649200000,74571.1,74677.3,74549.3,74650.1,353.1064
1776649500000,74650.1,74727.1,74635.3,74684.1,338.47
1776649800000,74684.1,74689.0,74630.1,74650.2,220.4239
1776650100000,74650.3,74650.3,74522.3,74563.9,272.576
1776650400000,74564.0,74600.0,74468.0,74470.1,432.8985
1776650700000,74470.1,74530.9,74438.0,74525.4,190.6794
1776651000000,74525.4,74525.5,74308.8,74365.4,283.5037
1776651300000,74365.4,74443.6,74265.6,74344.7,296.6674
1776651600000,74344.6,74432.5,74327.4,74411.8,184.6957
1776651900000,74411.8,74445.0,74367.6,74421.4,132.7509
1776652200000,74421.5,74465.0,74375.0,74449.9,195.1847
1776652500000,74449.9,74493.4,74426.8,74476.0,112.0504
1776652800000,74475.9,74484.2,74400.0,74484.2,171.6173
1776653100000,74484.1,74484.2,74400.0,74462.0,106.5601
1776653400000,74462.1,74467.9,74420.0,74444.8,115.9231
1776653700000,74444.8,74468.0,74376.2,74382.2,135.4831
1776654000000,74382.2,74402.8,74314.6,74340.3,122.3913
1776654300000,74340.3,74380.0,74336.3,74367.2,96.3353
1776654600000,74367.1,74460.0,74367.1,74459.9,149.6524
1776654900000,74459.9,74491.7,74366.0,74394.3,163.3592
1776655200000,74394.3,74543.4,74371.8,74472.2,275.9204
1776655500000,74472.2,74504.2,74471.0,74481.5,79.8508
1776655800000,74481.4,74499.5,74426.7,74481.9,87.5892
1776656100000,74481.9,74503.7,74450.1,74503.7,65.1983
1776656400000,74503.7,74542.5,74491.2,74542.4,73.7606
1776656700000,74542.4,74565.9,74521.6,74555.0,139.3342
1776657000000,74554.9,74604.1,74512.0,74597.8,109.165
1776657300000,74597.8,74604.1,74568.1,74600.1,89.1646
1776657600000,74600.1,74608.7,74524.2,74524.2,129.0384
1776657900000,74524.2,74539.2,74457.4,74502.1,168.9811
1776658200000,74502.2,74521.0,74471.7,74475.9,77.3623
1776658500000,74475.9,74489.6,74436.4,74436.5,63.5835
1776658800000,74436.4,74457.0,74400.5,74426.1,108.475
1776659100000,74426.2,74475.0,74426.1,74473.5,33.4715
1776659400000,74473.4,74505.8,74435.7,74480.9,92.5795
1776659700000,74480.9,74480.9,74438.9,74452.2,36.538
1776660000000,74452.3,74452.3,74404.5,74432.8,69.5537
1776660300000,74432.8,74548.4,74432.8,74544.1,108.9968
1776660600000,74544.1,74580.0,74517.9,74544.4,80.7006
1776660900000,74544.4,74554.8,74514.5,74532.0,90.2291
1776661200000,74531.9,74531.9,74400.9,74425.8,118.8385
1776661500000,74425.8,74425.9,74282.0,74318.1,255.0704
1776661800000,74318.2,74323.9,74223.2,74323.4,316.9315
1776662100000,74323.4,74323.4,74159.0,74191.9,243.5036
1776662400000,74192.0,74193.3,74115.0,74115.1,179.5141
1776662700000,74115.1,74168.0,74088.4,74108.1,148.6646
1776663000000,74108.1,74165.9,74073.6,74141.9,402.8665
1776663300000,74141.8,74206.9,74122.7,74135.9,371.3364
1776663600000,74135.8,74197.2,74099.0,74099.0,258.2567
1776663900000,74099.0,74197.0,74076.7,74188.6,100.3837
1776664200000,74188.7,74274.2,74183.4,74274.1,94.8926
1776664500000,74274.1,74277.6,74226.9,74240.1,88.9521
1776664800000,74240.1,74422.9,74230.1,74356.3,348.4677
1776665100000,74356.4,74384.0,74324.4,74341.2,127.8366
1776665400000,74341.2,74341.3,74251.6,74276.4,78.5661
1776665700000,74276.5,74381.9,74218.3,74381.9,132.2933
1776666000000,74381.9,74381.9,74300.0,74330.9,109.0023
1776666300000,74331.0,74357.7,74283.6,74309.5,99.9024
1776666600000,74309.5,74488.0,74309.5,74488.0,241.9251
1776666900000,74487.9,74550.0,74471.1,74549.9,440.6272
1776667200000,74550.0,74872.0,74549.9,74755.9,1166.0344
1776667500000,74755.9,74800.0,74688.0,74733.0,305.4647
1776667800000,74733.0,74733.1,74666.9,74672.6,224.9948
1776668100000,74672.5,74789.7,74617.3,74755.7,437.0189
1776668400000,74755.7,74830.0,74711.0,74734.0,590.6193
1776668700000,74734.0,74747.5,74654.0,74727.3,315.1087
1776669000000,74727.2,74814.0,74695.6,74770.0,146.0237
1776669300000,74770.0,74900.0,74687.1,74880.5,325.6781
1776669600000,74880.5,75562.2,74870.9,75343.9,4839.2048
1776669900000,75344.0,75372.6,75100.0,75180.3,1919.7302
1776670200000,75180.2,75207.5,74940.4,75036.1,892.3552
1776670500000,75036.0,75036.1,74802.3,74901.7,774.7364
1776670800000,74901.6,74947.1,74880.2,74907.5,192.3849
1776671100000,74907.6,74985.2,74806.8,74822.7,326.4403
1776671400000,74822.7,74829.4,74638.0,74670.8,780.5898
1776671700000,74670.8,74799.9,74618.0,74799.9,262.5217
1776672000000,74799.9,74816.6,74586.2,74634.9,468.5408
1776672300000,74634.9,74719.8,74615.6,74635.9,210.318
1776672600000,74635.9,74839.7,74635.9,74793.6,230.7413
1776672900000,74793.6,74966.5,74777.0,74959.1,320.3737
1776673200000,74959.0,74959.1,74800.0,74800.4,259.0298
1776673500000,74800.4,74800.4,74672.7,74787.5,196.9706
1776673800000,74787.5,74903.0,74732.1,74845.1,264.219
1776674100000,74845.1,74860.0,74722.5,74759.6,149.7066
1776674400000,74759.7,74800.0,74716.5,74786.6,79.0868
1776674700000,74786.7,74822.7,74666.0,74690.8,226.4421
1776675000000,74690.8,74705.0,74579.0,74662.2,362.662
1776675300000,74662.2,74710.7,74643.2,74692.6,110.8683
1776675600000,74692.5,74739.5,74662.4,74682.0,130.7103
1776675900000,74682.0,75019.1,74663.3,74915.1,1578.4577
1776676200000,74915.2,75066.0,74829.8,75006.6,607.1945
1776676500000,75006.6,75088.0,74979.7,75015.5,228.2039
1776676800000,75015.6,75135.6,74963.0,75050.0,354.9304
1776677100000,75049.9,75050.2,74960.9,74999.9,145.0526
1776677400000,74999.9,75000.0,74938.0,74958.9,122.7107
1776677700000,74958.9,75140.1,74958.8,75098.0,453.3343
1776678000000,75097.9,75169.0,75080.0,75120.3,192.8239
1776678300000,75120.3,75199.0,75039.9,75046.1,524.3379
1776678600000,75046.1,75067.0,74969.9,75020.0,679.882
1776678900000,75020.0,75064.6,74989.9,75027.3,114.2644
1776679200000,75027.4,75171.1,75027.4,75154.8,341.4776
1776679500000,75154.8,75267.7,75154.8,75216.2,350.1477
1776679800000,75216.1,75319.9,75216.1,75299.3,404.2241
1776680100000,75299.3,75363.6,75275.0,75336.1,268.629
1776680400000,75336.1,75336.1,75219.4,75258.3,174.823
1776680700000,75258.2,75298.5,75220.4,75258.4,249.0701
1776681000000,75258.4,75258.5,75133.7,75133.8,284.9084
1776681300000,75133.8,75159.1,75103.4,75156.3,103.386
1776681600000,75156.4,75161.8,75124.7,75132.4,82.9608
1776681900000,75132.4,75154.6,75071.4,75076.0,63.3504
1776682200000,75075.9,75105.7,75032.6,75062.5,141.7265
1776682500000,75062.5,75070.0,74955.0,74987.9,197.679
1776682800000,74988.0,75038.5,74912.6,75003.7,215.5515
1776683100000,75003.8,75142.8,75003.7,75129.1,186.1999
1776683400000,75129.1,75135.9,75046.6,75135.9,68.9029
1776683700000,75135.9,75231.4,75135.9,75160.0,128.1446
1776684000000,75160.0,75170.4,75015.5,75162.6,150.1553
1776684300000,75162.7,75193.9,75125.0,75125.0,86.2752
1776684600000,75125.1,75216.7,75040.7,75164.9,162.4205
1776684900000,75164.9,75246.0,75150.0,75218.4,121.3852
1776685200000,75218.5,75218.5,75170.0,75183.1,92.9693
1776685500000,75183.0,75239.1,75150.3,75189.2,162.9022
1776685800000,75189.3,75199.3,75120.0,75161.1,97.4966
1776686100000,75161.1,75185.0,75093.5,75154.0,182.9571
1776686400000,75154.0,75164.8,75029.2,75148.0,294.2712
1776686700000,75148.0,75300.0,75148.0,75263.5,325.2721
1776687000000,75263.4,75378.3,75263.4,75309.1,384.8778
1776687300000,75309.0,75427.1,75247.6,75410.0,310.7607
1776687600000,75410.0,75624.7,75409.9,75473.4,1154.7573
1776687900000,75473.3,75500.0,75359.5,75370.1,287.5384
1776688200000,75370.2,75418.7,75311.8,75349.8,193.3664
1776688500000,75349.8,75397.6,75150.1,75209.1,340.9823
1776688800000,75209.1,75218.1,75000.0,75175.4,787.997
1776689100000,75175.4,75294.6,75175.4,75272.6,204.8944
1776689400000,75272.7,75350.0,75261.9,75286.9,179.6054
1776689700000,75286.9,75287.0,75185.4,75251.5,163.8497
1776690000000,75251.5,75279.6,75121.4,75172.6,224.2891
1776690300000,75172.6,75323.9,75086.7,75242.2,496.2384
1776690600000,75242.2,75270.5,75171.1,75179.5,163.6834
1776690900000,75179.5,75222.6,75023.9,75069.9,315.7514
1776691200000,75070.0,75082.2,74955.0,74972.6,285.7612
1776691500000,74972.7,75160.0,74938.5,75156.1,582.3726
1776691800000,75156.1,75238.3,74811.0,75238.2,1193.1611
1776692100000,75238.3,75379.4,75170.6,75209.2,802.7132
1776692400000,75209.2,75228.0,75069.4,75186.6,320.5557
1776692700000,75186.5,75291.8,74990.7,75057.2,490.5163
1776693000000,75057.3,75096.0,74935.0,75009.3,340.4723
1776693300000,75009.3,75259.0,74979.7,75231.3,549.4854
1776693600000,75231.3,75231.4,75053.1,75149.9,250.6758
1776693900000,75150.0,75268.0,75011.0,75159.4,375.2939
1776694200000,75159.3,75207.9,74990.7,75035.5,313.7525
1776694500000,75035.4,75260.0,75000.0,75254.0,408.8635
1776694800000,75254.0,75555.2,75243.7,75480.1,1043.1039
1776695100000,75480.1,75742.3,75396.2,75529.6,1227.8357
1776695400000,75529.5,75632.2,75430.5,75483.2,483.2639
1776695700000,75483.2,75521.3,75381.7,75415.4,273.7017
1776696000000,75415.4,75415.4,75150.0,75291.4,745.2189
1776696300000,75291.3,75371.4,75179.3,75356.2,244.9808
1776696600000,75356.3,75393.1,74938.0,74981.2,1259.9765
1776696900000,74981.2,74997.3,74868.4,74995.0,639.7453
1776697200000,74995.0,75047.0,74666.0,74757.9,1006.1499
1776697500000,74758.0,74853.0,74654.2,74772.1,649.621
1776697800000,74772.1,75038.0,74762.0,75031.0,516.8026
1776698100000,75030.9,75173.3,75000.0,75145.0,460.2137
1776698400000,75145.0,75485.0,75090.0,75390.0,1178.1605
1776698700000,75390.1,75741.9,75390.0,75706.6,1246.746
1776699000000,75706.6,75706.6,75475.1,75527.0,730.2298
1776699300000,75527.0,75619.0,75491.3,75535.2,295.0499
1776699600000,75535.2,75677.1,75519.3,75539.5,355.2964
1776699900000,75539.5,75640.0,75488.9,75489.2,334.5642
1776700200000,75489.2,75580.0,75489.1,75529.3,209.4813
1776700500000,75529.2,75692.2,75527.4,75669.8,351.0619
1776700800000,75669.9,75679.0,75468.0,75490.1,429.4824
1776701100000,75490.1,75524.6,75356.1,75419.9,488.9683
1776701400000,75420.0,75467.0,75365.4,75377.9,183.4209
1776701700000,75377.8,75408.4,75277.2,75376.3,274.033
1776702000000,75376.3,75479.8,75303.0,75392.3,229.5055
1776702300000,75392.4,75392.4,75281.0,75318.6,126.9748
1776702600000,75318.6,75408.3,75285.0,75350.1,151.6072
1776702900000,75350.0,75384.8,75260.7,75380.8,246.2288
1776703200000,75380.7,75536.5,75321.2,75440.0,188.191
1776703500000,75440.0,75521.5,75280.0,75299.9,184.3867
1776703800000,75299.9,75358.0,75273.2,75317.4,179.1314
1776704100000,75317.4,75323.5,75243.5,75300.6,121.8235
1776704400000,75299.9,75477.6,75237.9,75431.3,307.2939
1776704700000,75431.4,75609.6,75400.0,75520.3,306.4253
1776705000000,75520.3,75645.0,75518.8,75594.8,282.4766
1776705300000,75594.7,75845.9,75553.7,75815.7,602.9589
1776705600000,75815.8,75820.0,75664.3,75709.6,343.194
1776705900000,75709.6,75716.8,75646.1,75672.9,164.7652
1776706200000,75673.0,75700.0,75555.8,75612.5,306.1735
1776706500000,75612.4,75778.0,75586.5,75720.0,208.7168
1776706800000,75720.1,75799.0,75690.0,75706.0,306.8831
1776707100000,75706.0,75914.9,75650.0,75880.8,391.5242
1776707400000,75880.8,75937.7,75750.0,75838.9,484.7734
1776707700000,75838.9,75905.1,75767.1,75849.6,186.5423
1776708000000,75849.6,76299.0,75849.6,76037.9,2544.6292
1776708300000,76037.9,76259.6,76022.1,76251.2,594.4542
1776708600000,76251.2,76269.2,76140.1,76241.3,533.3186
1776708900000,76241.3,76283.5,76201.4,76217.2,416.6139
1776709200000,76217.2,76253.8,76101.0,76118.5,329.7241
1776709500000,76118.4,76150.0,76041.6,76069.7,388.6448
1776709800000,76069.6,76100.0,75966.0,76100.0,300.3442
1776710100000,76100.0,76109.1,75952.8,76027.4,333.2772
1776710400000,76027.3,76227.1,76027.3,76131.9,423.2059
1776710700000,76131.8,76156.6,76053.4,76143.2,194.0195
1776711000000,76143.2,76430.9,76143.2,76364.7,1063.492
1776711300000,76364.6,76411.0,76292.6,76389.9,405.2608
1776711600000,76390.0,76424.1,76250.2,76378.1,428.1054
1776711900000,76378.1,76448.0,76316.8,76407.1,207.2471
1776712200000,76407.0,76435.0,76268.9,76307.5,383.6002
1776712500000,76307.5,76307.5,76155.1,76188.1,279.896
1776712800000,76188.1,76225.0,76130.0,76152.5,234.3135
1776713100000,76152.4,76165.7,76128.4,76157.6,87.2526
1776713400000,76157.5,76217.6,76085.0,76174.0,283.5166
1776713700000,76174.1,76218.9,76152.3,76212.2,85.4763
1776714000000,76212.2,76213.8,76170.2,76209.0,86.6655
1776714300000,76209.0,76218.9,76160.9,76214.5,126.9981
1776714600000,76214.5,76226.0,76171.8,76188.5,193.164
1776714900000,76188.4,76286.7,76178.2,76248.0,242.1931
1776715200000,76247.9,76247.9,76069.8,76199.6,239.6203
1776715500000,76199.6,76260.7,76080.2,76211.5,199.9119
1776715800000,76211.6,76323.9,76211.5,76288.5,99.9488
1776716100000,76288.4,76362.7,76255.5,76357.1,209.0272
1776716400000,76357.0,76548.5,76325.9,76400.5,563.0105
1776716700000,76400.6,76431.4,76254.5,76272.0,156.4188
1776717000000,76272.1,76278.0,76168.0,76210.0,197.1027
1776717300000,76209.9,76210.0,76180.6,76209.3,101.401
1776717600000,76209.3,76210.0,76176.3,76203.8,78.2759
1776717900000,76203.9,76277.9,76188.4,76229.4,129.3399
1776718200000,76229.5,76248.1,76225.0,76241.0,91.8124
1776718500000,76240.9,76253.9,76226.6,76233.5,116.8226
1776718800000,76233.4,76334.2,76176.0,76206.0,249.122
1776719100000,76206.0,76283.8,76087.5,76101.5,209.1656
1776719400000,76101.5,76101.6,75846.6,75961.8,567.572
1776719700000,75961.9,76002.3,75805.9,75885.4,161.1804
1776720000000,75885.4,75962.1,75885.4,75928.9,162.3605
1776720300000,75928.9,75928.9,75858.9,75887.6,94.8227
1776720600000,75887.7,75887.7,75733.6,75830.7,197.4544
1776720900000,75830.6,75888.0,75825.0,75841.8,70.8017
1776721200000,75841.8,75916.5,75825.8,75837.7,106.557
1776721500000,75837.8,75900.0,75816.0,75874.9,62.0505
1776721800000,75874.9,75927.4,75852.8,75901.2,60.1855
1776722100000,75901.3,75927.8,75880.0,75911.9,83.5297
1776722400000,75911.9,76064.6,75909.3,76044.6,445.9149
1776722700000,76044.6,76108.3,76000.0,76008.1,124.9905
1776723000000,76008.2,76048.5,75992.3,76025.1,74.0246
1776723300000,76025.1,76069.8,75884.0,75884.0,92.1572
1776723600000,75883.9,75950.0,75856.8,75931.8,80.4352
1776723900000,75931.8,75940.0,75876.8,75881.8,126.7932
1776724200000,75881.7,76000.0,75859.3,75983.2,95.2368
1776724500000,75983.2,76029.4,75950.2,75970.1,133.5193
1776724800000,75970.2,75985.5,75890.7,75950.0,88.9301
1776725100000,75950.0,75958.2,75889.0,75889.1,42.5397
1776725400000,75889.0,75925.0,75880.5,75924.2,51.3351
1776725700000,75924.2,75950.0,75884.6,75928.7,46.7467
1776726000000,75928.7,75928.7,75761.1,75777.4,664.7046
1776726300000,75777.4,75777.4,75678.3,75733.4,284.308
1776726600000,75733.3,75780.3,75678.3,75719.8,261.0178
1776726900000,75719.8,75728.7,75642.4,75680.1,175.3907
1776727200000,75680.1,75725.0,75680.0,75725.0,90.7097
1776727500000,75724.9,75725.0,75564.8,75627.9,378.3099
1776727800000,75627.9,75687.8,75600.0,75679.5,144.5976
1776728100000,75679.5,75770.0,75674.2,75759.6,89.8793
1776728400000,75759.5,75777.7,75730.1,75746.0,212.4771
1776728700000,75746.0,75862.5,75712.0,75825.6,209.6437
1776729000000,75825.6,75839.4,75801.1,75827.2,106.5839
1776729300000,75827.2,75836.7,75801.3,75803.4,217.6963
1776729600000,75803.4,75899.4,75799.9,75799.9,385.3972
1776729900000,75799.9,75831.7,75665.5,75703.4,370.0545
1776730200000,75703.3,75878.6,75703.3,75836.8,217.9596
1776730500000,75836.8,75891.6,75806.9,75842.1,145.5518
1776730800000,75842.0,75905.4,75806.8,75878.1,278.0325
1776731100000,75878.0,75890.1,75773.4,75878.0,286.8126
1776731400000,75877.9,75932.5,75830.0,75901.0,156.6766
1776731700000,75901.0,75965.0,75863.0,75866.4,177.3556
1776732000000,75866.4,75914.8,75850.7,75850.7,97.8041
1776732300000,75850.8,76061.7,75850.7,75964.9,326.476
1776732600000,75964.8,75964.8,75884.1,75909.9,81.7873
1776732900000,75910.0,76078.8,75900.4,76073.0,462.1996
1776733200000,76073.0,76089.0,75997.0,76079.2,446.1241
1776733500000,76079.2,76249.9,76072.0,76140.4,549.9086
1776733800000,76140.4,76165.3,76034.1,76100.1,328.0535
1776734100000,76100.1,76100.1,75957.8,75965.4,180.3488
1776734400000,75965.4,76025.0,75965.4,75994.9,86.0772
1776734700000,75995.0,76116.0,75956.8,76100.0,188.1559
1776735000000,76099.9,76199.9,76078.8,76088.7,194.5605
1776735300000,76088.7,76107.6,75984.1,75991.0,147.0379
1776735600000,75991.0,76045.9,75958.0,76041.2,105.4244
1776735900000,76041.2,76041.3,75958.0,75996.3,174.225
1776736200000,75996.3,76013.3,75823.1,75860.0,271.2466
1776736500000,75860.0,75897.6,75835.9,75897.5,128.5618
1776736800000,75897.5,75897.9,75720.0,75753.4,390.9638
1776737100000,75753.3,75789.1,75720.1,75753.8,152.6578
1776737400000,75753.8,75782.8,75680.0,75699.9,250.5642
1776737700000,75699.9,75758.5,75665.7,75712.2,295.2462
1776738000000,75712.2,75760.0,75688.0,75705.3,148.3702
1776738300000,75705.3,75766.0,75653.9,75700.0,159.0914
1776738600000,75700.0,75775.0,75700.0,75713.4,157.7539
1776738900000,75713.6,75734.4,75605.1,75618.0,245.8669
1776739200000,75618.1,75658.9,75563.3,75577.3,320.0612
1776739500000,75577.3,75645.2,75543.9,75568.6,183.8453
1776739800000,75568.5,75608.8,75562.3,75588.0,99.8189
1776740100000,75588.0,75600.0,75553.1,75553.2,103.5844
1776740400000,75553.1,75590.6,75441.0,75590.5,442.2188
1776740700000,75590.6,75604.4,75529.4,75568.6,147.8245
1776741000000,75568.5,75606.6,75513.9,75532.2,133.4017
1776741300000,75532.1,75605.0,75470.1,75481.6,126.2129
1776741600000,75481.6,75548.1,75475.4,75540.7,122.7678
1776741900000,75540.7,75632.8,75529.3,75600.1,164.6749
1776742200000,75600.1,75690.7,75596.4,75636.4,212.4731
1776742500000,75636.4,75636.4,75492.3,75503.1,179.6655
1776742800000,75503.1,75537.3,75456.6,75528.3,141.1001
1776743100000,75528.4,75624.8,75520.7,75612.9,244.2079
1776743400000,75613.0,75688.0,75612.9,75682.6,164.2824
1776743700000,75682.7,75699.9,75664.5,75684.3,112.8942
1776744000000,75684.4,75743.1,75669.0,75696.1,190.7496
1776744300000,75696.1,75696.1,75615.8,75615.9,86.5689
1776744600000,75615.9,75637.4,75578.0,75578.1,87.2975
1776744900000,75578.2,75642.8,75565.9,75566.0,87.4028
1776745200000,75566.0,75623.6,75566.0,75611.0,113.7576
1776745500000,75611.0,75682.4,75600.6,75600.6,191.434
1776745800000,75600.7,75646.5,75592.3,75592.3,74.4025
1776746100000,75592.3,75704.8,75592.3,75679.0,95.3146
1776746400000,75679.0,75683.9,75622.7,75683.9,189.3415
1776746700000,75683.9,75702.0,75657.1,75694.2,84.6912
1776747000000,75694.2,75764.7,75684.4,75725.2,125.9462
1776747300000,75725.2,75797.8,75723.6,75779.9,184.8933
1776747600000,75779.8,75833.0,75768.9,75811.7,259.9013
1776747900000,75811.8,75938.0,75803.5,75895.4,280.4995
1776748200000,75895.3,75898.1,75840.0,75871.7,147.2519
1776748500000,75871.6,75890.0,75832.4,75844.9,108.3793
1776748800000,75845.0,75942.5,75844.9,75942.2,139.8954
1776749100000,75942.2,75957.7,75817.0,75867.7,238.0692
1776749400000,75867.7,75867.7,75789.4,75820.2,100.571
1776749700000,75820.3,75848.1,75800.0,75800.0,45.0019
1776750000000,75800.0,75832.5,75800.0,75805.9,36.4129
1776750300000,75805.9,75805.9,75741.2,75772.0,133.8395
1776750600000,75772.0,75799.1,75741.0,75799.1,62.1145
1776750900000,75799.0,75800.0,75765.0,75771.7,40.1283
1776751200000,75771.6,75785.0,75691.5,75719.4,175.4464
1776751500000,75719.4,75748.0,75700.6,75730.5,100.2836
1776751800000,75730.4,75757.0,75720.0,75745.4,72.9546
1776752100000,75745.5,75770.6,75699.1,75699.1,61.8846
1776752400000,75699.1,75729.0,75659.0,75680.8,122.6654
1776752700000,75680.8,75750.3,75680.7,75727.6,127.3693
1776753000000,75727.7,76041.8,75726.1,76030.2,416.5591
1776753300000,76030.1,76100.0,75966.7,75990.7,486.7394
1776753600000,75990.7,76029.9,75950.8,75954.4,195.2469
1776753900000,75954.4,76010.5,75944.4,75992.8,148.9139
1776754200000,75992.9,76004.1,75923.3,75938.0,174.7474
1776754500000,75938.0,75968.2,75923.0,75930.1,68.6656
1776754800000,75930.0,75945.3,75774.0,75854.7,224.9871
1776755100000,75854.7,75866.7,75824.4,75863.8,98.6243
1776755400000,75863.8,75946.8,75863.7,75919.9,142.9495
1776755700000,75919.9,76025.0,75902.0,76024.9,162.173
1776756000000,76024.9,76099.0,76013.3,76099.0,229.6145
1776756300000,76098.9,76275.0,76098.9,76137.9,602.9059
1776756600000,76137.9,76196.9,75982.3,76067.4,709.9785
1776756900000,76067.4,76199.0,76067.3,76133.1,236.0024
1776757200000,76133.1,76266.0,76133.1,76155.7,254.1663
1776757500000,76155.7,76190.4,76101.0,76190.3,172.6476
1776757800000,76190.3,76268.0,76074.4,76083.0,285.7657
1776758100000,76083.1,76098.1,76048.2,76051.4,148.6554
1776758400000,76051.5,76125.0,76025.0,76105.5,193.1946
1776758700000,76105.6,76176.0,76066.0,76125.1,168.9772
1776759000000,76125.2,76148.9,76047.4,76099.9,125.5361
1776759300000,76099.9,76180.0,76079.4,76175.7,161.226
1776759600000,76175.7,76360.0,76175.5,76293.8,590.0728
1776759900000,76293.8,76340.0,76251.6,76306.4,281.9254
1776760200000,76306.4,76331.8,76228.5,76289.6,171.1191
1776760500000,76289.5,76308.0,76210.2,76308.0,111.7777
1776760800000,76308.0,76485.2,76283.2,76415.0,593.7882
1776761100000,76415.0,76924.5,76381.2,76616.2,3312.6734
1776761400000,76616.2,76620.0,76502.1,76502.9,578.6465
1776761700000,76502.8,76502.9,76410.6,76472.1,253.1796
1776762000000,76472.0,76561.7,76339.7,76362.2,556.0989
1776762300000,76362.2,76408.6,76302.8,76382.6,267.2426
1776762600000,76382.7,76461.1,76375.3,76440.5,165.7023
1776762900000,76440.4,76500.0,76440.4,76476.9,125.6355
1776763200000,76476.8,76496.0,76366.6,76366.6,198.7162
1776763500000,76366.6,76375.0,76140.5,76216.0,920.0771
1776763800000,76215.9,76250.0,76161.0,76161.1,358.2641
1776764100000,76161.0,76240.5,76118.0,76240.5,281.5863
1776764400000,76240.5,76299.9,76229.2,76269.8,233.5512
1776764700000,76269.7,76295.9,76215.1,76254.3,142.775
1776765000000,76254.2,76316.8,76234.0,76270.9,143.8944
1776765300000,76271.0,76346.4,76270.9,76330.9,147.5351
1776765600000,76331.0,76391.6,76312.6,76390.5,165.8016
1776765900000,76390.5,76471.3,76365.2,76441.8,253.4322
1776766200000,76441.9,76441.9,76350.0,76396.7,77.619
1776766500000,76396.7,76500.0,76330.0,76434.0,182.3895
1776766800000,76434.0,76544.0,76400.0,76531.3,177.1949
1776767100000,76531.2,76536.6,76463.3,76476.9,109.1932
1776767400000,76477.0,76500.0,76450.0,76486.0,57.9868
1776767700000,76485.9,76520.0,76485.9,76494.3,119.1667
1776768000000,76494.3,76566.3,76421.2,76529.8,128.0048
1776768300000,76529.7,76693.6,76501.6,76692.3,606.5779
1776768600000,76692.3,76840.2,76692.3,76799.9,770.6357
1776768900000,76799.9,76849.9,76700.3,76705.0,431.165
1776769200000,76705.0,76725.9,76613.5,76644.3,582.9055
1776769500000,76644.3,76671.6,76553.0,76604.5,234.9861
1776769800000,76604.6,76611.9,76287.0,76369.7,1082.8019
1776770100000,76369.8,76494.0,76289.1,76486.8,438.0559
1776770400000,76486.9,76696.0,76463.5,76649.6,299.4122
1776770700000,76649.6,76649.8,76574.1,76641.6,166.7739
1776771000000,76641.6,76662.7,76539.6,76539.6,136.7461
1776771300000,76539.6,76602.3,76514.6,76570.5,155.4556
1776771600000,76570.5,76581.4,76430.0,76447.8,172.021
1776771900000,76447.8,76448.8,76402.7,76414.8,138.5817
1776772200000,76414.8,76463.1,76400.0,76403.6,88.3171
1776772500000,76403.6,76448.2,76375.0,76406.7,221.0282
1776772800000,76406.6,76457.6,76306.7,76353.0,221.3261
1776773100000,76353.0,76426.2,76338.7,76395.6,124.4132
1776773400000,76395.7,76395.7,76213.0,76213.5,311.2668
1776773700000,76213.4,76300.0,76201.0,76293.0,522.2361
1776774000000,76293.0,76336.0,76260.0,76270.1,184.7498
1776774300000,76270.0,76350.0,76270.0,76343.3,177.0145
1776774600000,76343.3,76488.0,76278.4,76473.8,274.9256
1776774900000,76473.9,76500.0,76067.1,76086.8,800.3873
1776775200000,76086.8,76130.3,75680.0,75807.8,2539.5031
1776775500000,75807.7,75897.4,75705.7,75743.2,724.2651
1776775800000,75743.3,75929.0,75730.4,75922.5,444.8534
1776776100000,75922.6,76038.5,75922.5,75985.2,430.6159
1776776400000,75985.2,76066.8,75882.8,75891.9,458.6756
1776776700000,75891.9,76025.0,75866.1,75970.9,223.6147
1776777000000,75971.0,75999.9,75932.3,75962.4,95.7629
1776777300000,75962.3,76045.7,75935.1,76003.5,118.2569
1776777600000,76003.6,76034.6,75961.9,76029.9,139.1572
1776777900000,76029.9,76116.0,75971.3,76001.0,265.2362
1776778200000,76001.0,76001.0,75831.3,75869.9,631.9517
1776778500000,75870.0,75934.5,75742.1,75753.0,465.8447
1776778800000,75753.0,76158.0,75696.2,75977.8,691.6653
1776779100000,75977.7,76023.3,75810.8,75841.8,600.6764
1776779400000,75841.8,75883.1,75726.4,75775.0,542.3934
1776779700000,75775.0,75910.0,75775.0,75862.2,252.1719
1776780000000,75862.2,75901.6,75650.1,75807.2,458.9343
1776780300000,75807.2,75842.6,75688.1,75842.5,216.6635
1776780600000,75842.4,75842.4,75708.0,75805.0,168.8072
1776780900000,75805.0,76270.0,75805.0,76132.6,1248.0712
1776781200000,76132.5,76223.2,76024.0,76072.8,606.1261
1776781500000,76072.8,76171.7,76050.0,76081.4,221.3102
1776781800000,76081.5,76222.8,76071.2,76169.5,194.2651
1776782100000,76169.5,76340.0,76163.5,76277.0,537.0558
1776782400000,76277.0,76567.2,76240.0,76422.8,1245.494
1776782700000,76422.8,76436.8,76139.2,76180.0,580.1206
1776783000000,76180.0,76227.1,76094.2,76107.4,303.7941
1776783300000,76107.4,76107.4,75567.2,75631.3,1646.7766
1776783600000,75631.3,75762.6,75300.0,75636.3,2118.2412
1776783900000,75636.3,75725.7,75507.9,75687.7,582.1703
1776784200000,75687.8,75813.5,75672.8,75726.5,460.4677
1776784500000,75726.4,75940.0,75708.9,75940.0,754.8633
1776784800000,75939.9,75939.9,75690.4,75722.1,450.788
1776785100000,75722.1,75731.7,75545.8,75654.8,554.8148
1776785400000,75654.8,75739.8,75578.5,75611.8,249.606
1776785700000,75611.8,75746.5,75471.4,75746.5,442.2084
1776786000000,75746.5,75788.0,75620.0,75660.0,233.7688
1776786300000,75660.0,75783.0,75629.6,75720.4,176.8212
1776786600000,75720.4,75730.0,75650.0,75650.1,151.9405
1776786900000,75650.1,75795.6,75575.0,75795.6,299.9353
1776787200000,75795.6,75969.4,75793.5,75808.9,635.1005
1776787500000,75808.9,75934.5,75778.3,75930.0,249.7969
1776787800000,75930.0,75934.3,75813.3,75924.8,128.9258
1776788100000,75924.8,75950.0,75800.0,75929.6,198.7254
1776788400000,75929.5,75935.7,75813.0,75859.9,138.9901
1776788700000,75859.9,75950.0,75825.0,75832.3,168.5126
1776789000000,75832.2,76064.9,75800.0,76057.7,279.5966
1776789300000,76057.7,76166.0,75950.0,75994.1,430.3744
1776789600000,75994.0,76073.3,75832.6,75855.1,340.6595
1776789900000,75855.2,76014.5,75855.1,76007.8,92.6042
1776790200000,76007.7,76007.7,75885.6,75896.2,115.8416
1776790500000,75896.2,75904.9,75722.6,75746.0,284.1441
1776790800000,75746.0,75786.6,75671.1,75711.1,292.957
1776791100000,75711.1,75711.1,75511.2,75608.8,614.4812
1776791400000,75608.8,75608.8,75399.0,75507.5,436.3132
1776791700000,75507.5,75515.0,75044.0,75059.7,2606.9478
1776792000000,75059.7,75320.0,75009.0,75256.0,870.6515
1776792300000,75255.9,75341.6,75146.6,75288.5,582.9305
1776792600000,75288.4,75336.0,75243.9,75297.2,348.7427
1776792900000,75297.2,75647.3,75228.6,75559.5,856.9736
1776793200000,75559.4,75868.7,75542.5,75724.3,879.026
1776793500000,75724.4,75750.0,75589.3,75673.1,363.1281
1776793800000,75673.1,75790.2,75562.8,75573.9,260.248
1776794100000,75573.9,75573.9,75452.8,75507.9,232.5155
1776794400000,75508.0,75597.7,75470.9,75531.9,346.2237
1776794700000,75531.9,75595.6,75505.1,75551.6,73.4686
1776795000000,75551.6,75563.7,75437.3,75543.9,98.4242
1776795300000,75544.0,75628.4,75385.7,75422.6,385.0651
1776795600000,75422.6,75477.2,75364.1,75408.9,161.6936
1776795900000,75408.9,75450.2,75333.3,75427.0,244.3675
1776796200000,75427.1,75560.0,75427.0,75537.9,106.8177
1776796500000,75538.0,75546.0,75423.4,75497.0,87.98
1776796800000,75497.0,75500.0,75425.0,75483.7,200.896
1776797100000,75483.7,75516.6,75348.4,75356.6,128.5312
1776797400000,75356.6,75514.0,75267.4,75463.7,455.104
1776797700000,75463.7,75608.6,75425.0,75565.4,232.2191
1776798000000,75565.4,75711.4,75560.9,75700.0,334.6132
1776798300000,75700.0,75762.0,75650.0,75650.1,153.223
1776798600000,75650.0,75726.0,75520.0,75567.2,227.6549
1776798900000,75567.2,75647.7,75500.7,75571.6,287.8857
1776799200000,75571.6,75820.0,75571.6,75794.0,323.9562
1776799500000,75793.9,75869.8,75716.4,75731.4,150.1761
1776799800000,75731.5,75742.5,75524.0,75524.1,197.1079
1776800100000,75524.1,75524.1,75134.3,75211.7,1090.1493
1776800400000,75211.7,75220.9,74766.1,74822.1,1830.9655
1776800700000,74822.2,74992.4,74777.0,74971.3,582.7852
1776801000000,74971.3,75061.8,74842.9,74913.1,483.9929
1776801300000,74913.1,75002.1,74900.4,74985.7,213.502
1776801600000,74985.7,75146.7,74950.8,75072.4,383.8674
1776801900000,75072.6,75384.0,74943.6,75310.9,677.242
1776802200000,75311.9,75579.1,75272.7,75532.9,1465.7956
1776802500000,75533.0,75600.0,75401.2,75477.5,479.5396
1776802800000,75477.5,75613.6,75477.5,75591.4,146.3053
1776803100000,75591.5,75750.0,75590.0,75604.0,325.7201
1776803400000,75603.9,75815.0,75603.9,75746.6,228.2181
1776803700000,75746.6,75795.2,75629.0,75715.1,314.1237
1776804000000,75715.0,75715.1,75619.0,75619.5,92.7109
1776804300000,75619.5,75697.7,75537.8,75696.2,98.7642
1776804600000,75696.2,75708.7,75627.0,75671.7,70.4194
1776804900000,75671.7,75730.0,75650.0,75650.1,76.3264
1776805200000,75650.0,75724.8,75604.9,75666.7,170.3008
1776805500000,75666.6,75670.6,75572.3,75576.8,62.2706
1776805800000,75576.8,75576.8,75485.0,75533.4,155.7869
1776806100000,75533.4,75569.2,75511.6,75541.0,69.8174
1776806400000,75541.1,75633.3,75541.0,75562.3,57.3102
1776806700000,75562.3,75579.6,75501.2,75534.5,38.5851
1776807000000,75534.5,75542.6,75527.2,75542.5,39.627
1776807300000,75542.6,75580.0,75525.0,75558.0,61.6014
1776807600000,75558.1,75580.0,75414.9,75414.9,76.3191
1776807900000,75414.9,75500.0,75404.5,75473.3,75.1881
1776808200000,75473.3,75507.5,75473.3,75498.8,32.5097
1776808500000,75498.8,75550.0,75481.6,75502.1,55.3337
1776808800000,75502.0,75550.0,75461.9,75486.1,203.3073
1776809100000,75486.1,75532.9,75444.0,75452.1,66.0797
1776809400000,75452.1,75531.1,75452.1,75499.0,63.8901
1776809700000,75499.0,75499.1,75274.5,75274.6,257.9201
1776810000000,75274.6,75368.3,75256.0,75325.5,242.6225
1776810300000,75325.6,75349.7,75300.8,75326.3,43.2033
1776810600000,75326.2,75361.8,75250.0,75337.5,114.4085
1776810900000,75337.5,75400.0,75321.3,75335.1,59.7587
1776811200000,75335.2,75506.9,75329.6,75481.8,111.7743
1776811500000,75481.8,75507.8,75444.9,75445.0,107.6871
1776811800000,75444.9,75540.0,75444.9,75528.8,133.7454
1776812100000,75528.8,75611.4,75528.8,75598.0,223.4418
1776812400000,75597.9,75772.0,75572.7,75711.1,233.2563
1776812700000,75711.2,75821.6,75711.1,75801.3,181.6489
1776813000000,75801.2,75801.3,75690.5,75731.2,118.4784
1776813300000,75731.3,75838.2,75708.7,75791.3,109.4126
1776813600000,75791.2,75807.7,75737.7,75777.0,90.9921
1776813900000,75777.0,75777.1,75711.4,75747.8,83.1961
1776814200000,75747.8,75808.3,75739.4,75808.2,149.3545
1776814500000,75808.2,75949.7,75797.8,75941.0,268.6855
1776814800000,75941.0,76087.4,75890.1,76045.0,494.6368
1776815100000,76045.0,76399.9,76037.9,76338.9,2483.3041
1776815400000,76338.9,76400.0,76271.5,76320.0,605.6267
1776815700000,76319.9,76321.0,76278.9,76302.1,176.3051
1776816000000,76302.2,76391.9,76275.0,76275.0,402.1306
1776816300000,76275.0,76480.0,76275.0,76416.5,486.8441
1776816600000,76416.5,76416.5,76280.1,76385.4,357.281
1776816900000,76385.3,76385.4,76245.9,76336.0,257.5023
1776817200000,76335.9,76410.9,76251.6,76251.6,165.3671
1776817500000,76251.6,76300.7,76227.0,76240.2,157.0238
1776817800000,76240.2,76280.0,76215.3,76223.7,90.3352
1776818100000,76223.7,76314.7,76190.5,76314.7,296.1148
1776818400000,76314.6,76371.7,76270.0,76311.8,150.1882
1776818700000,76311.8,76362.3,76255.0,76255.0,227.2521
1776819000000,76255.0,76275.0,76217.6,76248.3,156.3301
1776819300000,76248.4,76340.0,76230.2,76339.9,176.1938
1776819600000,76339.9,76388.0,76276.0,76319.4,287.6876
1776819900000,76319.4,76346.4,76285.5,76318.9,107.0182
1776820200000,76318.8,76399.9,76252.7,76371.2,235.9382
1776820500000,76371.2,76371.2,76134.1,76158.4,379.9055
1776820800000,76158.5,76220.0,76111.4,76153.9,413.3956
1776821100000,76154.0,76188.0,76120.0,76134.9,119.3881
1776821400000,76135.0,76182.6,76111.0,76150.0,86.4377
1776821700000,76150.0,76248.8,76143.2,76235.4,128.1468
1776822000000,76235.4,76248.7,76188.1,76223.8,102.0399
1776822300000,76223.8,76260.6,76173.7,76252.6,128.3225
1776822600000,76252.6,76323.5,76211.0,76218.2,140.9522
1776822900000,76218.2,76290.3,76211.0,76273.8,66.778
1776823200000,76273.8,76318.8,76190.6,76263.8,187.6198
1776823500000,76263.8,76315.8,76209.0,76315.7,142.7819
1776823800000,76315.8,76854.7,76315.7,76701.9,2040.6698
1776824100000,76701.9,77145.8,76701.9,76982.9,2118.5515
1776824400000,76982.9,77183.9,76749.1,76988.0,2496.9425
1776824700000,76988.0,77235.3,76988.0,77218.8,1052.0701
1776825000000,77218.8,77331.1,77056.6,77108.2,1135.6007
1776825300000,77108.1,77208.3,77044.6,77074.8,465.1907
1776825600000,77074.9,77280.0,77050.0,77217.4,555.0291
1776825900000,77217.4,77254.9,77097.9,77163.5,381.8662
1776826200000,77163.5,77523.3,77163.5,77447.8,1211.4895
1776826500000,77447.8,77633.5,77378.8,77580.3,1669.7815
1776826800000,77580.2,77649.2,77437.3,77570.7,1156.8755
1776827100000,77570.6,77717.8,77468.1,77579.9,935.4904
1776827400000,77579.9,77633.0,77508.5,77573.4,483.8614
1776827700000,77573.4,77573.4,77384.3,77394.4,605.4116
1776828000000,77394.5,77479.3,77384.2,77456.6,297.1058
1776828300000,77456.6,77567.8,77456.5,77488.5,237.0812
1776828600000,77488.6,77500.0,77368.7,77393.6,294.1343
1776828900000,77393.6,77422.0,77382.4,77391.2,129.8091
1776829200000,77391.2,77543.4,77388.1,77541.2,259.2056
1776829500000,77541.2,77580.0,77460.0,77520.0,202.008
1776829800000,77520.0,77583.3,77507.5,77520.3,170.2703
1776830100000,77520.3,77583.2,77489.7,77493.7,168.165
1776830400000,77493.8,77578.9,77477.5,77564.1,383.3065
1776830700000,77564.1,77567.0,77507.4,77537.2,102.8426
1776831000000,77537.2,77598.9,77442.0,77456.7,332.8415
1776831300000,77456.7,77468.9,77400.0,77409.7,230.7213
1776831600000,77409.6,77452.4,77323.4,77381.0,237.4223
1776831900000,77381.1,77487.0,77368.0,77469.8,139.4916
1776832200000,77469.9,77500.0,77450.0,77460.1,134.0623
1776832500000,77460.0,77620.0,77444.0,77619.6,239.4474
1776832800000,77619.7,77685.0,77520.8,77528.3,281.878
1776833100000,77528.2,77555.0,77491.3,77492.6,103.2851
1776833400000,77492.6,77551.0,77411.1,77439.1,794.2824
1776833700000,77439.1,77487.4,77421.9,77487.4,216.741
1776834000000,77487.4,77500.0,77413.6,77444.9,109.8865
1776834300000,77444.9,77555.0,77422.6,77516.8,136.5519
1776834600000,77516.7,77556.4,77493.6,77504.7,114.1378
1776834900000,77504.7,77980.0,77486.6,77890.6,2607.4463
1776835200000,77890.5,78418.2,77834.0,78176.0,3313.5694
1776835500000,78175.9,78420.2,78085.7,78213.3,1823.0179
1776835800000,78213.3,78290.9,78071.9,78140.3,1622.2999
1776836100000,78140.4,78200.0,77973.0,77998.2,859.7099
1776836400000,77998.2,78310.2,77951.4,78087.5,806.583
1776836700000,78087.6,78109.3,78032.0,78050.0,319.2902
1776837000000,78050.0,78098.3,77921.7,78049.0,719.9227
1776837300000,78049.0,78171.9,77950.0,77950.0,491.9298
1776837600000,77950.0,77962.6,77866.8,77923.7,423.1031
1776837900000,77923.8,77933.7,77875.6,77900.0,241.4776
1776838200000,77900.0,77980.4,77870.1,77910.3,292.3692
1776838500000,77910.4,77977.0,77910.3,77952.7,153.7945
1776838800000,77952.7,77997.7,77875.0,77908.3,234.5278
1776839100000,77908.3,77958.5,77882.0,77927.5,151.3615
1776839400000,77927.6,77978.1,77869.5,77889.6,264.5388
1776839700000,77889.6,77914.5,77850.1,77898.9,215.6956
1776840000000,77899.0,77942.7,77888.0,77923.0,145.596
1776840300000,77922.9,77947.7,77881.7,77925.0,82.6387
1776840600000,77925.0,77980.0,77915.0,77980.0,138.8858
1776840900000,77980.0,77980.0,77922.1,77970.1,69.8604
1776841200000,77970.1,77990.0,77928.1,77959.1,208.2731
1776841500000,77959.0,78034.7,77952.1,78002.5,215.9612
1776841800000,78002.6,78075.0,77953.2,78055.0,241.1827
1776842100000,78055.0,78065.2,77911.0,77920.5,199.8774
1776842400000,77920.5,77920.6,77765.9,77840.0,573.6621
1776842700000,77840.1,77854.4,77792.0,77849.9,234.2025
1776843000000,77850.0,77875.0,77802.8,77861.9,170.2931
1776843300000,77861.9,77930.0,77832.2,77861.5,190.0071
1776843600000,77861.6,78035.6,77838.5,78031.1,280.0023
1776843900000,78031.0,78074.8,77950.1,77967.3,311.7666
1776844200000,77967.4,78023.1,77938.0,77957.7,211.941
1776844500000,77957.8,78036.8,77948.3,77977.8,191.6831
1776844800000,77977.9,78133.0,77977.9,78011.8,295.6778
1776845100000,78011.9,78098.0,78011.8,78064.5,117.1808
1776845400000,78064.5,78133.0,78053.7,78101.2,233.4194
1776845700000,78101.3,78123.2,78071.3,78095.4,201.6296
1776846000000,78095.4,78168.0,77984.4,77991.1,337.931
1776846300000,77991.1,78053.8,77912.4,77930.9,389.198
1776846600000,77930.9,77984.4,77908.0,77924.5,183.0429
1776846900000,77924.5,77974.4,77915.0,77934.0,127.6065
1776847200000,77934.0,77968.8,77900.0,77900.0,179.6768
1776847500000,77900.1,77957.0,77899.2,77921.9,91.619
1776847800000,77921.8,78031.9,77921.8,78010.7,102.3515
1776848100000,78010.7,78029.0,77970.5,77970.5,137.6124
1776848400000,77970.6,78019.9,77910.1,77949.9,179.5929
1776848700000,77950.0,78037.8,77907.8,78019.9,129.9208
1776849000000,78020.0,78059.2,77984.7,78004.9,129.6583
1776849300000,78005.0,78012.9,77917.1,77948.1,95.1131
1776849600000,77948.1,77996.8,77941.6,77996.7,75.2224
1776849900000,77996.7,78111.0,77992.2,78111.0,205.8346
1776850200000,78111.0,78116.0,78050.5,78063.7,188.6758
1776850500000,78063.7,78075.0,78006.9,78074.9,96.3411
1776850800000,78075.0,78150.0,78074.9,78104.2,167.4774
1776851100000,78104.3,78104.3,78053.4,78072.8,74.1154
1776851400000,78072.7,78087.0,77950.0,77965.9,181.7656
1776851700000,77965.9,77994.8,77935.0,77964.8,92.1379
1776852000000,77964.8,78014.5,77904.5,77940.4,137.3989
1776852300000,77940.3,78005.4,77910.0,77912.2,113.9707
1776852600000,77912.1,78002.5,77912.1,78002.3,99.4248
1776852900000,78002.2,78007.4,77927.6,77984.9,89.3205
1776853200000,77984.8,77996.9,77934.3,77952.6,63.6903
1776853500000,77952.6,78039.7,77947.4,78025.0,116.4003
1776853800000,78025.1,78136.7,78023.4,78136.6,256.8956
1776854100000,78136.7,78148.0,78070.0,78099.6,174.9358
1776854400000,78099.6,78115.0,78062.9,78078.0,161.9048
1776854700000,78078.0,78088.2,78054.5,78073.9,119.2556
1776855000000,78073.9,78115.3,78060.0,78074.5,85.6601
1776855300000,78074.6,78144.4,78031.3,78122.0,185.706
1776855600000,78122.0,78250.0,78120.1,78183.4,728.2427
1776855900000,78183.5,78234.7,78050.3,78083.6,243.6519
1776856200000,78083.6,78166.7,78060.0,78116.0,244.2419
1776856500000,78116.0,78200.0,78116.0,78164.6,130.4754
1776856800000,78164.6,78211.8,78164.1,78187.6,104.0756
1776857100000,78187.6,78277.0,78175.1,78276.9,217.2722
1776857400000,78276.9,78294.9,78218.2,78266.5,277.4574
1776857700000,78266.5,78361.2,78130.0,78195.0,579.9723
1776858000000,78195.0,78216.0,78147.8,78170.6,126.708
1776858300000,78170.7,78275.4,78170.6,78273.1,232.5073
1776858600000,78273.0,78277.0,78173.5,78236.7,294.531
1776858900000,78236.8,78262.6,78200.0,78262.6,119.9381
1776859200000,78262.6,78387.7,78206.4,78272.0,761.6459
1776859500000,78271.9,78288.4,78181.0,78285.0,173.8862
1776859800000,78285.0,78418.0,78280.0,78377.3,602.4655
1776860100000,78377.4,78499.8,78244.3,78298.9,795.2764
1776860400000,78298.9,78325.0,78171.3,78188.5,413.7074
1776860700000,78188.5,78238.5,78100.0,78135.3,454.1364
1776861000000,78135.3,78199.0,78062.5,78182.1,474.4977
1776861300000,78182.1,78234.6,78135.0,78153.1,934.5862
1776861600000,78153.2,78239.9,78141.2,78148.0,282.6588
1776861900000,78148.0,78296.8,78131.6,78133.5,276.9419
1776862200000,78133.5,78197.2,78133.4,78196.7,210.5942
1776862500000,78196.7,78258.8,78174.7,78191.0,238.4698
1776862800000,78191.1,78257.8,78118.0,78250.0,218.5003
1776863100000,78250.0,78430.3,78180.1,78226.2,620.4687
1776863400000,78226.1,78339.8,78200.0,78335.1,188.9153
1776863700000,78335.1,78460.0,78309.0,78409.6,400.1972
1776864000000,78409.6,78457.2,78333.3,78417.7,322.6028
1776864300000,78417.5,78427.1,78355.0,78418.0,244.8692
1776864600000,78418.0,78656.7,78306.8,78400.0,1729.6201
1776864900000,78399.9,78450.0,78233.5,78396.0,655.6612
1776865200000,78396.0,78606.0,78374.1,78562.5,654.0522
1776865500000,78562.4,78754.2,78478.0,78600.0,1285.5104
1776865800000,78599.9,78725.2,78518.0,78700.0,459.1027
1776866100000,78699.9,78794.0,78666.0,78786.2,633.0261
1776866400000,78786.3,78854.8,78721.7,78832.5,1345.1268
1776866700000,78832.5,78840.0,78651.3,78791.9,820.6769
1776867000000,78791.9,79049.3,78791.9,79018.7,1716.4027
1776867300000,79018.7,79045.0,78741.3,78766.6,1412.7896
1776867600000,78766.6,79167.5,78734.0,79043.8,1790.8626
1776867900000,79043.8,79089.0,78950.1,78966.9,438.4023
1776868200000,78966.9,79000.0,78540.6,78700.0,1690.3112
1776868500000,78699.9,78828.0,78664.0,78827.9,508.1351
1776868800000,78827.9,78925.1,78639.9,78662.7,592.7702
1776869100000,78662.6,78857.3,78652.6,78857.3,492.0254
1776869400000,78857.2,78980.0,78824.9,78917.0,529.6478
1776869700000,78917.0,79055.3,78825.0,79000.8,807.706
1776870000000,79000.9,79056.6,78840.3,78886.7,619.1665
1776870300000,78886.8,78979.9,78820.2,78921.7,544.6394
1776870600000,78921.8,79096.2,78890.0,78919.4,540.5785
1776870900000,78919.5,78991.0,78843.3,78939.0,265.9054
1776871200000,78939.1,79035.0,78885.4,78948.3,466.3131
1776871500000,78948.3,79081.1,78785.5,79026.2,603.6088
1776871800000,79026.3,79260.0,78966.0,79049.1,1241.1448
1776872100000,79049.1,79245.0,78969.3,79225.1,508.2065
1776872400000,79225.1,79290.0,79155.0,79241.0,580.9259
1776872700000,79241.0,79299.9,79190.1,79236.7,338.7589
1776873000000,79236.7,79375.3,79172.5,79364.5,799.3149
1776873300000,79364.4,79368.2,79231.0,79233.1,442.7283
1776873600000,79233.1,79400.5,79200.0,79383.0,1003.1978
1776873900000,79382.9,79443.4,79233.0,79233.0,596.2431
1776874200000,79233.1,79233.1,79101.0,79156.4,516.7696
1776874500000,79156.4,79166.6,79038.4,79078.1,1003.5894
1776874800000,79078.2,79133.0,78900.2,78944.0,783.2447
1776875100000,78944.1,78962.1,78832.0,78884.0,458.8259
1776875400000,78884.0,78991.1,78814.7,78933.3,493.4228
1776875700000,78933.3,78992.5,78891.6,78923.3,203.3668
1776876000000,78923.3,78923.4,78727.8,78769.6,459.6413
1776876300000,78769.6,78812.8,78684.4,78800.0,366.5962
1776876600000,78800.0,78809.0,78658.0,78659.5,323.3122
1776876900000,78659.5,78737.5,78592.0,78703.4,583.451
1776877200000,78703.4,78880.0,78692.4,78840.5,406.8278
1776877500000,78840.5,78888.0,78783.6,78887.9,146.6959
1776877800000,78887.9,79000.0,78884.9,78936.7,350.7504
1776878100000,78936.7,78962.4,78715.0,78796.6,254.7484
1776878400000,78796.6,78816.2,78668.4,78682.6,177.8938
1776878700000,78682.6,78874.9,78658.0,78796.5,236.119
1776879000000,78796.5,78849.5,78715.3,78764.7,221.7137
1776879300000,78764.6,78821.9,78710.9,78796.5,149.7912
1776879600000,78796.6,78843.3,78755.8,78768.7,257.0567
1776879900000,78768.8,78888.8,78660.8,78834.0,357.5961
1776880200000,78834.0,78958.1,78810.9,78947.6,332.0805
1776880500000,78947.7,78954.2,78850.1,78858.3,194.4559
1776880800000,78858.4,78940.0,78858.4,78873.2,150.5769
1776881100000,78873.1,78886.5,78777.0,78885.1,84.779
1776881400000,78885.1,78949.4,78833.3,78913.7,112.1778
1776881700000,78913.7,78936.3,78874.7,78920.0,75.4401
1776882000000,78920.0,78939.5,78838.7,78939.5,127.209
1776882300000,78939.5,78939.5,78851.7,78851.7,145.9628
1776882600000,78851.6,78910.9,78810.0,78850.0,100.9881
1776882900000,78850.0,78920.0,78842.8,78916.2,102.9357
1776883200000,78916.1,78970.0,78910.0,78915.2,560.3741
1776883500000,78915.2,79092.6,78903.3,79058.8,234.635
1776883800000,79058.7,79132.9,79017.0,79029.9,204.1445
1776884100000,79029.8,79029.9,78943.7,78984.0,125.0223
1776884400000,78984.1,79012.0,78700.8,78738.9,482.4714
1776884700000,78738.8,78863.1,78661.0,78728.8,999.6859
1776885000000,78728.8,78820.0,78716.8,78820.0,167.2468
1776885300000,78820.0,78906.5,78786.4,78893.1,197.5855
1776885600000,78893.1,78945.3,78880.0,78945.0,201.5574
1776885900000,78945.0,79028.0,78944.9,78986.0,175.9733
1776886200000,78986.1,79026.9,78868.5,78892.1,168.9435
1776886500000,78892.1,78892.1,78736.7,78825.9,292.805
1776886800000,78825.9,78834.4,78780.0,78818.0,95.8382
1776887100000,78817.9,78850.0,78765.7,78844.7,113.943
1776887400000,78844.8,78885.9,78740.0,78850.1,176.9193
1776887700000,78850.1,78926.8,78783.9,78798.4,181.7392
1776888000000,78798.5,78887.8,78760.3,78863.8,186.3769
1776888300000,78863.8,78870.7,78733.1,78743.1,164.8164
1776888600000,78743.1,78764.5,78700.0,78706.7,160.614
1776888900000,78706.7,78723.8,78594.3,78629.0,258.0785
1776889200000,78629.1,78629.1,78432.0,78526.4,530.0671
1776889500000,78526.5,78569.5,78519.1,78549.6,118.0336
1776889800000,78549.6,78580.5,78507.4,78509.5,93.9355
1776890100000,78509.5,78515.8,78438.2,78491.6,391.3203
1776890400000,78491.7,78535.3,78480.1,78480.1,104.4244
1776890700000,78480.1,78498.9,78433.1,78463.8,238.1969
1776891000000,78463.8,78478.0,78400.0,78400.8,238.7047
1776891300000,78400.8,78468.2,78373.4,78404.0,244.151
1776891600000,78404.1,78514.5,78384.3,78514.5,150.4822
1776891900000,78514.4,78543.0,78501.6,78541.4,84.456
1776892200000,78541.4,78564.8,78518.4,78549.9,103.2603
1776892500000,78549.9,78564.9,78518.4,78524.4,108.5708
1776892800000,78524.3,78558.0,78510.9,78526.6,115.308
1776893100000,78526.6,78543.6,78526.6,78540.0,26.9884
1776893400000,78540.0,78660.0,78540.0,78659.9,195.8803
1776893700000,78659.9,78711.6,78629.8,78711.6,177.6013
1776894000000,78711.6,78714.3,78655.9,78709.8,187.0385
1776894300000,78709.9,78761.9,78699.7,78740.9,283.3524
1776894600000,78740.9,78741.0,78664.7,78702.2,98.996
1776894900000,78702.1,78791.8,78690.1,78715.3,137.6956
1776895200000,78715.3,78771.9,78650.0,78700.0,175.3049
1776895500000,78700.0,78775.3,78683.1,78775.2,144.4257
1776895800000,78775.3,78783.8,78713.3,78715.0,92.3928
1776896100000,78715.0,78724.4,78575.0,78592.6,144.1234
1776896400000,78592.6,78600.3,78540.0,78577.8,111.716
1776896700000,78577.7,78577.8,78487.6,78498.8,92.3949
1776897000000,78498.8,78563.4,78438.1,78450.0,140.5221
1776897300000,78450.0,78511.0,78437.6,78492.3,94.7357
1776897600000,78492.3,78538.5,78460.0,78460.0,53.9184
1776897900000,78460.1,78510.4,78414.2,78463.3,93.9746
1776898200000,78463.2,78533.2,78442.9,78512.1,138.7406
1776898500000,78512.1,78594.3,78486.3,78555.1,99.0118
1776898800000,78555.1,78566.0,78431.6,78460.6,164.1762
1776899100000,78460.5,78514.0,78400.0,78514.0,85.5137
1776899400000,78513.9,78566.0,78513.8,78528.1,60.8568
1776899700000,78528.1,78545.5,78499.0,78499.0,42.4792
1776900000000,78498.9,78498.9,78179.3,78189.5,533.3589
1776900300000,78189.5,78310.4,78160.8,78300.5,378.6077
1776900600000,78300.4,78302.0,78160.3,78213.7,247.3122
1776900900000,78213.8,78266.6,78185.3,78227.1,141.6469
1776901200000,78227.1,78260.0,78180.8,78215.1,114.2942
1776901500000,78215.1,78273.2,78201.7,78237.5,107.9355
1776901800000,78237.6,78256.3,78150.0,78175.7,164.2112
1776902100000,78175.8,78207.8,78112.0,78147.0,255.9407
1776902400000,78147.1,78359.6,78147.0,78300.0,307.9039
1776902700000,78300.0,78308.0,78100.1,78104.4,270.4481
1776903000000,78104.5,78104.5,77850.0,77850.1,1024.5051
1776903300000,77850.0,78400.6,77544.0,78362.4,2448.3582
1776903600000,78362.4,78368.2,78088.1,78213.4,767.5983
1776903900000,78213.4,78444.0,78163.4,78415.6,581.3712
1776904200000,78415.5,78530.0,78280.0,78388.0,476.3945
1776904500000,78387.9,78545.9,78347.0,78440.5,283.6915
1776904800000,78440.5,78449.9,78349.4,78393.8,169.8026
1776905100000,78393.8,78424.5,78232.6,78333.6,393.2128
1776905400000,78333.5,78424.6,78269.9,78320.0,128.1472
1776905700000,78320.0,78399.9,78313.3,78399.9,77.3158
1776906000000,78399.9,78400.0,78266.0,78272.9,185.829
1776906300000,78272.8,78437.0,78272.8,78308.3,399.2797
1776906600000,78308.2,78326.0,78195.0,78232.6,222.9644
1776906900000,78232.6,78237.4,78100.0,78101.2,307.1636
1776907200000,78101.2,78160.6,78015.0,78027.8,281.4747
1776907500000,78027.8,78245.7,78026.8,78055.1,437.5574
1776907800000,78055.1,78180.0,78019.2,78091.5,163.4799
1776908100000,78091.6,78225.0,78091.6,78189.1,186.4926
1776908400000,78189.1,78357.2,78189.1,78249.5,250.9091
1776908700000,78249.6,78347.1,78186.5,78347.0,156.4695
1776909000000,78347.1,78389.0,78258.9,78306.0,200.9268
1776909300000,78306.1,78347.3,78283.9,78314.3,64.6352
1776909600000,78314.4,78320.0,78204.8,78204.9,117.1781
1776909900000,78204.8,78253.8,78160.0,78209.5,167.515
1776910200000,78209.4,78253.8,78117.2,78117.6,104.5955
1776910500000,78117.5,78180.6,78025.8,78062.5,239.622
1776910800000,78062.4,78166.7,78045.5,78050.0,190.2024
1776911100000,78050.0,78086.4,77952.0,77999.0,315.43
1776911400000,77999.1,78025.0,77921.7,77974.4,266.9094
1776911700000,77974.3,78083.2,77773.4,77839.1,923.7003
1776912000000,77839.1,77872.7,77702.1,77837.4,935.247
1776912300000,77837.4,77888.0,77706.0,77793.8,606.9896
1776912600000,77793.7,77978.0,77793.7,77915.0,344.2352
1776912900000,77914.9,77968.8,77870.3,77894.2,152.5183
1776913200000,77894.2,77978.0,77850.0,77936.3,159.0152
1776913500000,77936.3,77936.3,77752.7,77768.9,268.9938
1776913800000,77769.0,77811.2,77663.6,77671.3,529.6212
1776914100000,77671.4,77700.0,77593.2,77621.8,895.0163
1776914400000,77621.8,77686.9,77586.0,77642.7,543.4649
1776914700000,77642.7,77686.5,77592.2,77648.9,209.3363
1776915000000,77648.9,77677.6,77563.0,77570.1,332.7114
1776915300000,77570.0,77632.5,77443.9,77591.9,601.6887
1776915600000,77591.9,77607.3,77425.9,77589.9,371.4975
1776915900000,77589.9,77661.0,77500.0,77556.8,360.0326
1776916200000,77556.8,77689.5,77556.7,77689.5,199.8803
1776916500000,77689.6,77736.7,77610.0,77704.3,407.9885
1776916800000,77704.2,77723.9,77636.4,77715.2,219.6266
1776917100000,77715.2,77748.1,77640.0,77748.1,180.638
1776917400000,77748.1,77839.7,77748.1,77810.6,287.782
1776917700000,77810.5,77887.9,77744.4,77794.7,348.6052
1776918000000,77794.7,77866.7,77738.6,77738.6,180.1633
1776918300000,77738.7,77771.8,77700.0,77755.8,170.8611
1776918600000,77755.9,77870.0,77755.8,77860.8,140.8003
1776918900000,77860.8,77879.3,77813.7,77840.0,174.0383
1776919200000,77840.1,77866.0,77828.1,77828.8,84.7471
1776919500000,77828.9,77879.9,77791.1,77832.1,140.7506
1776919800000,77832.0,77880.0,77790.6,77871.4,88.3616
1776920100000,77871.3,77917.0,77855.0,77873.8,184.9576
1776920400000,77873.8,77971.0,77855.0,77970.8,366.3433
1776920700000,77970.7,77971.0,77909.8,77970.9,173.5209
1776921000000,77971.0,77973.6,77932.5,77940.1,102.7501
1776921300000,77940.0,77949.9,77865.6,77949.9,228.1788
1776921600000,77950.0,77968.0,77890.9,77896.8,123.6736
1776921900000,77896.7,77896.8,77832.4,77855.8,124.6582
1776922200000,77855.8,77863.0,77727.7,77798.7,323.7899
1776922500000,77798.6,77840.0,77740.0,77754.2,173.7084
1776922800000,77754.3,77830.8,77744.4,77824.5,81.4241
1776923100000,77824.5,77950.0,77814.2,77941.3,161.4784
1776923400000,77941.2,78080.0,77926.8,77941.1,537.6277
1776923700000,77941.1,78015.6,77941.1,77990.9,138.1091
1776924000000,77990.8,78080.0,77990.8,78073.2,234.9332
1776924300000,78073.2,78236.7,78073.1,78180.1,641.0502
1776924600000,78180.0,78226.9,78133.2,78149.9,253.9684
1776924900000,78149.9,78200.0,78123.7,78123.7,196.0525
1776925200000,78123.8,78289.0,78100.0,78253.0,462.1907
1776925500000,78253.0,78278.7,78223.2,78228.9,218.4155
1776925800000,78228.9,78299.3,78219.3,78225.0,248.1934
1776926100000,78225.0,78225.1,78163.8,78166.7,255.2581
1776926400000,78166.7,78179.9,78088.0,78126.4,188.1237
1776926700000,78126.3,78126.4,78041.8,78041.9,226.401
1776927000000,78041.9,78195.5,78041.8,78147.7,259.6168
1776927300000,78147.6,78173.2,78117.0,78158.0,118.5862
1776927600000,78158.0,78200.2,78079.4,78141.4,278.4844
1776927900000,78141.4,78198.0,78106.5,78118.1,167.9881
1776928200000,78118.2,78180.6,78075.4,78093.6,128.7522
1776928500000,78093.5,78111.9,78060.4,78095.0,89.9817
1776928800000,78094.9,78140.0,78069.9,78110.0,148.775
1776929100000,78110.1,78140.0,78082.9,78108.3,69.4068
1776929400000,78108.2,78130.8,78073.7,78109.8,66.5074
1776929700000,78109.8,78121.3,77980.0,78071.8,193.0821
1776930000000,78071.9,78102.0,78033.3,78050.2,101.686
1776930300000,78050.1,78081.9,77965.9,78076.4,200.2717
1776930600000,78076.5,78107.9,77936.1,77951.5,208.3351
1776930900000,77951.4,78004.0,77951.4,78004.0,129.532
1776931200000,78004.0,78004.9,77936.0,77942.4,185.0819
1776931500000,77942.5,78029.7,77864.0,78028.5,300.8996
1776931800000,78028.5,78142.0,78001.0,78067.0,188.9373
1776932100000,78067.1,78077.2,77987.4,78062.4,186.5248
1776932400000,78062.4,78087.9,77938.0,77948.0,129.2672
1776932700000,77948.0,77999.0,77920.0,77937.6,102.0988
1776933000000,77937.7,77941.8,77780.0,77821.5,280.4167
1776933300000,77821.5,77855.7,77749.4,77768.2,299.8453
1776933600000,77768.3,77773.9,77684.0,77703.7,536.5076
1776933900000,77703.7,77812.4,77689.7,77789.1,344.5862
1776934200000,77789.1,77848.0,77775.8,77824.6,383.3616
1776934500000,77824.6,77855.3,77816.2,77816.3,144.877
1776934800000,77816.2,77822.9,77583.4,77606.4,386.2247
1776935100000,77606.5,77661.8,77366.5,77512.8,1380.1457
1776935400000,77512.8,77554.4,77429.6,77550.5,490.6508
1776935700000,77550.5,77678.2,77537.8,77632.1,493.5529
1776936000000,77632.0,77639.9,77470.0,77496.8,461.2225
1776936300000,77496.8,77588.5,77496.8,77588.5,187.954
1776936600000,77588.6,77645.8,77588.6,77631.4,233.9034
1776936900000,77631.5,77656.3,77610.0,77656.3,115.342
1776937200000,77656.2,77732.5,77656.2,77690.0,214.0723
1776937500000,77690.0,77719.2,77500.2,77586.8,255.4332
1776937800000,77586.9,77616.0,77557.2,77584.6,115.8462
1776938100000,77584.7,77626.2,77578.6,77619.0,91.2235
1776938400000,77619.0,77684.0,77581.0,77581.0,203.5077
1776938700000,77581.1,77581.1,77150.0,77279.6,2307.6755
1776939000000,77279.5,77285.6,77130.6,77184.7,880.9754
1776939300000,77184.8,77321.7,77170.1,77281.2,426.7343
1776939600000,77281.2,77366.7,77254.6,77287.1,388.1744
1776939900000,77287.1,77363.7,77287.0,77356.2,194.5453
1776940200000,77356.1,77410.0,77307.1,77374.5,319.9045
1776940500000,77374.5,77417.5,77323.5,77400.0,142.5398
1776940800000,77400.0,77403.6,77341.1,77341.9,104.2056
1776941100000,77342.0,77442.6,77326.0,77330.0,165.4432
1776941400000,77329.9,77364.0,77283.8,77288.5,130.8087
1776941700000,77288.5,77400.0,77265.8,77370.3,250.7336
1776942000000,77370.4,77472.6,77370.4,77465.1,228.8324
1776942300000,77465.1,77469.4,77366.7,77411.2,129.0813
1776942600000,77411.1,77438.5,77328.6,77366.1,112.8978
1776942900000,77366.0,77440.8,77357.0,77410.6,107.3705
1776943200000,77410.7,77460.0,77410.6,77454.9,103.5962
1776943500000,77455.0,77472.0,77400.0,77438.2,143.0289
1776943800000,77438.3,77459.2,77354.1,77354.1,119.6937
1776944100000,77354.1,77546.6,77354.1,77500.0,381.4966
1776944400000,77499.9,77561.2,77480.0,77555.0,166.5741
1776944700000,77554.9,77658.0,77550.2,77565.6,521.9806
1776945000000,77565.5,77670.1,77562.8,77670.0,206.8454
1776945300000,77670.0,77717.9,77642.3,77659.3,403.4766
1776945600000,77659.3,77758.5,77659.2,77731.6,422.9361
1776945900000,77731.6,77841.7,77701.0,77722.9,499.7556
1776946200000,77722.8,77771.6,77672.3,77684.3,321.1308
1776946500000,77684.3,77696.7,77606.1,77643.1,323.1091
1776946800000,77643.0,77710.6,77576.9,77710.5,192.4737
1776947100000,77710.5,77757.5,77666.0,77735.5,226.505
1776947400000,77735.4,77785.8,77680.1,77719.2,163.2745
1776947700000,77719.2,77759.2,77710.5,77742.7,97.2138
1776948000000,77742.7,77829.0,77721.4,77721.6,187.6208
1776948300000,77721.7,77790.6,77476.7,77637.2,1104.664
1776948600000,77637.2,77698.0,77566.0,77644.5,185.1678
1776948900000,77644.5,77842.4,77644.5,77819.4,471.0775
1776949200000,77819.5,77871.8,77733.0,77780.0,298.328
1776949500000,77780.0,77795.0,77711.0,77773.8,98.193
1776949800000,77773.7,77790.4,77601.0,77621.5,466.5063
1776950100000,77621.6,77683.7,77564.5,77640.6,218.2808
1776950400000,77640.6,77672.5,77613.8,77637.1,149.5181
1776950700000,77637.1,77655.3,77527.0,77555.7,231.8388
1776951000000,77555.6,77641.2,77495.0,77574.2,344.9408
1776951300000,77574.1,77658.4,77491.7,77540.5,317.5643
1776951600000,77540.6,77613.6,77490.0,77504.9,275.5648
1776951900000,77504.9,77632.6,77453.2,77574.1,363.8865
1776952200000,77574.1,77579.0,77350.0,77392.6,451.2889
1776952500000,77392.6,77538.3,77376.4,77494.2,370.5745
1776952800000,77494.2,77597.7,77380.0,77559.9,312.3175
1776953100000,77559.9,77625.0,77440.0,77571.0,402.7138
1776953400000,77571.0,77575.9,77440.0,77487.7,101.5886
1776953700000,77487.6,77573.0,77450.7,77455.3,181.6399
1776954000000,77455.3,77737.8,77440.3,77697.6,401.6232
1776954300000,77697.6,77927.5,77667.0,77698.2,944.2841
1776954600000,77698.2,77874.0,77698.2,77777.4,382.728
1776954900000,77777.3,77941.8,77740.3,77794.2,654.0787
1776955200000,77794.3,77883.6,77731.0,77855.9,209.9396
1776955500000,77855.9,77965.0,77810.4,77815.0,447.5188
1776955800000,77815.0,78042.0,77804.2,78002.6,729.4496
1776956100000,78002.5,78167.4,78002.5,78135.2,944.6731
1776956400000,78135.1,78148.9,77954.4,77965.4,459.1612
1776956700000,77965.4,78028.4,77932.1,77971.6,596.7815
1776957000000,77971.7,78100.0,77971.7,78063.6,173.8888
1776957300000,78063.6,78443.4,78011.4,78351.5,2379.7364
1776957600000,78351.5,78620.0,78336.0,78527.1,1744.8859
1776957900000,78527.0,78532.8,78333.0,78340.0,1080.0331
1776958200000,78340.0,78457.7,78257.0,78449.9,747.2873
1776958500000,78450.0,78508.2,78372.4,78508.2,448.9485
1776958800000,78508.1,78555.0,78426.5,78437.8,449.4274
1776959100000,78437.8,78437.8,78219.0,78332.9,717.1356
1776959400000,78332.9,78333.0,78228.7,78251.0,694.6071
1776959700000,78250.9,78391.0,78250.0,78331.3,306.0373
1776960000000,78331.2,78403.4,78270.7,78285.9,398.5847
1776960300000,78285.9,78470.0,78266.0,78351.5,301.8648
1776960600000,78351.5,78413.7,78250.0,78258.1,187.8563
1776960900000,78258.0,78368.0,78250.0,78366.4,175.4053
1776961200000,78366.4,78377.7,78200.0,78338.8,365.5826
1776961500000,78338.9,78398.2,78250.0,78250.1,134.8017
1776961800000,78250.0,78385.6,78226.5,78367.6,104.7906
1776962100000,78367.6,78415.0,78272.7,78272.8,216.1822
1776962400000,78272.7,78320.0,78249.6,78278.7,317.1104
1776962700000,78278.7,78315.7,78244.0,78276.8,198.3509
1776963000000,78276.7,78310.0,78060.0,78060.0,688.8446
1776963300000,78060.1,78115.8,77974.9,78051.7,586.775
1776963600000,78051.7,78138.4,77850.4,77884.6,1639.5833
1776963900000,77884.7,77897.4,77666.0,77691.0,867.9075
1776964200000,77690.9,77872.2,77633.9,77800.7,713.9176
1776964500000,77800.7,77808.4,77507.4,77591.7,975.511
1776964800000,77591.7,77688.0,77520.0,77610.6,447.1356
1776965100000,77610.7,77813.8,77543.2,77553.6,449.234
1776965400000,77553.6,77649.2,77468.0,77629.3,444.3514
1776965700000,77629.4,77686.0,77156.9,77224.9,1265.3184
1776966000000,77225.0,77230.7,76927.0,77149.6,2158.8677
1776966300000,77149.6,77332.5,76911.1,77260.0,1474.5714
1776966600000,77260.0,77750.0,77183.7,77621.2,1440.7444
1776966900000,77621.3,77763.9,77573.1,77717.9,732.6608
1776967200000,77717.9,77968.3,77690.9,77743.6,942.2091
1776967500000,77743.6,78081.6,77698.1,77917.7,913.9428
1776967800000,77917.7,78100.0,77910.8,77917.4,523.2457
1776968100000,77917.4,78017.8,77845.0,77850.1,415.4859
1776968400000,77850.0,77932.1,77781.5,77877.2,298.2944
1776968700000,77877.2,77893.7,77814.6,77865.0,230.8506
1776969000000,77864.9,78012.6,77864.9,77935.1,162.7502
1776969300000,77935.0,78076.7,77925.0,78016.0,249.4931
1776969600000,78016.0,78050.0,77952.5,77984.4,485.7969
1776969900000,77984.4,78004.6,77822.5,77822.5,426.0734
1776970200000,77822.5,77870.1,77727.8,77844.0,457.2825
1776970500000,77843.9,77844.0,77628.6,77636.3,545.8945
1776970800000,77636.3,77704.6,77557.2,77583.1,301.5348
1776971100000,77583.1,77732.9,77583.1,77658.5,203.8067
1776971400000,77658.5,77710.6,77626.2,77663.1,208.8528
1776971700000,77663.2,77846.5,77663.2,77788.5,227.1821
1776972000000,77788.6,77855.3,77751.6,77754.8,119.6886
1776972300000,77754.9,77840.0,77754.9,77806.2,120.9062
1776972600000,77806.2,77850.0,77640.7,77666.2,79.2571
1776972900000,77666.1,77729.8,77600.0,77649.8,187.1394
1776973200000,77649.8,77689.8,77602.0,77602.0,103.6269
1776973500000,77602.1,77762.2,77602.1,77740.1,103.752
1776973800000,77740.0,77783.5,77565.0,77684.0,411.3852
1776974100000,77684.0,77747.6,77662.0,77674.2,390.006
1776974400000,77674.1,77819.7,77601.9,77819.7,229.1174
1776974700000,77819.7,77875.8,77789.0,77856.4,175.2772
1776975000000,77856.5,77868.9,77742.4,77758.2,76.0994
1776975300000,77758.3,77791.3,77633.3,77740.1,217.8812
1776975600000,77740.2,77757.0,77661.7,77725.3,130.1302
1776975900000,77725.3,77738.0,77672.0,77694.7,282.6663
1776976200000,77694.8,77847.8,77682.0,77816.3,97.7178
1776976500000,77816.2,77940.4,77784.6,77940.4,181.5047
1776976800000,77940.3,78023.8,77912.0,77952.5,244.0055
1776977100000,77952.5,77988.3,77876.0,77876.0,97.3494
1776977400000,77876.1,77924.6,77842.8,77848.9,63.9275
1776977700000,77848.9,77868.8,77803.0,77844.9,111.6014
1776978000000,77844.9,77848.1,77787.9,77802.7,75.9622
1776978300000,77802.6,77833.9,77790.9,77806.4,38.3776
1776978600000,77806.4,77879.1,77804.0,77840.0,93.6164
1776978900000,77840.0,77866.1,77816.8,77831.5,33.2117
1776979200000,77831.6,77833.8,77760.0,77812.8,52.2457
1776979500000,77812.8,77886.8,77800.2,77886.8,32.2192
1776979800000,77886.7,77962.7,77886.7,77958.9,140.945
1776980100000,77958.8,78000.0,77949.5,77954.0,85.2426
1776980400000,77954.1,78038.0,77930.4,78027.7,201.5677
1776980700000,78027.7,78027.7,77966.4,77983.3,47.3402
1776981000000,77983.3,77983.3,77946.9,77967.9,33.6245
1776981300000,77967.9,77968.0,77823.1,77828.5,108.7574
1776981600000,77828.4,77980.0,77825.6,77966.2,142.9551
1776981900000,77966.2,78145.5,77966.2,78045.0,435.9479
1776982200000,78045.0,78118.4,77995.0,78014.5,102.8254
1776982500000,78014.5,78228.3,78000.3,78179.9,309.3022
1776982800000,78180.0,78216.4,78105.2,78155.8,126.6532
1776983100000,78155.8,78225.2,78103.8,78129.2,115.8433
1776983400000,78129.2,78213.8,78129.2,78173.8,131.4754
1776983700000,78173.8,78240.8,78173.8,78198.9,139.2137
1776984000000,78198.9,78273.1,78177.8,78272.8,152.914
1776984300000,78272.8,78299.7,78220.0,78245.6,138.2292
1776984600000,78245.6,78247.1,78195.0,78231.8,61.3138
1776984900000,78231.7,78237.0,78151.5,78191.0,131.7522
1776985200000,78191.0,78191.1,78143.4,78158.2,182.4937
1776985500000,78158.1,78179.9,78113.3,78113.3,146.5309
1776985800000,78113.3,78113.4,78034.6,78041.8,147.6441
1776986100000,78041.9,78058.5,77976.5,78030.5,202.9349
1776986400000,78030.5,78111.9,78019.0,78089.9,89.2844
1776986700000,78089.9,78110.0,78053.0,78097.3,51.4862
1776987000000,78097.3,78137.3,78080.8,78122.2,82.3102
1776987300000,78122.3,78187.2,78114.4,78168.6,89.1816
1776987600000,78168.5,78237.6,78168.5,78210.1,148.5709
1776987900000,78210.0,78263.2,78174.4,78207.0,107.4583
1776988200000,78207.1,78250.0,78200.0,78200.0,101.6526
1776988500000,78200.0,78211.0,78186.6,78209.7,62.241
1776988800000,78209.8,78253.8,78126.1,78126.1,149.4562
1776989100000,78126.1,78325.0,78120.0,78280.3,154.2452
1776989400000,78280.3,78280.4,78220.0,78248.5,68.7633
1776989700000,78248.5,78332.9,78205.9,78312.8,121.146
1776990000000,78312.8,78431.6,78300.0,78300.0,461.1213
1776990300000,78300.0,78398.1,78300.0,78362.6,86.5647
1776990600000,78362.7,78418.1,78350.0,78399.9,160.397
1776990900000,78399.9,78449.6,78378.3,78403.6,176.194
1776991200000,78403.6,78403.7,78321.5,78333.3,129.1163
1776991500000,78333.3,78425.0,78333.1,78392.7,96.3183
1776991800000,78392.7,78416.7,78321.1,78345.9,101.1974
1776992100000,78346.0,78379.4,78269.1,78379.4,214.8361
1776992400000,78379.3,78379.3,78200.1,78200.1,331.9967
1776992700000,78200.2,78200.2,78020.7,78100.0,451.5881
1776993000000,78100.0,78144.8,78093.8,78114.4,171.7739
1776993300000,78114.3,78137.9,78030.0,78030.0,191.605
1776993600000,78030.1,78040.0,77958.0,77994.9,396.6541
1776993900000,77994.9,78050.9,77989.0,77991.4,197.1519
1776994200000,77991.3,78019.7,77905.7,78007.8,182.0752
1776994500000,78007.8,78098.1,77982.0,78057.9,186.631
1776994800000,78057.9,78103.0,77979.1,78008.2,162.7916
1776995100000,78008.3,78289.2,77989.1,78250.0,780.8907
1776995400000,78250.0,78465.3,78250.0,78351.3,1251.4673
1776995700000,78351.3,78424.5,78351.2,78390.1,373.3722
1776996000000,78390.0,78546.9,78369.3,78388.0,740.9242
1776996300000,78388.1,78388.1,78288.1,78304.5,307.1318
1776996600000,78304.5,78397.1,78266.0,78364.6,487.4897
1776996900000,78364.6,78374.0,78316.6,78316.7,115.9844
1776997200000,78316.6,78327.4,78229.9,78229.9,275.7849
1776997500000,78230.0,78271.7,78216.5,78232.7,118.9264
1776997800000,78232.7,78284.7,78221.5,78275.3,229.3249
1776998100000,78275.3,78327.8,78239.5,78286.6,173.8931
1776998400000,78286.7,78387.7,78268.1,78382.8,133.5265
1776998700000,78382.8,78405.0,78288.6,78333.9,166.2999
1776999000000,78333.9,78350.0,78038.5,78105.0,591.3084
1776999300000,78105.1,78135.7,78062.0,78092.3,239.9624
1776999600000,78092.3,78134.6,78046.2,78107.7,224.5909
1776999900000,78107.7,78128.0,78060.0,78113.2,143.638
1777000200000,78113.2,78152.8,78070.6,78104.3,124.866
1777000500000,78104.2,78104.2,77988.0,78026.3,532.4061
1777000800000,78026.4,78026.4,77644.9,77679.0,1412.722
1777001100000,77679.1,77843.9,77679.1,77720.1,496.6086
1777001400000,77720.0,77722.3,77521.0,77568.2,989.9008
1777001700000,77568.3,77681.8,77566.8,77643.5,359.8972
1777002000000,77643.6,77654.6,77587.5,77611.0,249.297
1777002300000,77611.0,77704.5,77602.4,77649.4,220.9244
1777002600000,77649.3,77713.5,77634.9,77687.6,144.3958
1777002900000,77687.7,77709.4,77666.0,77702.2,121.8012
1777003200000,77702.3,77704.1,77652.0,77656.6,205.0519
1777003500000,77656.5,77700.0,77650.0,77660.1,158.5994
1777003800000,77660.0,77739.5,77650.0,77696.3,407.6705
1777004100000,77696.4,77730.3,77642.7,77715.0,208.2116
1777004400000,77715.0,77843.1,77712.6,77789.4,482.7189
1777004700000,77789.3,77789.3,77568.1,77568.8,334.0388
1777005000000,77568.7,77627.6,77554.4,77561.9,364.6122
1777005300000,77561.9,77633.7,77435.4,77527.2,443.7298
1777005600000,77527.3,77600.0,77496.9,77600.0,252.6822
1777005900000,77600.1,77708.2,77563.4,77687.8,260.7263
1777006200000,77687.8,77698.6,77642.6,77642.6,161.0829
1777006500000,77642.6,77658.8,77628.2,77628.3,54.4786
1777006800000,77628.3,77661.7,77615.0,77625.8,162.7884
1777007100000,77625.8,77625.8,77550.2,77573.4,144.7861
1777007400000,77573.4,77579.2,77517.0,77517.9,153.5517
1777007700000,77517.9,77556.8,77400.7,77475.8,301.8472
1777008000000,77475.8,77550.0,77462.1,77533.9,180.1124
1777008300000,77533.9,77614.7,77523.0,77600.0,151.8596
1777008600000,77600.0,77674.5,77600.0,77652.1,187.4319
1777008900000,77652.0,77684.8,77630.1,77678.6,114.8465
1777009200000,77678.7,77718.4,77664.4,77671.7,189.3725
1777009500000,77671.7,77750.0,77671.7,77743.5,162.3609
1777009800000,77743.5,77822.0,77743.4,77747.0,275.2837
1777010100000,77747.0,77997.8,77734.3,77909.9,807.464
1777010400000,77909.9,77949.5,77859.1,77880.1,241.767
1777010700000,77880.0,77899.9,77844.4,77883.1,161.6279
1777011000000,77883.1,77908.0,77857.5,77902.8,96.4585
1777011300000,77902.9,77919.0,77861.0,77918.9,175.2707
1777011600000,77919.0,77919.0,77840.0,77845.0,120.0009
1777011900000,77845.1,77845.1,77768.7,77790.2,185.4767
1777012200000,77790.2,77828.1,77718.4,77801.1,197.1041
1777012500000,77801.0,77801.0,77714.6,77786.8,94.8315
1777012800000,77786.9,77846.0,77771.0,77771.0,119.9363
1777013100000,77771.0,77812.4,77749.0,77812.4,81.6469
1777013400000,77812.4,77871.9,77805.6,77832.5,78.5385
1777013700000,77832.5,77832.6,77736.6,77741.1,82.8351
1777014000000,77741.1,77760.0,77712.6,77746.8,103.7884
1777014300000,77746.7,77811.0,77746.7,77765.5,84.2768
1777014600000,77765.5,77792.6,77702.4,77714.0,69.2936
1777014900000,77713.9,77734.7,77650.0,77652.4,222.464
1777015200000,77652.4,77666.0,77617.3,77617.4,147.3382
1777015500000,77617.3,77684.5,77610.0,77684.4,182.175
1777015800000,77684.4,77698.0,77610.1,77612.4,194.419
1777016100000,77612.5,77624.1,77577.5,77624.1,264.805
1777016400000,77624.0,77642.8,77600.2,77612.5,178.6645
1777016700000,77612.6,77696.3,77612.5,77677.5,290.227
1777017000000,77677.5,77708.4,77622.5,77624.6,395.9628
1777017300000,77624.6,77640.0,77504.9,77623.0,380.4901
1777017600000,77623.1,77649.2,77534.8,77550.1,220.9913
1777017900000,77550.1,77633.3,77540.0,77602.9,152.3355
1777018200000,77602.8,77662.2,77595.0,77656.8,135.3151
1777018500000,77656.8,77863.0,77656.8,77800.1,432.9181
1777018800000,77800.1,77975.0,77763.9,77880.8,560.6185
1777019100000,77880.7,77880.7,77816.2,77822.1,138.8613
1777019400000,77822.1,77822.1,77738.9,77748.9,120.5407
1777019700000,77748.9,77773.9,77709.0,77773.1,132.8417
1777020000000,77773.0,77787.0,77700.0,77708.6,79.6361
1777020300000,77708.5,77822.1,77708.5,77807.9,137.4306
1777020600000,77807.9,77842.5,77776.6,77819.2,207.2882
1777020900000,77819.2,77819.3,77730.3,77746.3,148.1715
1777021200000,77746.3,77784.8,77642.8,77651.5,256.2315
1777021500000,77651.5,77651.6,77328.5,77417.0,1247.7918
1777021800000,77417.0,77492.1,77388.0,77487.9,403.6284
1777022100000,77488.0,77589.0,77450.0,77532.8,410.9664
1777022400000,77532.8,77542.3,77426.9,77465.1,342.0409
1777022700000,77465.1,77499.9,77428.1,77461.8,137.9178
1777023000000,77461.8,77504.9,77388.0,77465.1,199.1721
1777023300000,77465.1,77536.4,77465.0,77503.0,108.0001
1777023600000,77503.0,77551.5,77502.9,77551.5,136.9908
1777023900000,77551.4,77551.5,77472.2,77477.4,93.8669
1777024200000,77477.3,77540.5,77444.2,77540.4,177.8085
1777024500000,77540.4,77540.5,77486.0,77499.5,69.4098
1777024800000,77499.5,77500.0,77425.4,77471.8,161.1576
1777025100000,77471.7,77476.4,77409.8,77476.4,177.3037
1777025400000,77476.3,77498.4,77431.0,77476.6,81.4024
1777025700000,77476.5,77563.6,77476.5,77535.7,134.4011
1777026000000,77535.6,77622.0,77529.3,77620.1,156.0594
1777026300000,77620.1,77723.0,77620.0,77641.7,312.0511
1777026600000,77641.7,77648.9,77575.5,77599.9,156.3047
1777026900000,77599.9,77664.0,77591.8,77607.9,97.4663
1777027200000,77607.9,77631.4,77580.1,77610.9,62.0554
1777027500000,77610.9,77694.2,77570.0,77635.9,152.738
1777027800000,77635.9,77678.0,77620.0,77678.0,93.5632
1777028100000,77677.9,77745.9,77677.9,77709.8,291.592
1777028400000,77709.8,77988.0,77709.8,77912.3,1087.5754
1777028700000,77912.4,78255.2,77887.9,78070.1,1604.8185
1777029000000,78070.1,78187.2,78070.1,78172.3,540.712
1777029300000,78172.4,78186.5,78060.2,78065.3,374.8398
1777029600000,78065.4,78265.3,78057.4,78213.8,756.8749
1777029900000,78213.9,78288.0,78136.0,78287.8,547.181
1777030200000,78287.8,78347.1,78223.7,78336.2,751.8914
1777030500000,78336.1,78336.1,78175.2,78233.8,678.8821
1777030800000,78233.8,78275.0,78218.5,78250.9,180.7756
1777031100000,78250.8,78250.9,78140.1,78187.1,596.6777
1777031400000,78187.1,78207.7,78160.0,78165.2,145.4642
1777031700000,78165.2,78224.9,78127.3,78191.3,183.4658
1777032000000,78191.3,78282.3,78172.1,78172.1,292.5445
1777032300000,78172.1,78226.1,78140.0,78169.6,132.0385
1777032600000,78169.6,78280.0,78169.6,78267.0,207.1707
1777032900000,78267.0,78289.0,78166.0,78224.6,198.8051
1777033200000,78224.6,78299.6,78143.2,78292.1,140.7635
1777033500000,78292.0,78292.0,78195.9,78230.6,117.0861
1777033800000,78230.7,78237.7,78145.0,78167.6,129.4067
1777034100000,78167.7,78222.6,78119.1,78161.3,187.0543
1777034400000,78161.3,78242.2,78133.3,78144.1,148.0997
1777034700000,78144.2,78238.9,78083.8,78093.9,183.7018
1777035000000,78094.0,78100.0,77956.3,77992.1,790.0904
1777035300000,77992.2,78249.0,77992.1,78233.3,352.969
1777035600000,78233.2,78368.8,78233.2,78326.1,512.331
1777035900000,78326.1,78383.9,78275.9,78335.1,616.7732
1777036200000,78335.2,78440.0,78291.0,78307.0,370.9856
1777036500000,78307.0,78350.0,78236.5,78350.0,168.177
1777036800000,78350.0,78350.0,78181.1,78203.4,203.3509
1777037100000,78203.4,78203.4,78103.7,78125.0,218.8654
1777037400000,78125.1,78262.3,78008.0,78209.4,964.6994
1777037700000,78209.3,78250.0,78060.5,78210.2,335.4719
1777038000000,78210.3,78238.0,78065.0,78146.8,222.463
1777038300000,78146.9,78206.2,78000.4,78072.5,344.5455
1777038600000,78072.6,78093.7,77950.0,77966.1,648.8122
1777038900000,77966.2,78078.4,77864.8,78051.9,1075.7848
1777039200000,78051.8,78051.8,77753.9,77863.5,786.1926
1777039500000,77863.6,77960.0,77744.1,77925.1,406.2093
1777039800000,77925.1,78042.3,77813.5,77836.0,310.1032
1777040100000,77836.1,77987.5,77814.1,77918.9,202.7653
1777040400000,77918.9,77966.0,77830.0,77830.1,280.9314
1777040700000,77830.1,77830.1,77643.2,77672.2,655.7662
1777041000000,77672.3,77818.2,77638.0,77808.1,510.1603
1777041300000,77808.1,77962.0,77785.0,77937.8,438.5517
1777041600000,77937.9,77971.1,77852.1,77929.6,262.9397
1777041900000,77929.6,78017.4,77833.4,77882.7,233.4316
1777042200000,77882.6,77972.9,77866.8,77972.8,92.2726
1777042500000,77972.9,78013.3,77945.8,77990.5,169.1554
1777042800000,77990.4,77991.5,77800.0,77810.0,225.4793
1777043100000,77810.0,77810.0,77524.4,77601.0,2031.6412
1777043400000,77601.0,77737.7,77594.9,77694.1,631.9165
1777043700000,77694.0,77766.8,77649.8,77663.3,360.5873
1777044000000,77663.4,77838.1,77663.3,77780.1,231.4776
1777044300000,77780.0,77820.0,77753.8,77784.7,266.0638
1777044600000,77784.6,77846.4,77743.9,77787.6,309.2434
1777044900000,77787.6,77787.6,77678.1,77695.4,100.0909
1777045200000,77695.4,77980.3,77689.7,77946.3,321.7739
1777045500000,77946.3,78200.0,77875.0,77914.1,1245.5844
1777045800000,77914.0,78055.1,77904.8,77960.3,269.3562
1777046100000,77960.3,78027.0,77929.7,78006.8,131.2837
1777046400000,78006.8,78033.9,77890.7,77940.1,330.9198
1777046700000,77940.1,78013.8,77801.6,77835.0,312.7611
1777047000000,77835.0,77929.9,77750.1,77750.2,160.5729
1777047300000,77750.1,77762.2,77652.5,77689.1,510.9268
1777047600000,77689.1,77710.0,77600.0,77710.0,309.7503
1777047900000,77710.0,77729.0,77639.4,77684.4,223.43
1777048200000,77684.4,77848.0,77684.4,77836.7,275.7829
1777048500000,77836.8,77871.5,77726.3,77744.5,208.8815
1777048800000,77744.6,77761.5,77550.0,77676.5,358.7362
1777049100000,77676.5,77715.3,77591.2,77600.6,261.382
1777049400000,77600.6,77697.3,77600.0,77697.3,357.3634
1777049700000,77697.3,77755.0,77629.0,77733.5,168.2747
1777050000000,77733.5,77733.5,77619.5,77644.3,423.6816
1777050300000,77644.3,77667.0,77560.0,77625.4,292.006
1777050600000,77625.5,77734.0,77580.4,77718.8,512.1931
1777050900000,77718.8,77722.3,77578.7,77593.2,136.0223
1777051200000,77593.2,77604.5,77555.0,77583.3,234.9842
1777051500000,77583.3,77679.1,77560.4,77640.8,127.2331
1777051800000,77640.8,77680.2,77450.0,77467.5,983.2928
1777052100000,77467.5,77572.9,77463.5,77481.4,160.5716
1777052400000,77481.4,77584.9,77481.4,77564.4,83.4836
1777052700000,77564.4,77615.7,77520.0,77574.7,100.2238
1777053000000,77574.6,77794.4,77574.6,77714.8,366.2576
1777053300000,77714.8,77776.9,77611.7,77648.3,350.0025
1777053600000,77648.4,77695.8,77596.7,77632.4,132.5523
1777053900000,77632.4,77632.4,77562.0,77587.2,104.6055
1777054200000,77587.2,77645.0,77483.5,77490.7,214.7712
1777054500000,77490.7,77490.7,77309.6,77381.0,877.3854
1777054800000,77381.0,77483.6,77369.5,77468.2,207.3836
1777055100000,77468.1,77514.9,77445.0,77462.2,88.2606
1777055400000,77462.2,77576.0,77432.5,77549.8,129.4726
1777055700000,77549.9,77606.8,77507.8,77507.9,146.1057
1777056000000,77507.8,77549.9,77474.5,77538.9,107.6469
1777056300000,77538.9,77583.4,77515.0,77520.1,75.2554
1777056600000,77520.0,77562.5,77507.7,77547.6,93.8253
1777056900000,77547.6,77596.8,77529.4,77582.6,85.9957
1777057200000,77582.7,77715.6,77582.7,77612.9,199.8271
1777057500000,77613.0,77634.0,77539.0,77570.2,85.832
1777057800000,77570.3,77580.1,77540.0,77568.6,52.6594
1777058100000,77568.7,77640.5,77568.6,77603.2,51.5007
1777058400000,77603.1,77621.0,77529.4,77529.5,59.5767
1777058700000,77529.5,77549.4,77485.1,77540.9,122.8549
1777059000000,77541.0,77617.9,77523.4,77586.7,187.42
1777059300000,77586.8,77618.8,77525.0,77600.0,301.4513
1777059600000,77600.0,77624.4,77579.3,77585.7,53.7772
1777059900000,77585.7,77595.2,77541.0,77544.0,79.0126
1777060200000,77544.0,77587.6,77500.0,77576.9,314.2035
1777060500000,77576.9,77612.0,77555.6,77600.0,186.2338
1777060800000,77599.9,77617.0,77500.0,77546.7,335.0016
1777061100000,77546.7,77572.5,77509.1,77535.3,140.3792
1777061400000,77535.3,77608.4,77535.2,77608.4,57.717
1777061700000,77608.3,77623.0,77518.9,77535.6,97.4563
1777062000000,77535.6,77574.1,77471.7,77471.7,102.159
1777062300000,77471.8,77523.4,77412.3,77494.7,114.9382
1777062600000,77494.6,77546.4,77494.6,77527.0,33.1881
1777062900000,77527.0,77631.2,77526.9,77625.9,142.5411
1777063200000,77625.9,77638.0,77585.1,77585.2,58.375
1777063500000,77585.2,77637.5,77585.1,77615.0,53.0541
1777063800000,77615.0,77633.7,77602.3,77630.0,43.9095
1777064100000,77629.9,77726.3,77629.9,77691.8,186.146
1777064400000,77691.7,77700.0,77660.3,77699.9,250.0481
1777064700000,77700.0,77716.0,77660.4,77674.4,156.3037
1777065000000,77674.5,77702.6,77553.5,77553.5,285.0294
1777065300000,77553.5,77599.9,77545.0,77599.8,82.75
1777065600000,77599.9,77600.2,77541.0,77598.7,73.76
1777065900000,77598.7,77618.0,77561.2,77577.2,73.8442
1777066200000,77577.1,77589.6,77533.0,77567.9,61.267
1777066500000,77567.9,77581.8,77510.0,77547.4,52.0479
1777066800000,77547.4,77587.2,77514.9,77519.7,69.4487
1777067100000,77519.8,77560.0,77502.8,77539.3,21.7515
1777067400000,77539.3,77549.3,77512.7,77530.9,37.4932
1777067700000,77530.8,77546.3,77500.0,77500.0,78.3444
1777068000000,77500.1,77560.0,77468.7,77517.9,319.6009
1777068300000,77517.9,77557.2,77503.4,77503.5,103.3256
1777068600000,77503.4,77563.4,77492.6,77563.3,93.6144
1777068900000,77563.4,77563.4,77534.6,77559.6,40.1259
1777069200000,77559.6,77570.6,77535.3,77541.3,142.1942
1777069500000,77541.4,77541.4,77500.0,77500.1,108.7864
1777069800000,77500.0,77500.1,77418.0,77420.7,209.429
1777070100000,77420.6,77459.4,77202.2,77266.6,869.8781
1777070400000,77266.7,77318.2,77230.1,77232.2,624.8255
1777070700000,77232.2,77335.7,77232.1,77277.8,505.3466
1777071000000,77277.9,77336.7,77266.1,77266.2,246.5312
1777071300000,77266.2,77300.4,77266.1,77283.0,108.7024
1777071600000,77283.0,77327.5,77283.0,77313.7,150.5136
1777071900000,77313.7,77339.7,77309.6,77324.8,73.959
1777072200000,77324.8,77357.8,77324.8,77330.8,116.0582
1777072500000,77330.8,77345.0,77322.2,77342.2,93.4764
1777072800000,77342.2,77342.2,77289.3,77318.1,165.9636
1777073100000,77318.0,77371.1,77318.0,77363.8,107.957
1777073400000,77363.7,77408.0,77340.6,77389.6,139.3384
1777073700000,77389.6,77406.7,77366.8,77375.4,136.6
1777074000000,77375.5,77398.0,77375.4,77387.6,57.1036
1777074300000,77387.6,77387.6,77366.8,77367.3,92.5303
1777074600000,77367.3,77397.3,77367.2,77392.8,51.5249
1777074900000,77392.9,77392.9,77369.6,77386.8,96.1751
1777075200000,77386.7,77444.1,77360.0,77374.9,249.3874
1777075500000,77374.9,77418.5,77374.8,77410.3,52.4196
1777075800000,77410.3,77410.4,77360.9,77370.8,99.7467
1777076100000,77370.8,77387.9,77311.0,77318.5,106.0152
1777076400000,77318.5,77343.8,77318.0,77318.0,53.1399
1777076700000,77318.1,77327.7,77258.9,77274.9,121.5067
1777077000000,77274.9,77319.9,77274.8,77306.0,83.4577
1777077300000,77306.0,77350.6,77300.0,77350.6,67.4279
1777077600000,77350.6,77374.3,77321.5,77333.7,97.9331
1777077900000,77333.8,77375.5,77332.4,77362.9,47.243
1777078200000,77362.9,77374.6,77362.0,77371.5,30.2674
1777078500000,77371.4,77410.1,77371.4,77410.1,66.5427
1777078800000,77410.1,77437.7,77403.0,77403.0,92.5036
1777079100000,77403.1,77409.1,77390.7,77402.5,63.8286
1777079400000,77402.5,77472.4,77402.4,77462.1,93.3686
1777079700000,77462.2,77500.0,77462.1,77474.5,98.5328
1777080000000,77474.4,77474.8,77424.2,77442.2,68.3335
1777080300000,77442.2,77443.4,77420.2,77438.3,82.6339
1777080600000,77438.4,77499.9,77438.3,77499.8,90.3073
1777080900000,77499.9,77510.1,77475.7,77492.9,163.0446
1777081200000,77493.0,77504.5,77492.9,77504.5,59.8702
1777081500000,77504.5,77568.8,77504.4,77535.5,141.9565
1777081800000,77535.4,77535.6,77493.8,77509.7,79.2907
1777082100000,77509.7,77509.8,77486.9,77487.1,42.9751
1777082400000,77487.0,77509.7,77450.0,77456.4,106.891
1777082700000,77456.5,77514.4,77456.4,77504.3,66.5647
1777083000000,77504.3,77594.4,77493.5,77493.5,183.194
1777083300000,77493.6,77521.8,77481.6,77516.5,79.4285
1777083600000,77516.5,77535.4,77506.5,77535.4,48.4863
1777083900000,77535.3,77591.1,77535.3,77578.1,157.1849
1777084200000,77578.1,77598.9,77571.0,77578.8,84.993
1777084500000,77578.7,77578.8,77563.2,77570.1,91.4935
1777084800000,77570.2,77570.2,77570.1,77570.2,22.6836
1777085100000,77570.2,77570.2,77562.3,77562.9,59.079
1777085400000,77562.9,77579.9,77562.8,77579.8,42.9486
1777085700000,77579.8,77580.0,77543.0,77555.4,80.009
1777086000000,77555.4,77589.4,77551.5,77589.4,69.6523
1777086300000,77589.3,77638.2,77543.9,77544.0,139.6818
1777086600000,77543.9,77544.0,77500.2,77529.1,101.0707
1777086900000,77529.0,77542.5,77519.2,77542.5,48.1892
1777087200000,77542.5,77542.8,77519.2,77521.1,65.9049
1777087500000,77521.1,77521.2,77492.8,77509.2,77.5482
1777087800000,77509.2,77539.3,77509.1,77539.3,75.8012
1777088100000,77539.3,77580.0,77534.1,77580.0,68.4856
1777088400000,77580.0,77658.1,77579.9,77626.1,267.0372
1777088700000,77626.0,77674.7,77626.0,77636.5,162.4787
1777089000000,77636.5,77653.7,77620.7,77620.8,40.8428
1777089300000,77620.8,77625.9,77590.0,77625.7,63.3349
1777089600000,77625.7,77638.3,77599.9,77602.9,76.8424
1777089900000,77602.8,77637.6,77580.0,77637.5,85.7291
1777090200000,77637.6,77655.1,77626.1,77628.0,57.4155
1777090500000,77628.0,77647.8,77616.1,77616.2,39.4459
1777090800000,77616.2,77620.7,77586.7,77620.7,64.6745
1777091100000,77620.6,77620.7,77600.0,77600.0,26.7056
1777091400000,77600.0,77604.7,77590.0,77590.0,26.4937
1777091700000,77590.0,77590.1,77551.4,77559.4,75.844
1777092000000,77559.4,77573.1,77559.3,77566.5,36.0793
1777092300000,77566.5,77570.9,77559.3,77559.3,18.2309
1777092600000,77559.4,77578.5,77559.3,77565.6,73.4909
1777092900000,77565.5,77598.0,77565.5,77582.6,56.9744
1777093200000,77582.5,77582.5,77425.0,77449.8,274.3575
1777093500000,77449.9,77492.1,77439.0,77492.0,101.5061
1777093800000,77492.1,77495.4,77445.5,77468.3,45.1095
1777094100000,77468.3,77476.9,77452.7,77476.9,52.1138
1777094400000,77476.8,77504.1,77476.8,77486.2,45.7799
1777094700000,77486.1,77486.2,77447.8,77448.1,83.341
1777095000000,77448.1,77483.6,77448.0,77469.2,31.8791
1777095300000,77469.2,77509.6,77469.2,77509.6,40.2898
1777095600000,77509.6,77520.2,77485.2,77497.2,62.313
1777095900000,77497.2,77514.9,77488.3,77488.4,26.3945
1777096200000,77488.3,77491.8,77480.0,77480.0,22.996
1777096500000,77480.1,77480.9,77474.7,77480.8,25.3828
1777096800000,77480.9,77502.6,77480.9,77502.6,39.4774
1777097100000,77502.6,77526.5,77502.5,77526.5,31.9299
1777097400000,77526.5,77526.5,77500.0,77511.2,41.6794
1777097700000,77511.2,77517.5,77485.6,77485.6,18.3214
1777098000000,77485.6,77485.7,77450.0,77450.0,45.229
1777098300000,77450.0,77466.4,77448.6,77451.7,98.6691
1777098600000,77451.8,77508.2,77451.7,77499.6,50.4028
1777098900000,77499.6,77508.3,77472.1,77508.3,28.4001
1777099200000,77508.3,77529.3,77491.2,77491.2,42.0486
1777099500000,77491.2,77512.5,77486.8,77505.9,40.9723
1777099800000,77505.9,77557.3,77477.5,77486.8,117.3624
1777100100000,77486.9,77507.7,77468.4,77468.5,40.5776
1777100400000,77468.5,77468.5,77409.7,77427.6,118.6215
1777100700000,77427.6,77444.2,77419.7,77419.7,46.2199
1777101000000,77419.7,77454.9,77419.7,77449.4,43.9029
1777101300000,77449.4,77468.3,77438.3,77468.2,28.183
1777101600000,77468.2,77487.4,77456.4,77487.4,46.8618
1777101900000,77487.4,77498.0,77461.7,77497.9,172.6663
1777102200000,77498.0,77521.1,77466.1,77516.1,96.7416
1777102500000,77516.2,77530.6,77485.1,77514.0,64.0233
1777102800000,77514.0,77514.1,77488.1,77488.3,32.6894
1777103100000,77488.2,77488.3,77470.1,77476.4,64.5538
1777103400000,77476.3,77500.0,77476.3,77489.8,31.3388
1777103700000,77489.8,77518.3,77451.3,77454.2,119.8939
1777104000000,77454.3,77486.2,77439.1,77469.9,124.0279
1777104300000,77469.9,77520.6,77469.8,77520.5,59.0218
1777104600000,77520.6,77546.6,77508.6,77508.6,109.2958
1777104900000,77508.6,77522.2,77495.9,77495.9,53.5209
1777105200000,77496.0,77528.2,77493.6,77493.7,98.8109
1777105500000,77493.7,77527.9,77493.6,77520.3,51.2534
1777105800000,77520.4,77620.0,77520.3,77596.1,327.5123
1777106100000,77596.2,77620.8,77591.4,77591.4,263.0482
1777106400000,77591.4,77610.0,77591.4,77594.6,144.3992
1777106700000,77594.5,77594.6,77576.6,77576.7,26.1776
1777107000000,77576.6,77587.2,77576.6,77587.1,25.0274
1777107300000,77587.1,77600.0,77577.0,77600.0,47.319
1777107600000,77600.0,77629.4,77555.6,77563.2,140.7251
1777107900000,77563.2,77576.7,77563.1,77576.6,37.5245
1777108200000,77576.7,77592.0,77572.5,77580.6,50.69
1777108500000,77580.7,77592.0,77574.9,77575.0,48.2143
1777108800000,77575.0,77586.1,77545.0,77567.2,60.4727
1777109100000,77567.2,77586.6,77542.8,77542.8,35.6264
1777109400000,77542.8,77564.8,77542.8,77564.8,39.0175
1777109700000,77564.7,77734.9,77564.7,77678.9,278.3623
1777110000000,77679.0,77684.2,77646.4,77681.2,154.3302
1777110300000,77681.2,77716.1,77667.5,77703.3,171.3079
1777110600000,77703.2,77710.4,77685.5,77710.3,87.9886
1777110900000,77710.3,77730.0,77660.4,77666.8,127.3671
1777111200000,77666.9,77762.1,77666.8,77720.1,173.5999
1777111500000,77720.1,77743.0,77703.4,77711.9,117.6877
1777111800000,77712.0,77728.0,77705.9,77722.6,92.1735
1777112100000,77722.6,77747.1,77716.8,77716.8,172.6584
1777112400000,77716.8,77776.6,77716.8,77761.9,101.0015
1777112700000,77761.9,77799.6,77761.9,77777.0,193.9771
1777113000000,77777.0,77839.6,77777.0,77819.7,240.9131
1777113300000,77819.7,77819.8,77783.6,77804.1,146.3311
1777113600000,77804.0,77804.1,77730.8,77766.9,163.8693
1777113900000,77767.0,77777.8,77743.0,77743.0,125.9697
1777114200000,77743.1,77770.0,77731.7,77750.2,87.992
1777114500000,77750.3,77763.0,77739.1,77743.8,68.8043
1777114800000,77743.8,77743.8,77711.2,77726.2,102.6013
1777115100000,77726.3,77731.0,77702.1,77702.4,139.7136
1777115400000,77702.4,77715.5,77693.9,77700.9,87.5224
1777115700000,77700.9,77715.1,77688.9,77697.7,106.8839
1777116000000,77697.6,77697.7,77600.0,77637.5,317.0367
1777116300000,77637.4,77644.5,77629.5,77633.6,65.1339
1777116600000,77633.7,77640.4,77610.0,77618.9,74.0179
1777116900000,77618.9,77633.6,77578.8,77619.5,194.4689
1777117200000,77619.4,77646.2,77598.9,77599.0,112.7238
1777117500000,77598.9,77624.1,77569.1,77617.8,102.1679
1777117800000,77617.7,77667.6,77617.7,77619.3,130.1779
1777118100000,77619.2,77655.9,77619.2,77655.8,59.7569
1777118400000,77655.8,77655.8,77585.6,77601.9,73.161
1777118700000,77602.0,77678.8,77601.9,77637.3,144.2729
1777119000000,77637.2,77660.4,77637.2,77650.6,30.6395
1777119300000,77650.5,77687.3,77637.4,77637.5,93.5162
1777119600000,77637.5,77665.2,77637.4,77665.2,21.7096
1777119900000,77665.1,77665.2,77567.2,77567.2,104.4391
1777120200000,77567.2,77578.9,77511.4,77563.4,211.2367
1777120500000,77563.3,77576.1,77501.5,77519.7,423.4507
1777120800000,77519.7,77534.5,77501.8,77514.5,144.7855
1777121100000,77514.5,77522.2,77501.0,77505.0,111.9166
1777121400000,77505.0,77539.1,77504.9,77533.8,50.4792
1777121700000,77533.9,77534.5,77514.0,77520.1,86.8938
1777122000000,77520.2,77547.1,77516.0,77539.8,89.4138
1777122300000,77539.8,77568.4,77539.8,77568.4,86.5251
1777122600000,77568.4,77600.2,77560.3,77600.2,58.2511
1777122900000,77600.1,77601.3,77563.0,77579.9,48.3151
1777123200000,77579.9,77601.4,77579.9,77589.1,38.3211
1777123500000,77589.2,77589.2,77575.0,77581.9,43.0795
1777123800000,77582.0,77582.0,77564.4,77564.5,32.8639
1777124100000,77564.4,77584.4,77551.4,77584.3,39.0994
1777124400000,77584.4,77635.3,77584.3,77635.2,100.0692
1777124700000,77635.3,77677.5,77609.6,77621.8,147.1601
1777125000000,77621.8,77649.3,77605.7,77644.3,103.6456
1777125300000,77644.3,77666.0,77641.5,77645.0,42.3948
1777125600000,77645.0,77704.9,77595.0,77595.0,162.071
1777125900000,77595.0,77631.9,77590.0,77612.0,60.1626
1777126200000,77611.9,77648.6,77590.0,77648.5,97.7208
1777126500000,77648.5,77659.0,77615.2,77622.1,36.6908
1777126800000,77622.1,77644.9,77611.8,77622.0,41.2161
1777127100000,77621.9,77697.1,77621.9,77680.0,54.0765
1777127400000,77680.1,77700.0,77675.0,77675.1,53.4522
1777127700000,77675.1,77699.0,77666.0,77698.9,52.3323
1777128000000,77699.0,77701.9,77679.9,77690.0,54.9419
1777128300000,77690.1,77715.4,77682.7,77697.1,112.816
1777128600000,77697.0,77697.0,77623.4,77637.8,176.5777
1777128900000,77637.9,77637.9,77604.5,77616.9,49.4402
1777129200000,77617.0,77625.7,77600.0,77623.0,78.7162
1777129500000,77622.9,77640.0,77611.0,77618.4,53.8252
1777129800000,77618.4,77622.0,77612.9,77621.9,51.1889
1777130100000,77622.0,77642.0,77621.9,77634.2,26.1209
1777130400000,77634.3,77664.9,77634.2,77664.8,43.9722
1777130700000,77664.9,77674.9,77653.6,77661.3,52.9086
1777131000000,77661.3,77666.0,77647.3,77666.0,35.1842
1777131300000,77665.9,77682.1,77650.8,77650.8,46.809
1777131600000,77650.9,77650.9,77616.2,77616.2,30.0849
1777131900000,77616.2,77616.3,77455.0,77455.1,398.817
1777132200000,77455.0,77479.4,77263.1,77279.3,1015.4669
1777132500000,77279.4,77357.1,77256.1,77290.0,844.5306
1777132800000,77289.9,77376.4,77244.1,77357.5,395.0451
1777133100000,77357.5,77408.6,77309.8,77367.2,284.957
1777133400000,77367.2,77413.3,77333.0,77402.8,227.2053
1777133700000,77402.9,77411.1,77368.2,77368.2,139.3506
1777134000000,77368.2,77389.8,77368.2,77372.0,83.7051
1777134300000,77372.0,77380.8,77274.4,77350.0,361.1637
1777134600000,77350.0,77369.6,77275.0,77332.0,437.9601
1777134900000,77331.9,77387.7,77034.5,77227.8,1505.6908
1777135200000,77227.8,77353.0,77216.4,77333.3,581.9996
1777135500000,77333.3,77360.0,77292.5,77357.3,439.3686
1777135800000,77357.4,77374.1,77345.4,77349.6,58.1024
1777136100000,77349.6,77367.1,77334.0,77361.5,59.8192
1777136400000,77361.5,77364.9,77330.0,77338.0,70.1211
1777136700000,77338.0,77338.0,77319.4,77327.2,40.4918
1777137000000,77327.3,77327.3,77301.7,77309.4,37.8891
1777137300000,77309.3,77309.4,77260.2,77290.0,61.6568
1777137600000,77290.1,77363.7,77280.0,77332.4,94.0372
1777137900000,77332.4,77371.2,77270.7,77283.0,102.4861
1777138200000,77283.0,77292.1,77204.5,77239.0,189.5276
1777138500000,77239.0,77300.0,77238.9,77288.8,74.0539
1777138800000,77288.7,77291.4,77269.9,77270.0,44.6663
1777139100000,77270.0,77270.0,77213.6,77213.7,52.1283
1777139400000,77213.7,77214.2,77190.6,77190.7,58.2444
1777139700000,77190.6,77227.9,77171.9,77216.0,95.2384
1777140000000,77216.1,77298.3,77177.2,77251.1,348.5019
1777140300000,77251.1,77258.8,77220.0,77245.0,46.7894
1777140600000,77245.1,77255.8,77232.4,77238.6,45.6636
1777140900000,77238.6,77257.3,77238.6,77243.8,26.8996
1777141200000,77243.8,77260.0,77211.4,77245.2,60.3314
1777141500000,77245.1,77291.3,77245.1,77279.6,98.6677
1777141800000,77279.6,77341.0,77279.5,77320.0,133.529
1777142100000,77320.0,77352.6,77310.1,77310.1,32.9898
1777142400000,77310.0,77316.3,77265.3,77265.3,28.8622
1777142700000,77265.2,77315.0,77263.9,77275.0,30.0399
1777143000000,77275.1,77294.3,77257.4,77257.4,43.1328
1777143300000,77257.4,77283.6,77243.9,77257.1,113.2204
1777143600000,77257.1,77274.5,77238.9,77262.7,86.2316
1777143900000,77262.8,77269.9,77235.4,77256.1,29.9779
1777144200000,77256.0,77294.6,77244.5,77289.8,121.1592
1777144500000,77289.8,77305.8,77278.3,77300.0,39.5774
1777144800000,77299.9,77312.5,77277.9,77306.6,29.2744
1777145100000,77306.5,77306.5,77216.4,77216.4,144.7539
1777145400000,77216.4,77221.9,77181.4,77196.8,65.9954
1777145700000,77196.9,77220.0,77183.6,77183.6,37.8594
1777146000000,77183.7,77208.4,77151.1,77151.1,65.329
1777146300000,77151.2,77198.0,77151.1,77197.9,45.941
1777146600000,77198.0,77243.9,77197.9,77243.8,29.5208
1777146900000,77243.9,77299.5,77243.9,77292.0,83.6056
1777147200000,77292.0,77325.2,77280.0,77280.0,207.7785
1777147500000,77280.0,77310.0,77263.0,77309.9,35.928
1777147800000,77310.0,77340.6,77309.9,77312.3,44.5936
1777148100000,77312.3,77341.1,77307.5,77341.1,51.4529
1777148400000,77341.0,77395.0,77341.0,77379.5,82.3612
1777148700000,77379.4,77381.4,77354.0,77381.3,77.0732
1777149000000,77381.4,77385.9,77354.5,77364.1,30.7836
1777149300000,77364.2,77384.0,77355.0,77364.3,94.9995
1777149600000,77364.2,77373.0,77364.2,77364.3,11.6934
1777149900000,77364.3,77370.9,77361.0,77362.1,19.6931
1777150200000,77362.1,77385.2,77360.0,77385.2,21.7971
1777150500000,77385.2,77440.3,77385.1,77432.5,128.0718
1777150800000,77432.6,77488.0,77432.5,77467.4,152.0345
1777151100000,77467.4,77490.0,77453.3,77467.9,66.8547
1777151400000,77468.0,77485.1,77440.4,77458.9,109.4868
1777151700000,77458.9,77471.7,77452.6,77453.1,27.6006
1777152000000,77453.1,77482.2,77453.1,77474.5,37.3189
1777152300000,77474.6,77474.6,77442.6,77474.3,56.3345
1777152600000,77474.3,77480.0,77425.0,77425.0,36.9521
1777152900000,77425.1,77433.9,77409.0,77417.7,31.929
1777153200000,77417.6,77435.3,77375.0,77435.3,55.9157
1777153500000,77435.2,77469.1,77435.2,77442.0,17.6477
1777153800000,77442.0,77513.2,77427.0,77482.4,137.5081
1777154100000,77482.4,77500.0,77453.3,77496.8,76.8135
1777154400000,77496.9,77498.5,77459.6,77496.1,124.6964
1777154700000,77496.1,77526.2,77480.0,77502.7,134.0879
1777155000000,77502.6,77502.6,77461.7,77477.2,63.6063
1777155300000,77477.2,77487.8,77461.9,77471.7,42.4262
1777155600000,77471.6,77497.8,77471.6,77497.8,13.8648
1777155900000,77497.8,77550.0,77489.7,77516.4,132.5689
1777156200000,77516.3,77607.6,77516.3,77593.9,244.3728
1777156500000,77593.9,77598.3,77550.8,77550.8,79.3349
1777156800000,77550.9,77561.9,77523.8,77560.8,55.1914
1777157100000,77560.8,77560.8,77508.8,77518.0,47.8257
1777157400000,77518.1,77522.7,77495.1,77522.6,87.5034
1777157700000,77522.6,77542.2,77509.6,77524.8,51.9441
1777158000000,77524.8,77549.9,77480.5,77535.9,163.4945
1777158300000,77536.0,77579.0,77528.1,77545.5,62.8747
1777158600000,77545.5,77558.9,77543.5,77549.8,37.9217
1777158900000,77549.8,77560.6,77508.8,77560.6,85.0779
1777159200000,77560.7,77570.7,77520.5,77570.7,30.7912
1777159500000,77570.6,77570.6,77532.0,77559.6,29.9773
1777159800000,77559.6,77582.7,77535.3,77582.6,67.8723
1777160100000,77582.7,77604.5,77574.3,77576.0,76.1811
1777160400000,77576.0,77616.0,77574.0,77574.0,80.7424
1777160700000,77574.1,77586.5,77556.7,77577.8,28.3213
1777161000000,77577.8,77583.8,77562.3,77579.5,83.1286
1777161300000,77579.5,77588.0,77551.2,77587.9,35.856
1777161600000,77588.0,77600.0,77550.0,77594.8,71.381
1777161900000,77594.8,77599.9,77484.0,77513.5,188.2186
1777162200000,77513.4,77522.0,77483.9,77516.5,79.0682
1777162500000,77516.4,77516.4,77452.4,77452.4,75.8288
1777162800000,77452.5,77461.9,77436.0,77442.8,72.0004
1777163100000,77442.9,77447.0,77432.0,77434.7,38.5265
1777163400000,77434.8,77483.8,77403.1,77477.5,99.7297
1777163700000,77477.6,77485.3,77464.1,77470.7,94.4962
1777164000000,77470.8,77522.2,77470.8,77516.4,102.7626
1777164300000,77516.4,77528.9,77497.3,77505.3,62.605
1777164600000,77505.3,77564.2,77495.1,77495.2,107.4373
1777164900000,77495.1,77495.1,77433.9,77467.7,86.9592
1777165200000,77467.7,77493.8,77452.0,77483.3,169.8912
1777165500000,77483.3,77487.9,77468.0,77487.9,45.7056
1777165800000,77487.9,77496.6,77473.9,77473.9,85.1781
1777166100000,77473.9,77510.2,77461.0,77461.0,92.0327
1777166400000,77461.0,77521.1,77461.0,77516.7,81.5153
1777166700000,77516.6,77535.0,77472.1,77472.2,50.6289
1777167000000,77472.2,77488.4,77472.1,77488.4,29.2976
1777167300000,77488.4,77520.6,77488.3,77520.5,42.9386
1777167600000,77520.6,77527.8,77482.0,77525.9,81.8545
1777167900000,77525.8,77525.8,77466.0,77470.1,34.4217
1777168200000,77470.2,77515.2,77470.1,77488.7,28.493
1777168500000,77488.6,77488.6,77411.9,77416.8,79.0611
1777168800000,77416.8,77460.0,77408.3,77459.9,80.7768
1777169100000,77459.9,77482.6,77453.3,77482.6,58.8458
1777169400000,77482.6,77529.4,77468.1,77529.4,79.8762
1777169700000,77529.3,77560.0,77506.3,77515.1,85.485
1777170000000,77515.0,77546.6,77480.5,77529.9,72.0211
1777170300000,77530.0,77530.0,77515.1,77524.8,49.5681
1777170600000,77524.8,77548.5,77524.8,77525.1,54.8559
1777170900000,77525.2,77525.2,77513.3,77517.2,35.9643
1777171200000,77517.3,77517.3,77483.5,77483.6,28.4006
1777171500000,77483.6,77483.6,77434.5,77460.7,57.2652
1777171800000,77460.7,77488.8,77460.7,77472.9,39.5366
1777172100000,77472.9,77481.0,77453.9,77481.0,61.2671
1777172400000,77481.0,77485.8,77455.5,77460.0,56.9618
1777172700000,77459.9,77471.8,77449.1,77471.7,53.8373
1777173000000,77471.7,77495.0,77455.2,77495.0,31.0404
1777173300000,77494.9,77510.0,77481.2,77481.3,62.0536
1777173600000,77481.3,77496.1,77472.9,77482.0,25.2925
1777173900000,77482.0,77482.1,77390.5,77395.6,69.9446
1777174200000,77395.5,77402.0,77321.0,77343.7,350.1025
1777174500000,77343.8,77343.8,77289.8,77316.2,211.6504
1777174800000,77316.2,77356.9,77316.2,77353.7,74.5797
1777175100000,77353.8,77353.8,77334.7,77352.6,83.6912
1777175400000,77352.6,77372.2,77348.6,77350.5,36.3022
1777175700000,77350.5,77389.1,77350.5,77359.6,54.8942
1777176000000,77359.5,77388.6,77336.9,77354.3,102.3823
1777176300000,77354.3,77413.9,77354.3,77407.8,71.0778
1777176600000,77407.9,77465.7,77402.3,77437.7,95.8108
1777176900000,77437.6,77456.2,77427.0,77447.9,44.9253
1777177200000,77447.9,77462.3,77447.9,77462.3,47.4829
1777177500000,77462.2,77462.3,77437.9,77442.0,21.6065
1777177800000,77441.9,77442.0,77391.6,77406.8,82.2861
1777178100000,77406.7,77428.5,77406.7,77424.1,23.5971
1777178400000,77424.0,77489.5,77424.0,77478.8,90.7171
1777178700000,77478.7,77777.0,77478.7,77703.5,891.8331
1777179000000,77703.5,77788.0,77654.8,77760.4,521.8101
1777179300000,77760.4,77760.5,77703.8,77740.1,165.1409
1777179600000,77740.0,77740.1,77680.0,77691.5,257.4484
1777179900000,77691.4,77798.0,77687.7,77763.9,227.7434
1777180200000,77764.0,78123.0,77760.0,78104.0,1913.1696
1777180500000,78104.0,78157.9,77992.7,78093.5,1060.6883
1777180800000,78093.5,78122.0,78003.5,78011.8,327.0277
1777181100000,78011.8,78174.7,78000.0,78059.8,423.2526
1777181400000,78059.8,78154.5,78002.2,78042.0,312.4908
1777181700000,78042.1,78042.1,77978.6,78019.9,186.7589
1777182000000,78019.9,78030.6,77984.5,78002.7,111.5246
1777182300000,78002.8,78020.8,77937.0,78004.7,162.3541
1777182600000,78004.8,78004.8,77960.7,77968.7,119.7214
1777182900000,77968.7,77975.0,77931.9,77944.1,125.2856
1777183200000,77944.0,78003.3,77944.0,78000.0,133.395
1777183500000,78000.0,78000.0,77955.3,77955.4,93.9663
1777183800000,77955.3,77998.8,77955.3,77976.2,61.0533
1777184100000,77976.2,77985.9,77881.1,77895.3,148.4092
1777184400000,77895.2,77926.8,77881.1,77895.1,110.2056
1777184700000,77895.2,77950.0,77895.1,77913.4,118.9265
1777185000000,77913.3,77930.2,77900.0,77900.1,78.9987
1777185300000,77900.0,77945.1,77892.7,77945.1,50.6632
1777185600000,77945.2,78022.7,77945.2,77981.0,210.0737
1777185900000,77981.0,77981.0,77891.9,77891.9,55.2818
1777186200000,77892.0,77973.8,77854.4,77937.9,293.4516
1777186500000,77937.8,77987.8,77925.0,77979.9,162.0028
1777186800000,77980.0,77994.2,77963.0,77963.0,93.4447
1777187100000,77963.1,77986.0,77958.7,77958.8,52.6018
1777187400000,77958.7,77983.4,77958.1,77983.4,48.7702
1777187700000,77983.3,78000.0,77952.5,77964.1,105.6966
1777188000000,77964.1,78006.8,77964.1,77980.4,44.7273
1777188300000,77980.5,77980.5,77953.2,77959.3,51.8813
1777188600000,77959.3,77965.7,77930.0,77940.0,120.922
1777188900000,77940.0,77950.0,77926.3,77936.5,135.4253
1777189200000,77936.5,77950.0,77935.1,77949.0,71.5199
1777189500000,77949.1,77955.0,77943.6,77955.0,36.9285
1777189800000,77955.0,78046.5,77954.9,78022.4,152.9901
1777190100000,78022.3,78093.4,78022.3,78072.8,133.1263
1777190400000,78072.8,78090.0,78050.6,78083.4,147.2018
1777190700000,78083.4,78100.0,78037.9,78049.7,145.4449
1777191000000,78049.7,78050.0,78009.1,78049.9,85.1409
1777191300000,78049.9,78050.0,78007.7,78007.7,67.7762
1777191600000,78007.8,78013.8,77983.3,78011.1,71.7432
1777191900000,78011.1,78058.0,78011.1,78054.1,69.9148
1777192200000,78054.2,78099.7,78028.6,78099.7,89.6541
1777192500000,78099.6,78185.1,78099.6,78107.9,296.2674
1777192800000,78107.9,78115.3,77968.8,78004.4,551.4619
1777193100000,78004.3,78015.5,77983.9,77997.3,182.3163
1777193400000,77997.2,78015.3,77987.8,78015.3,59.8041
1777193700000,78015.3,78015.3,77987.3,77993.7,47.7109
1777194000000,77993.6,77993.6,77941.9,77960.1,165.2819
1777194300000,77960.1,77977.0,77925.5,77939.6,170.9298
1777194600000,77939.7,77975.8,77939.6,77975.8,67.5868
1777194900000,77975.7,77985.2,77948.6,77948.6,97.5697
1777195200000,77948.6,77983.3,77948.6,77982.0,42.1556
1777195500000,77982.0,78025.0,77970.0,77971.6,77.9997
1777195800000,77971.5,77975.3,77922.2,77932.9,111.345
1777196100000,77932.9,77942.9,77905.0,77912.9,86.8768
1777196400000,77913.0,77949.9,77888.0,77938.7,99.2954
1777196700000,77938.8,77938.8,77909.7,77929.0,86.7769
1777197000000,77928.9,77966.0,77928.9,77955.1,89.5322
1777197300000,77955.1,77964.9,77955.1,77964.7,23.9561
1777197600000,77964.8,77964.8,77912.3,77928.9,44.6031
1777197900000,77928.8,78025.3,77928.8,77996.8,409.2961
1777198200000,77996.9,78019.7,77992.5,78004.2,78.4398
1777198500000,78004.2,78008.5,77978.4,77995.9,64.5766
1777198800000,77995.8,78008.0,77983.6,77985.1,113.895
1777199100000,77985.1,78000.0,77968.5,77978.4,19.9987
1777199400000,77978.3,77978.4,77965.7,77978.1,26.117
1777199700000,77978.1,77991.1,77970.2,77970.2,45.1766
1777200000000,77970.2,77980.0,77937.3,77955.8,165.0506
1777200300000,77955.9,77977.8,77945.5,77945.6,37.2968
1777200600000,77945.5,77958.6,77934.8,77953.1,51.3704
1777200900000,77953.1,77964.9,77953.1,77964.9,33.3604
1777201200000,77964.9,78040.0,77964.9,77992.9,106.69
1777201500000,77992.9,78034.5,77992.8,78020.9,75.5835
1777201800000,78021.0,78062.6,78012.5,78012.6,82.3001
1777202100000,78012.6,78016.6,78000.0,78008.3,44.4517
1777202400000,78008.4,78081.8,78007.1,78081.7,61.7404
1777202700000,78081.7,78117.3,78068.1,78095.0,143.1822
1777203000000,78094.9,78111.0,78041.8,78062.8,132.7495
1777203300000,78062.7,78062.8,78033.4,78034.5,64.3297
1777203600000,78034.5,78049.9,78034.5,78035.2,35.2932
1777203900000,78035.2,78061.0,78015.9,78060.9,79.8934
1777204200000,78060.9,78092.0,78060.9,78071.7,44.1584
1777204500000,78071.6,78092.0,78052.6,78052.7,104.8402
1777204800000,78052.7,78063.0,78020.3,78020.4,50.5345
1777205100000,78020.3,78040.0,78003.0,78010.0,64.544
1777205400000,78010.1,78010.1,77935.8,77941.6,94.5492
1777205700000,77941.7,77956.6,77923.0,77949.9,121.3097
1777206000000,77949.9,77986.8,77949.5,77963.9,116.0534
1777206300000,77964.0,77975.0,77915.0,77935.1,92.62
1777206600000,77935.1,77944.1,77925.9,77935.8,82.6165
1777206900000,77935.9,77954.2,77931.9,77948.8,58.2671
1777207200000,77948.7,77948.8,77900.7,77900.8,103.9324
1777207500000,77900.7,77900.8,77705.2,77796.6,926.4852
1777207800000,77796.6,77849.8,77796.5,77800.9,250.1007
1777208100000,77801.0,77823.1,77763.5,77792.8,277.9064
1777208400000,77792.7,77814.2,77751.7,77798.3,143.4905
1777208700000,77798.3,77864.6,77766.0,77858.2,158.708
1777209000000,77858.2,77897.0,77843.3,77860.0,135.4413
1777209300000,77860.1,77900.0,77824.7,77848.7,106.2125
1777209600000,77848.7,77855.6,77813.0,77813.0,86.9533
1777209900000,77813.1,77839.5,77777.0,77838.0,118.6765
1777210200000,77837.9,77941.8,77826.0,77932.6,172.5384
1777210500000,77932.6,77951.1,77880.0,77948.6,148.4533
1777210800000,77948.6,77948.6,77903.6,77944.0,88.0456
1777211100000,77943.9,77969.7,77894.5,77905.1,153.9171
1777211400000,77905.1,77917.9,77870.7,77910.0,77.6424
1777211700000,77910.1,77928.6,77882.8,77928.5,21.6105
1777212000000,77928.5,77928.6,77876.4,77881.0,68.8784
1777212300000,77881.1,77910.2,77842.3,77910.2,57.7099
1777212600000,77910.2,77926.8,77882.3,77914.2,50.2115
1777212900000,77914.2,77992.0,77888.0,77976.5,103.3884
1777213200000,77976.4,78138.9,77976.4,78007.4,611.9887
1777213500000,78007.3,78046.4,77988.0,78017.8,92.5009
1777213800000,78017.8,78037.3,77967.2,78032.9,111.0771
1777214100000,78032.9,78035.9,77993.0,78030.3,90.7875
1777214400000,78030.3,78088.0,78000.0,78008.5,110.38
1777214700000,78008.5,78008.5,77944.8,77975.9,88.3591
1777215000000,77975.9,78117.6,77975.9,78098.5,302.7968
1777215300000,78098.6,78110.0,78005.2,78050.0,529.5623
1777215600000,78050.1,78084.9,78027.4,78052.1,189.7303
1777215900000,78052.0,78074.9,77978.8,78038.6,154.9815
1777216200000,78038.5,78057.0,78034.3,78050.9,45.5254
1777216500000,78051.0,78084.8,78045.9,78062.1,62.252
1777216800000,78062.1,78075.5,77950.0,77955.1,222.8071
1777217100000,77955.0,78066.4,77955.0,78056.2,157.397
1777217400000,78056.1,78073.7,77976.9,77999.9,87.2893
1777217700000,77999.9,78027.5,77992.1,78027.4,47.5266
1777218000000,78027.5,78027.5,77996.2,78003.7,25.5504
1777218300000,78003.6,78003.7,77950.0,77970.8,56.5131
1777218600000,77970.8,78013.1,77970.8,78007.4,34.8085
1777218900000,78007.3,78007.4,77977.6,78005.2,48.4678
1777219200000,78005.3,78025.3,77956.8,78009.4,117.9278
1777219500000,78009.3,78025.3,77970.5,77999.9,65.7654
1777219800000,77999.9,78012.3,77970.0,77970.0,35.5768
1777220100000,77970.1,77990.0,77970.0,77989.9,30.0023
1777220400000,77990.0,78003.9,77979.7,78003.9,26.4058
1777220700000,78003.9,78007.4,77964.9,78007.3,89.6918
1777221000000,78007.3,78050.0,77993.9,78036.5,68.9569
1777221300000,78036.5,78050.0,77986.1,78001.8,152.788
1777221600000,78001.7,78001.8,77960.0,77960.1,59.4815
1777221900000,77960.0,77989.6,77890.6,77989.5,128.9762
1777222200000,77989.6,77996.2,77978.5,77985.5,36.1181
1777222500000,77985.6,77985.6,77888.0,77891.5,130.1201
1777222800000,77891.5,77929.5,77803.0,77929.4,596.8523
1777223100000,77929.4,77976.9,77921.4,77968.6,131.4545
1777223400000,77968.5,77986.8,77964.2,77979.4,62.049
1777223700000,77979.4,77991.2,77973.0,77979.4,75.635
1777224000000,77979.4,77996.2,77940.8,77973.7,85.7297
1777224300000,77973.7,78015.8,77973.7,77975.1,85.816
1777224600000,77975.1,77975.1,77915.1,77957.0,124.1125
1777224900000,77957.1,77972.0,77933.5,77940.2,152.0724
1777225200000,77940.2,77993.5,77940.1,77979.4,89.571
1777225500000,77979.4,78020.0,77962.7,77986.3,99.3918
1777225800000,77986.3,78010.0,77980.6,77980.6,108.2246
1777226100000,77980.7,77999.7,77975.0,77980.0,38.259
1777226400000,77980.0,78003.5,77961.2,77961.3,93.1458
1777226700000,77961.3,78059.9,77950.0,78041.8,141.1168
1777227000000,78041.8,78128.0,77951.4,78061.6,1107.0189
1777227300000,78061.6,78319.8,78003.1,78150.4,1505.0542
1777227600000,78150.3,78198.9,78129.2,78169.1,284.3866
1777227900000,78169.2,78172.6,78115.3,78131.1,80.8376
1777228200000,78131.0,78166.8,78091.1,78091.2,98.0698
1777228500000,78091.2,78143.2,78091.1,78116.3,57.6956
1777228800000,78116.3,78190.7,78116.3,78170.2,103.5971
1777229100000,78170.2,78218.0,78140.5,78197.2,147.6329
1777229400000,78197.2,78225.7,78188.8,78219.6,41.1472
1777229700000,78219.5,78250.0,78189.1,78230.6,112.0276
1777230000000,78230.6,78259.7,78111.6,78168.9,239.9362
1777230300000,78168.9,78257.4,78151.3,78250.0,66.7613
1777230600000,78249.9,78388.0,78244.8,78349.0,560.457
1777230900000,78348.9,78470.5,78303.0,78349.0,707.5532
1777231200000,78349.0,78365.1,78152.3,78152.3,920.4226
1777231500000,78152.2,78200.0,77950.2,78154.0,1515.6853
1777231800000,78153.9,78173.8,78032.8,78099.2,414.2813
1777232100000,78099.3,78164.1,77977.0,78035.4,763.3388
1777232400000,78035.5,78139.9,78035.5,78129.9,141.0221
1777232700000,78129.9,78180.6,78123.3,78180.6,70.7006
1777233000000,78180.6,78226.5,78180.5,78221.2,167.5176
1777233300000,78221.3,78243.4,78163.7,78179.9,117.6568
1777233600000,78180.0,78199.3,78147.3,78199.3,81.9378
1777233900000,78199.3,78219.9,78187.7,78214.0,48.1644
1777234200000,78213.9,78213.9,78141.7,78141.7,34.1977
1777234500000,78141.8,78165.7,78119.1,78124.6,39.9582
1777234800000,78124.5,78161.4,78109.0,78161.4,24.9367
1777235100000,78161.4,78189.9,78161.3,78176.6,45.1968
1777235400000,78176.7,78351.2,78176.6,78303.3,184.6298
1777235700000,78303.3,78338.9,78213.9,78214.0,130.2808
1777236000000,78213.9,78267.5,78199.4,78242.1,148.3449
1777236300000,78242.1,78312.8,78204.7,78224.7,359.928
1777236600000,78224.8,78245.7,78202.3,78202.3,26.3544
1777236900000,78202.2,78202.2,78108.0,78140.8,84.7562
1777237200000,78140.9,78225.5,78138.1,78225.5,102.1186
1777237500000,78225.5,78235.7,78203.1,78203.2,39.3451
1777237800000,78203.2,78235.7,78180.0,78180.0,100.7617
1777238100000,78180.0,78221.8,78170.0,78201.5,29.2504
1777238400000,78201.6,78225.4,78201.3,78206.2,23.7673
1777238700000,78206.3,78231.1,78120.2,78135.9,210.5768
1777239000000,78135.9,78135.9,77901.0,77981.0,535.3455
1777239300000,77980.9,78060.7,77916.4,77989.8,451.1289
1777239600000,77989.8,77995.8,77903.2,77938.8,114.9411
1777239900000,77938.8,77957.2,77810.0,77909.9,289.5788
1777240200000,77909.8,78569.9,77767.0,78537.8,2966.9613
1777240500000,78537.8,78958.9,78315.2,78382.8,3252.266
1777240800000,78382.9,78600.0,78311.0,78369.3,848.8442
1777241100000,78369.2,78541.8,78352.9,78497.8,316.1712
1777241400000,78497.9,78532.0,78438.3,78526.0,240.3482
1777241700000,78526.0,78854.2,78511.6,78699.4,1117.4688
1777242000000,78699.2,78736.6,78613.0,78625.4,541.3578
1777242300000,78625.4,78643.8,78456.5,78476.5,390.3068
1777242600000,78476.4,78476.4,77911.2,78005.2,2292.2988
1777242900000,78005.1,78161.0,77950.1,78127.0,785.5571
1777243200000,78127.0,78242.4,78106.5,78241.9,430.7904
1777243500000,78241.9,78406.0,78217.1,78360.1,506.2841
1777243800000,78360.0,78360.1,78264.9,78323.4,210.097
1777244100000,78323.4,78330.0,78254.9,78281.7,131.6419
1777244400000,78281.7,78363.8,78216.2,78281.7,405.675
1777244700000,78281.7,78329.5,78242.0,78280.3,229.3399
1777245000000,78280.3,78380.5,78280.3,78313.3,183.7036
1777245300000,78313.4,78368.4,78231.3,78245.1,160.9329
1777245600000,78245.1,78423.7,78245.1,78354.3,333.6271
1777245900000,78354.3,78410.4,78080.0,78099.0,1236.0777
1777246200000,78099.1,78426.3,77973.3,78307.5,2916.6327
1777246500000,78307.4,78474.5,78252.5,78416.0,630.7151
1777246800000,78416.0,78617.1,78402.3,78566.5,941.6437
1777247100000,78566.5,78898.9,78552.8,78725.2,1278.6924
1777247400000,78725.2,78779.9,78604.6,78622.7,354.4962
1777247700000,78622.6,78638.0,78578.7,78621.5,122.7672
1777248000000,78621.6,78849.9,78616.7,78776.3,495.6875
1777248300000,78776.4,78800.0,78670.1,78679.9,203.1386
1777248600000,78679.9,78701.0,78517.0,78549.4,208.9118
1777248900000,78549.4,78600.0,78500.0,78579.9,168.7655
1777249200000,78580.0,78628.2,78503.6,78511.6,80.6712
1777249500000,78511.7,78515.0,78340.0,78455.2,297.0104
1777249800000,78455.2,78482.1,78371.9,78458.6,155.626
1777250100000,78458.5,78640.0,78434.7,78640.0,159.2501
1777250400000,78640.0,78799.9,78639.9,78779.6,288.6344
1777250700000,78779.7,78881.7,78779.7,78788.0,313.6899
1777251000000,78788.0,78999.5,78735.7,78932.8,657.6938
1777251300000,78932.8,79355.0,78932.8,79262.7,1672.1067
1777251600000,79262.8,79489.9,79262.8,79326.3,1441.1659
1777251900000,79326.4,79374.1,79092.2,79101.2,789.3317
1777252200000,79101.2,79192.2,79066.0,79094.9,555.9347
1777252500000,79094.9,79095.0,78931.9,78978.5,849.9282
1777252800000,78978.4,79040.3,78925.8,78982.8,248.7726
1777253100000,78982.7,78982.8,78666.0,78864.9,1903.1549
1777253400000,78864.8,78960.0,78805.0,78822.1,389.4583
1777253700000,78822.2,79090.0,78805.1,79028.5,282.956
1777254000000,79028.4,79124.2,78964.0,79011.6,212.2735
1777254300000,79011.6,79349.2,79011.5,79288.4,694.6611
1777254600000,79288.4,79294.9,79121.4,79176.4,600.9097
1777254900000,79176.4,79250.0,79021.8,79236.9,627.076
1777255200000,79236.9,79259.2,79093.7,79159.7,234.1668
1777255500000,79159.7,79159.7,79066.0,79100.0,225.7411
1777255800000,79099.9,79180.0,79037.8,79138.2,204.2581
1777256100000,79138.2,79215.2,79123.9,79124.4,185.006
1777256400000,79124.5,79124.5,79050.0,79053.5,86.8571
1777256700000,79053.5,79078.9,78984.9,79078.9,119.2727
1777257000000,79078.9,79220.9,78983.9,79032.8,429.9356
1777257300000,79032.8,79067.3,78979.9,79033.1,214.1352
1777257600000,79033.2,79040.0,79000.0,79027.6,70.9375
1777257900000,79027.5,79083.7,79018.3,79049.1,140.2084
1777258200000,79049.1,79163.2,79028.0,79152.1,122.6484
1777258500000,79152.0,79155.8,79077.4,79077.5,128.7521
1777258800000,79077.5,79135.3,79023.3,79087.5,213.8135
1777259100000,79087.4,79156.5,79087.4,79156.3,67.0541
1777259400000,79156.3,79209.7,79142.6,79163.9,135.867
1777259700000,79163.9,79216.7,79121.0,79186.9,148.8695
1777260000000,79186.9,79240.6,79151.9,79198.7,185.7214
1777260300000,79198.7,79219.0,79161.6,79196.9,116.8448
1777260600000,79197.0,79290.4,79175.7,79200.1,155.3119
1777260900000,79200.0,79217.3,79127.1,79151.1,109.757
1777261200000,79151.1,79197.8,79145.0,79197.7,63.7175
1777261500000,79197.7,79210.0,79117.5,79168.3,109.8796
1777261800000,79168.2,79174.0,79093.0,79100.1,105.5959
1777262100000,79100.1,79106.0,79030.0,79055.9,136.2192
1777262400000,79055.9,79086.7,79011.0,79076.2,202.6925
1777262700000,79076.1,79076.2,79000.0,79034.2,114.9225
1777263000000,79034.2,79034.2,78955.5,79012.0,172.9144
1777263300000,79012.0,79021.0,78956.0,78992.9,129.4827
1777263600000,78993.0,79052.7,78974.2,79003.8,130.9207
1777263900000,79003.9,79078.9,78991.2,79078.9,62.4996
1777264200000,79078.9,79122.7,78982.1,78982.1,122.0339
1777264500000,78982.1,79088.0,78976.9,79054.7,68.716
1777264800000,79054.7,79071.6,79022.9,79025.0,41.905
1777265100000,79025.0,79040.2,78938.8,78945.7,129.074
1777265400000,78945.7,78960.0,78890.5,78941.0,179.51
1777265700000,78940.9,78940.9,78832.0,78879.6,266.0665
1777266000000,78879.7,78906.4,78713.0,78713.0,558.4439
1777266300000,78713.1,78727.5,78601.8,78675.1,485.2732
1777266600000,78675.0,78682.6,78345.8,78356.2,1588.7788
1777266900000,78356.2,78371.2,77956.3,77982.1,2837.3875
1777267200000,77982.2,77999.5,77772.6,77956.6,1938.5867
1777267500000,77956.5,77963.9,77777.0,77786.1,1549.8293
1777267800000,77786.1,77834.8,77633.6,77829.4,1273.2487
1777268100000,77829.5,77829.5,77512.4,77695.1,2189.1586
1777268400000,77695.0,77761.2,77653.6,77754.4,443.7358
1777268700000,77754.4,77819.9,77692.2,77748.5,481.6189
1777269000000,77748.5,77809.7,77705.0,77779.5,327.3747
1777269300000,77779.5,77815.9,77738.5,77740.1,265.846
1777269600000,77740.1,77762.0,77694.1,77710.0,322.832
1777269900000,77709.9,77760.0,77623.0,77732.6,711.305
1777270200000,77732.5,77742.3,77680.1,77692.6,142.0624
1777270500000,77692.6,77811.7,77650.0,77811.7,279.6498
1777270800000,77811.6,77829.6,77761.7,77800.0,241.7585
1777271100000,77800.1,77800.1,77686.3,77686.3,248.4973
1777271400000,77686.3,77686.3,77410.0,77572.9,1089.7915
1777271700000,77573.0,77608.5,77533.8,77551.1,229.5762
1777272000000,77551.1,77600.0,77540.0,77577.0,229.5342
1777272300000,77577.0,77677.9,77568.1,77675.5,247.5432
1777272600000,77675.5,77695.0,77612.5,77679.0,140.8749
1777272900000,77678.9,77700.0,77663.8,77663.9,325.5792
1777273200000,77663.9,77699.8,77605.9,77629.4,298.6095
1777273500000,77629.4,77629.4,77526.7,77576.8,330.0285
1777273800000,77576.8,77621.4,77531.3,77607.5,218.4687
1777274100000,77607.5,77650.0,77526.0,77645.9,258.0729
1777274400000,77646.0,77700.0,77611.8,77665.8,162.1693
1777274700000,77665.8,77688.7,77616.7,77654.0,157.6193
1777275000000,77654.0,77654.1,77567.3,77573.6,123.7305
1777275300000,77573.7,77625.5,77550.0,77610.1,189.9385
1777275600000,77610.1,77651.7,77601.6,77637.8,84.0526
1777275900000,77637.7,77660.0,77582.8,77633.3,113.8991
1777276200000,77633.3,77692.9,77620.0,77642.9,177.5394
1777276500000,77642.9,77670.5,77558.2,77558.2,124.9004
1777276800000,77558.2,77670.3,77540.0,77670.2,329.7624
1777277100000,77670.3,77695.8,77575.0,77575.0,143.9452
1777277400000,77575.1,77610.9,77567.0,77594.5,128.8075
1777277700000,77594.5,77650.0,77594.4,77622.3,175.5865
1777278000000,77622.3,77633.8,77550.1,77612.0,191.7431
1777278300000,77612.0,77618.7,77525.0,77530.0,169.9592
1777278600000,77530.0,77571.0,77502.2,77570.9,238.6767
1777278900000,77571.0,77630.1,77560.0,77595.1,226.4161
1777279200000,77595.1,77595.1,77537.1,77574.5,88.709
1777279500000,77574.6,77712.5,77574.5,77690.2,277.8762
1777279800000,77690.2,77773.0,77659.8,77718.0,382.7388
1777280100000,77718.0,77777.0,77717.9,77763.8,213.72
1777280400000,77763.8,77789.0,77742.3,77777.3,217.0057
1777280700000,77777.2,77817.0,77746.9,77746.9,196.8505
1777281000000,77747.0,77813.7,77735.8,77806.0,199.5258
1777281300000,77806.1,77810.0,77711.2,77711.2,257.9099
1777281600000,77711.3,77724.7,77651.9,77651.9,215.9644
1777281900000,77651.9,77741.2,77650.0,77730.7,177.3617
1777282200000,77730.7,77932.3,77710.9,77875.1,564.4722
1777282500000,77875.1,77900.0,77824.4,77856.6,347.1565
1777282800000,77856.5,77921.4,77840.0,77895.0,243.1412
1777283100000,77895.0,77924.3,77846.0,77858.2,145.5396
1777283400000,77858.1,77931.0,77850.0,77930.9,110.2852
1777283700000,77931.0,77936.3,77853.0,77853.1,154.6121
1777284000000,77853.1,77899.0,77806.9,77809.6,104.1661
1777284300000,77809.6,77809.7,77751.5,77789.5,265.5765
1777284600000,77789.6,77794.6,77758.1,77769.4,76.0047
1777284900000,77769.5,77799.9,77750.0,77799.8,89.617
1777285200000,77799.8,77799.8,77750.3,77758.1,75.8497
1777285500000,77758.1,77768.3,77740.0,77768.2,54.074
1777285800000,77768.3,77799.9,77750.3,77782.5,146.4434
1777286100000,77782.4,77831.0,77782.4,77831.0,125.6641
1777286400000,77831.0,77884.3,77821.6,77826.4,75.5044
1777286700000,77826.5,77826.5,77797.4,77800.0,65.969
1777287000000,77800.0,77855.8,77800.0,77808.2,66.3793
1777287300000,77808.3,77820.0,77801.8,77804.7,50.7565
1777287600000,77804.6,77836.2,77745.3,77745.3,85.1582
1777287900000,77745.3,77786.3,77701.0,77702.4,153.3324
1777288200000,77702.4,77738.9,77684.5,77728.6,113.3938
1777288500000,77728.6,77750.0,77699.0,77749.5,67.4827
1777288800000,77749.5,77809.8,77742.4,77795.2,109.6778
1777289100000,77795.2,77839.7,77786.2,77810.6,78.1713
1777289400000,77810.7,77835.4,77781.6,77794.2,88.206
1777289700000,77794.2,77798.7,77726.4,77752.2,225.2696
1777290000000,77752.2,77774.1,77750.5,77760.6,205.9416
1777290300000,77760.5,77761.6,77750.5,77753.6,54.6114
1777290600000,77753.5,77782.1,77732.0,77770.0,80.7729
1777290900000,77770.0,77807.2,77767.6,77795.5,52.4145
1777291200000,77795.5,77795.6,77679.7,77702.1,282.3803
1777291500000,77702.1,77749.4,77695.3,77738.9,76.292
1777291800000,77739.0,77826.6,77738.9,77783.7,95.0824
1777292100000,77783.7,77816.9,77778.8,77778.9,66.6116
1777292400000,77778.8,77800.0,77713.3,77719.8,46.7165
1777292700000,77719.8,77758.4,77669.4,77707.5,139.7988
1777293000000,77707.6,77739.9,77679.6,77685.2,147.1469
1777293300000,77685.1,77724.4,77609.5,77612.4,557.9921
1777293600000,77612.3,77740.9,77590.3,77698.2,269.1658
1777293900000,77698.1,77735.0,77653.4,77735.0,137.3641
1777294200000,77734.9,77734.9,77625.0,77643.9,221.609
1777294500000,77643.9,77670.0,77583.4,77630.0,239.4862
1777294800000,77629.9,77673.4,77601.9,77619.9,169.1871
1777295100000,77619.9,77715.4,77601.3,77715.3,154.7312
1777295400000,77715.4,77736.5,77654.1,77666.4,190.3899
1777295700000,77666.3,77755.2,77636.3,77713.1,122.6132
1777296000000,77713.2,77752.2,77700.0,77746.3,73.1336
1777296300000,77746.3,77746.3,77600.0,77672.8,161.4496
1777296600000,77672.7,77739.9,77590.0,77699.7,269.6336
1777296900000,77699.7,77822.3,77675.0,77797.9,279.1538
1777297200000,77797.9,77922.6,77722.7,77815.3,741.3095
1777297500000,77815.3,77825.0,77563.0,77605.8,938.4009
1777297800000,77605.7,77688.0,77533.4,77687.9,774.5155
1777298100000,77688.0,77760.0,77672.0,77713.1,224.3691
1777298400000,77713.2,77790.5,77669.9,77672.4,330.2138
1777298700000,77672.4,77888.0,77640.0,77776.3,453.6194
1777299000000,77776.4,77870.0,77716.8,77817.9,349.6655
1777299300000,77817.8,77880.0,77785.8,77853.0,216.8669
1777299600000,77853.1,77869.9,77802.0,77869.9,159.2387
1777299900000,77869.9,77888.0,77829.3,77841.9,128.6912
1777300200000,77841.9,77949.9,77805.9,77904.3,333.3239
1777300500000,77904.4,78184.9,77904.3,78096.0,1574.6791
1777300800000,78095.9,78150.0,77990.9,78135.4,547.467
1777301100000,78135.3,78233.0,78086.5,78183.3,574.0622
1777301400000,78183.3,78183.3,77818.9,77889.8,955.9816
1777301700000,77889.8,77889.9,77745.9,77775.9,795.9653
1777302000000,77775.9,77788.7,77249.0,77312.3,2865.3808
1777302300000,77312.3,77517.5,77259.3,77410.0,1231.2523
1777302600000,77410.0,77486.7,77300.0,77346.0,765.0151
1777302900000,77345.9,77346.0,76824.1,76941.4,4150.4793
1777303200000,76941.4,77042.2,76521.6,76586.7,2985.494
1777303500000,76586.8,76819.9,76518.0,76819.9,2110.9937
1777303800000,76819.8,77030.2,76790.1,77007.3,1210.0675
1777304100000,77007.2,77029.0,76930.0,77000.4,586.5626
1777304400000,77000.5,77059.0,76970.0,77008.8,418.2167
1777304700000,77008.7,77008.8,76758.8,76771.9,816.7964
1777305000000,76771.8,76860.0,76694.2,76815.3,481.3552
1777305300000,76815.3,76818.0,76708.6,76758.1,196.3436
1777305600000,76758.1,76788.0,76633.0,76737.7,760.6853
1777305900000,76737.8,76821.5,76610.0,76705.8,456.8975
1777306200000,76705.8,76752.1,76665.0,76741.4,203.1703
1777306500000,76741.4,76833.0,76735.7,76798.5,296.8531
1777306800000,76798.6,76818.8,76700.1,76700.1,208.1762
1777307100000,76700.2,76756.0,76700.0,76712.4,225.5345
1777307400000,76712.4,76790.9,76712.4,76734.0,111.0799
1777307700000,76733.9,76733.9,76634.8,76676.5,263.9646
1777308000000,76676.4,76676.5,76558.1,76563.1,354.6583
1777308300000,76563.0,76618.1,76558.3,76584.7,220.2942
1777308600000,76584.6,76663.8,76574.3,76630.1,310.9335
1777308900000,76630.2,76656.5,76501.0,76590.0,401.4819
1777309200000,76590.0,76766.5,76581.1,76752.0,437.9832
1777309500000,76751.9,76758.0,76607.5,76650.7,328.2481
1777309800000,76650.8,76718.0,76602.5,76663.5,226.7109
1777310100000,76663.6,76729.6,76599.8,76646.1,216.0267
1777310400000,76646.1,76784.1,76600.0,76744.0,281.7307
1777310700000,76744.1,76854.5,76728.8,76794.2,480.122
1777311000000,76794.3,76899.9,76794.1,76886.9,399.9896
1777311300000,76886.9,76904.6,76801.2,76801.2,217.3477
1777311600000,76801.2,76876.4,76722.9,76826.0,357.8117
1777311900000,76826.0,76862.1,76760.0,76772.9,107.8001
1777312200000,76772.9,76772.9,76674.2,76729.5,247.941
1777312500000,76729.5,76735.9,76666.0,76698.2,135.9398
1777312800000,76698.3,76771.2,76659.8,76732.1,131.1227
1777313100000,76732.1,76768.0,76641.9,76649.4,211.8533
1777313400000,76649.3,76729.6,76649.3,76716.1,106.0457
1777313700000,76716.0,76807.9,76716.0,76749.6,99.8188
1777314000000,76749.7,76780.0,76700.0,76747.6,70.7822
1777314300000,76747.5,76747.5,76615.4,76655.0,127.9058
1777314600000,76654.9,76722.3,76636.4,76681.9,45.3441
1777314900000,76682.0,76715.2,76676.0,76690.0,33.8008
1777315200000,76690.1,76750.8,76680.7,76726.9,244.1103
1777315500000,76726.9,76826.1,76694.2,76803.0,543.4741
1777315800000,76803.0,76864.3,76786.9,76820.2,125.0924
1777316100000,76820.1,76840.8,76791.0,76791.0,39.8961
1777316400000,76791.0,76839.7,76759.5,76771.5,89.4961
1777316700000,76771.4,76771.5,76696.4,76759.7,106.8062
1777317000000,76759.8,76853.3,76735.9,76835.6,123.0685
1777317300000,76835.6,76858.0,76750.3,76752.2,302.6613
1777317600000,76752.1,76777.3,76718.1,76720.0,137.2785
1777317900000,76720.1,76722.6,76565.6,76565.7,709.2772
1777318200000,76565.6,76600.0,76400.0,76535.1,2012.8757
1777318500000,76535.1,76612.4,76448.6,76539.2,1288.6762
1777318800000,76539.2,76730.5,76539.2,76726.7,301.6664
1777319100000,76726.7,76806.6,76710.3,76756.1,256.9266
1777319400000,76756.1,76810.5,76752.4,76797.7,90.7809
1777319700000,76797.7,76835.4,76760.0,76835.4,188.0965
1777320000000,76835.3,76895.0,76789.8,76891.6,388.3849
1777320300000,76891.6,76954.1,76850.5,76870.4,147.474
1777320600000,76870.3,76896.0,76847.6,76849.9,55.2757
1777320900000,76849.9,76915.8,76849.9,76892.9,112.9152
1777321200000,76892.9,76943.0,76863.5,76942.9,39.5899
1777321500000,76942.9,76954.0,76890.0,76950.0,67.2559
1777321800000,76950.0,76969.0,76928.0,76961.0,80.5547
1777322100000,76961.1,77032.9,76947.6,76957.5,331.8927
1777322400000,76957.6,76960.0,76906.4,76939.4,72.1196
1777322700000,76939.4,76939.9,76881.8,76915.9,98.04
1777323000000,76916.0,76946.2,76898.5,76917.0,96.9581
1777323300000,76916.9,76958.8,76896.3,76908.5,85.8695
1777323600000,76908.6,76908.6,76840.8,76863.7,86.0058
1777323900000,76863.8,76872.6,76828.5,76872.5,62.4448
1777324200000,76872.5,76872.6,76766.5,76835.6,284.2858
1777324500000,76835.5,76895.4,76801.3,76812.8,93.6921
1777324800000,76812.7,76852.5,76786.5,76810.3,80.2129
1777325100000,76810.3,76880.0,76782.6,76853.7,47.1545
1777325400000,76853.7,76899.0,76853.7,76899.0,31.0692
1777325700000,76898.9,76939.8,76867.6,76879.2,57.8262
1777326000000,76879.1,76909.1,76826.9,76850.1,89.0902
1777326300000,76850.0,76874.0,76794.3,76873.9,53.2002
1777326600000,76873.9,76900.0,76793.5,76793.5,81.9907
1777326900000,76793.5,76800.9,76733.0,76733.0,70.9914
1777327200000,76733.1,76812.5,76720.0,76754.9,198.788
1777327500000,76755.0,76861.2,76724.2,76820.1,129.1133
1777327800000,76820.0,76833.3,76800.0,76806.4,74.2417
1777328100000,76806.3,76847.4,76800.3,76800.4,56.0471
1777328400000,76800.4,76828.8,76800.3,76810.3,38.9807
1777328700000,76810.4,76930.0,76801.3,76922.7,245.9065
1777329000000,76922.6,76996.8,76904.8,76904.8,293.09
1777329300000,76904.9,76935.2,76904.9,76912.7,54.3941
1777329600000,76912.7,76984.9,76912.6,76955.6,66.234
1777329900000,76955.5,77025.5,76952.4,77025.4,161.4667
1777330200000,77025.5,77045.2,76967.9,77030.0,115.2425
1777330500000,77029.9,77030.0,77004.8,77019.1,90.9886
1777330800000,77019.1,77044.7,76979.9,77016.8,142.6684
1777331100000,77016.8,77026.2,76962.5,76967.8,83.8509
1777331400000,76967.9,77014.1,76967.8,76988.8,96.2567
1777331700000,76988.9,77176.3,76988.8,77085.4,516.5585
1777332000000,77085.5,77126.6,77085.4,77090.7,154.2291
1777332300000,77090.6,77101.3,77080.0,77082.9,57.4243
1777332600000,77082.8,77187.5,77082.8,77174.4,162.2331
1777332900000,77174.4,77188.4,77155.5,77163.3,172.7355
1777333200000,77163.4,77276.5,77163.4,77258.5,1096.9156
1777333500000,77258.4,77311.1,77238.5,77296.9,444.1383
1777333800000,77296.9,77410.0,77254.1,77398.5,421.9872
1777334100000,77398.6,77409.9,77313.1,77327.6,244.8809
1777334400000,77327.6,77349.9,77229.8,77240.8,270.704
1777334700000,77240.7,77325.0,77217.5,77311.1,189.2423
1777335000000,77311.0,77393.4,77254.6,77277.4,242.3639
1777335300000,77277.3,77387.5,77225.0,77231.8,218.1376
1777335600000,77231.9,77265.9,77205.3,77218.8,230.1439
1777335900000,77218.8,77231.2,77180.0,77185.5,115.3176
1777336200000,77185.5,77250.0,77168.5,77183.4,199.7738
1777336500000,77183.4,77364.5,77183.4,77319.9,242.7701
1777336800000,77319.8,77444.0,77317.2,77357.2,316.4583
1777337100000,77357.2,77435.8,77350.3,77358.9,196.1851
1777337400000,77358.9,77365.0,77241.4,77364.9,197.9491
1777337700000,77364.9,77400.0,77331.4,77341.5,120.2408
1777338000000,77341.4,77351.0,77277.8,77332.0,131.2723
1777338300000,77332.1,77359.4,77305.1,77318.9,84.8539
1777338600000,77319.0,77329.9,77299.8,77299.9,45.4611
1777338900000,77299.9,77300.0,77180.5,77180.6,130.0038
1777339200000,77180.6,77228.9,77180.5,77184.1,105.5113
1777339500000,77184.0,77223.8,77156.0,77206.1,144.8314
1777339800000,77206.1,77206.1,77066.0,77066.5,244.0177
1777340100000,77066.5,77193.3,77066.0,77157.3,149.4201
1777340400000,77157.2,77157.2,77031.9,77059.6,364.3522
1777340700000,77059.5,77091.5,76987.5,77064.1,295.7788
1777341000000,77064.1,77086.4,77026.9,77083.0,151.6396
1777341300000,77083.0,77084.7,77032.2,77040.1,129.8486
1777341600000,77040.1,77183.9,77001.6,77153.5,263.176
1777341900000,77153.5,77167.7,77071.8,77085.0,177.1494
1777342200000,77084.9,77134.2,77075.0,77122.0,114.4158
1777342500000,77122.0,77198.8,77069.4,77159.6,179.124
1777342800000,77159.6,77180.0,77096.3,77114.7,132.4101
1777343100000,77114.7,77120.0,76952.0,76959.4,333.3935
1777343400000,76959.5,76994.8,76880.1,76915.4,375.238
1777343700000,76915.4,76921.6,76611.0,76661.2,1052.1953
1777344000000,76661.2,76729.4,76646.3,76654.5,640.1152
1777344300000,76654.4,76719.4,76634.0,76663.5,333.9002
1777344600000,76663.6,76830.4,76663.5,76803.2,298.7604
1777344900000,76803.2,76868.4,76760.1,76848.0,174.5484
1777345200000,76848.1,76856.5,76754.1,76775.5,200.1599
1777345500000,76775.6,76812.0,76636.0,76727.2,370.5229
1777345800000,76727.3,76750.0,76711.3,76720.1,65.6501
1777346100000,76720.1,76755.9,76686.9,76686.9,87.1139
1777346400000,76687.0,76744.1,76667.8,76667.8,114.1731
1777346700000,76667.9,76754.9,76667.8,76729.5,139.0315
1777347000000,76729.6,76800.0,76709.6,76779.3,109.4076
1777347300000,76779.2,76802.0,76753.6,76763.0,82.8863
1777347600000,76763.1,76778.8,76735.0,76747.5,112.9938
1777347900000,76747.6,76794.2,76740.1,76784.2,58.238
1777348200000,76784.2,76794.5,76750.0,76762.6,38.1859
1777348500000,76762.6,76799.1,76762.5,76770.3,86.6238
1777348800000,76770.4,76770.4,76735.1,76750.0,73.5332
1777349100000,76749.9,76793.3,76735.0,76791.7,57.9722
1777349400000,76791.7,76848.4,76779.3,76842.5,129.5943
1777349700000,76842.5,76899.4,76767.4,76767.4,157.4545
1777350000000,76767.3,76789.0,76672.4,76706.5,184.0878
1777350300000,76706.5,76770.9,76650.0,76752.2,209.7933
1777350600000,76752.1,76784.8,76701.6,76754.2,202.8733
1777350900000,76754.2,76754.2,76710.5,76737.5,68.8563
1777351200000,76737.6,76841.4,76737.5,76790.2,159.7277
1777351500000,76790.3,76916.8,76790.2,76916.6,258.6927
1777351800000,76916.5,76919.0,76869.4,76869.6,96.9089
1777352100000,76869.7,76869.7,76832.2,76844.9,51.0132
1777352400000,76845.0,76926.0,76845.0,76925.9,130.0415
1777352700000,76926.0,77003.1,76901.3,76940.6,414.7586
1777353000000,76940.5,76940.6,76896.0,76915.9,103.0178
1777353300000,76915.9,76926.4,76863.8,76926.4,140.5464
1777353600000,76926.4,76960.0,76893.6,76960.0,97.8973
1777353900000,76960.0,77120.9,76954.2,77018.0,439.9207
1777354200000,77018.0,77033.0,76933.2,76933.2,173.5903
1777354500000,76933.3,76945.0,76822.0,76822.0,253.4797
1777354800000,76822.1,76836.0,76761.0,76815.8,176.7431
1777355100000,76815.7,76886.2,76815.7,76854.0,68.8282
1777355400000,76854.0,76931.4,76853.9,76898.9,73.5478
1777355700000,76899.0,76930.0,76832.5,76840.7,118.9426
1777356000000,76840.7,76942.2,76840.7,76942.2,178.9794
1777356300000,76942.3,76976.5,76942.2,76960.9,197.8949
1777356600000,76960.9,76970.0,76937.9,76946.5,80.7531
1777356900000,76946.5,76946.6,76894.6,76918.7,122.3057
1777357200000,76918.8,76918.8,76800.0,76804.8,191.7197
1777357500000,76804.7,76862.9,76780.0,76862.9,82.0687
1777357800000,76862.9,76896.7,76835.8,76871.5,68.0286
1777358100000,76871.5,76878.4,76668.5,76743.0,451.6584
1777358400000,76743.0,76751.9,76518.1,76552.0,699.1979
1777358700000,76552.0,76659.8,76527.2,76637.7,321.9894
1777359000000,76637.7,76700.0,76637.7,76669.9,174.7731
1777359300000,76670.0,76714.6,76658.7,76658.8,75.4421
1777359600000,76658.7,76673.6,76621.8,76638.0,164.0997
1777359900000,76638.0,76662.8,76553.6,76563.7,256.3568
1777360200000,76563.7,76580.0,76507.5,76507.5,297.9818
1777360500000,76507.6,76531.7,76355.1,76464.9,1026.1294
1777360800000,76464.8,76631.9,76450.0,76602.0,306.2029
1777361100000,76601.9,76635.3,76559.1,76606.1,164.7941
1777361400000,76606.0,76688.7,76590.0,76671.6,199.0976
1777361700000,76671.7,76777.0,76666.0,76774.0,354.4124
1777362000000,76774.1,76840.5,76762.0,76804.1,299.18
1777362300000,76804.2,76822.0,76734.0,76748.7,150.8268
1777362600000,76748.7,76880.0,76730.8,76868.7,177.2128
1777362900000,76868.8,76881.6,76821.1,76828.0,240.8219
1777363200000,76828.0,76851.6,76755.3,76755.3,230.2143
1777363500000,76755.3,76800.0,76740.0,76760.4,92.9901
1777363800000,76760.4,76812.2,76740.0,76803.6,137.5733
1777364100000,76803.6,76905.0,76792.2,76836.9,141.4218
1777364400000,76836.9,76885.4,76812.0,76812.0,143.0766
1777364700000,76812.0,76930.0,76800.0,76930.0,161.7751
1777365000000,76930.0,76947.1,76824.3,76876.8,345.7495
1777365300000,76876.8,76876.8,76820.8,76839.5,172.8717
1777365600000,76839.6,76839.6,76764.6,76768.7,103.5965
1777365900000,76768.7,76787.8,76725.0,76762.5,165.7689
1777366200000,76762.5,76763.3,76689.3,76754.8,207.9413
1777366500000,76754.8,76828.5,76754.7,76813.9,86.0717
1777366800000,76813.9,76822.0,76740.9,76765.0,102.9652
1777367100000,76764.9,76816.6,76762.0,76816.6,140.026
1777367400000,76816.6,76816.6,76767.9,76787.0,69.4544
1777367700000,76787.0,76794.3,76736.3,76794.3,79.2359
1777368000000,76794.3,76794.3,76728.0,76729.1,44.6597
1777368300000,76729.1,76744.9,76657.4,76744.8,184.4768
1777368600000,76744.8,76744.9,76610.0,76634.6,130.4137
1777368900000,76634.5,76664.5,76595.0,76654.7,166.4158
1777369200000,76654.7,76659.7,76622.0,76622.1,76.1661
1777369500000,76622.1,76622.1,76485.8,76535.1,334.5774
1777369800000,76535.0,76588.0,76452.9,76578.1,328.7755
1777370100000,76578.2,76600.0,76550.0,76554.2,96.591
1777370400000,76554.1,76652.9,76534.2,76589.9,215.6726
1777370700000,76589.8,76589.9,76467.0,76505.1,220.2638
1777371000000,76505.1,76528.0,76472.8,76472.9,106.6211
1777371300000,76472.9,76543.0,76440.0,76500.1,199.0375
1777371600000,76500.1,76500.1,76466.7,76472.8,113.9591
1777371900000,76472.8,76513.6,76470.8,76485.7,64.4541
1777372200000,76485.7,76577.9,76485.0,76558.2,122.871
1777372500000,76558.2,76573.1,76522.0,76522.0,68.2868
1777372800000,76522.0,76581.3,76522.0,76573.9,53.9465
1777373100000,76573.9,76588.0,76551.9,76588.0,46.7918
1777373400000,76588.0,76593.0,76572.2,76574.4,93.3517
1777373700000,76574.4,76589.3,76521.5,76579.4,93.7976
1777374000000,76579.4,76602.2,76500.0,76510.7,118.0387
1777374300000,76510.7,76510.7,76421.9,76444.1,251.6625
1777374600000,76444.1,76453.9,76403.4,76410.1,247.4156
1777374900000,76410.1,76450.3,76273.8,76339.6,995.331
1777375200000,76339.6,76437.3,76337.6,76390.1,201.9421
1777375500000,76390.1,76397.3,76231.3,76305.5,545.8024
1777375800000,76305.5,76310.0,76202.4,76248.5,567.8973
1777376100000,76248.4,76274.8,76111.0,76192.8,718.1506
1777376400000,76192.7,76262.8,76159.3,76253.8,271.1852
1777376700000,76253.8,76260.9,76100.7,76113.6,272.1191
1777377000000,76113.6,76150.0,76088.0,76149.9,337.1838
1777377300000,76150.0,76207.4,76133.7,76199.9,281.4332
1777377600000,76200.0,76237.4,76150.0,76174.9,301.511
1777377900000,76174.9,76240.0,76151.6,76190.2,272.3117
1777378200000,76190.2,76286.6,76160.0,76245.9,219.0344
1777378500000,76245.9,76262.3,76121.2,76163.8,233.8908
1777378800000,76163.7,76335.3,76159.3,76191.8,496.7401
1777379100000,76191.7,76202.5,76153.6,76197.8,98.3615
1777379400000,76197.8,76240.0,76140.9,76233.8,203.9443
1777379700000,76233.9,76268.1,76191.1,76253.0,266.9546
1777380000000,76253.0,76295.0,76234.0,76281.4,122.8589
1777380300000,76281.3,76387.5,76258.6,76369.8,567.514
1777380600000,76369.9,76389.0,76309.4,76319.9,151.7004
1777380900000,76320.0,76350.0,76303.7,76347.4,123.0507
1777381200000,76347.4,76347.4,76260.0,76260.1,144.5065
1777381500000,76260.0,76265.2,76031.0,76078.4,656.1243
1777381800000,76078.3,76175.8,75929.4,76109.2,1250.1186
1777382100000,76109.2,76115.2,75993.4,76080.1,430.0071
1777382400000,76080.0,76136.6,76077.4,76098.8,244.2693
1777382700000,76098.8,76234.9,76050.1,76156.3,391.9833
1777383000000,76156.2,76217.8,76022.0,76150.2,469.9025
1777383300000,76150.1,76330.0,76128.0,76287.8,583.7612
1777383600000,76287.8,76295.1,76112.4,76228.1,397.0175
1777383900000,76228.0,76386.0,76211.1,76266.2,453.468
1777384200000,76266.3,76303.6,76073.0,76107.5,433.4584
1777384500000,76107.5,76196.9,76001.4,76159.6,388.2769
1777384800000,76159.6,76167.2,75980.0,76063.2,336.8253
1777385100000,76063.1,76168.4,76053.7,76072.6,190.1986
1777385400000,76072.6,76099.1,76022.3,76048.4,164.1126
1777385700000,76048.4,76061.5,75876.0,75952.1,901.648
1777386000000,75952.0,76002.0,75811.8,75871.5,761.2715
1777386300000,75871.5,75897.6,75726.9,75800.2,1077.386
1777386600000,75800.2,75880.0,75751.5,75779.9,636.2108
1777386900000,75779.9,75780.0,75624.7,75722.5,1207.2209
1777387200000,75722.6,75845.0,75626.7,75831.0,675.7777
1777387500000,75830.9,75833.4,75692.4,75722.4,400.0347
1777387800000,75722.3,75784.8,75661.6,75744.1,355.2358
1777388100000,75744.2,75917.7,75722.0,75917.7,481.4138
1777388400000,75917.6,76048.6,75917.4,76000.0,887.6936
1777388700000,76000.0,76020.0,75805.0,75969.4,319.8045
1777389000000,75969.4,75999.9,75939.5,75952.5,244.3074
1777389300000,75952.5,75991.3,75913.3,75982.5,159.3396
1777389600000,75982.5,76037.5,75942.9,76035.0,258.0183
1777389900000,76035.1,76036.2,75920.5,75989.4,191.5978
1777390200000,75989.4,75992.8,75875.1,75904.7,240.2137
1777390500000,75904.6,75993.1,75850.1,75971.9,230.7545
1777390800000,75971.8,76026.1,75900.0,75905.2,153.2681
1777391100000,75905.3,75966.5,75882.5,75903.7,134.7255
1777391400000,75903.6,76050.0,75903.6,76049.9,252.7644
1777391700000,76050.0,76050.0,75996.4,76026.3,94.4111
1777392000000,76026.4,76060.0,75966.8,76036.7,333.4923
1777392300000,76036.7,76048.0,75958.0,75987.2,121.9717
1777392600000,75987.2,76012.9,75925.0,75988.3,380.3257
1777392900000,75988.3,75988.3,75916.7,75957.1,98.0823
1777393200000,75957.2,76010.2,75940.1,75940.1,71.9455
1777393500000,75940.0,75964.4,75919.6,75925.4,79.7691
1777393800000,75925.5,75981.0,75900.0,75900.0,108.3617
1777394100000,75900.0,75915.0,75858.0,75886.1,172.7541
1777394400000,75886.1,75933.0,75858.0,75885.8,91.423
1777394700000,75885.8,75936.5,75854.3,75876.4,72.8238
1777395000000,75876.4,76209.6,75875.9,76121.3,578.0505
1777395300000,76121.3,76137.7,76048.3,76096.7,257.5467
1777395600000,76096.6,76196.9,76040.1,76060.8,373.0759
1777395900000,76060.8,76060.8,75985.3,76033.0,154.9398
1777396200000,76032.9,76037.4,75960.8,76006.8,93.6465
1777396500000,76006.9,76010.4,75920.7,75929.1,242.2376
1777396800000,75929.1,76062.6,75920.2,76062.6,101.9534
1777397100000,76062.6,76112.9,76004.3,76064.6,144.8104
1777397400000,76064.6,76163.4,76064.6,76163.4,211.3003
1777397700000,76163.4,76241.5,76153.9,76162.9,412.3747
1777398000000,76162.8,76204.6,76143.7,76159.9,84.0575
1777398300000,76160.0,76188.7,76134.1,76142.4,134.5553
1777398600000,76142.4,76173.9,76080.0,76093.4,158.3128
1777398900000,76093.5,76184.7,76080.1,76155.0,202.0302
1777399200000,76154.9,76213.3,76126.8,76207.8,390.3856
1777399500000,76207.9,76247.3,76104.7,76147.5,435.5633
1777399800000,76147.5,76147.5,76097.1,76103.7,275.212
1777400100000,76103.7,76180.0,76103.6,76180.0,268.7035
1777400400000,76180.0,76245.9,76145.9,76242.0,246.445
1777400700000,76242.0,76250.0,76170.9,76201.0,132.1188
1777401000000,76201.1,76215.5,76154.4,76162.4,177.019
1777401300000,76162.4,76210.0,76150.0,76173.6,77.6147
1777401600000,76173.6,76187.8,76126.5,76129.4,87.5947
1777401900000,76129.4,76150.0,76114.1,76145.2,65.5911
1777402200000,76145.1,76200.0,76144.0,76184.0,48.9157
1777402500000,76184.0,76218.6,76157.9,76205.3,67.2695
1777402800000,76205.4,76205.4,76130.0,76130.0,72.7879
1777403100000,76130.1,76154.3,76104.4,76131.8,35.302
1777403400000,76131.8,76131.8,76050.4,76058.3,77.1448
1777403700000,76058.2,76114.0,76036.4,76079.6,67.0399
1777404000000,76079.5,76102.1,76063.0,76084.6,36.5327
1777404300000,76084.5,76144.6,76079.5,76142.9,37.8428
1777404600000,76142.9,76142.9,76094.9,76117.8,135.9886
1777404900000,76117.8,76196.0,76110.2,76195.9,60.7759
1777405200000,76196.0,76298.0,76183.1,76286.2,115.2107
1777405500000,76286.3,76330.7,76227.9,76257.0,201.8428
1777405800000,76257.0,76321.9,76243.0,76290.0,168.2914
1777406100000,76289.9,76359.0,76273.4,76295.9,723.1973
1777406400000,76295.8,76422.6,76290.9,76405.5,406.0201
1777406700000,76405.5,76423.0,76305.8,76326.7,106.0831
1777407000000,76326.6,76366.2,76297.9,76366.2,104.4831
1777407300000,76366.1,76375.0,76304.8,76334.2,139.1441
1777407600000,76334.2,76354.2,76321.9,76337.8,51.5567
1777407900000,76337.9,76375.5,76310.7,76333.1,83.607
1777408200000,76333.0,76410.0,76319.4,76378.4,61.1643
1777408500000,76378.4,76378.4,76343.1,76353.6,45.3787
1777408800000,76353.6,76398.6,76353.5,76386.3,64.2521
1777409100000,76386.4,76418.5,76379.9,76418.4,78.5003
1777409400000,76418.4,76445.0,76411.6,76413.9,178.9706
1777409700000,76413.8,76445.0,76402.0,76432.6,85.5968
1777410000000,76432.5,76445.0,76430.0,76438.3,45.1763
1777410300000,76438.4,76449.9,76362.8,76373.9,130.9929
1777410600000,76373.9,76373.9,76313.9,76328.5,167.5384
1777410900000,76328.5,76345.9,76306.6,76325.6,180.66
1777411200000,76325.7,76333.4,76305.2,76315.1,46.7633
1777411500000,76315.1,76324.2,76260.0,76265.8,84.6672
1777411800000,76265.7,76303.5,76265.7,76296.7,66.5521
1777412100000,76296.7,76380.0,76296.6,76330.9,102.8778
1777412400000,76331.0,76368.9,76272.3,76283.7,76.0424
1777412700000,76283.6,76306.4,76270.0,76306.3,26.7834
1777413000000,76306.4,76308.4,76231.6,76265.3,77.9299
1777413300000,76265.4,76380.0,76265.3,76325.2,77.531
1777413600000,76325.2,76389.2,76312.5,76367.6,142.1145
1777413900000,76367.6,76418.6,76362.0,76390.8,82.7633
1777414200000,76390.8,76390.9,76292.6,76333.2,67.9054
1777414500000,76333.2,76344.7,76301.3,76301.3,52.1163
1777414800000,76301.3,76325.0,76280.0,76299.0,47.3436
1777415100000,76299.0,76310.1,76292.6,76294.4,28.7404
1777415400000,76294.4,76320.0,76285.7,76320.0,40.4504
1777415700000,76320.0,76330.3,76290.6,76290.7,34.1437
1777416000000,76290.6,76290.7,76254.9,76254.9,63.5983
1777416300000,76255.0,76258.1,76231.9,76238.1,90.1485
1777416600000,76238.1,76238.1,76178.6,76180.3,110.7157
1777416900000,76180.3,76207.7,76180.2,76207.7,128.1006
1777417200000,76207.6,76207.6,76143.8,76191.5,138.8772
1777417500000,76191.5,76263.9,76190.0,76255.3,72.5358
1777417800000,76255.4,76311.9,76255.3,76309.3,118.4431
1777418100000,76309.3,76330.0,76253.5,76265.8,103.1338
1777418400000,76265.8,76287.7,76254.8,76287.7,26.2434
1777418700000,76287.7,76287.7,76228.8,76248.4,60.6919
1777419000000,76248.4,76273.6,76228.8,76228.9,45.0557
1777419300000,76228.9,76252.5,76218.0,76242.4,73.1331
1777419600000,76242.3,76270.0,76241.3,76261.2,41.8518
1777419900000,76261.2,76320.0,76261.2,76293.1,46.4081
1777420200000,76293.1,76347.0,76278.6,76330.3,90.2955
1777420500000,76330.3,76336.5,76300.1,76301.9,53.7201
1777420800000,76301.9,76363.4,76260.6,76309.1,190.5972
1777421100000,76309.1,76342.1,76280.1,76314.1,66.97
1777421400000,76314.0,76314.1,76279.0,76290.8,57.8027
1777421700000,76290.7,76310.8,76237.0,76310.8,61.7081
1777422000000,76310.7,76310.8,76262.6,76299.9,24.9686
1777422300000,76300.0,76300.0,76270.0,76278.2,29.0578
1777422600000,76278.3,76338.3,76262.0,76262.1,75.3526
1777422900000,76262.1,76317.9,76250.0,76317.9,63.5197
1777423200000,76317.9,76393.8,76317.8,76373.7,196.4
1777423500000,76373.7,76410.7,76366.3,76383.7,188.1759
1777423800000,76383.7,76508.0,76347.1,76506.2,425.0505
1777424100000,76506.2,76525.0,76452.3,76477.1,263.692
1777424400000,76477.2,76493.0,76432.0,76492.9,236.0897
1777424700000,76493.0,76514.0,76260.6,76317.6,262.2601
1777425000000,76317.6,76374.1,76303.5,76321.0,170.6404
1777425300000,76320.9,76361.5,76216.6,76249.0,201.7455
1777425600000,76249.0,76260.2,76175.6,76213.4,189.549
1777425900000,76213.3,76234.1,76188.1,76188.1,74.6743
1777426200000,76188.0,76240.5,76132.7,76239.4,217.3894
1777426500000,76239.5,76300.0,76239.4,76271.5,133.4269
1777426800000,76271.4,76375.6,76271.4,76371.7,120.2632
1777427100000,76371.6,76580.9,76350.0,76575.3,671.4028
1777427400000,76575.4,76630.0,76507.3,76512.9,540.6727
1777427700000,76512.9,76549.9,76501.1,76534.3,118.6781
1777428000000,76534.4,76624.6,76473.3,76497.9,353.8384
1777428300000,76498.0,76589.9,76494.4,76549.6,144.8136
1777428600000,76549.6,76549.7,76499.9,76515.1,81.2634
1777428900000,76515.1,76520.4,76466.6,76520.3,196.4327
1777429200000,76520.4,76520.4,76437.5,76448.0,84.0313
1777429500000,76448.0,76475.0,76411.2,76420.0,72.4592
1777429800000,76420.1,76429.1,76364.0,76407.6,129.0667
1777430100000,76407.7,76411.5,76397.0,76400.8,87.0629
1777430400000,76400.9,76420.0,76394.7,76394.8,76.2304
1777430700000,76394.7,76450.0,76385.8,76449.9,31.0716
1777431000000,76450.0,76480.6,76441.1,76444.1,87.9088
1777431300000,76444.1,76494.6,76443.9,76491.2,88.6351
1777431600000,76491.1,76559.3,76482.5,76482.5,146.6621
1777431900000,76482.5,76536.8,76475.6,76530.0,62.9767
1777432200000,76529.9,76587.3,76529.9,76587.2,149.6416
1777432500000,76587.3,76877.0,76578.6,76799.9,1076.3219
1777432800000,76799.9,76858.0,76784.6,76801.1,650.5824
1777433100000,76801.1,76849.0,76750.0,76835.1,242.8036
1777433400000,76835.1,76850.0,76748.1,76773.0,178.591
1777433700000,76772.9,76999.4,76772.0,76956.4,907.9953
1777434000000,76956.3,77086.7,76908.0,77021.1,778.5304
1777434300000,77021.1,77039.2,76942.0,76961.0,314.4218
1777434600000,76961.0,76964.0,76903.9,76938.8,179.7709
1777434900000,76938.8,76957.1,76890.0,76946.4,142.5067
1777435200000,76946.5,76973.6,76883.4,76890.7,248.1071
1777435500000,76890.7,76910.0,76870.7,76891.7,118.9906
1777435800000,76891.8,76891.9,76837.6,76875.5,191.6332
1777436100000,76875.5,76946.4,76875.5,76942.3,119.9386
1777436400000,76942.3,77021.0,76918.8,76954.0,158.4834
1777436700000,76954.0,77000.0,76953.9,76996.8,140.5616
1777437000000,76996.9,77187.1,76965.5,77112.8,861.7473
1777437300000,77112.7,77265.1,77089.6,77251.7,1091.7077
1777437600000,77251.7,77416.7,77229.4,77263.3,1617.8845
1777437900000,77263.3,77316.5,77233.9,77250.1,595.7291
1777438200000,77250.0,77320.1,77218.1,77239.8,299.1372
1777438500000,77239.9,77270.7,77190.7,77216.9,554.956
1777438800000,77216.8,77248.8,77150.0,77199.4,627.5738
1777439100000,77199.4,77267.2,77183.3,77218.8,273.0993
1777439400000,77218.8,77239.5,77165.7,77172.1,234.2549
1777439700000,77172.1,77206.3,77148.3,77190.4,136.3391
1777440000000,77190.4,77219.2,77184.2,77213.2,95.2486
1777440300000,77213.3,77231.7,77153.5,77223.8,194.1167
1777440600000,77223.8,77264.9,77187.8,77187.9,291.8214
1777440900000,77187.8,77217.2,77167.7,77217.1,132.7131
1777441200000,77217.2,77228.9,77180.9,77194.6,148.5855
1777441500000,77194.7,77278.5,77194.6,77216.8,369.3661
1777441800000,77216.7,77278.9,77199.9,77240.4,534.4084
1777442100000,77240.4,77255.0,77216.0,77244.9,136.1406
1777442400000,77244.9,77264.2,77216.0,77232.5,140.1078
1777442700000,77232.6,77288.0,77188.1,77213.5,390.1971
1777443000000,77213.4,77246.0,77132.0,77179.6,338.7149
1777443300000,77179.7,77200.0,77136.9,77162.9,289.6604
1777443600000,77163.0,77184.9,77050.4,77093.0,604.5793
1777443900000,77092.9,77098.9,77043.2,77046.7,362.6946
1777444200000,77046.8,77079.0,76981.1,77003.4,360.0929
1777444500000,77003.5,77052.5,76966.0,76995.1,264.8088
1777444800000,76995.1,77063.4,76970.0,76972.8,272.2226
1777445100000,76972.9,77027.3,76972.9,76985.7,151.8921
1777445400000,76985.8,76990.1,76888.0,76941.8,241.5868
1777445700000,76941.8,77012.4,76895.5,76984.7,342.9825
1777446000000,76984.8,77015.4,76975.4,77003.6,222.2356
1777446300000,77003.7,77017.7,76980.1,77003.6,199.4544
1777446600000,77003.6,77050.0,76980.0,77050.0,304.736
1777446900000,77050.0,77068.7,76996.5,77002.4,114.5207
1777447200000,77002.4,77015.6,76992.2,77000.4,54.5898
1777447500000,77000.5,77054.9,77000.0,77019.3,220.974
1777447800000,77019.3,77147.8,77019.3,77076.8,312.954
1777448100000,77076.7,77124.7,77066.3,77066.4,103.5702
1777448400000,77066.3,77119.0,77066.3,77086.5,95.6215
1777448700000,77086.6,77086.6,76973.0,77060.7,155.181
1777449000000,77060.7,77069.9,77010.0,77010.1,71.4675
1777449300000,77010.1,77026.0,76973.0,77017.9,172.781
1777449600000,77017.9,77050.0,77000.0,77003.2,118.3813
1777449900000,77003.2,77010.0,76933.9,76962.3,228.0273
1777450200000,76962.3,77019.9,76957.3,76985.6,95.6044
1777450500000,76985.6,77070.0,76977.7,77061.9,158.5913
1777450800000,77061.9,77113.8,77024.6,77053.6,309.8681
1777451100000,77053.6,77084.4,77053.6,77057.2,62.1948
1777451400000,77057.1,77057.1,76935.0,76951.4,170.8055
1777451700000,76951.3,77000.0,76922.2,76980.5,181.0943
1777452000000,76980.4,77026.5,76963.8,77022.1,121.9511
1777452300000,77022.0,77037.4,76992.9,76993.0,43.0087
1777452600000,76992.9,77024.9,76982.4,77002.2,58.224
1777452900000,77002.3,77017.0,76990.0,77001.2,67.4675
1777453200000,77001.1,77014.6,76953.0,76963.7,122.2045
1777453500000,76963.8,76963.8,76922.0,76938.7,79.8759
1777453800000,76938.7,77035.8,76934.4,77026.8,107.2674
1777454100000,77026.7,77068.7,77014.4,77068.6,153.2764
1777454400000,77068.7,77105.2,77050.0,77098.2,167.8225
1777454700000,77098.2,77098.3,77082.3,77090.6,72.2814
1777455000000,77090.6,77217.6,77085.0,77188.5,306.6625
1777455300000,77188.6,77255.0,77164.5,77196.1,247.6714
1777455600000,77196.2,77216.8,77181.8,77213.5,99.6334
1777455900000,77213.4,77693.4,77197.7,77620.3,2433.1952
1777456200000,77620.3,77773.5,77546.7,77684.2,1556.7827
1777456500000,77684.3,77745.0,77568.3,77610.2,568.7689
1777456800000,77610.2,77725.0,77596.0,77668.7,411.6034
1777457100000,77668.7,77758.9,77639.3,77737.6,366.3688
1777457400000,77737.5,77777.0,77638.4,77687.5,514.3738
1777457700000,77687.5,77750.0,77659.3,77692.7,274.8217
1777458000000,77692.7,77746.5,77660.9,77716.9,212.4022
1777458300000,77716.8,77882.3,77699.6,77842.6,775.3435
1777458600000,77842.5,77860.0,77758.5,77777.4,368.4208
1777458900000,77777.4,77777.5,77638.0,77645.1,298.5108
1777459200000,77645.0,77645.1,77513.6,77524.3,620.4986
1777459500000,77524.4,77622.4,77517.1,77615.8,180.3802
1777459800000,77615.9,77630.0,77563.3,77590.6,129.1215
1777460100000,77590.7,77594.7,77552.1,77580.0,105.7444
1777460400000,77580.0,77642.0,77497.5,77641.8,270.7021
1777460700000,77641.9,77642.0,77454.5,77480.1,412.3796
1777461000000,77480.1,77549.8,77480.1,77535.7,133.7233
1777461300000,77535.6,77565.5,77481.0,77487.1,181.3393
1777461600000,77487.1,77497.8,77464.9,77480.1,122.997
1777461900000,77480.1,77500.0,77435.6,77472.8,248.7579
1777462200000,77472.7,77562.2,77461.7,77542.5,282.8153
1777462500000,77542.5,77637.8,77542.4,77556.0,555.5774
1777462800000,77556.0,77596.5,77520.0,77531.5,131.3373
1777463100000,77531.4,77642.2,77513.6,77530.4,250.2502
1777463400000,77530.3,77598.1,77500.3,77550.6,109.5179
1777463700000,77550.5,77569.2,77535.4,77543.6,69.1901
1777464000000,77543.6,77553.0,77417.6,77435.1,246.6562
1777464300000,77435.2,77477.5,77417.0,77425.0,423.2451
1777464600000,77425.1,77458.0,77241.2,77283.8,502.2455
1777464900000,77283.8,77390.2,77260.1,77280.1,390.8759
1777465200000,77280.0,77280.1,76938.0,77100.1,1761.2237
1777465500000,77100.1,77150.0,77055.9,77113.9,443.7106
1777465800000,77114.0,77121.7,76955.0,77004.4,646.0715
1777466100000,77004.4,77069.0,76994.0,77069.0,216.2096
1777466400000,77069.0,77147.1,77068.9,77130.8,245.5227
1777466700000,77130.8,77167.4,77103.3,77103.3,160.7465
1777467000000,77103.3,77174.5,77103.3,77118.3,445.0945
1777467300000,77118.2,77128.0,77090.9,77108.0,95.6346
1777467600000,77108.0,77176.8,77091.1,77095.1,230.0017
1777467900000,77095.0,77104.8,77030.0,77073.4,163.347
1777468200000,77073.4,77147.7,77068.3,77146.8,106.4469
1777468500000,77146.8,77211.1,77080.0,77080.1,201.2973
1777468800000,77080.0,77080.1,76862.7,76892.8,510.9018
1777469100000,76892.7,76940.0,76822.1,76892.3,653.7797
1777469400000,76892.3,76892.4,76623.0,76634.4,1321.4215
1777469700000,76634.4,76779.9,76539.2,76670.2,1524.9182
1777470000000,76670.2,76697.6,76525.8,76525.8,547.4472
1777470300000,76525.7,76620.0,76382.2,76576.6,1250.1279
1777470600000,76576.7,76797.0,76568.7,76748.6,943.3719
1777470900000,76748.7,76846.6,76734.1,76735.1,400.2424
1777471200000,76735.2,76744.4,76616.6,76679.9,358.0192
1777471500000,76680.0,76680.0,76501.3,76558.8,367.0146
1777471800000,76558.9,76636.0,76515.1,76555.1,265.6648
1777472100000,76555.0,76655.0,76474.6,76610.1,308.1945
1777472400000,76610.0,76647.2,76530.9,76647.1,172.3115
1777472700000,76647.2,76735.0,76637.4,76681.5,330.3167
1777473000000,76681.5,76690.1,76588.2,76671.2,267.6439
1777473300000,76671.2,76833.2,76645.5,76700.2,580.7089
1777473600000,76700.3,76700.3,76542.8,76564.0,326.2185
1777473900000,76564.0,76582.1,76444.0,76551.1,387.8739
1777474200000,76551.1,76623.0,76500.0,76589.9,226.0083
1777474500000,76590.0,76608.9,76521.4,76540.0,93.5409
1777474800000,76540.0,76602.5,76403.0,76403.1,404.9755
1777475100000,76403.0,76411.6,76273.3,76285.1,797.5755
1777475400000,76285.0,76299.9,76108.6,76220.5,1119.9478
1777475700000,76220.5,76338.4,76160.0,76211.8,615.2305
1777476000000,76211.8,76243.5,76154.3,76209.0,363.3707
1777476300000,76209.0,76263.9,76190.0,76197.6,309.8008
1777476600000,76197.6,76305.0,76139.4,76236.5,423.3396
1777476900000,76236.4,76278.6,75930.0,76005.7,962.2042
1777477200000,76005.6,76021.6,75936.6,75950.1,512.7614
1777477500000,75950.1,76006.8,75865.0,75977.3,501.8055
1777477800000,75977.4,75979.8,75669.0,75746.6,1459.6523
1777478100000,75746.7,75899.6,75709.2,75892.4,529.4242
1777478400000,75892.4,76021.4,75797.4,76021.1,933.6364
1777478700000,76021.1,76021.1,75930.2,76001.5,511.7961
1777479000000,76001.4,76095.3,75992.4,75992.5,427.8591
1777479300000,75992.4,76084.0,75800.0,75849.9,600.4946
1777479600000,75850.0,75870.0,75645.0,75706.5,1093.3484
1777479900000,75706.4,75843.2,75706.4,75807.8,365.9492
1777480200000,75807.7,75853.0,75767.1,75815.5,498.1961
1777480500000,75815.4,75846.9,75688.0,75846.9,338.3908
1777480800000,75847.0,75880.5,75787.1,75856.0,156.3702
1777481100000,75856.0,75878.4,75755.0,75755.0,174.2947
1777481400000,75755.0,75775.0,75666.0,75775.0,426.5769
1777481700000,75774.9,75780.0,75732.0,75770.9,179.7371
1777482000000,75771.0,75985.3,75771.0,75977.5,604.5824
1777482300000,75977.6,75977.6,75870.2,75897.8,188.938
1777482600000,75897.7,75945.3,75888.0,75891.6,114.8259
1777482900000,75891.6,75970.0,75852.2,75957.5,202.2591
1777483200000,75957.6,76082.1,75952.7,76044.0,343.838
1777483500000,76044.1,76044.1,75764.4,75857.9,604.066
1777483800000,75858.0,75957.6,75844.6,75931.6,267.0513
1777484100000,75931.5,75949.7,75884.0,75949.6,130.3159
1777484400000,75949.7,75985.0,75908.1,75984.9,94.4604
1777484700000,75984.9,76035.8,75913.4,75999.9,193.3719
1777485000000,76000.0,76011.3,75920.1,75951.6,116.5301
1777485300000,75951.6,76163.0,75902.8,76154.4,278.6197
1777485600000,76154.4,76225.6,75864.2,75878.7,672.0909
1777485900000,75878.7,75900.0,74921.7,74986.1,4103.1468
1777486200000,74986.1,75212.9,74893.3,75154.4,3401.9884
1777486500000,75154.4,75223.3,75004.9,75118.7,1069.8497
1777486800000,75118.7,75353.9,75080.0,75300.0,750.709
1777487100000,75299.9,75300.0,75026.8,75113.8,1331.9829
1777487400000,75113.7,75153.3,74916.2,75112.8,1146.0601
1777487700000,75112.7,75329.7,75092.1,75280.1,577.6904
1777488000000,75280.1,75318.3,75200.4,75200.5,325.3159
1777488300000,75200.5,75368.0,75181.1,75275.1,256.8741
1777488600000,75275.1,75400.0,75270.7,75387.7,587.7313
1777488900000,75387.8,75471.0,75387.7,75470.9,676.6284
1777489200000,75470.9,75499.9,75394.6,75484.6,358.9644
1777489500000,75484.6,75484.6,75350.0,75368.0,264.8636
1777489800000,75368.0,75537.1,75329.1,75523.7,415.1629
1777490100000,75523.7,75552.6,75450.1,75480.1,317.83
1777490400000,75480.1,75510.0,75407.7,75510.0,224.389
1777490700000,75509.9,75510.0,75460.0,75478.6,116.1683
1777491000000,75478.5,75478.6,75260.0,75323.9,499.4385
1777491300000,75324.0,75420.0,75323.9,75385.6,226.8067
1777491600000,75385.6,75429.6,75361.5,75393.3,98.4766
1777491900000,75393.2,75494.8,75383.9,75430.5,139.1357
1777492200000,75430.5,75496.2,75393.5,75470.1,178.3327
1777492500000,75470.1,75522.0,75428.4,75510.6,481.0677
1777492800000,75510.5,75676.5,75510.0,75591.1,1071.7762
1777493100000,75591.0,75620.7,75518.2,75584.2,232.3864
1777493400000,75584.2,75676.2,75452.4,75494.9,736.4841
1777493700000,75495.0,75612.9,75484.2,75612.8,228.6642
1777494000000,75612.8,75629.4,75567.0,75572.9,301.3958
1777494300000,75572.9,75650.0,75572.9,75634.5,60.3855
1777494600000,75634.4,75675.0,75537.5,75637.1,514.9741
1777494900000,75637.1,75834.2,75593.5,75718.9,1479.3022
1777495200000,75718.9,75752.9,75671.6,75726.3,89.8605
1777495500000,75726.3,75823.5,75720.1,75728.0,122.6953
1777495800000,75728.1,75767.3,75705.8,75745.9,103.7449
1777496100000,75746.0,75758.0,75630.0,75634.4,96.1338
1777496400000,75634.3,75666.2,75577.6,75635.0,212.7407
1777496700000,75635.0,75657.8,75568.6,75650.2,101.8905
1777497000000,75650.2,75824.9,75650.1,75753.4,197.7847
1777497300000,75753.4,75844.9,75753.4,75839.9,127.2711
1777497600000,75839.9,75874.0,75824.3,75840.0,77.297
1777497900000,75840.0,75850.0,75775.0,75790.0,72.1143
1777498200000,75790.0,75877.0,75758.7,75867.2,97.1113
1777498500000,75867.2,75899.0,75866.4,75876.5,85.1502
1777498800000,75876.6,75943.5,75872.1,75897.4,142.9818
1777499100000,75897.4,76063.9,75896.9,75965.5,384.5107
1777499400000,75965.6,75982.0,75913.8,75976.4,101.3497
1777499700000,75976.4,75976.4,75900.0,75900.0,113.5591
1777500000000,75900.0,75916.4,75809.1,75916.4,277.2864
1777500300000,75916.5,75938.1,75880.2,75898.4,81.0432
1777500600000,75898.5,75937.1,75858.9,75937.0,62.0205
1777500900000,75937.0,75966.3,75894.0,75957.7,109.4278
1777501200000,75957.7,75969.9,75868.0,75868.0,152.5249
1777501500000,75868.1,75868.1,75782.1,75797.7,213.5393
1777501800000,75797.7,75920.0,75797.7,75907.8,81.8711
1777502100000,75907.8,75937.6,75880.0,75933.2,83.3252
1777502400000,75933.2,75933.2,75891.8,75928.1,80.7614
1777502700000,75928.0,75939.8,75875.1,75875.1,126.7119
1777503000000,75875.1,75912.0,75855.8,75911.5,98.5421
1777503300000,75911.5,75932.5,75881.9,75885.2,60.4225
1777503600000,75885.1,75926.6,75825.1,75825.1,111.0585
1777503900000,75825.1,75936.6,75813.6,75925.5,159.144
1777504200000,75925.5,75963.2,75891.4,75952.3,145.3754
1777504500000,75952.3,75960.0,75850.1,75850.1,57.2777
1777504800000,75850.1,75855.0,75687.6,75695.9,238.2116
1777505100000,75695.9,75764.2,75651.2,75734.0,390.3462
1777505400000,75733.9,75804.6,75733.9,75798.1,147.3431
1777505700000,75798.1,75815.1,75746.7,75815.1,87.7535
1777506000000,75815.1,75839.9,75754.2,75828.3,257.5144
1777506300000,75828.4,75849.1,75766.2,75766.2,100.173
1777506600000,75766.3,75832.9,75764.8,75780.0,84.3171
1777506900000,75780.1,75788.6,75736.2,75755.0,70.8885
1777507200000,75755.0,75834.0,75754.9,75776.5,271.0756
1777507500000,75776.6,75816.5,75716.8,75730.5,118.5295
1777507800000,75730.4,75748.0,75675.1,75686.8,209.327
1777508100000,75686.7,75720.0,75650.0,75708.5,164.6064
1777508400000,75708.6,75718.0,75612.9,75714.2,166.596
1777508700000,75714.3,75788.0,75714.2,75788.0,151.4445
1777509000000,75788.0,75973.8,75787.9,75915.1,286.9313
1777509300000,75915.1,76163.2,75915.1,76136.6,761.3147
1777509600000,76136.5,76146.6,76000.0,76056.9,326.3702
1777509900000,76057.0,76300.0,76057.0,76185.1,798.2777
1777510200000,76185.1,76299.9,76177.6,76279.9,298.303
1777510500000,76280.0,76282.6,76210.1,76210.1,180.186
1777510800000,76210.0,76332.9,76181.7,76200.0,382.7631
1777511100000,76199.9,76239.9,76135.5,76239.9,171.7204
1777511400000,76239.9,76250.0,76164.2,76186.0,154.643
1777511700000,76186.0,76219.9,76134.0,76219.9,94.2748
1777512000000,76220.0,76243.5,76150.6,76234.0,138.024
1777512300000,76234.0,76379.0,76233.9,76306.8,320.3304
1777512600000,76306.8,76373.0,76286.8,76309.0,182.3819
1777512900000,76308.9,76309.0,76190.0,76239.9,149.9752
1777513200000,76239.9,76331.0,76227.4,76304.2,80.8682
1777513500000,76304.2,76346.2,76294.4,76342.2,90.926
1777513800000,76342.2,76432.3,76289.9,76351.3,332.4006
1777514100000,76351.3,76353.9,76174.5,76193.3,268.6907
1777514400000,76193.3,76292.4,76193.3,76225.0,150.0396
1777514700000,76225.0,76260.8,76204.0,76260.8,108.2384
1777515000000,76260.8,76313.9,76238.5,76273.3,139.7162
1777515300000,76273.4,76301.3,76201.4,76213.5,89.4822
1777515600000,76213.5,76231.4,76108.3,76212.9,209.6945
1777515900000,76212.8,76212.9,76070.5,76085.9,233.8145
1777516200000,76085.9,76085.9,75613.0,75726.4,1451.2413
1777516500000,75726.4,75777.9,75454.2,75513.1,645.0984
1777516800000,75513.0,75663.2,75510.0,75582.8,387.6547
1777517100000,75582.8,75639.4,75515.0,75552.5,275.0515
1777517400000,75552.5,75713.4,75552.4,75687.7,225.1769
1777517700000,75687.8,75725.9,75645.7,75669.5,147.7653
1777518000000,75669.4,75742.5,75620.7,75740.0,317.1456
1777518300000,75740.0,75796.9,75728.1,75773.7,252.0096
1777518600000,75773.6,75834.9,75761.1,75798.3,228.9139
1777518900000,75798.4,75840.7,75743.6,75768.6,142.7704
1777519200000,75768.6,75791.6,75738.7,75777.1,150.0659
1777519500000,75777.0,75866.3,75762.5,75852.9,122.1545
1777519800000,75852.8,75865.0,75805.2,75824.1,150.0688
1777520100000,75824.1,75950.0,75824.0,75912.1,268.0392
1777520400000,75912.1,75912.1,75860.0,75911.6,119.2404
1777520700000,75911.6,75911.6,75856.0,75863.9,124.0205
1777521000000,75863.9,75946.3,75863.9,75942.4,129.0487
1777521300000,75942.4,75942.4,75885.1,75886.0,92.3326
1777521600000,75886.1,75928.0,75800.0,75800.4,237.8232
1777521900000,75800.4,75818.8,75657.9,75763.6,332.6274
1777522200000,75763.6,75795.0,75726.1,75758.0,181.6628
1777522500000,75758.0,75773.4,75645.3,75681.6,186.6774
1777522800000,75681.6,75692.9,75630.0,75652.4,154.7688
1777523100000,75652.4,75687.0,75638.6,75645.3,91.2567
1777523400000,75645.3,75656.0,75470.0,75470.0,470.1347
1777523700000,75470.1,75525.0,75364.0,75406.0,415.1872
1777524000000,75405.9,75464.8,75380.0,75389.6,340.6339
1777524300000,75389.6,75506.4,75389.5,75465.0,181.7187
1777524600000,75465.0,75508.4,75450.0,75450.1,194.2503
1777524900000,75450.1,75494.6,75441.0,75461.1,105.645
1777525200000,75461.1,75560.9,75435.1,75488.1,238.8346
1777525500000,75488.1,75582.6,75485.0,75566.4,132.3186
1777525800000,75566.4,75594.0,75547.1,75573.0,118.2895
1777526100000,75573.0,75590.0,75488.0,75509.4,93.6112
1777526400000,75509.5,75547.2,75488.0,75505.3,87.3475
1777526700000,75505.3,75505.4,75276.9,75390.9,322.8509
1777527000000,75390.9,75629.0,75390.9,75614.4,269.2366
1777527300000,75614.5,75696.0,75608.7,75656.0,180.7479
1777527600000,75656.1,75722.6,75642.0,75675.1,256.0196
1777527900000,75675.0,75689.7,75633.7,75636.4,97.4264
1777528200000,75636.4,75710.9,75623.9,75644.1,113.3685
1777528500000,75644.0,75644.0,75558.1,75562.4,116.5897
1777528800000,75562.5,75588.0,75538.0,75582.4,130.6701
1777529100000,75582.4,75650.0,75582.4,75603.9,97.4249
1777529400000,75603.8,75607.7,75545.7,75562.8,244.6997
1777529700000,75562.7,75632.2,75562.7,75630.2,87.0492
1777530000000,75630.2,75649.9,75590.1,75605.2,78.5021
1777530300000,75605.2,75663.0,75605.1,75642.9,132.3356
1777530600000,75642.9,75828.1,75642.9,75817.8,490.0238
1777530900000,75817.8,75835.8,75773.5,75780.1,207.5593
1777531200000,75780.2,75791.1,75691.8,75714.2,160.5545
1777531500000,75714.2,75725.9,75670.7,75703.7,137.4203
1777531800000,75703.8,75759.4,75703.7,75722.8,90.4868
1777532100000,75722.7,75741.9,75703.2,75715.0,69.7315
1777532400000,75715.1,75757.6,75692.9,75731.2,145.4556
1777532700000,75731.3,75819.6,75675.8,75788.0,171.6324
1777533000000,75788.0,75810.3,75750.4,75775.4,171.3996
1777533300000,75775.4,75804.4,75761.2,75761.2,89.4297
1777533600000,75761.3,75799.4,75737.7,75799.3,96.5303
1777533900000,75799.3,75861.3,75799.3,75853.9,141.6398
1777534200000,75853.9,75983.2,75850.1,75965.9,405.0512
1777534500000,75965.9,76055.4,75900.0,76023.2,419.6375
1777534800000,76023.1,76036.4,75981.3,76036.4,266.0907
1777535100000,76036.3,76130.0,76026.4,76129.9,262.4848
1777535400000,76129.9,76142.9,76024.6,76093.6,354.987
1777535700000,76093.7,76123.2,76063.3,76123.1,165.9238
1777536000000,76123.2,76157.4,76030.0,76124.6,391.1255
1777536300000,76124.6,76173.1,76044.3,76069.8,342.2185
1777536600000,76069.8,76075.3,76037.6,76041.8,202.3948
1777536900000,76041.8,76049.4,76015.1,76029.7,202.3555
1777537200000,76029.8,76049.4,75969.0,75984.3,303.061
1777537500000,75984.3,76127.9,75984.3,76035.3,456.8955
1777537800000,76035.2,76077.1,76000.0,76064.7,113.083
1777538100000,76064.8,76098.9,76040.1,76076.2,97.1908
1777538400000,76076.2,76097.0,76060.7,76094.5,61.0267
1777538700000,76094.5,76108.0,76050.0,76085.0,93.957
1777539000000,76085.0,76089.0,76012.4,76073.1,117.2229
1777539300000,76073.1,76073.1,76011.7,76019.7,75.6043
1777539600000,76019.7,76036.4,76000.0,76035.7,145.0382
1777539900000,76035.7,76071.0,75981.6,76053.5,161.7398
1777540200000,76053.4,76053.5,75981.6,76042.6,75.9932
1777540500000,76042.7,76107.1,76024.4,76025.1,118.9681
1777540800000,76025.1,76042.9,75962.8,76029.5,72.17
1777541100000,76029.6,76200.0,76029.5,76199.9,301.5893
1777541400000,76200.0,76315.8,76160.1,76177.0,552.5563
1777541700000,76177.0,76247.2,76173.7,76199.9,236.3267
1777542000000,76199.8,76205.0,76040.5,76040.6,218.0998
1777542300000,76040.6,76160.0,76035.7,76129.9,221.3679
1777542600000,76129.9,76169.8,76096.6,76110.5,90.0995
1777542900000,76110.4,76110.5,76066.0,76066.1,55.6104
1777543200000,76066.0,76123.4,76058.0,76110.0,94.1307
1777543500000,76110.0,76133.7,76069.0,76106.0,72.7314
1777543800000,76106.0,76108.5,76000.0,76011.8,87.9343
1777544100000,76011.8,76043.0,75988.1,75988.1,141.4228
1777544400000,75988.0,76034.7,75980.0,75980.0,100.9909
1777544700000,75980.1,76000.0,75940.0,75956.3,185.2816
1777545000000,75956.4,76074.4,75956.4,76022.0,178.9076
1777545300000,76021.9,76085.0,76000.0,76036.0,96.644
1777545600000,76036.1,76042.7,75975.0,76011.8,167.8864
1777545900000,76011.8,76040.0,76000.0,76000.0,70.0797
1777546200000,76000.0,76027.0,75966.0,76012.4,106.606
1777546500000,76012.5,76018.9,75980.1,75999.5,93.0479
1777546800000,75999.5,76066.9,75999.5,76066.9,118.443
1777547100000,76066.9,76187.3,76046.9,76140.1,543.8018
1777547400000,76140.1,76209.4,76099.9,76109.7,342.7562
1777547700000,76109.7,76163.7,76101.2,76107.7,165.429
1777548000000,76107.7,76126.0,76060.0,76060.1,117.2685
1777548300000,76060.0,76087.8,76058.0,76075.3,72.0411
1777548600000,76075.4,76084.0,76000.1,76061.2,115.0348
1777548900000,76061.3,76099.9,76025.1,76025.1,115.6365
1777549200000,76025.0,76025.0,75875.0,75900.0,1004.4251
1777549500000,75900.0,76050.0,75850.0,76043.0,905.7314
1777549800000,76043.0,76058.0,75961.8,75992.9,233.2069
1777550100000,75992.9,76026.6,75979.9,76026.4,227.2952
1777550400000,76026.4,76111.7,76001.0,76073.9,268.4088
1777550700000,76073.9,76134.3,76050.0,76072.0,189.558
1777551000000,76072.1,76110.5,76049.0,76110.5,211.3711
1777551300000,76110.5,76200.0,76100.0,76195.9,222.9038
1777551600000,76195.9,76350.2,76183.7,76309.0,997.4894
1777551900000,76309.1,76309.1,76270.2,76290.6,480.2651
1777552200000,76290.6,76359.3,76275.0,76299.9,574.1766
1777552500000,76299.9,76299.9,76273.2,76285.6,148.688
1777552800000,76285.7,76295.4,76198.3,76198.3,222.0398
1777553100000,76198.3,76283.8,76197.7,76269.7,124.9363
1777553400000,76269.7,76377.3,76253.7,76271.3,290.7423
1777553700000,76271.3,76282.3,76248.5,76256.7,152.5272
1777554000000,76256.6,76317.5,76251.1,76284.3,131.0924
1777554300000,76284.2,76297.4,76239.9,76275.0,123.3404
1777554600000,76275.0,76280.0,76223.6,76271.1,137.6794
1777554900000,76271.2,76299.6,76259.1,76275.2,147.4902
1777555200000,76275.2,76287.0,76223.4,76233.3,164.0648
1777555500000,76233.3,76234.0,76118.6,76153.4,416.36
1777555800000,76153.4,76309.5,76063.0,76240.0,1248.742
1777556100000,76240.0,76361.2,76201.0,76353.8,431.0136
1777556400000,76353.9,76598.0,76344.2,76582.7,1624.207
1777556700000,76582.7,76621.0,76380.1,76420.4,879.8327
1777557000000,76420.3,76488.0,76368.1,76412.0,587.0429
1777557300000,76411.9,76540.0,76357.8,76369.5,446.5001
1777557600000,76369.5,76530.0,76357.3,76469.3,271.4074
1777557900000,76469.3,76540.0,76400.0,76444.7,735.5973
1777558200000,76444.6,76456.4,76227.4,76326.4,632.7169
1777558500000,76326.5,76333.1,76050.9,76249.8,1155.203
1777558800000,76249.8,76280.9,76178.0,76243.1,311.3805
1777559100000,76243.1,76322.0,76105.2,76320.6,646.074
1777559400000,76320.6,76528.6,76254.5,76280.9,1291.2085
1777559700000,76280.9,76357.9,76167.2,76210.5,549.5274
1777560000000,76210.5,76336.4,76198.0,76300.1,353.0874
1777560300000,76300.0,76415.3,76269.2,76341.4,594.616
1777560600000,76341.3,76425.5,76296.6,76314.4,478.9047
1777560900000,76314.4,76340.8,76213.0,76249.5,224.597
1777561200000,76249.6,76346.3,76113.3,76219.6,341.3891
1777561500000,76219.5,76356.1,76178.6,76356.0,286.9135
1777561800000,76356.1,76415.8,76278.2,76384.7,265.6863
1777562100000,76384.7,76400.0,76318.3,76399.9,176.7301
1777562400000,76399.9,76401.8,76332.6,76400.0,94.55
1777562700000,76400.0,76460.0,76369.0,76460.0,180.4784
1777563000000,76460.0,76611.0,76370.0,76392.0,743.6998
1777563300000,76391.9,76435.2,76320.0,76433.3,160.262
1777563600000,76433.4,76435.9,76330.0,76421.7,168.889
1777563900000,76421.7,76421.7,76284.0,76390.6,159.7471
1777564200000,76390.6,76455.0,76375.0,76449.9,100.783
1777564500000,76450.0,76488.0,76416.3,76416.3,253.8747
1777564800000,76416.3,76433.0,76308.8,76414.4,272.091
1777565100000,76414.5,76438.6,76357.4,76357.4,93.0097
1777565400000,76357.4,76437.8,76340.0,76416.8,165.7958
1777565700000,76416.7,76421.2,76323.0,76323.0,94.5039
1777566000000,76323.0,76350.0,76303.9,76313.0,108.87
1777566300000,76313.0,76330.0,76242.5,76311.8,179.0851
1777566600000,76311.8,76342.6,76281.6,76342.6,81.086
1777566900000,76342.5,76376.7,76310.0,76325.7,70.4449
1777567200000,76325.8,76325.8,76278.7,76308.0,170.9928
1777567500000,76307.9,76330.0,76295.0,76326.1,63.7161
1777567800000,76326.0,76339.9,76237.1,76267.0,197.748
1777568100000,76266.9,76266.9,76183.6,76220.0,284.7809
1777568400000,76220.0,76268.3,76186.1,76219.7,296.4674
1777568700000,76219.6,76290.1,76180.0,76289.0,287.9753
1777569000000,76288.9,76288.9,76166.0,76180.1,133.3258
1777569300000,76180.0,76180.1,76063.0,76121.6,417.503
1777569600000,76121.7,76139.9,76081.5,76104.5,121.321
1777569900000,76104.5,76113.8,76083.1,76108.9,132.9947
1777570200000,76108.9,76220.0,76092.4,76140.0,262.5666
1777570500000,76140.0,76175.7,76130.0,76130.2,93.7616
1777570800000,76130.2,76130.3,76100.0,76123.7,44.9166
1777571100000,76123.7,76195.4,76123.7,76176.1,73.127
1777571400000,76176.2,76214.0,76147.3,76212.1,84.3661
1777571700000,76212.1,76255.0,76202.8,76202.8,229.819
1777572000000,76202.8,76333.0,76201.7,76281.3,311.8157
1777572300000,76281.3,76281.3,76227.1,76256.1,105.9458
1777572600000,76256.1,76256.1,76197.8,76216.4,138.1817
1777572900000,76216.5,76445.0,76216.4,76376.0,975.4725
1777573200000,76376.1,76396.8,76341.5,76357.6,171.7485
1777573500000,76357.6,76357.7,76232.0,76235.8,205.8152
1777573800000,76235.9,76280.0,76143.2,76211.1,623.4452
1777574100000,76211.2,76260.3,76207.4,76259.9,151.0021
1777574400000,76259.8,76361.3,76250.0,76346.0,88.8288
1777574700000,76345.9,76368.0,76300.8,76368.0,122.092
1777575000000,76368.0,76425.0,76346.0,76346.0,202.7685
1777575300000,76346.1,76346.1,76300.0,76300.0,48.0238
1777575600000,76300.0,76327.5,76258.6,76285.5,145.7834
1777575900000,76285.5,76379.1,76285.5,76379.1,102.6805
1777576200000,76379.1,76438.0,76375.9,76400.9,105.6298
1777576500000,76400.8,76400.9,76377.2,76377.2,69.8081
1777576800000,76377.3,76441.4,76370.0,76441.3,133.0668
1777577100000,76441.3,76450.0,76420.0,76420.0,94.171
1777577400000,76420.0,76455.0,76416.1,76430.4,130.3926
1777577700000,76430.3,76465.0,76382.0,76450.0,109.1067
1777578000000,76449.9,76449.9,76351.1,76390.0,301.1326
1777578300000,76390.0,76410.9,76351.6,76387.5,200.2067
1777578600000,76387.6,76404.7,76341.0,76354.5,245.2265
1777578900000,76355.5,76407.2,76315.4,76357.4,201.7941
1777579200000,76357.3,76392.4,76330.7,76353.4,270.498
1777579500000,76353.4,76381.4,76310.0,76373.9,107.966
1777579800000,76373.9,76437.0,76349.3,76397.1,179.3428
1777580100000,76397.2,76421.8,76243.7,76350.8,983.6512
1777580400000,76350.7,76544.0,76350.7,76422.6,1301.5416
1777580700000,76422.7,76441.7,76404.8,76432.5,56.0929
1777581000000,76432.5,76471.5,76404.7,76441.8,62.6601
1777581300000,76441.7,76486.2,76441.7,76479.9,53.5439
1777581600000,76479.9,76498.6,76458.0,76475.9,67.4293
1777581900000,76475.8,76530.6,76463.3,76512.4,54.1103
1777582200000,76512.4,76512.4,76477.0,76497.1,83.332
1777582500000,76497.0,76500.0,76447.4,76453.1,73.5452
1777582800000,76453.1,76486.4,76426.8,76486.4,58.158
1777583100000,76486.4,76497.6,76410.0,76410.1,77.3856
1777583400000,76410.1,76455.0,76410.0,76454.8,64.8816
1777583700000,76454.8,76454.8,76400.1,76400.1,45.4581
1777584000000,76400.2,76418.6,76325.2,76350.6,79.6159
1777584300000,76350.6,76363.8,76280.1,76295.6,46.7564
1777584600000,76295.5,76390.4,76295.5,76383.4,109.9194
1777584900000,76383.4,76425.0,76380.1,76380.2,101.6686
1777585200000,76380.2,76399.1,76356.6,76356.6,30.1549
1777585500000,76356.6,76356.6,76237.3,76283.7,103.0845
1777585800000,76283.6,76300.0,76191.1,76212.1,72.5631
1777586100000,76212.1,76250.0,76197.4,76198.0,87.71
1777586400000,76197.9,76280.0,76197.4,76249.3,205.551
1777586700000,76249.2,76318.0,76241.8,76284.3,51.261
1777587000000,76284.2,76330.6,76273.1,76330.5,36.1986
1777587300000,76330.6,76386.6,76323.9,76356.6,66.8498
1777587600000,76356.5,76380.3,76354.2,76358.5,63.0206
1777587900000,76358.4,76419.5,76358.4,76401.2,77.5992
1777588200000,76401.2,76413.8,76300.0,76320.8,84.5479
1777588500000,76320.8,76327.0,76241.7,76269.9,74.553
1777588800000,76269.8,76299.6,76262.0,76299.5,27.8047
1777589100000,76299.5,76299.5,76259.0,76296.0,27.821
1777589400000,76295.9,76342.0,76229.2,76231.6,61.9239
1777589700000,76231.5,76233.6,76169.0,76204.8,63.3775
1777590000000,76204.8,76236.9,76181.0,76225.0,135.1223
1777590300000,76225.0,76287.4,76200.0,76200.1,54.7184
1777590600000,76200.1,76269.4,76188.8,76268.5,51.6779
1777590900000,76268.4,76300.9,76251.2,76274.3,84.55
1777591200000,76274.3,76295.5,76255.7,76285.9,26.9619
1777591500000,76285.8,76296.8,76254.6,76296.8,25.8518
1777591800000,76296.8,76343.0,76280.8,76280.9,164.2025
1777592100000,76280.8,76314.2,76280.8,76304.0,39.5641
1777592400000,76303.9,76315.0,76281.4,76290.3,47.9998
1777592700000,76290.3,76310.0,76265.9,76309.9,25.4064
1777593000000,76310.0,76337.2,76309.9,76319.1,37.2239
1777593300000,76319.1,76359.5,76268.5,76312.8,393.7519
1777593600000,76312.9,76447.0,76275.4,76447.0,416.6008
1777593900000,76446.9,76473.9,76407.7,76460.5,105.9918
1777594200000,76460.4,76463.9,76409.9,76432.7,76.6763
1777594500000,76432.8,76544.4,76432.7,76473.5,286.8261
1777594800000,76473.6,76481.9,76433.9,76452.6,57.6902
1777595100000,76452.5,76492.6,76452.5,76492.5,79.9816
1777595400000,76492.6,76521.9,76440.3,76448.1,143.9389
1777595700000,76448.1,76465.2,76413.2,76425.8,67.7885
1777596000000,76425.9,76497.1,76425.8,76493.2,56.6896
1777596300000,76493.2,76550.0,76450.0,76450.0,116.1623
1777596600000,76450.0,76454.3,76409.9,76417.9,59.0244
1777596900000,76418.0,76429.7,76355.4,76417.9,108.899
1777597200000,76417.9,76444.0,76405.3,76425.8,52.3359
1777597500000,76425.8,76543.0,76425.8,76521.8,111.815
1777597800000,76521.8,76549.5,76479.3,76521.9,134.4598
1777598100000,76521.8,76585.0,76521.8,76566.0,176.4916
1777598400000,76566.1,76585.0,76522.2,76522.8,98.6275
1777598700000,76522.7,76526.6,76484.8,76497.9,61.6663
1777599000000,76497.8,76530.0,76484.8,76529.9,55.1399
1777599300000,76529.9,76550.0,76529.9,76544.0,80.5509
1777599600000,76544.0,76600.0,76543.9,76585.1,135.2425
1777599900000,76585.1,76706.7,76574.9,76650.8,631.5107
1777600200000,76650.8,76735.0,76650.0,76690.2,286.1997
1777600500000,76690.2,76742.1,76626.0,76642.2,227.0759
1777600800000,76642.3,76664.0,76577.9,76632.4,201.138
1777601100000,76632.4,76700.0,76586.3,76676.5,153.1567
1777601400000,76676.5,76676.5,76618.1,76629.1,78.7553
1777601700000,76629.1,76682.1,76570.7,76570.7,90.268
1777602000000,76570.8,76593.8,76563.0,76582.3,83.8097
1777602300000,76582.3,76602.0,76582.2,76584.3,70.2768
1777602600000,76584.3,76593.9,76520.0,76535.1,103.4407
1777602900000,76535.1,76590.0,76535.1,76572.1,99.0781
1777603200000,76572.0,76572.1,76542.1,76542.2,47.4933
1777603500000,76542.2,76551.1,76525.8,76550.3,66.3863
1777603800000,76550.2,76573.5,76526.2,76526.2,55.8805
1777604100000,76526.1,76569.7,76490.0,76560.8,289.7725
1777604400000,76560.8,76560.8,76501.3,76513.0,133.7375
1777604700000,76512.9,76634.0,76512.9,76618.1,169.3207
1777605000000,76618.0,76665.0,76618.0,76650.2,88.4567
1777605300000,76650.3,77266.9,76650.2,77266.9,2597.4264
1777605600000,77231.4,77426.9,77164.9,77280.8,2811.2163
1777605900000,77280.8,77301.7,77136.0,77151.8,1223.7484
1777606200000,77151.8,77226.3,77151.8,77188.7,691.5539
1777606500000,77188.7,77250.0,77074.1,77087.3,630.2687
1777606800000,77087.2,77138.0,77022.3,77109.1,555.5965
1777607100000,77109.1,77152.6,77099.0,77113.7,225.8492
1777607400000,77113.7,77166.7,77099.0,77099.0,223.5625
1777607700000,77099.0,77100.0,77029.3,77087.3,169.0261
1777608000000,77087.4,77118.7,77026.9,77073.0,164.9112
1777608300000,77073.0,77120.0,77057.7,77084.0,109.1096
1777608600000,77084.0,77135.2,77069.4,77070.3,164.6411
1777608900000,77070.3,77166.0,77070.2,77146.3,161.5616
1777609200000,77146.2,77146.3,77075.1,77122.9,135.7421
1777609500000,77122.9,77136.9,76922.4,76983.1,950.123
1777609800000,76983.0,77054.9,76960.3,77054.8,314.1119
1777610100000,77054.9,77059.8,77022.0,77049.9,195.2897
1777610400000,77049.9,77054.2,76988.4,77048.2,393.9106
1777610700000,77048.2,77048.3,77019.9,77023.3,65.1495
1777611000000,77023.2,77077.0,77015.3,77015.3,125.912
1777611300000,77015.3,77042.7,77009.0,77009.2,194.8187
1777611600000,77009.2,77099.1,77007.0,77080.3,320.248
1777611900000,77080.2,77157.4,77077.4,77119.4,221.8619
1777612200000,77119.3,77133.2,77094.5,77094.5,95.1193
1777612500000,77094.5,77107.0,77011.0,77026.0,118.5487
1777612800000,77025.9,77064.1,77025.9,77063.9,78.1964
1777613100000,77063.8,77084.9,77040.8,77040.8,46.4888
1777613400000,77040.8,77066.2,77031.3,77066.2,66.1758
1777613700000,77066.1,77075.0,77020.0,77075.0,45.8449
1777614000000,77074.9,77090.0,77048.4,77089.9,114.4013
1777614300000,77090.0,77144.7,77078.0,77114.7,150.096
1777614600000,77114.7,77135.7,77100.0,77127.1,74.3759
1777614900000,77127.0,77136.9,77101.1,77132.7,114.3718
1777615200000,77132.7,77144.8,77104.7,77111.4,128.5241
1777615500000,77111.3,77144.8,77093.8,77098.6,99.7017
1777615800000,77098.7,77118.5,77047.0,77105.2,65.1872
1777616100000,77105.2,77145.0,77085.9,77098.0,132.721
1777616400000,77098.0,77110.0,77070.1,77109.9,121.1393
1777616700000,77110.0,77134.3,77100.0,77116.0,112.0252
1777617000000,77116.0,77125.0,77083.4,77125.0,79.0671
1777617300000,77124.9,77132.1,77000.0,77017.8,149.4239
1777617600000,77017.9,77030.7,76911.0,77030.7,310.8384
1777617900000,77030.7,77037.1,76933.1,76940.7,252.521
1777618200000,76940.6,76967.7,76827.6,76959.4,611.1121
1777618500000,76959.3,77076.9,76953.1,76958.1,269.1577
1777618800000,76958.0,77000.0,76924.1,76949.9,113.0676
1777619100000,76949.9,77059.6,76948.5,77058.5,110.8327
1777619400000,77058.5,77064.5,76995.2,77004.2,82.8931
1777619700000,77004.3,77050.0,76972.2,77003.9,138.1319
1777620000000,77004.0,77068.8,76992.6,77008.2,157.8532
1777620300000,77008.3,77008.3,76954.2,76968.0,58.6307
1777620600000,76968.0,77012.4,76925.0,76982.4,344.0574
1777620900000,76982.4,77006.0,76969.4,76988.1,168.5516
1777621200000,76988.2,77030.0,76968.8,76968.8,193.6887
1777621500000,76968.9,77070.0,76968.8,77070.0,240.3342
1777621800000,77070.0,77111.0,77069.9,77106.0,262.3328
1777622100000,77106.0,77106.0,77087.8,77104.0,161.7199
1777622400000,77103.9,77112.3,77014.1,77054.1,117.4735
1777622700000,77054.0,77117.9,77054.0,77103.8,75.0143
1777623000000,77103.8,77222.4,77103.8,77222.0,333.8498
1777623300000,77222.0,77365.7,77191.3,77312.2,609.6909
1777623600000,77312.1,77470.0,77312.1,77447.8,621.375
1777623900000,77447.8,77447.8,77383.2,77396.6,405.6523
1777624200000,77396.6,77423.3,77375.0,77375.0,212.948
1777624500000,77375.0,77399.1,77326.0,77369.9,311.255
1777624800000,77369.9,77382.3,77304.6,77329.7,545.6825
1777625100000,77329.7,77331.7,77306.1,77316.5,257.798
1777625400000,77316.5,77337.0,77312.8,77312.9,113.4498
1777625700000,77312.8,77344.0,77312.8,77325.6,95.7424
1777626000000,77325.5,77350.0,77234.7,77279.4,370.0236
1777626300000,77279.4,77311.3,77273.0,77299.8,123.0084
1777626600000,77299.8,77309.0,77280.5,77291.3,60.9584
1777626900000,77291.3,77300.0,77250.1,77290.0,95.2222
1777627200000,77290.0,77355.1,77263.7,77338.2,407.1761
1777627500000,77338.1,77338.2,77300.8,77310.2,80.8536
1777627800000,77310.2,77310.2,77264.8,77277.2,63.0135
1777628100000,77277.1,77294.9,77226.4,77243.7,225.1807
1777628400000,77243.7,77243.7,77226.5,77234.8,85.1385
1777628700000,77234.8,77234.8,77157.3,77161.1,208.731
1777629000000,77161.1,77196.9,77157.4,77187.4,105.9809
1777629300000,77187.4,77235.9,77187.3,77235.9,77.2113
1777629600000,77235.9,77235.9,77173.8,77185.8,229.0888
1777629900000,77185.9,77214.1,77185.8,77185.8,296.926
1777630200000,77185.9,77185.9,77108.9,77129.8,196.6031
1777630500000,77129.8,77245.4,77129.7,77232.8,580.1375
1777630800000,77232.8,77400.0,77232.7,77374.5,398.5014
1777631100000,77374.6,77374.6,77309.0,77312.2,119.0222
1777631400000,77312.2,77330.0,77266.7,77283.2,97.2295
1777631700000,77283.2,77283.2,77220.0,77220.1,65.171
1777632000000,77220.0,77233.3,77213.3,77213.4,73.2095
1777632300000,77213.3,77243.9,77213.3,77237.4,62.1856
1777632600000,77237.4,77239.3,77220.0,77234.5,49.9513
1777632900000,77234.5,77296.0,77226.7,77262.1,236.5793
1777633200000,77262.1,77300.0,77250.3,77257.8,466.3242
1777633500000,77257.9,77257.9,77222.2,77239.1,82.9962
1777633800000,77239.1,77299.0,77231.8,77294.8,169.1446
1777634100000,77294.9,77394.0,77271.6,77389.4,293.588
1777634400000,77389.3,77562.4,77359.0,77379.4,1213.4657
1777634700000,77379.3,77399.9,77300.0,77338.1,196.0299
1777635000000,77338.0,77391.8,77329.2,77338.0,141.7979
1777635300000,77337.9,77341.2,77300.1,77332.1,81.1025
1777635600000,77332.0,77380.0,77328.0,77368.0,135.6322
1777635900000,77368.0,77384.0,77300.0,77327.9,199.6834
1777636200000,77328.0,77384.0,77327.9,77360.0,156.2663
1777636500000,77360.1,77428.0,77360.0,77419.6,126.5783
1777636800000,77419.7,77498.3,77402.4,77428.2,424.2786
1777637100000,77428.2,77441.3,77366.0,77401.5,404.3708
1777637400000,77401.4,77649.5,77353.5,77516.0,626.0172
1777637700000,77515.9,77680.0,77500.5,77652.7,1184.6167
1777638000000,77652.6,77750.0,77623.8,77714.4,887.3032
1777638300000,77714.4,77767.2,77703.3,77712.8,583.8787
1777638600000,77712.8,78170.0,77710.5,77902.9,2573.3771
1777638900000,77903.0,78141.9,77900.2,77992.5,1281.3331
1777639200000,77992.5,78111.0,77906.5,77914.8,1094.7523
1777639500000,77914.8,78015.5,77900.0,77953.5,841.8826
1777639800000,77953.5,77982.3,77900.6,77908.0,206.4845
1777640100000,77908.0,78000.0,77850.5,77857.7,487.469
1777640400000,77857.8,78193.7,77857.7,78158.5,1132.6731
1777640700000,78158.5,78186.7,78119.6,78168.9,444.8349
1777641000000,78168.8,78418.8,78136.8,78315.4,1970.0998
1777641300000,78315.4,78368.8,78212.3,78277.6,676.7503
1777641600000,78277.7,78333.6,78267.0,78298.5,642.6396
1777641900000,78298.5,78311.3,78230.0,78243.3,288.4121
1777642200000,78243.2,78497.0,78172.0,78399.8,1095.2096
1777642500000,78399.8,78516.1,78164.4,78182.4,1030.5645
1777642800000,78182.4,78240.9,78097.0,78216.1,877.8496
1777643100000,78216.1,78356.0,78144.8,78312.0,405.1331
1777643400000,78312.0,78860.0,78264.2,78744.6,3023.5455
1777643700000,78744.6,78888.0,78631.2,78697.2,1167.8783
1777644000000,78697.1,78764.5,78571.4,78645.3,1013.8929
1777644300000,78645.3,78690.5,78560.0,78610.0,518.2094
1777644600000,78610.0,78856.2,78573.5,78633.3,746.0804
1777644900000,78633.3,78680.0,78436.2,78442.8,678.7409
1777645200000,78442.8,78500.0,78353.6,78356.9,596.4189
1777645500000,78357.0,78357.0,78155.0,78240.2,989.7988
1777645800000,78240.1,78269.9,78111.0,78209.4,555.6221
1777646100000,78209.5,78243.1,78014.0,78182.9,694.0899
1777646400000,78182.9,78196.4,78097.1,78155.7,318.6883
1777646700000,78155.8,78350.0,78111.8,78348.8,525.2199
1777647000000,78348.8,78416.7,78268.7,78274.2,459.9074
1777647300000,78274.3,78355.6,78270.0,78310.3,364.2051
1777647600000,78310.3,78310.4,78129.7,78222.0,361.8128
1777647900000,78222.0,78265.4,78151.0,78260.0,218.1426
1777648200000,78260.0,78441.0,78241.0,78418.4,313.4103
1777648500000,78418.4,78497.0,78370.5,78424.4,361.4998
1777648800000,78424.5,78595.0,78408.0,78432.7,532.4377
1777649100000,78432.7,78540.0,78432.7,78504.7,395.5361
1777649400000,78504.6,78565.9,78487.7,78539.0,204.0834
1777649700000,78538.9,78666.0,78487.1,78631.2,436.6451
1777650000000,78631.1,78700.0,78590.4,78617.3,329.3448
1777650300000,78617.3,78641.0,78569.5,78630.9,260.9139
1777650600000,78631.0,78631.0,78135.4,78318.8,1501.5684
1777650900000,78318.8,78426.0,78307.6,78400.0,322.131
1777651200000,78400.0,78621.9,78389.9,78596.8,530.4934
1777651500000,78596.8,78643.9,78466.0,78472.1,315.404
1777651800000,78472.0,78500.0,78343.3,78346.8,349.247
1777652100000,78346.8,78359.9,78268.6,78288.8,294.9922
1777652400000,78288.8,78441.5,78204.7,78218.1,525.4161
1777652700000,78218.0,78350.0,78116.7,78286.4,645.3772
1777653000000,78286.5,78300.0,78130.0,78262.2,277.2008
1777653300000,78262.2,78320.0,78183.5,78312.2,119.4572
1777653600000,78312.2,78345.0,78214.3,78236.8,292.0642
1777653900000,78236.7,78236.7,78129.6,78158.9,209.9369
1777654200000,78159.0,78265.2,78129.0,78265.2,342.5425
1777654500000,78265.1,78320.5,78169.7,78169.8,214.0704
1777654800000,78169.7,78276.9,78112.1,78112.1,288.2604
1777655100000,78112.1,78168.9,78090.1,78156.3,264.2654
1777655400000,78156.3,78290.4,78151.3,78290.3,117.4452
1777655700000,78290.4,78313.3,78246.1,78275.0,258.0162
1777656000000,78275.0,78293.8,78188.2,78188.2,102.7215
1777656300000,78188.2,78207.0,78146.1,78207.0,83.3977
1777656600000,78206.9,78230.5,78153.6,78167.3,158.3338
1777656900000,78167.3,78491.9,78167.2,78478.6,520.254
1777657200000,78478.6,78527.1,78390.5,78404.8,280.1829
1777657500000,78404.8,78427.4,78368.9,78419.4,115.6995
1777657800000,78419.5,78537.2,78395.1,78479.9,155.5772
1777658100000,78479.9,78547.0,78462.6,78507.2,152.9833
1777658400000,78507.2,78538.0,78422.0,78505.0,189.8574
1777658700000,78505.0,78588.8,78452.3,78471.4,225.9766
1777659000000,78471.4,78524.9,78441.8,78482.3,198.4921
1777659300000,78482.3,78547.5,78434.3,78533.1,129.181
1777659600000,78533.0,78586.4,78510.4,78510.5,120.7861
1777659900000,78510.6,78559.8,78488.7,78553.2,114.7684
1777660200000,78553.2,78553.2,78442.1,78495.0,195.4382
1777660500000,78494.9,78500.0,78420.0,78481.8,175.8452
1777660800000,78481.8,78481.9,78380.0,78394.0,144.228
1777661100000,78393.9,78454.7,78352.5,78454.7,77.8947
1777661400000,78454.7,78472.7,78374.5,78397.5,65.5076
1777661700000,78397.6,78409.0,78330.0,78390.0,75.2395
1777662000000,78389.9,78449.9,78369.6,78425.2,104.6844
1777662300000,78425.2,78499.9,78425.2,78464.1,64.1258
1777662600000,78464.0,78474.8,78418.4,78451.6,56.9294
1777662900000,78451.6,78456.6,78304.1,78337.4,110.6978
1777663200000,78337.5,78378.0,78314.2,78359.4,106.8906
1777663500000,78359.4,78408.0,78358.4,78367.4,104.5026
1777663800000,78367.5,78378.3,78277.9,78308.5,333.5481
1777664100000,78308.6,78327.7,78269.3,78307.4,139.8934
1777664400000,78307.4,78320.0,78274.4,78299.9,78.0964
1777664700000,78300.0,78365.7,78290.6,78315.9,54.3877
1777665000000,78315.9,78373.8,78297.0,78334.4,66.3673
1777665300000,78334.4,78433.2,78304.2,78322.2,136.5383
1777665600000,78322.2,78398.4,78301.0,78331.2,184.5238
1777665900000,78331.2,78331.3,78257.5,78276.9,87.5828
1777666200000,78276.8,78276.9,78249.0,78249.1,61.7219
1777666500000,78249.1,78264.9,78154.0,78157.1,162.8053
1777666800000,78157.1,78157.1,78050.0,78126.5,497.9537
1777667100000,78126.5,78157.0,78108.2,78109.4,95.5033
1777667400000,78109.4,78142.0,78073.8,78082.2,160.3627
1777667700000,78082.2,78117.0,78028.9,78038.5,115.8311
1777668000000,78038.5,78041.6,77900.1,77950.6,524.8846
1777668300000,77950.7,78006.4,77918.4,77926.4,129.4707
1777668600000,77926.5,77954.3,77715.0,77822.7,626.9263
1777668900000,77822.7,77861.0,77751.0,77845.6,354.9009
1777669200000,77845.6,77953.3,77826.0,77865.8,257.5938
1777669500000,77865.8,77927.6,77859.6,77927.6,111.0641
1777669800000,77927.6,77949.0,77878.3,77923.2,154.3938
1777670100000,77923.2,77968.7,77895.5,77938.3,95.375
1777670400000,77938.3,77958.6,77920.1,77920.1,68.3339
1777670700000,77920.1,78035.4,77920.0,77980.9,189.8216
1777671000000,77980.8,78115.2,77980.8,78052.8,150.9033
1777671300000,78052.8,78097.6,78052.8,78089.7,74.8357
1777671600000,78089.7,78169.0,78044.5,78087.4,155.0356
1777671900000,78087.5,78127.9,78073.6,78127.8,60.8811
1777672200000,78127.8,78162.8,78080.0,78147.7,100.5406
1777672500000,78147.7,78164.1,78115.9,78164.1,61.0937
1777672800000,78164.1,78232.6,78164.1,78207.7,198.066
1777673100000,78207.7,78250.0,78192.4,78238.1,125.2283
1777673400000,78238.0,78280.5,78222.3,78240.3,190.7819
1777673700000,78240.3,78331.5,78235.1,78326.7,89.2117
1777674000000,78326.7,78367.7,78314.7,78360.1,159.7063
1777674300000,78360.1,78360.1,78285.6,78296.7,65.7344
1777674600000,78296.8,78320.0,78237.4,78237.4,91.2371
1777674900000,78237.4,78237.4,78201.2,78210.0,76.1622
1777675200000,78209.9,78224.8,78180.0,78223.8,90.359
1777675500000,78223.8,78223.8,78091.2,78113.0,73.6576
1777675800000,78113.0,78153.3,78096.4,78109.0,64.1082
1777676100000,78109.1,78129.2,78088.4,78108.2,46.7529
1777676400000,78108.1,78110.0,78050.6,78107.4,118.4901
1777676700000,78107.4,78121.3,78075.0,78080.0,69.1609
1777677000000,78080.0,78140.0,78076.4,78076.5,93.7185
1777677300000,78076.5,78103.2,78033.6,78033.7,114.6384
1777677600000,78033.6,78064.2,78024.4,78033.3,70.3551
1777677900000,78033.3,78055.8,77991.5,78000.0,93.4503
1777678200000,78000.0,78033.4,78000.0,78022.1,94.4271
1777678500000,78022.0,78079.0,78022.0,78067.3,68.4098
1777678800000,78067.3,78106.0,78065.2,78065.3,84.6132
1777679100000,78065.3,78138.1,78065.2,78109.0,63.8226
1777679400000,78109.1,78144.8,78105.3,78105.3,75.1418
1777679700000,78105.4,78204.3,78105.4,78195.4,72.9625
1777680000000,78195.4,78262.8,78178.9,78226.1,174.3727
1777680300000,78226.1,78226.2,78191.0,78206.4,106.9886
1777680600000,78206.4,78215.4,78151.7,78158.8,48.0776
1777680900000,78158.8,78159.4,78116.2,78154.2,50.5714
1777681200000,78154.3,78285.8,78149.6,78278.2,102.1955
1777681500000,78278.2,78325.1,78230.2,78230.3,106.9716
1777681800000,78230.2,78297.1,78230.2,78260.5,61.7832
1777682100000,78260.5,78260.5,78200.0,78205.9,54.4787
1777682400000,78205.9,78285.8,78200.2,78285.7,67.9704
1777682700000,78285.6,78313.9,78242.6,78272.0,56.4328
1777683000000,78271.9,78350.0,78271.9,78289.7,90.7308
1777683300000,78289.6,78306.7,78257.7,78299.9,53.5177
1777683600000,78300.0,78300.0,78250.4,78256.4,62.0478
1777683900000,78256.4,78330.0,78254.1,78330.0,97.4776
1777684200000,78330.0,78344.0,78294.1,78333.1,80.5067
1777684500000,78333.1,78333.1,78253.6,78261.5,48.4291
1777684800000,78261.5,78297.1,78260.3,78289.5,41.9905
1777685100000,78289.6,78300.1,78275.0,78300.0,45.6142
1777685400000,78300.0,78399.6,78300.0,78380.1,158.7861
1777685700000,78380.1,78380.1,78301.4,78315.1,73.5051
1777686000000,78315.0,78326.6,78272.2,78326.5,70.3013
1777686300000,78326.5,78326.5,78276.2,78288.9,52.0512
1777686600000,78288.8,78297.5,78266.8,78297.5,38.8766
1777686900000,78297.4,78297.4,78250.9,78296.0,68.6979
1777687200000,78296.0,78315.6,78269.7,78288.1,96.2067
1777687500000,78288.1,78310.0,78254.8,78254.8,38.3103
1777687800000,78254.8,78293.3,78232.2,78243.5,68.3946
1777688100000,78243.5,78300.0,78243.5,78294.4,44.6828
1777688400000,78294.4,78294.4,78260.1,78260.1,87.6689
1777688700000,78260.1,78277.5,78205.7,78223.9,98.5364
1777689000000,78223.9,78255.7,78205.7,78239.9,60.1636
1777689300000,78239.8,78331.5,78239.8,78331.4,69.1129
1777689600000,78331.5,78355.0,78306.5,78321.6,76.8879
1777689900000,78321.7,78350.6,78310.4,78310.4,46.2739
1777690200000,78310.5,78493.3,78310.5,78380.6,366.861
1777690500000,78380.6,78409.5,78307.7,78313.8,131.585
1777690800000,78313.9,78349.8,78305.2,78324.0,129.5852
1777691100000,78324.0,78324.0,78240.3,78242.2,45.506
1777691400000,78242.3,78248.3,78188.7,78226.7,145.6612
1777691700000,78226.6,78262.0,78189.0,78249.6,89.7326
1777692000000,78249.6,78319.9,78249.5,78300.0,104.719
1777692300000,78300.0,78378.0,78299.9,78333.4,155.0303
1777692600000,78333.3,78439.2,78325.1,78411.7,102.8727
1777692900000,78411.7,78495.3,78393.4,78393.4,191.0963
1777693200000,78393.5,78393.5,78344.3,78350.7,54.6162
1777693500000,78350.8,78354.2,78320.6,78340.1,47.402
1777693800000,78340.1,78381.0,78340.0,78365.9,59.2055
1777694100000,78366.0,78432.4,78361.6,78374.0,106.2719
1777694400000,78374.1,78412.8,78359.3,78359.3,84.5138
1777694700000,78359.4,78359.4,78221.0,78237.5,306.4446
1777695000000,78237.6,78269.0,78225.5,78258.1,111.6973
1777695300000,78258.1,78263.6,78220.7,78249.6,70.2157
1777695600000,78249.6,78252.4,78223.2,78239.1,43.4505
1777695900000,78239.0,78256.6,78221.6,78236.6,53.6864
1777696200000,78236.5,78252.4,78219.1,78224.1,61.242
1777696500000,78224.0,78248.0,78202.2,78202.2,60.9843
1777696800000,78202.2,78203.0,78121.6,78188.1,182.2642
1777697100000,78188.1,78200.5,78075.2,78164.9,396.7026
1777697400000,78164.9,78170.9,78115.2,78150.0,68.9892
1777697700000,78149.9,78167.8,78115.2,78147.4,89.1251
1777698000000,78147.3,78147.3,78109.7,78109.8,87.7266
1777698300000,78109.7,78163.1,78109.7,78125.0,184.3766
1777698600000,78125.1,78135.3,78025.8,78062.4,372.8418
1777698900000,78062.5,78099.0,78017.5,78018.3,134.1675
1777699200000,78018.3,78039.5,78006.3,78039.5,133.7297
1777699500000,78039.4,78082.0,78028.0,78078.9,94.2145
1777699800000,78078.9,78148.5,78078.8,78116.1,142.9743
1777700100000,78116.1,78181.6,78116.0,78169.7,135.315
1777700400000,78169.8,78180.0,78160.8,78160.9,66.8845
1777700700000,78160.9,78228.3,78147.2,78180.9,252.5618
1777701000000,78181.0,78195.0,78152.8,78172.2,86.2079
1777701300000,78172.2,78195.5,78151.0,78151.0,100.7212
1777701600000,78151.0,78239.1,78151.0,78229.6,97.6867
1777701900000,78229.6,78252.7,78206.2,78209.7,80.076
1777702200000,78209.7,78209.7,78152.0,78152.1,55.9861
1777702500000,78152.1,78191.7,78152.1,78170.1,34.4839
1777702800000,78170.1,78170.1,78100.9,78122.9,116.4544
1777703100000,78123.0,78137.8,78111.0,78113.4,44.2031
1777703400000,78113.3,78133.2,78108.4,78124.3,41.1781
1777703700000,78124.3,78174.4,78124.2,78166.7,52.0365
1777704000000,78166.7,78211.7,78165.8,78202.0,74.4952
1777704300000,78202.1,78278.0,78202.0,78278.0,74.6723
1777704600000,78277.9,78311.2,78242.3,78280.3,198.8316
1777704900000,78280.3,78348.3,78268.1,78292.2,123.0147
1777705200000,78292.2,78322.7,78272.8,78272.8,93.2334
1777705500000,78272.8,78287.6,78272.8,78281.8,43.4481
1777705800000,78281.8,78286.1,78268.5,78279.7,38.7528
1777706100000,78279.7,78290.2,78269.6,78280.0,66.3352
1777706400000,78279.9,78310.6,78279.9,78295.1,34.6936
1777706700000,78295.2,78295.2,78280.8,78280.8,55.4171
1777707000000,78280.9,78288.5,78234.5,78234.5,79.7582
1777707300000,78234.6,78242.7,78205.3,78222.9,59.7653
1777707600000,78223.0,78223.0,78168.1,78192.9,112.3801
1777707900000,78193.0,78216.8,78181.5,78181.5,65.0318
1777708200000,78181.5,78187.8,78164.3,78187.7,50.4568
1777708500000,78187.7,78191.2,78169.6,78186.5,56.355
1777708800000,78186.5,78186.5,78116.9,78170.5,225.7201
1777709100000,78170.5,78194.2,78170.4,78194.1,51.7622
1777709400000,78194.2,78238.6,78194.1,78226.2,72.5552
1777709700000,78226.3,78228.9,78197.2,78226.9,62.8231
1777710000000,78227.0,78253.0,78225.9,78253.0,38.9269
1777710300000,78252.9,78258.1,78245.5,78245.5,42.8072
1777710600000,78245.5,78288.0,78242.4,78288.0,125.4064
1777710900000,78287.9,78321.3,78278.2,78296.0,88.8962
1777711200000,78296.1,78311.0,78288.8,78290.5,65.375
1777711500000,78290.4,78292.9,78283.9,78292.8,52.1087
1777711800000,78292.9,78324.0,78289.0,78291.0,52.5492
1777712100000,78291.1,78291.1,78253.0,78283.3,50.8069
1777712400000,78283.4,78306.0,78259.3,78259.4,88.3367
1777712700000,78259.4,78268.0,78259.3,78268.0,21.2735
1777713000000,78268.0,78277.2,78255.0,78267.6,35.2511
1777713300000,78267.7,78304.7,78267.7,78295.0,67.4767
1777713600000,78295.0,78311.3,78282.6,78282.6,42.7282
1777713900000,78282.7,78282.7,78270.2,78270.2,17.5067
1777714200000,78270.2,78278.9,78163.7,78278.9,207.946
1777714500000,78278.9,78370.9,78278.9,78288.1,163.5851
1777714800000,78288.1,78308.9,78269.8,78275.1,124.8126
1777715100000,78275.1,78284.9,78265.2,78273.1,33.0906
1777715400000,78273.2,78278.4,78255.2,78266.2,26.4026
1777715700000,78266.2,78288.3,78252.1,78262.1,51.0433
1777716000000,78262.1,78273.4,78250.0,78273.4,46.9691
1777716300000,78273.4,78279.9,78245.5,78267.0,50.5864
1777716600000,78267.0,78281.0,78258.7,78258.7,32.8065
1777716900000,78258.6,78267.1,78248.0,78248.0,22.5446
1777717200000,78248.0,78248.1,78190.0,78204.5,86.0067
1777717500000,78204.5,78216.9,78190.5,78216.8,88.3162
1777717800000,78216.9,78240.8,78200.1,78240.7,48.6789
1777718100000,78240.8,78240.8,78223.3,78223.4,27.8288
1777718400000,78223.4,78223.4,78188.0,78219.3,51.7871
1777718700000,78219.3,78242.0,78194.5,78235.1,79.8985
1777719000000,78235.2,78235.2,78218.8,78225.2,25.3828
1777719300000,78225.1,78231.5,78211.6,78211.6,17.0674
1777719600000,78211.6,78211.6,78136.7,78155.0,221.5818
1777719900000,78155.1,78168.9,78150.7,78163.3,71.8925
1777720200000,78163.4,78163.4,78116.1,78145.3,147.1264
1777720500000,78145.2,78173.0,78140.4,78160.1,80.6294
1777720800000,78160.1,78202.7,78160.0,78202.7,44.2311
1777721100000,78202.7,78207.9,78175.2,78175.2,35.726
1777721400000,78175.2,78182.5,78143.7,78143.7,28.7062
1777721700000,78143.7,78143.8,78123.7,78129.8,99.989
1777722000000,78129.8,78142.7,78094.9,78142.7,193.5794
1777722300000,78142.7,78148.7,78071.5,78075.0,160.6847
1777722600000,78074.9,78102.4,78062.3,78078.5,135.8882
1777722900000,78078.5,78120.0,78078.4,78115.4,46.1454
1777723200000,78115.4,78115.4,78085.7,78100.0,47.2096
1777723500000,78100.0,78141.0,78074.1,78079.6,184.1803
1777723800000,78079.6,78124.9,78074.5,78108.1,77.7708
1777724100000,78108.0,78117.5,78108.0,78117.4,23.4238
1777724400000,78117.4,78142.7,78117.4,78142.7,45.4646
1777724700000,78142.7,78245.9,78142.6,78222.3,258.0487
1777725000000,78222.3,78242.2,78164.9,78209.2,83.8512
1777725300000,78209.2,78209.2,78163.2,78163.3,31.7545
1777725600000,78163.3,78193.6,78150.0,78193.6,46.88
1777725900000,78193.6,78193.6,78164.2,78174.7,39.2597
1777726200000,78174.7,78185.0,78147.5,78158.0,41.701
1777726500000,78158.1,78182.8,78158.0,78174.3,32.1238
1777726800000,78174.3,78278.9,78174.3,78276.5,111.5715
1777727100000,78276.6,78300.0,78249.8,78273.5,179.1866
1777727400000,78273.5,78411.5,78273.4,78355.2,391.7452
1777727700000,78355.1,78355.2,78286.2,78286.3,96.4381
1777728000000,78286.2,78309.9,78261.5,78263.8,73.2478
1777728300000,78263.9,78276.2,78261.3,78261.3,25.2265
1777728600000,78261.3,78274.2,78254.3,78274.2,40.3324
1777728900000,78274.1,78274.2,78265.0,78272.9,21.7956
1777729200000,78272.8,78335.2,78272.8,78335.2,63.4483
1777729500000,78335.1,78335.2,78307.6,78307.6,52.7966
1777729800000,78307.6,78315.8,78284.9,78306.8,50.9841
1777730100000,78306.7,78357.9,78306.7,78331.3,71.8289
1777730400000,78331.3,78358.3,78300.1,78358.0,110.4988
1777730700000,78358.0,78365.8,78283.8,78293.3,68.2614
1777731000000,78293.2,78293.4,78272.8,78272.8,47.3584
1777731300000,78272.9,78308.6,78272.8,78298.0,54.6405
1777731600000,78298.1,78315.8,78278.0,78285.3,52.9039
1777731900000,78285.4,78460.7,78285.3,78384.6,352.8723
1777732200000,78384.5,78413.5,78352.0,78411.8,162.4554
1777732500000,78411.7,78430.0,78340.0,78340.1,99.0695
1777732800000,78340.0,78367.0,78338.0,78354.8,69.4321
1777733100000,78354.7,78402.1,78354.7,78388.3,97.6616
1777733400000,78388.3,78440.0,78374.9,78390.3,206.3484
1777733700000,78390.2,78393.8,78373.4,78376.1,34.1274
1777734000000,78376.0,78393.8,78376.0,78393.8,51.3265
1777734300000,78393.8,78443.6,78393.7,78393.8,88.0373
1777734600000,78393.8,78396.0,78390.0,78396.0,52.9163
1777734900000,78396.0,78399.9,78317.5,78330.4,93.7228
1777735200000,78330.4,78348.2,78320.6,78344.7,58.1616
1777735500000,78344.7,78352.0,78333.0,78336.0,36.4278
1777735800000,78336.0,78381.1,78330.4,78381.1,42.7847
1777736100000,78381.0,78381.2,78346.7,78370.3,78.4036
1777736400000,78370.2,78412.2,78359.7,78404.0,79.127
1777736700000,78404.0,78404.1,78370.0,78388.5,60.8847
1777737000000,78388.5,78423.0,78376.6,78423.0,40.2347
1777737300000,78423.0,78450.0,78422.9,78448.0,127.0688
1777737600000,78448.1,78463.0,78419.8,78432.2,138.3698
1777737900000,78432.1,78530.0,78423.8,78479.2,309.503
1777738200000,78479.2,78509.5,78479.1,78504.9,110.8588
1777738500000,78504.9,78569.9,78473.9,78500.2,231.119
1777738800000,78500.1,78547.3,78476.6,78493.2,150.8374
1777739100000,78493.2,78495.9,78456.6,78463.1,100.1402
1777739400000,78463.1,78463.2,78413.5,78416.7,109.4078
1777739700000,78416.8,78449.9,78416.7,78429.9,39.3322
1777740000000,78429.9,78454.1,78373.8,78382.4,101.3688
1777740300000,78382.5,78417.3,78382.4,78415.9,85.8687
1777740600000,78416.0,78460.7,78415.9,78450.1,52.5876
1777740900000,78450.1,78455.0,78410.0,78415.6,43.9993
1777741200000,78415.6,78418.0,78393.7,78399.4,56.1788
1777741500000,78399.4,78401.7,78377.3,78401.7,58.8867
1777741800000,78401.7,78422.3,78384.9,78393.8,34.0225
1777742100000,78393.8,78417.3,78393.7,78401.9,23.3796
1777742400000,78401.9,78401.9,78374.4,78388.2,45.8543
1777742700000,78388.2,78416.0,78384.4,78386.1,50.2443
1777743000000,78386.1,78432.0,78386.1,78424.9,30.1681
1777743300000,78424.9,78458.8,78424.9,78433.3,35.4029
1777743600000,78433.3,78433.4,78382.1,78389.9,44.4383
1777743900000,78389.9,78395.9,78355.8,78355.9,41.4806
1777744200000,78355.8,78373.2,78316.4,78359.2,106.6019
1777744500000,78359.2,78359.3,78355.1,78359.2,15.4002
1777744800000,78359.3,78359.3,78300.1,78300.1,62.2913
1777745100000,78300.1,78314.2,78289.0,78289.2,90.7612
1777745400000,78289.3,78302.2,78268.2,78275.1,112.2278
1777745700000,78275.1,78344.0,78266.9,78331.4,76.3435
1777746000000,78331.5,78362.2,78327.7,78327.7,35.6338
1777746300000,78327.8,78369.3,78327.7,78360.4,100.9827
1777746600000,78360.4,78429.3,78360.3,78400.3,67.9409
1777746900000,78400.3,78411.1,78382.3,78382.3,21.5719
1777747200000,78382.4,78395.8,78377.0,78377.0,18.383
1777747500000,78377.1,78410.0,78371.6,78405.6,37.7034
1777747800000,78405.7,78472.1,78405.6,78442.3,167.2952
1777748100000,78442.2,78456.4,78428.4,78428.4,49.7701
1777748400000,78428.5,78437.5,78409.1,78417.1,44.1888
1777748700000,78417.1,78429.4,78405.0,78429.4,14.4683
1777749000000,78429.4,78482.6,78424.3,78439.5,34.1128
1777749300000,78439.6,78448.2,78418.8,78418.9,22.4146
1777749600000,78418.9,78422.3,78407.2,78422.3,17.87
1777749900000,78422.3,78434.5,78416.1,78416.2,24.2943
1777750200000,78416.1,78430.2,78400.7,78430.2,60.8476
1777750500000,78430.2,78430.2,78427.2,78427.3,11.2826
1777750800000,78427.2,78488.0,78427.2,78456.8,46.1992
1777751100000,78456.8,78460.0,78455.0,78455.1,9.2766
1777751400000,78455.1,78455.1,78430.0,78430.1,10.3793
1777751700000,78430.1,78448.9,78417.2,78448.9,27.6692
1777752000000,78448.9,78456.5,78408.2,78416.0,30.3542
1777752300000,78416.1,78416.1,78406.3,78414.9,15.7376
1777752600000,78415.0,78415.0,78393.0,78393.9,12.8168
1777752900000,78393.8,78393.9,78381.9,78391.9,11.6699
1777753200000,78391.9,78398.3,78391.8,78398.3,13.5568
1777753500000,78398.3,78398.3,78385.5,78393.0,12.303
1777753800000,78392.9,78409.6,78392.9,78409.6,6.7672
1777754100000,78409.6,78442.9,78409.5,78442.9,40.8808
1777754400000,78442.9,78442.9,78390.0,78397.3,29.7921
1777754700000,78397.3,78400.0,78370.6,78370.6,20.6179
1777755000000,78370.6,78413.6,78370.6,78413.6,26.5137
1777755300000,78413.6,78413.6,78404.3,78413.6,9.0504
1777755600000,78413.6,78446.2,78413.6,78446.2,44.1414
1777755900000,78446.1,78477.0,78446.1,78471.6,42.689
1777756200000,78471.7,78471.7,78405.0,78405.1,61.6633
1777756500000,78405.1,78447.2,78400.0,78447.2,14.1698
1777756800000,78447.1,78472.1,78431.0,78435.7,88.7306
1777757100000,78435.6,78464.0,78435.0,78457.0,13.7591
1777757400000,78457.0,78500.0,78456.9,78499.4,48.5413
1777757700000,78499.4,79172.9,78489.8,78872.1,2991.4367
1777758000000,78872.0,78872.0,78725.4,78775.9,342.8114
1777758300000,78776.0,78872.0,78740.6,78755.5,157.7774
1777758600000,78755.5,78775.3,78684.9,78684.9,214.642
1777758900000,78685.0,78740.9,78684.8,78697.8,153.6948
1777759200000,78697.8,78775.7,78616.5,78684.6,249.7609
1777759500000,78684.7,78749.9,78675.0,78712.7,137.5562
1777759800000,78712.6,78744.8,78703.6,78744.1,67.8227
1777760100000,78744.2,78747.0,78643.3,78657.1,194.7288
1777760400000,78657.0,78690.1,78589.6,78604.7,165.3854
1777760700000,78604.7,78614.9,78576.0,78595.4,89.2088
1777761000000,78595.4,78689.5,78595.3,78685.1,65.2196
1777761300000,78685.1,78722.9,78627.2,78627.2,80.7274
1777761600000,78627.2,78675.5,78615.4,78624.8,87.4481
1777761900000,78624.9,78689.9,78624.8,78687.4,54.4477
1777762200000,78687.5,78817.4,78669.3,78769.3,178.5842
1777762500000,78769.2,78843.9,78769.2,78800.0,96.7743
1777762800000,78800.0,78800.0,78707.4,78719.4,84.4275
1777763100000,78719.4,78719.4,78644.5,78684.3,108.2493
1777763400000,78684.3,78731.3,78672.2,78700.0,67.2223
1777763700000,78700.1,78728.0,78688.4,78699.8,71.5065
1777764000000,78699.9,78749.9,78687.4,78712.5,53.4073
1777764300000,78712.5,78768.8,78712.5,78767.7,55.2925
1777764600000,78767.8,78781.5,78746.4,78746.4,72.6126
1777764900000,78746.4,78756.0,78670.0,78670.0,106.3947
1777765200000,78670.0,78677.7,78660.6,78660.6,56.0278
1777765500000,78660.7,78681.2,78622.1,78643.0,64.9066
1777765800000,78643.0,78656.0,78584.2,78656.0,67.2017
1777766100000,78656.0,78656.0,78624.5,78656.0,55.6051
1777766400000,78655.9,78728.0,78655.9,78679.1,129.5243
1777766700000,78679.0,78679.0,78553.7,78577.7,173.2328
1777767000000,78577.7,78577.7,78520.0,78541.0,138.196
1777767300000,78541.0,78589.8,78469.0,78550.1,268.438
1777767600000,78550.0,78565.0,78542.6,78558.5,55.6673
1777767900000,78558.5,78608.8,78558.5,78600.9,84.8575
1777768200000,78600.9,78625.6,78594.5,78625.6,86.8311
1777768500000,78625.5,78641.1,78625.5,78641.0,70.2835
1777768800000,78641.0,78641.1,78579.5,78602.6,46.6197
1777769100000,78602.6,78617.0,78470.1,78507.9,152.9112
1777769400000,78508.0,78519.3,78456.3,78456.9,205.6441
1777769700000,78456.8,78520.1,78450.0,78510.2,104.2115
1777770000000,78510.2,78510.3,78230.0,78339.8,874.7471
1777770300000,78339.7,78371.9,78300.0,78320.5,262.6691
1777770600000,78320.5,78332.4,78284.2,78328.0,215.2264
1777770900000,78327.9,78357.3,78213.9,78221.8,154.0747
1777771200000,78221.7,78259.0,78177.4,78218.4,268.5371
1777771500000,78218.4,78252.9,78210.1,78252.8,120.9898
1777771800000,78252.7,78252.8,78182.1,78182.2,200.5372
1777772100000,78182.1,78194.2,78100.0,78157.0,309.6392
1777772400000,78157.0,78200.0,78157.0,78189.0,151.1541
1777772700000,78189.1,78253.1,78178.1,78253.0,133.0082
1777773000000,78253.0,78253.0,78210.0,78210.0,74.7951
1777773300000,78210.0,78219.2,78200.0,78200.0,70.443
1777773600000,78200.0,78223.9,78142.0,78223.8,147.9778
1777773900000,78223.9,78273.4,78216.1,78224.1,139.0045
1777774200000,78224.0,78224.1,78065.1,78149.2,389.3052
1777774500000,78149.2,78164.9,78070.4,78078.9,221.2762
1777774800000,78078.9,78099.6,78050.2,78082.5,208.3788
1777775100000,78082.4,78088.0,78060.7,78060.8,114.4711
1777775400000,78060.7,78135.9,78060.7,78121.2,141.8242
1777775700000,78121.2,78121.3,78072.1,78081.1,64.137
1777776000000,78081.0,78125.0,78070.6,78072.0,144.4369
1777776300000,78071.9,78136.5,78071.9,78136.5,94.4581
1777776600000,78136.4,78164.3,78120.1,78154.0,106.1558
1777776900000,78153.9,78154.6,78123.3,78132.0,49.1232
1777777200000,78132.0,78150.0,78088.0,78088.1,106.2235
1777777500000,78088.1,78129.0,78088.0,78129.0,55.2227
1777777800000,78129.0,78129.0,78092.5,78094.2,59.9481
1777778100000,78094.1,78100.1,78094.1,78099.0,72.2186
1777778400000,78098.9,78107.0,78069.2,78069.2,153.5426
1777778700000,78069.3,78103.4,78060.0,78064.3,91.8214
1777779000000,78064.3,78139.8,78064.3,78139.5,79.393
1777779300000,78139.5,78164.5,78135.4,78147.1,91.8479
1777779600000,78147.0,78147.1,78087.1,78088.9,99.2241
1777779900000,78088.9,78150.0,78088.8,78150.0,59.3401
1777780200000,78149.9,78168.6,78142.2,78162.4,117.5063
1777780500000,78162.3,78167.4,78144.8,78163.8,114.3329
1777780800000,78163.7,78166.7,78122.9,78123.0,85.7891
1777781100000,78123.0,78135.4,78070.3,78070.3,124.4485
1777781400000,78070.3,78109.1,78067.9,78101.3,85.2872
1777781700000,78101.3,78130.1,78101.2,78118.6,48.694
1777782000000,78118.6,78178.1,78118.0,78178.0,96.9748
1777782300000,78178.1,78195.0,78151.5,78178.0,141.2781
1777782600000,78178.1,78196.0,78166.0,78167.5,28.0752
1777782900000,78167.6,78180.1,78148.1,78170.0,73.9355
1777783200000,78170.0,78170.1,78146.6,78146.7,23.0792
1777783500000,78146.7,78151.1,78100.0,78100.1,49.2524
1777783800000,78100.0,78130.6,78096.1,78125.5,66.5567
1777784100000,78125.5,78125.8,78101.5,78125.7,48.6812
1777784400000,78125.7,78190.4,78118.0,78190.4,90.5027
1777784700000,78190.4,78218.8,78181.7,78197.3,79.9521
1777785000000,78197.3,78210.0,78179.7,78195.0,99.8538
1777785300000,78195.0,78218.5,78179.7,78179.7,67.3685
1777785600000,78179.7,78199.9,78179.7,78183.8,27.0583
1777785900000,78183.8,78189.4,78176.7,78176.8,53.4132
1777786200000,78176.8,78191.3,78165.1,78189.1,48.8372
1777786500000,78189.1,78189.1,78166.0,78171.9,71.7559
1777786800000,78171.9,78181.0,78159.6,78159.6,29.7403
1777787100000,78159.5,78189.1,78152.0,78187.1,30.626
1777787400000,78187.1,78198.0,78187.0,78198.0,41.8467
1777787700000,78198.0,78210.0,78197.9,78202.5,24.3453
1777788000000,78202.6,78202.6,78150.0,78150.1,47.198
1777788300000,78150.0,78159.3,78112.4,78115.0,177.4863
1777788600000,78115.1,78132.0,78095.1,78095.2,80.7171
1777788900000,78095.1,78115.2,78093.5,78096.8,103.2637
1777789200000,78096.7,78096.7,78074.6,78074.7,70.3395
1777789500000,78074.7,78074.7,78011.7,78068.6,267.743
1777789800000,78068.6,78128.7,78068.6,78112.7,93.8589
1777790100000,78112.7,78121.7,78104.8,78104.8,22.5496
1777790400000,78104.8,78109.1,78084.2,78109.1,70.5554
1777790700000,78109.0,78137.2,78109.0,78137.2,61.0496
1777791000000,78137.2,78315.2,78137.1,78284.3,442.3421
1777791300000,78284.2,78284.8,78228.6,78244.7,180.4487
1777791600000,78244.6,78333.0,78244.6,78310.1,225.0684
1777791900000,78310.1,78406.8,78310.1,78344.5,373.0297
1777792200000,78344.5,78375.4,78305.0,78306.0,134.9892
1777792500000,78306.1,78321.0,78291.7,78298.9,83.7944
1777792800000,78298.9,78361.0,78298.9,78361.0,142.0923
1777793100000,78361.0,78399.0,78339.1,78360.2,180.9678
1777793400000,78360.2,78400.0,78338.5,78347.0,94.6235
1777793700000,78347.0,78377.0,78346.9,78377.0,52.3039
1777794000000,78377.0,78406.1,78329.0,78335.7,172.2663
1777794300000,78335.8,78361.7,78314.4,78342.6,109.8388
1777794600000,78342.6,78355.4,78340.1,78340.1,84.8848
1777794900000,78340.0,78340.1,78317.5,78317.6,47.3297
1777795200000,78317.6,78399.9,78317.5,78393.1,134.3971
1777795500000,78393.1,78466.0,78393.0,78415.2,307.7231
1777795800000,78415.2,78419.4,78393.1,78408.3,87.0124
1777796100000,78408.3,78443.8,78408.3,78408.8,92.3231
1777796400000,78408.9,78435.0,78397.7,78402.4,68.6584
1777796700000,78402.4,78402.4,78365.7,78377.2,63.5391
1777797000000,78377.2,78381.7,78340.8,78340.8,36.7736
1777797300000,78340.8,78385.0,78340.8,78384.9,37.4551
1777797600000,78385.0,78407.9,78373.6,78393.9,27.1625
1777797900000,78394.0,78419.8,78388.5,78388.5,51.5064
1777798200000,78388.5,78404.8,78371.0,78371.0,29.1605
1777798500000,78371.0,78371.0,78350.0,78350.0,43.3185
1777798800000,78350.0,78355.0,78300.1,78355.0,197.7288
1777799100000,78354.9,78404.0,78347.3,78404.0,63.3363
1777799400000,78404.0,78404.0,78361.5,78361.5,60.0101
1777799700000,78361.6,78380.0,78360.0,78380.0,26.9468
1777800000000,78380.0,78444.9,78379.9,78444.2,99.0251
1777800300000,78444.2,78489.3,78444.2,78460.6,329.7487
1777800600000,78460.6,78474.8,78412.0,78464.0,186.4118
1777800900000,78463.9,78575.0,78457.7,78563.7,298.9435
1777801200000,78563.7,78563.8,78481.2,78481.2,110.5503
1777801500000,78481.3,78481.9,78444.5,78481.8,131.7915
1777801800000,78481.8,78519.9,78472.9,78494.5,126.8004
1777802100000,78494.6,78512.0,78494.5,78500.7,65.9025
1777802400000,78500.8,78505.9,78440.0,78440.0,94.0117
1777802700000,78440.0,78450.1,78390.6,78440.0,100.1128
1777803000000,78440.0,78460.0,78438.9,78459.9,19.9089
1777803300000,78460.0,78463.2,78433.1,78441.1,68.7776
1777803600000,78441.1,78448.4,78416.0,78416.0,30.2996
1777803900000,78416.1,78419.8,78394.0,78394.0,45.0096
1777804200000,78394.1,78440.8,78394.0,78440.7,69.5999
1777804500000,78440.7,78440.8,78412.0,78417.4,57.5316
1777804800000,78417.4,78437.0,78407.8,78407.9,49.7088
1777805100000,78407.9,78407.9,78369.9,78374.6,80.7299
1777805400000,78374.7,78390.6,78374.3,78390.5,70.3414
1777805700000,78390.5,78390.7,78370.3,78375.9,47.3166
1777806000000,78375.9,78390.4,78342.5,78378.2,75.118
1777806300000,78378.2,78413.2,78376.2,78413.1,59.6827
1777806600000,78413.2,78524.8,78413.1,78492.2,232.2337
1777806900000,78492.3,78495.0,78474.8,78474.8,66.2194
1777807200000,78474.7,78474.7,78457.8,78473.0,51.6008
1777807500000,78472.9,78486.8,78472.9,78478.6,34.831
1777807800000,78478.6,78557.9,78475.4,78534.7,121.0315
1777808100000,78534.8,78598.9,78513.7,78513.8,255.7827
1777808400000,78513.7,78740.9,78513.7,78680.5,734.5541
1777808700000,78680.5,78833.0,78634.0,78761.4,829.9047
1777809000000,78761.4,78771.3,78681.1,78681.2,192.2818
1777809300000,78681.2,78681.2,78619.9,78620.5,200.136
1777809600000,78620.5,78730.0,78620.5,78704.1,277.4006
1777809900000,78704.0,78783.9,78682.8,78723.3,271.2509
1777810200000,78723.3,78863.8,78719.6,78813.6,332.8152
1777810500000,78813.7,78823.7,78736.3,78743.6,191.3787
1777810800000,78743.6,78770.0,78735.8,78739.6,108.1045
1777811100000,78739.5,78742.9,78713.9,78742.8,64.4294
1777811400000,78742.8,78750.0,78647.7,78689.8,210.3096
1777811700000,78689.8,78699.2,78682.6,78686.5,63.6373
1777812000000,78686.5,78750.0,78686.5,78749.8,222.6131
1777812300000,78749.9,78800.9,78734.0,78748.8,127.6841
1777812600000,78748.8,78752.9,78721.3,78721.3,140.4728
1777812900000,78721.3,78721.4,78682.6,78717.6,97.0593
1777813200000,78717.6,78725.8,78680.0,78693.8,105.5443
1777813500000,78693.8,78724.0,78676.0,78723.9,166.8216
1777813800000,78723.9,78739.8,78714.0,78714.0,57.3407
1777814100000,78714.0,78714.1,78638.7,78638.7,88.8352
1777814400000,78638.7,78659.1,78632.4,78645.5,89.2619
1777814700000,78645.5,78645.5,78540.9,78603.9,482.6964
1777815000000,78603.8,78643.1,78603.8,78633.6,150.6366
1777815300000,78633.6,78673.1,78633.6,78673.1,81.4546
1777815600000,78673.1,78673.1,78556.0,78586.7,123.7828
1777815900000,78586.7,78647.1,78573.4,78575.4,116.3428
1777816200000,78575.5,78646.0,78575.5,78618.7,115.1667
1777816500000,78618.8,78665.6,78618.8,78638.2,76.3917
1777816800000,78638.2,78760.9,78632.0,78699.9,187.4534
1777817100000,78699.9,78731.4,78673.2,78708.6,111.5577
1777817400000,78708.5,78717.0,78691.5,78694.9,32.7502
1777817700000,78695.0,78726.1,78629.7,78666.9,100.1537
1777818000000,78666.9,78667.0,78582.0,78609.9,115.253
1777818300000,78609.8,78662.9,78609.8,78662.8,67.1042
1777818600000,78662.9,78684.8,78632.1,78684.8,50.4641
1777818900000,78684.8,78691.0,78666.9,78674.1,49.6604
1777819200000,78674.2,78684.0,78671.8,78684.0,32.4292
1777819500000,78684.0,78684.0,78623.0,78646.1,70.4254
1777819800000,78646.2,78753.3,78646.1,78714.1,112.5196
1777820100000,78714.1,78755.0,78708.0,78708.0,62.1403
1777820400000,78708.1,78766.8,78708.0,78765.9,91.2415
1777820700000,78766.0,78780.0,78720.1,78720.1,103.5153
1777821000000,78720.2,78724.3,78689.9,78704.5,114.2018
1777821300000,78704.4,78741.0,78704.1,78716.9,73.3065
1777821600000,78716.8,78716.9,78682.0,78702.0,64.9254
1777821900000,78702.1,78738.8,78702.0,78725.0,48.8421
1777822200000,78725.1,78765.5,78680.1,78683.8,86.2536
1777822500000,78683.8,78694.8,78632.0,78645.3,61.7363
1777822800000,78645.2,78671.3,78638.9,78660.8,65.519
1777823100000,78660.8,78670.8,78625.7,78626.9,68.211
1777823400000,78627.0,78640.8,78583.1,78626.1,293.2805
1777823700000,78626.1,78639.9,78626.0,78632.2,26.1339
1777824000000,78632.2,78666.6,78617.0,78654.0,104.7989
1777824300000,78654.0,78659.5,78580.0,78600.0,119.458
1777824600000,78599.9,78600.0,78580.0,78590.0,55.6637
1777824900000,78590.1,78628.4,78580.0,78580.1,118.0995
1777825200000,78580.0,78627.9,78562.0,78627.8,84.803
1777825500000,78627.9,78640.3,78622.0,78631.3,51.6867
1777825800000,78631.4,78709.9,78631.3,78709.9,118.376
1777826100000,78709.9,78752.0,78666.8,78700.0,121.1955
1777826400000,78700.1,78710.0,78686.0,78694.7,45.5228
1777826700000,78694.7,78706.2,78679.4,78679.5,29.2141
1777827000000,78679.5,78700.0,78666.5,78666.5,62.3496
1777827300000,78666.5,78666.6,78619.5,78630.1,42.3661
1777827600000,78630.0,78630.0,78524.0,78560.0,211.1928
1777827900000,78559.9,78629.8,78548.4,78613.2,74.9074
1777828200000,78613.1,78693.3,78613.1,78654.0,95.5191
1777828500000,78654.1,78700.0,78654.0,78700.0,41.3615
1777828800000,78700.0,78743.3,78672.3,78729.9,91.6405
1777829100000,78729.9,78777.0,78696.0,78696.1,88.8353
1777829400000,78696.1,78740.0,78691.2,78728.1,65.0407
1777829700000,78728.2,78793.0,78728.1,78745.6,122.13
1777830000000,78745.7,78765.9,78745.6,78765.9,66.1714
1777830300000,78765.8,78765.9,78715.0,78746.1,95.175
1777830600000,78746.1,78746.1,78686.2,78701.4,67.9509
1777830900000,78701.4,78701.5,78678.5,78697.9,42.2587
1777831200000,78697.8,78701.5,78635.6,78635.7,108.2859
1777831500000,78635.6,78670.0,78635.6,78650.3,41.8282
1777831800000,78650.3,78650.4,78630.3,78633.5,23.1239
1777832100000,78633.4,78663.3,78595.3,78663.3,146.5201
1777832400000,78663.3,78663.3,78641.8,78662.9,23.1047
1777832700000,78662.9,78716.4,78662.9,78693.1,41.2769
1777833000000,78693.1,78693.1,78653.6,78653.7,27.5592
1777833300000,78653.6,78663.0,78641.8,78641.8,20.7381
1777833600000,78641.9,78669.0,78637.8,78645.6,38.9868
1777833900000,78645.6,78681.3,78643.4,78681.2,54.9567
1777834200000,78681.3,78722.8,78681.2,78705.2,62.1535
1777834500000,78705.1,78705.1,78691.7,78696.4,25.9925
1777834800000,78696.3,78696.4,78678.8,78694.2,31.7155
1777835100000,78694.3,78722.8,78694.2,78695.5,27.4017
1777835400000,78695.5,78695.5,78650.0,78670.0,52.3075
1777835700000,78670.0,78683.7,78650.6,78661.1,17.9988
1777836000000,78661.1,78669.0,78638.0,78656.7,49.2442
1777836300000,78656.7,78659.6,78648.0,78648.0,24.6477
1777836600000,78648.1,78821.0,78648.0,78782.8,144.8665
1777836900000,78782.8,78806.0,78745.8,78746.5,59.6389
1777837200000,78746.5,78768.4,78746.4,78768.4,37.7868
1777837500000,78768.4,78781.3,78720.7,78749.9,43.4411
1777837800000,78750.0,78780.5,78739.7,78741.3,28.6613
1777838100000,78741.3,78767.6,78733.8,78733.9,125.8067
1777838400000,78733.8,78774.4,78700.1,78700.6,101.9313
1777838700000,78700.6,78731.0,78691.0,78713.8,53.5868
1777839000000,78713.8,78749.7,78705.1,78705.1,19.7536
1777839300000,78705.0,78767.3,78695.2,78754.0,54.4785
1777839600000,78753.9,78991.7,78753.9,78888.1,641.003
1777839900000,78888.0,78935.4,78846.7,78879.9,125.4553
1777840200000,78879.9,78945.1,78865.3,78904.8,104.2372
1777840500000,78904.8,79266.8,78904.8,78992.1,1555.3299
1777840800000,78992.0,79015.9,78933.8,78964.3,162.1719
1777841100000,78964.2,78979.2,78793.3,78808.0,367.238
1777841400000,78808.0,78868.6,78808.0,78827.9,118.8302
1777841700000,78828.0,78877.2,78828.0,78877.2,63.0065
1777842000000,78877.2,78894.0,78813.5,78846.6,100.1521
1777842300000,78846.5,78953.3,78846.5,78945.9,88.9335
1777842600000,78945.8,79032.3,78945.8,78969.6,157.1929
1777842900000,78969.6,78970.0,78924.8,78942.5,88.4287
1777843200000,78942.6,78952.7,78914.8,78914.8,54.2305
1777843500000,78914.7,78914.8,78878.2,78882.6,50.1136
1777843800000,78882.7,78894.2,78872.7,78880.2,48.3784
1777844100000,78880.2,78880.2,78787.0,78832.3,119.2808
1777844400000,78832.3,78838.6,78614.3,78668.9,263.6703
1777844700000,78669.0,78717.7,78614.2,78614.2,250.6673
1777845000000,78614.2,78731.4,78614.1,78731.4,259.8388
1777845300000,78731.3,78812.2,78730.0,78797.0,106.8522
1777845600000,78797.1,79140.0,78797.1,79073.9,648.4086
1777845900000,79073.8,79074.9,78889.2,78919.6,196.177
1777846200000,78919.5,79398.9,78919.5,79234.7,1139.6547
1777846500000,79234.6,79428.4,79073.4,79196.4,856.9113
1777846800000,79196.4,79196.4,78928.0,78985.7,464.8788
1777847100000,78985.7,79050.0,78937.4,79050.0,103.1985
1777847400000,79050.0,79157.6,78950.0,79155.9,243.4875
1777847700000,79155.8,79155.9,79050.0,79111.6,97.2824
1777848000000,79111.6,79288.0,79111.6,79238.6,222.0
1777848300000,79238.6,79350.0,79238.6,79300.6,243.5559
1777848600000,79300.6,79300.7,79138.5,79150.0,183.0167
1777848900000,79149.9,79170.0,79125.7,79141.3,99.04
1777849200000,79141.4,79266.7,79090.1,79229.2,332.9583
1777849500000,79229.2,79233.7,79071.9,79096.9,172.6436
1777849800000,79096.9,79104.3,79014.9,79048.3,193.7434
1777850100000,79048.4,79050.0,78950.3,78954.1,148.2286
1777850400000,78954.1,78954.1,78568.3,78718.9,882.3946
1777850700000,78718.9,78718.9,78595.7,78618.5,304.9663
1777851000000,78618.4,78715.2,78555.0,78583.2,368.0884
1777851300000,78583.2,78679.0,78545.3,78660.4,289.4686
1777851600000,78660.4,78660.4,78551.5,78555.5,226.3275
1777851900000,78555.4,78556.1,78444.4,78546.0,469.2503
1777852200000,78546.1,78556.1,78486.5,78542.1,178.3442
1777852500000,78542.0,78550.0,78464.2,78531.0,198.0899
1777852800000,78531.1,78533.2,78371.0,78455.0,576.0978
1777853100000,78454.9,78533.3,78415.1,78444.3,179.4934
1777853400000,78444.3,78483.7,78383.8,78471.6,274.7183
1777853700000,78471.6,78493.3,78348.3,78410.8,265.6706
1777854000000,78410.7,78440.0,78225.0,78313.1,679.4747
1777854300000,78313.1,78409.3,78258.0,78324.1,305.2606
1777854600000,78324.0,78416.3,78299.3,78390.6,257.3569
1777854900000,78390.6,78409.8,78297.9,78301.5,180.4879
1777855200000,78301.6,78374.9,78297.8,78362.4,104.4365
1777855500000,78362.5,78452.6,78362.5,78427.6,200.6246
1777855800000,78427.6,78427.6,78360.0,78405.1,153.5408
1777856100000,78405.1,78530.0,78396.4,78507.1,215.1211
1777856400000,78507.2,78556.0,78372.7,78391.5,246.5014
1777856700000,78391.4,78450.0,78369.4,78433.6,70.2084
1777857000000,78433.6,78437.0,78369.4,78415.2,94.0741
1777857300000,78415.3,78481.1,78402.6,78402.6,96.2562
1777857600000,78402.7,78427.6,78377.1,78387.6,74.7842
1777857900000,78387.5,78573.5,78377.1,78568.4,194.5568
1777858200000,78568.3,79136.9,78552.5,78920.5,1341.9738
1777858500000,78920.5,78924.9,78742.1,78833.7,546.1948
1777858800000,78833.6,78880.0,78749.3,78755.2,205.8614
1777859100000,78755.1,78962.9,78752.7,78951.7,245.3227
1777859400000,78951.6,79233.0,78910.0,79203.4,1328.6731
1777859700000,79203.4,79855.0,79201.9,79754.9,5879.9664
1777860000000,79754.9,80200.0,79500.0,79709.3,5052.0395
1777860300000,79709.3,79939.2,79691.7,79924.3,900.7477
1777860600000,79924.3,79949.0,79775.6,79931.2,1227.3182
1777860900000,79931.1,79931.2,79768.0,79850.7,937.2211
1777861200000,79850.7,79931.2,79678.9,79691.8,619.5374
1777861500000,79691.8,79747.9,79588.0,79689.0,342.5936
1777861800000,79689.0,79831.0,79684.0,79722.5,395.5143
1777862100000,79722.5,79922.1,79712.4,79917.1,546.2708
1777862400000,79917.2,80386.3,79917.1,80129.9,2501.5877
1777862700000,80129.9,80165.6,79982.9,80105.4,631.8705
1777863000000,80105.5,80288.0,80082.3,80217.0,489.1785
1777863300000,80217.1,80430.0,80126.7,80138.1,942.1057
1777863600000,80138.1,80210.1,79941.0,80081.7,868.1239
1777863900000,80081.8,80313.8,80081.7,80189.9,764.5864
1777864200000,80189.9,80465.4,80189.9,80347.9,956.1007
1777864500000,80347.9,80359.3,80175.9,80183.6,440.6298
1777864800000,80183.5,80265.5,80106.4,80106.4,373.3405
1777865100000,80106.5,80141.2,80030.0,80092.5,595.8903
1777865400000,80092.6,80122.5,80011.8,80040.2,231.8267
1777865700000,80040.3,80040.3,79972.2,79980.0,219.5696
1777866000000,79980.0,79988.5,79888.0,79972.4,291.2557
1777866300000,79972.3,80223.0,79936.7,80208.6,369.3066
1777866600000,80208.6,80241.4,80130.8,80170.8,231.2163
1777866900000,80170.7,80295.9,80170.7,80284.6,202.4878
1777867200000,80284.7,80450.0,80278.9,80441.6,914.9378
1777867500000,80441.6,80450.0,80327.3,80388.1,706.3339
1777867800000,80388.2,80433.1,80364.0,80394.5,309.209
1777868100000,80394.5,80597.4,80354.5,80473.1,1171.8008
1777868400000,80473.1,80523.5,80200.0,80203.0,528.4668
1777868700000,80203.1,80336.7,80200.3,80306.8,518.2115
1777869000000,80306.7,80378.4,80269.2,80369.8,462.0549
1777869300000,80369.9,80402.8,80256.2,80266.4,276.0156
1777869600000,80266.4,80350.0,80266.3,80309.4,153.7422
1777869900000,80309.3,80360.6,80274.6,80274.6,122.1413
1777870200000,80274.6,80356.7,80240.9,80240.9,234.5196
1777870500000,80240.9,80315.8,80203.5,80309.3,322.177
1777870800000,80309.3,80377.0,80247.8,80320.3,223.614
1777871100000,80320.3,80333.4,80155.1,80193.9,404.4085
1777871400000,80193.9,80197.8,80090.0,80120.2,447.4183
1777871700000,80120.3,80127.2,80000.0,80003.8,561.7673
1777872000000,80003.9,80040.6,80000.0,80018.9,446.3137
1777872300000,80018.9,80070.4,79912.6,79967.7,631.2747
1777872600000,79967.7,80037.7,79927.4,79960.0,332.8128
1777872900000,79960.0,80072.8,79954.7,80066.8,146.9461
1777873200000,80066.9,80081.9,80012.2,80058.0,100.6473
1777873500000,80058.0,80058.0,79970.0,79970.1,99.0885
1777873800000,79970.1,80009.9,79965.0,79979.4,89.7707
1777874100000,79979.4,80007.8,79975.0,79993.9,100.2162
1777874400000,79994.0,80027.3,79950.0,79950.0,190.372
1777874700000,79950.1,79956.0,79862.9,79902.4,294.357
1777875000000,79902.3,79956.9,79882.7,79882.8,245.1541
1777875300000,79882.7,79882.8,79770.2,79776.0,539.5898
1777875600000,79776.0,79776.1,79670.0,79686.1,343.8839
1777875900000,79686.1,79719.6,79450.1,79675.6,1213.517
1777876200000,79675.6,79736.0,79600.2,79694.3,314.1258
1777876500000,79694.2,79743.7,79659.9,79714.3,334.7804
1777876800000,79714.4,79743.0,79714.3,79728.0,145.887
1777877100000,79728.0,79852.8,79723.5,79820.0,377.9093
1777877400000,79820.1,79948.1,79820.0,79915.9,383.6012
1777877700000,79916.0,79932.5,79819.8,79833.5,237.7289
1777878000000,79833.5,79914.7,79778.3,79848.2,260.9604
1777878300000,79848.2,79914.7,79807.8,79834.8,215.4219
1777878600000,79834.9,79869.5,79785.8,79869.4,165.4432
1777878900000,79869.4,79896.3,79800.0,79829.9,153.9613
1777879200000,79829.8,79842.7,79810.7,79814.6,77.1204
1777879500000,79814.6,79842.6,79800.0,79823.5,74.3026
1777879800000,79823.4,79841.8,79740.0,79757.2,138.8776
1777880100000,79757.2,79757.3,79650.0,79697.7,254.4986
1777880400000,79697.7,79828.8,79697.7,79828.8,134.6328
1777880700000,79828.7,79882.4,79786.5,79812.7,185.6843
1777881000000,79812.6,79812.7,79710.0,79723.6,145.5349
1777881300000,79723.7,79723.7,79635.2,79665.3,133.0984
1777881600000,79665.2,79739.8,79606.1,79611.1,350.3585
1777881900000,79611.0,79700.0,79560.0,79690.8,321.8975
1777882200000,79690.9,79764.5,79682.7,79763.7,158.0514
1777882500000,79763.6,79774.5,79693.3,79747.9,154.3393
1777882800000,79747.9,79749.2,79590.4,79650.0,289.7055
1777883100000,79650.0,79725.0,79624.6,79709.5,68.295
1777883400000,79709.6,79745.0,79664.0,79670.8,109.3281
1777883700000,79670.7,79712.8,79663.9,79700.9,97.9324
1777884000000,79700.9,79728.2,79680.0,79680.1,79.7969
1777884300000,79680.0,79686.1,79634.9,79669.3,99.9149
1777884600000,79669.3,79688.0,79588.0,79675.9,133.867
1777884900000,79675.8,79739.9,79660.8,79677.5,130.2949
1777885200000,79677.4,79772.4,79606.0,79715.0,218.2762
1777885500000,79715.1,79715.1,79644.0,79669.9,199.0953
1777885800000,79670.0,79763.7,79659.9,79693.7,149.7826
1777886100000,79693.8,79716.7,79688.0,79690.0,76.345
1777886400000,79690.1,79719.5,79683.9,79684.0,56.1322
1777886700000,79684.0,79795.8,79680.0,79700.1,138.0486
1777887000000,79700.1,79753.0,79656.0,79750.3,105.4542
1777887300000,79750.3,79780.0,79703.9,79775.7,79.825
1777887600000,79775.7,79849.9,79754.2,79824.4,302.5818
1777887900000,79824.4,79840.0,79761.1,79840.0,109.042
1777888200000,79839.9,79894.9,79824.0,79873.7,183.8283
1777888500000,79873.8,79873.8,79801.3,79801.3,76.6583
1777888800000,79801.3,79862.7,79157.6,79193.0,2178.5239
1777889100000,79193.1,79207.3,78594.2,78792.6,4138.8808
1777889400000,78792.6,78792.6,78564.7,78722.5,1441.1697
1777889700000,78722.6,78753.3,78308.6,78349.8,3351.2223
1777890000000,78349.8,78487.4,78146.8,78225.1,3020.8986
1777890300000,78225.1,78507.7,78150.0,78471.3,1903.1797
1777890600000,78471.3,78955.6,78420.1,78926.0,2666.4956
1777890900000,78926.0,78994.8,78850.0,78900.0,1192.7184
1777891200000,78900.1,78980.2,78876.4,78885.4,376.5351
1777891500000,78885.5,79036.3,78850.5,79032.4,632.9303
1777891800000,79032.4,79066.0,78880.1,78880.1,367.7404
1777892100000,78880.1,78931.2,78777.1,78897.2,627.2244
1777892400000,78897.2,79040.0,78873.5,78875.0,354.0093
1777892700000,78875.1,78975.0,78861.0,78974.9,149.4673
1777893000000,78975.0,79022.0,78917.3,78999.0,200.6287
1777893300000,78999.0,79066.0,78956.5,79053.3,222.6929
1777893600000,79053.3,79080.0,78904.3,78911.4,198.2317
1777893900000,78911.4,78936.0,78869.7,78907.2,151.4402
1777894200000,78907.1,78907.1,78817.6,78843.5,291.3466
1777894500000,78843.6,78854.1,78652.9,78718.2,483.6544
1777894800000,78718.1,78744.0,78660.0,78691.9,358.8115
1777895100000,78691.9,78780.0,78682.9,78738.9,177.2803
1777895400000,78738.9,78821.9,78729.9,78795.2,120.5779
1777895700000,78795.2,78805.4,78748.9,78756.9,87.6391
1777896000000,78756.8,78811.6,78667.4,78768.6,329.7405
1777896300000,78768.7,78809.6,78700.0,78718.2,186.8447
1777896600000,78718.2,78796.0,78710.2,78756.0,78.0519
1777896900000,78756.0,78925.0,78700.0,78914.9,307.7947
1777897200000,78914.9,78983.6,78860.2,78920.6,235.2379
1777897500000,78920.6,78982.0,78886.1,78917.0,234.4534
1777897800000,78917.0,78927.1,78800.0,78800.0,160.0373
1777898100000,78800.1,78922.3,78800.1,78879.6,109.1858
1777898400000,78879.5,78946.8,78871.6,78943.3,73.4073
1777898700000,78943.2,78961.7,78902.3,78950.0,115.7239
1777899000000,78950.0,78958.4,78900.1,78924.4,87.7766
1777899300000,78924.5,78939.5,78800.0,78801.8,268.5861
1777899600000,78801.8,78801.8,78522.5,78676.7,953.0438
1777899900000,78676.7,78838.6,78629.7,78834.9,267.3715
1777900200000,78835.0,78952.9,78811.8,78880.0,305.0046
1777900500000,78880.0,78913.3,78843.6,78879.9,247.1312
1777900800000,78879.9,79031.9,78867.2,78915.8,703.8896
1777901100000,78915.9,78941.0,78900.7,78918.2,134.3181
1777901400000,78918.1,78991.0,78891.6,78974.3,506.313
1777901700000,78974.2,79100.0,78791.0,78906.9,790.8329
1777902000000,78906.8,78906.8,78820.2,78820.2,189.2495
1777902300000,78820.1,78900.0,78722.0,78786.6,538.9625
1777902600000,78786.6,78834.5,78700.1,78730.1,197.175
1777902900000,78730.1,78808.0,78683.0,78743.1,150.0041
1777903200000,78743.1,78779.9,78560.6,78565.0,548.5466
1777903500000,78565.1,78639.8,78423.5,78499.6,906.2987
1777903800000,78499.6,78944.4,78470.7,78908.0,681.774
1777904100000,78908.0,79071.3,78893.3,79011.9,879.808
1777904400000,79011.9,79247.7,78995.0,79225.2,967.768
1777904700000,79225.2,79365.9,79184.3,79188.5,977.7959
1777905000000,79188.4,79301.1,79173.9,79234.4,329.6548
1777905300000,79234.3,79535.1,79228.4,79461.4,1003.707
1777905600000,79461.3,79549.9,79406.2,79485.3,489.2753
1777905900000,79485.3,80227.0,79485.3,79993.9,3800.8634
1777906200000,79994.0,80450.0,79993.9,80419.9,2712.3445
1777906500000,80419.9,80513.0,80133.9,80184.6,2837.2992
1777906800000,80184.6,80345.5,80064.0,80075.0,1472.3999
1777907100000,80075.0,80230.0,80025.4,80054.7,964.6044
1777907400000,80054.7,80094.1,79883.2,80076.8,1014.8294
1777907700000,80076.8,80187.9,79370.2,79463.9,2312.39
1777908000000,79463.9,79677.8,79276.8,79520.0,3357.629
1777908300000,79520.1,79777.2,79500.0,79669.9,966.7237
1777908600000,79670.0,79756.5,79433.9,79636.1,838.5618
1777908900000,79636.1,79744.4,79486.5,79678.7,597.9838
1777909200000,79678.7,79894.9,79583.9,79878.9,536.7612
1777909500000,79878.9,79893.6,79732.0,79780.9,420.5319
1777909800000,79780.9,79885.5,79527.2,79876.1,786.5511
1777910100000,79876.0,80113.0,79862.6,79990.6,1010.2985
1777910400000,79990.6,80042.7,79913.4,79984.3,465.2522
1777910700000,79984.3,79997.2,79615.1,79765.4,954.0599
1777911000000,79765.3,79795.8,79649.5,79684.7,435.7363
1777911300000,79684.6,80158.0,79571.6,80090.9,935.3741
1777911600000,80090.9,80366.0,80072.0,80220.3,1561.8591
1777911900000,80220.3,80315.5,80116.9,80206.7,522.5814
1777912200000,80206.7,80250.0,80113.4,80239.7,359.0641
1777912500000,80239.8,80329.0,80194.6,80236.5,507.6559
1777912800000,80236.6,80328.9,80211.4,80240.2,287.6576
1777913100000,80240.1,80288.6,80147.4,80189.4,324.966
1777913400000,80189.5,80206.1,80039.7,80064.0,314.9807
1777913700000,80064.1,80085.0,79922.9,79981.7,519.7719
1777914000000,79981.7,80217.4,79981.6,80190.4,391.0891
1777914300000,80190.3,80323.0,80163.3,80300.0,320.4787
1777914600000,80300.0,80447.2,80268.1,80346.2,549.7886
1777914900000,80346.3,80474.5,80324.9,80393.2,457.6427
1777915200000,80393.2,80469.2,80367.3,80432.0,277.8196
1777915500000,80432.0,80476.8,80372.4,80406.5,191.1369
1777915800000,80406.5,80412.5,80282.0,80286.5,225.3373
1777916100000,80286.6,80339.9,80236.0,80286.9,201.3901
1777916400000,80286.9,80308.0,80220.0,80242.1,183.9794
1777916700000,80242.2,80409.6,80228.0,80372.5,208.4203
1777917000000,80372.4,80746.5,80372.4,80400.1,2203.9002
1777917300000,80400.1,80505.6,80340.0,80347.8,381.2739
1777917600000,80347.9,80409.5,80210.0,80390.2,533.9867
1777917900000,80390.2,80390.2,80295.0,80353.9,237.3417
1777918200000,80353.9,80400.0,80333.0,80344.1,118.9705
1777918500000,80344.1,80344.1,80206.6,80215.1,253.6109
1777918800000,80215.0,80276.4,80161.0,80199.8,247.2183
1777919100000,80199.9,80237.3,80101.2,80227.2,329.8627
1777919400000,80227.3,80270.0,80192.6,80270.0,223.1566
1777919700000,80269.9,80276.0,80173.3,80205.8,201.859
1777920000000,80205.7,80230.5,80114.6,80132.3,233.7377
1777920300000,80132.2,80132.3,80075.0,80127.4,313.8514
1777920600000,80127.3,80139.0,80000.0,80006.0,213.5729
1777920900000,80006.1,80129.9,80006.0,80076.6,170.7461
1777921200000,80076.5,80089.6,79971.1,79971.2,255.8137
1777921500000,79971.2,80103.3,79861.1,80016.2,562.7551
1777921800000,80016.2,80044.0,79969.1,80044.0,207.0676
1777922100000,80043.9,80046.2,79912.1,79934.4,128.1637
1777922400000,79934.5,79950.0,79889.2,79920.1,166.8762
1777922700000,79920.0,79940.4,79844.6,79878.8,162.6035
1777923000000,79878.7,79939.5,79878.7,79900.3,77.547
1777923300000,79900.2,79963.0,79841.6,79868.8,131.7659
1777923600000,79868.7,79955.0,79850.0,79954.0,89.9354
1777923900000,79954.0,80020.0,79911.1,80010.1,137.7633
1777924200000,80010.0,80010.0,79921.0,79944.9,108.8581
1777924500000,79944.9,80051.7,79921.8,80006.1,183.7686
1777924800000,80006.0,80030.2,79912.0,79959.9,138.4281
1777925100000,79960.0,79990.0,79931.6,79983.3,55.2328
1777925400000,79983.2,80081.2,79975.9,80081.2,103.8076
1777925700000,80081.2,80113.4,79903.0,79913.3,303.3293
1777926000000,79913.3,79955.6,79864.6,79937.7,146.0284
1777926300000,79937.6,80005.0,79937.6,79973.7,68.4091
1777926600000,79973.6,79993.2,79903.4,79927.1,55.3689
1777926900000,79927.1,79930.8,79826.3,79853.5,167.1591
1777927200000,79853.5,79892.2,79839.7,79862.8,68.8234
1777927500000,79862.8,79968.6,79852.1,79944.6,110.2072
1777927800000,79944.6,79944.7,79865.7,79896.0,45.0226
1777928100000,79895.9,79920.0,79888.0,79888.1,32.4397
1777928400000,79888.2,80051.8,79888.2,79989.7,152.6181
1777928700000,79989.7,80066.7,79965.3,80052.3,112.9195
1777929000000,80052.4,80109.4,80044.6,80065.6,75.804
1777929300000,80065.5,80084.8,80024.0,80056.6,30.7526
1777929600000,80056.7,80261.3,80056.6,80228.8,181.7577
1777929900000,80228.8,80258.5,80151.3,80157.5,86.5159
1777930200000,80157.5,80230.0,80157.5,80202.0,72.1786
1777930500000,80202.0,80249.9,80185.4,80215.7,60.0376
1777930800000,80215.6,80230.0,80186.9,80195.3,35.3049
1777931100000,80195.3,80266.2,80193.0,80266.1,95.0292
1777931400000,80266.1,80341.3,80228.3,80237.4,145.8939
1777931700000,80237.3,80259.5,80194.3,80216.9,53.8736
1777932000000,80216.9,80358.5,80170.2,80290.5,301.351
1777932300000,80290.6,80322.1,80231.1,80272.4,63.1788
1777932600000,80272.4,80317.2,80252.7,80308.9,35.5293
1777932900000,80309.0,80360.0,80232.6,80255.9,93.4455
1777933200000,80255.9,80272.5,80220.1,80240.4,53.4449
1777933500000,80240.4,80270.0,80220.1,80220.2,43.0421
1777933800000,80220.2,80223.2,80067.5,80109.9,468.1076
1777934100000,80109.9,80137.7,80073.0,80098.9,85.1084
1777934400000,80098.9,80109.2,80066.7,80066.7,52.1138
1777934700000,80066.8,80160.6,80051.1,80156.6,76.2374
1777935000000,80156.5,80156.6,80027.0,80030.4,67.4884
1777935300000,80030.4,80056.9,80000.0,80025.1,84.0143
1777935600000,80025.2,80025.2,79900.5,79915.6,221.0008
1777935900000,79915.6,79936.4,79867.9,79883.1,85.5645
1777936200000,79883.2,79897.7,79853.0,79892.3,106.0688
1777936500000,79892.3,79895.1,79835.4,79895.1,207.7826
1777936800000,79895.0,79895.0,79835.0,79835.0,65.3985
1777937100000,79835.1,79932.7,79832.1,79922.9,112.8658
1777937400000,79922.9,79922.9,79762.8,79819.3,391.3281
1777937700000,79819.3,79819.3,79706.5,79768.1,184.2255
1777938000000,79768.1,79772.0,79711.7,79725.4,106.0616
1777938300000,79725.5,79767.8,79710.0,79750.0,177.4698
1777938600000,79750.1,79849.0,79738.7,79805.7,331.1585
1777938900000,79805.7,79821.4,79788.0,79821.4,97.4393
1777939200000,79821.3,79991.9,79756.8,79945.5,314.561
1777939500000,79945.6,79970.4,79884.1,79884.2,106.7771
1777939800000,79884.1,79957.6,79884.1,79920.3,86.2244
1777940100000,79920.3,79924.4,79864.7,79920.1,82.1778
1777940400000,79920.2,79920.2,79830.2,79830.2,62.534
1777940700000,79830.2,79862.1,79808.5,79812.4,74.8553
1777941000000,79812.4,80097.0,79812.4,80060.9,297.473
1777941300000,80061.0,80072.5,79990.4,80015.3,138.1934
1777941600000,80015.3,80040.0,79966.1,80040.0,66.4433
1777941900000,80040.0,80066.1,79992.0,80012.4,154.4244
1777942200000,80012.4,80144.0,80012.4,80120.0,240.2562
1777942500000,80120.0,80136.2,80083.1,80129.9,86.6762
1777942800000,80129.8,80163.2,80035.4,80084.8,110.4787
1777943100000,80084.9,80176.9,80084.8,80173.2,144.4637
1777943400000,80173.2,80221.9,80162.1,80162.1,238.7483
1777943700000,80162.2,80221.8,80143.2,80173.4,101.3339
1777944000000,80173.4,80250.9,80156.1,80222.1,254.1323
1777944300000,80222.2,80242.8,80198.0,80222.4,95.619
1777944600000,80222.4,80222.5,80126.6,80161.6,172.1516
1777944900000,80161.7,80288.0,80150.0,80206.3,232.6944
1777945200000,80206.2,80245.8,80198.9,80202.9,97.8995
1777945500000,80202.9,80332.3,80202.9,80294.9,160.7803
1777945800000,80294.9,80343.3,80275.9,80291.1,203.5296
1777946100000,80291.0,80310.3,80266.0,80306.5,79.4191
1777946400000,80306.4,80469.0,80253.8,80451.2,451.8054
1777946700000,80451.3,80472.0,80382.6,80400.6,299.812
1777947000000,80400.6,80406.1,80341.6,80406.0,238.6822
1777947300000,80406.1,80415.0,80347.6,80347.6,135.6158
1777947600000,80347.5,80444.0,80320.8,80443.9,129.5078
1777947900000,80443.9,80488.0,80411.1,80416.5,276.5912
1777948200000,80416.4,80448.2,80401.0,80427.9,113.4456
1777948500000,80427.9,80729.0,80427.9,80685.5,699.3834
1777948800000,80685.6,80797.0,80609.6,80778.0,791.1885
1777949100000,80777.9,80888.0,80505.0,80524.2,1738.8657
1777949400000,80524.2,80598.8,80502.6,80502.7,289.7943
1777949700000,80502.6,80539.9,80477.2,80526.7,327.5885
1777950000000,80526.8,80545.5,80407.5,80455.0,278.1486
1777950300000,80455.0,80513.2,80440.7,80493.3,113.6927
1777950600000,80493.4,80699.0,80493.3,80644.8,329.4778
1777950900000,80644.8,80724.9,80600.0,80724.8,198.3748
1777951200000,80724.8,80815.6,80707.4,80786.9,455.6768
1777951500000,80786.8,80832.0,80722.2,80759.9,359.8609
1777951800000,80760.0,80814.4,80718.8,80789.4,306.1485
1777952100000,80789.4,81076.5,80788.2,80838.0,1843.8286
1777952400000,80838.0,80981.0,80837.9,80890.5,496.571
1777952700000,80890.6,80924.9,80790.4,80877.8,327.0779
1777953000000,80877.7,80881.3,80811.4,80860.0,214.6072
1777953300000,80859.9,80868.9,80817.0,80848.7,199.8394
1777953600000,80848.6,80966.0,80800.6,80886.3,482.9058
1777953900000,80886.3,80948.9,80815.3,80815.4,221.6327
1777954200000,80815.3,80815.4,80747.1,80780.1,284.2229
1777954500000,80780.1,80850.1,80780.0,80806.6,143.8512
1777954800000,80806.5,80839.1,80797.7,80802.1,164.0379
1777955100000,80802.1,80888.0,80760.0,80764.2,198.2751
1777955400000,80764.2,80765.0,80686.9,80731.3,265.8086
1777955700000,80731.3,80824.5,80718.9,80785.7,187.7076
1777956000000,80785.7,80801.7,80731.5,80731.5,134.6963
1777956300000,80731.5,80900.0,80694.5,80889.9,230.7446
1777956600000,80890.0,80928.6,80866.2,80877.8,223.2115
1777956900000,80877.8,80888.5,80853.4,80861.1,84.6173
1777957200000,80861.1,80873.3,80800.0,80832.2,196.1735
1777957500000,80832.1,80888.0,80804.4,80857.8,205.3105
1777957800000,80857.9,80930.4,80847.4,80847.5,309.1839
1777958100000,80847.6,80926.0,80847.6,80900.1,187.918
1777958400000,80900.1,81172.7,80864.7,81129.2,764.9185
1777958700000,81129.2,81160.3,80993.8,81018.6,685.8312
1777959000000,81018.7,81111.0,80987.3,81111.0,269.5429
1777959300000,81110.9,81309.9,81044.7,81199.2,1273.4422
1777959600000,81199.2,81209.1,81011.1,81011.1,569.7526
1777959900000,81011.1,81011.2,80877.5,80938.2,637.5593
1777960200000,80938.2,81037.2,80938.1,80992.9,231.6864
1777960500000,80992.8,80992.9,80934.5,80940.6,254.8928
1777960800000,80940.7,80985.5,80900.0,80908.1,241.496
1777961100000,80908.2,80917.1,80865.8,80902.2,203.9637
1777961400000,80902.3,80957.4,80879.5,80916.5,210.4384
1777961700000,80916.4,80941.0,80859.8,80861.5,210.0602
1777962000000,80861.4,80861.5,80773.0,80773.0,386.677
1777962300000,80773.0,80799.0,80766.0,80788.4,175.0619
1777962600000,80788.4,80833.8,80770.1,80819.4,166.4456
1777962900000,80819.5,80859.3,80773.0,80786.3,194.2584
1777963200000,80786.4,80843.6,80751.4,80772.6,211.5187
1777963500000,80772.6,80888.0,80772.6,80888.0,150.7109
1777963800000,80888.0,80900.0,80856.1,80887.5,132.3001
1777964100000,80887.5,80947.9,80860.4,80938.1,123.4202
1777964400000,80938.0,80950.0,80856.3,80909.4,317.5903
1777964700000,80909.4,80919.1,80854.4,80854.4,88.0332
1777965000000,80854.4,80994.8,80854.4,80959.4,334.085
1777965300000,80959.4,80971.4,80930.4,80958.2,112.4809
1777965600000,80958.2,81055.7,80953.8,81007.9,207.0943
1777965900000,81007.9,81055.6,80989.5,81002.2,162.9537
1777966200000,81002.1,81057.4,80975.5,81057.4,155.8101
1777966500000,81057.3,81127.1,81048.2,81089.9,291.9394
1777966800000,81089.9,81089.9,80977.2,80982.3,215.7231
1777967100000,80982.2,80998.2,80831.5,80921.5,461.4121
1777967400000,80921.5,80923.5,80840.7,80840.8,141.6176
1777967700000,80840.8,80842.0,80793.4,80821.9,305.3033
1777968000000,80821.8,80846.3,80793.7,80813.3,201.2723
1777968300000,80813.2,80860.0,80813.2,80852.5,140.3236
1777968600000,80852.5,80856.0,80825.8,80825.8,141.1521
1777968900000,80825.8,80850.8,80778.0,80824.4,116.0173
1777969200000,80824.4,80849.0,80804.0,80845.0,106.6507
1777969500000,80845.0,80845.0,80800.0,80810.0,97.7033
1777969800000,80809.9,80828.1,80755.0,80796.3,193.7723
1777970100000,80796.4,80820.0,80740.9,80745.0,167.103
1777970400000,80744.9,80765.0,80659.2,80710.0,424.5682
1777970700000,80710.0,80778.6,80709.9,80778.6,174.9441
1777971000000,80778.6,80799.9,80756.8,80756.8,125.1449
1777971300000,80756.9,80779.2,80732.8,80779.1,82.6326
1777971600000,80779.2,80779.2,80630.9,80666.5,479.1196
1777971900000,80666.6,80695.8,80650.5,80671.8,130.3348
1777972200000,80671.8,80684.5,80634.2,80636.9,186.3446
1777972500000,80636.8,80658.7,80588.0,80600.2,291.3104
1777972800000,80600.1,80630.0,80560.1,80597.2,246.8114
1777973100000,80597.2,80638.7,80591.8,80620.0,152.8037
1777973400000,80620.0,80673.7,80579.4,80579.4,130.8523
1777973700000,80579.4,80606.9,80528.0,80548.0,279.1063
1777974000000,80548.0,80559.9,80522.0,80554.9,139.1933
1777974300000,80554.8,80584.2,80539.0,80539.5,133.8756
1777974600000,80539.6,80568.8,80483.4,80562.7,259.0814
1777974900000,80562.8,80562.8,80529.3,80552.3,166.2867
1777975200000,80552.3,80577.9,80490.0,80567.9,121.0287
1777975500000,80568.0,80688.0,80562.7,80650.1,307.0475
1777975800000,80650.1,80687.3,80638.2,80642.6,142.6876
1777976100000,80642.7,80709.6,80642.6,80687.9,183.9665
1777976400000,80687.9,80728.6,80670.0,80680.3,127.3702
1777976700000,80680.3,80721.7,80680.0,80699.4,138.7091
1777977000000,80699.5,80800.0,80699.5,80796.1,200.3962
1777977300000,80796.1,80820.6,80717.4,80755.4,326.9185
1777977600000,80755.4,80800.9,80755.4,80790.1,111.8949
1777977900000,80790.1,80800.0,80775.4,80775.5,151.2097
1777978200000,80775.4,80785.4,80683.7,80688.1,252.3949
1777978500000,80688.0,80800.0,80688.0,80799.5,168.0777
1777978800000,80799.5,80843.3,80741.0,80807.1,394.4722
1777979100000,80807.0,80820.4,80797.9,80820.3,92.3696
1777979400000,80820.4,80960.0,80788.7,80911.9,549.1535
1777979700000,80911.9,80933.6,80792.8,80822.0,251.4897
1777980000000,80821.9,80834.9,80780.5,80834.8,125.0964
1777980300000,80834.8,80945.1,80825.1,80913.5,210.7744
1777980600000,80913.6,80999.9,80902.5,80976.0,193.941
1777980900000,80976.1,81080.5,80952.6,80989.5,428.0944
1777981200000,80989.5,81020.2,80983.6,80997.3,189.1141
1777981500000,80997.3,81029.1,80950.0,80962.1,146.9025
1777981800000,80962.1,80968.9,80827.3,80895.3,484.9818
1777982100000,80895.3,80983.9,80879.5,80979.9,174.2916
1777982400000,80980.0,80980.0,80889.4,80958.7,143.5654
1777982700000,80958.7,81037.4,80945.1,80985.0,153.5007
1777983000000,80984.9,81112.2,80984.9,81061.9,326.835
1777983300000,81061.9,81106.0,81030.1,81038.2,145.325
1777983600000,81038.2,81090.0,81018.2,81069.5,167.1317
1777983900000,81069.5,81207.4,81069.5,81179.5,613.3239
1777984200000,81179.6,81251.9,81173.7,81194.4,410.5122
1777984500000,81194.4,81232.1,81125.1,81230.7,339.3397
1777984800000,81230.8,81275.6,81221.1,81270.0,336.2302
1777985100000,81270.0,81274.3,81144.0,81192.5,388.8801
1777985400000,81192.6,81275.0,81176.9,81266.1,242.4057
1777985700000,81266.1,81266.1,81206.7,81234.0,146.6616
1777986000000,81234.1,81450.0,81217.2,81427.6,1266.6415
1777986300000,81427.6,81650.0,81401.9,81558.9,2913.5226
1777986600000,81558.9,81620.4,81544.4,81589.0,1031.5558
1777986900000,81589.0,81608.0,81445.9,81519.0,743.9693
1777987200000,81518.9,81688.0,81489.2,81506.6,941.7615
1777987500000,81506.6,81512.7,81366.1,81414.8,627.8555
1777987800000,81414.8,81497.9,81330.4,81439.2,723.3377
1777988100000,81439.2,81450.0,81301.9,81306.3,455.9198
1777988400000,81306.3,81395.2,81170.0,81372.7,670.1522
1777988700000,81372.8,81599.9,81363.0,81587.5,640.0876
1777989000000,81587.5,81645.3,81333.9,81338.0,471.6597
1777989300000,81338.0,81360.8,81147.2,81290.4,547.4771
1777989600000,81290.3,81386.0,81145.5,81384.4,579.1738
1777989900000,81384.3,81388.8,81193.7,81235.0,434.3167
1777990200000,81234.9,81320.0,81046.7,81065.3,827.1233
1777990500000,81065.3,81173.9,80911.6,81000.2,1509.108
1777990800000,81000.2,81212.0,80900.4,81197.9,713.5871
1777991100000,81197.8,81413.8,81197.8,81367.2,616.3115
1777991400000,81367.2,81472.6,81311.7,81341.8,424.2792
1777991700000,81341.8,81416.0,81109.2,81173.0,362.9784
1777992000000,81173.0,81228.0,81069.7,81196.0,330.0417
1777992300000,81196.1,81218.9,81061.4,81157.2,265.7467
1777992600000,81157.2,81323.2,81118.3,81323.1,248.6096
1777992900000,81323.2,81360.4,81258.5,81284.6,159.3345
1777993200000,81284.6,81380.0,81181.5,81376.9,230.8206
1777993500000,81376.9,81450.0,81311.1,81350.0,228.749
1777993800000,81350.1,81627.5,81330.0,81524.7,651.481
1777994100000,81524.7,81574.5,81479.2,81500.9,480.4065
1777994400000,81501.0,81630.3,81473.1,81574.5,464.651
1777994700000,81574.4,81620.0,81480.0,81570.3,351.4384
1777995000000,81570.4,81615.6,81501.0,81560.7,238.9084
1777995300000,81560.6,81627.2,81532.8,81562.7,225.3233
1777995600000,81562.7,81588.6,81520.0,81585.9,117.9526
1777995900000,81585.9,81665.3,81551.4,81600.3,398.3355
1777996200000,81600.2,81605.4,81480.9,81507.1,393.7724
1777996500000,81507.0,81548.8,81453.4,81484.3,210.8661
1777996800000,81484.4,81545.0,81450.0,81523.4,422.9042
1777997100000,81523.4,81573.6,81442.1,81442.1,229.783
1777997400000,81442.1,81496.6,81388.0,81406.8,383.2337
1777997700000,81406.8,81460.4,81370.0,81438.7,224.6524
1777998000000,81438.6,81515.2,81372.0,81421.5,193.2193
1777998300000,81421.4,81422.2,81288.0,81378.8,271.7191
1777998600000,81378.7,81378.8,81200.0,81223.9,581.2262
1777998900000,81223.9,81262.6,81031.3,81097.3,859.5377
1777999200000,81097.2,81112.2,81000.0,81031.1,680.8228
1777999500000,81031.1,81147.6,81020.0,81132.9,477.7393
1777999800000,81132.9,81250.0,81132.9,81221.2,371.1616
1778000100000,81221.1,81249.7,81192.0,81249.6,137.9055
1778000400000,81249.6,81336.6,81192.0,81304.8,216.6558
1778000700000,81304.8,81315.4,81144.1,81191.6,297.7395
1778001000000,81191.5,81297.1,81179.6,81290.1,235.1589
1778001300000,81290.1,81366.2,81275.5,81354.7,197.0763
1778001600000,81354.8,81435.4,81320.0,81320.0,232.8739
1778001900000,81320.0,81402.7,81320.0,81372.1,134.7198
1778002200000,81372.2,81372.2,81255.2,81287.9,199.6896
1778002500000,81287.9,81332.3,81247.9,81247.9,117.8566
1778002800000,81247.9,81280.0,81222.0,81267.9,71.8897
1778003100000,81267.9,81323.8,81222.9,81267.8,128.1356
1778003400000,81267.8,81299.9,81248.1,81250.3,57.3175
1778003700000,81250.3,81259.9,81210.0,81237.0,115.323
1778004000000,81237.1,81311.7,81237.1,81297.5,80.7183
1778004300000,81297.6,81405.7,81275.8,81342.2,201.4806
1778004600000,81342.3,81588.0,81342.2,81526.9,470.5143
1778004900000,81526.9,81543.5,81414.7,81436.0,214.6046
1778005200000,81436.0,81471.3,81390.2,81397.0,109.6787
1778005500000,81397.1,81437.9,81380.8,81418.0,70.6402
1778005800000,81418.1,81453.0,81386.6,81453.0,108.959
1778006100000,81453.0,81485.0,81407.7,81407.7,61.1327
1778006400000,81407.7,81498.0,81400.0,81470.7,74.1038
1778006700000,81470.7,81523.2,81451.6,81483.5,74.8606
1778007000000,81483.5,81523.9,81370.0,81450.0,134.8999
1778007300000,81450.0,81494.5,81421.3,81470.6,35.8326
1778007600000,81470.6,81478.0,81433.0,81433.0,52.4956
1778007900000,81433.0,81446.0,81410.2,81432.6,47.3593
1778008200000,81432.5,81432.6,81361.9,81427.0,72.7957
1778008500000,81426.9,81523.0,81386.3,81514.1,103.7204
1778008800000,81514.2,81525.0,81474.3,81517.7,61.6279
1778009100000,81517.8,81542.0,81486.2,81487.7,68.3989
1778009400000,81487.7,81626.0,81468.9,81539.4,302.7212
1778009700000,81539.4,81565.2,81475.0,81513.1,119.6322
1778010000000,81513.1,81633.2,81497.2,81613.4,280.0081
1778010300000,81613.5,81645.8,81572.0,81610.1,209.1709
1778010600000,81610.0,81610.0,81480.0,81577.9,188.8807
1778010900000,81577.8,81606.8,81516.0,81557.2,108.1976
1778011200000,81557.2,81792.4,81540.2,81669.6,982.7383
1778011500000,81669.7,81733.2,81468.0,81621.7,553.7216
1778011800000,81621.8,81740.0,81618.8,81654.4,256.0628
1778012100000,81654.4,81654.4,81533.3,81590.7,227.7337
1778012400000,81590.8,81610.8,81520.0,81556.1,145.3433
1778012700000,81556.1,81604.6,81508.4,81524.8,139.9707
1778013000000,81524.8,81652.1,81504.5,81625.1,388.4553
1778013300000,81625.1,81678.2,81584.9,81584.9,199.328
1778013600000,81584.9,81698.0,81541.5,81610.1,312.6926
1778013900000,81610.2,81614.7,81511.8,81559.9,243.1832
1778014200000,81559.9,81600.8,81554.2,81579.2,129.9547
1778014500000,81579.2,81626.1,81568.5,81609.9,73.0523
1778014800000,81609.8,81750.0,81588.4,81642.6,284.6324
1778015100000,81642.5,81690.0,81564.7,81618.3,178.7806
1778015400000,81618.4,81654.6,81544.1,81544.1,225.7351
1778015700000,81544.1,81610.6,81519.0,81519.0,109.2575
1778016000000,81519.1,81546.3,81500.0,81535.8,81.0218
1778016300000,81535.8,81576.8,81408.8,81428.0,197.0154
1778016600000,81428.0,81428.1,81277.0,81277.1,323.679
1778016900000,81277.0,81429.4,81268.6,81380.8,138.9184
1778017200000,81380.7,81384.4,81320.0,81330.3,137.1665
1778017500000,81330.2,81418.8,81300.0,81398.6,158.8709
1778017800000,81398.7,81466.0,81380.7,81454.7,76.4609
1778018100000,81454.8,81479.3,81362.6,81371.9,97.7216
1778018400000,81371.9,81569.8,81371.9,81474.3,295.5292
1778018700000,81474.3,81512.2,81357.2,81402.1,92.0024
1778019000000,81402.1,81402.2,81307.0,81345.4,130.5742
1778019300000,81345.5,81348.8,81280.0,81341.5,115.9987
1778019600000,81341.5,81374.3,81300.7,81374.3,106.2011
1778019900000,81374.3,81488.1,81374.2,81405.5,124.5195
1778020200000,81405.5,81405.5,81080.0,81087.2,638.0273
1778020500000,81087.1,81160.0,80864.6,80968.7,1246.5527
1778020800000,80968.8,81030.8,80762.1,80985.7,811.8574
1778021100000,80985.8,81051.3,80950.0,81032.1,277.0807
1778021400000,81032.1,81328.1,80980.8,81180.8,1040.1209
1778021700000,81180.8,81208.0,81059.8,81073.5,250.7895
1778022000000,81073.6,81132.0,80985.0,81062.4,306.0454
1778022300000,81062.4,81124.0,81000.0,81096.1,130.6775
1778022600000,81096.0,81180.4,81096.0,81179.9,177.4319
1778022900000,81180.0,81180.0,81056.8,81072.4,102.2169
1778023200000,81072.4,81085.8,81009.6,81023.4,174.7131
1778023500000,81023.4,81045.0,80836.2,80847.6,460.1945
1778023800000,80847.7,80937.0,80788.1,80810.9,343.1101
1778024100000,80810.9,80818.8,80738.6,80802.5,332.6724
1778024400000,80802.4,80920.0,80778.1,80887.8,220.5554
1778024700000,80887.8,80940.1,80846.9,80900.2,161.7315
1778025000000,80900.1,80950.0,80874.2,80889.6,139.1662
1778025300000,80889.7,80919.0,80859.4,80875.3,172.2301
1778025600000,80875.3,81060.4,80844.0,81017.6,604.7505
1778025900000,81017.6,81071.8,80962.8,81048.9,329.3304
1778026200000,81048.9,81220.0,81025.5,81114.2,351.2491
1778026500000,81114.2,81224.0,81057.7,81058.9,214.7649
1778026800000,81059.0,81059.0,80900.0,80954.6,165.8515
1778027100000,80954.6,81052.7,80872.9,80879.1,139.8965
1778027400000,80879.0,80962.5,80862.7,80954.2,138.4244
1778027700000,80954.2,81006.8,80938.7,80944.7,124.4408
1778028000000,80944.7,80969.0,80860.0,80862.7,160.5152
1778028300000,80862.8,80914.3,80653.9,80761.1,594.7464
1778028600000,80761.1,81033.9,80761.1,80991.7,266.4708
1778028900000,80991.7,81026.6,80963.6,80993.8,153.3383
1778029200000,80993.8,81111.0,80945.5,81102.5,285.3709
1778029500000,81102.4,81127.9,81058.9,81113.4,178.385
1778029800000,81113.5,81127.9,81081.7,81117.9,129.7647
1778030100000,81117.9,81311.9,81117.8,81245.1,534.7178
1778030400000,81245.2,81281.6,81172.0,81247.5,171.8726
1778030700000,81247.5,81249.1,81200.0,81204.2,88.8109
1778031000000,81204.2,81289.7,81190.0,81281.9,140.0369
1778031300000,81281.9,81298.0,81209.8,81266.0,91.7515
1778031600000,81266.0,81280.0,81244.7,81272.1,101.303
1778031900000,81272.1,81450.0,81270.0,81368.0,472.7638
1778032200000,81367.9,81500.0,81355.4,81389.9,477.8202
1778032500000,81389.9,81400.0,81354.2,81388.8,161.0686
1778032800000,81388.8,81405.7,81250.1,81258.1,236.9947
1778033100000,81258.1,81300.0,81203.4,81281.2,153.772
1778033400000,81281.1,81331.9,81250.0,81287.3,126.4488
1778033700000,81287.3,81287.3,81217.9,81217.9,69.3247
1778034000000,81218.0,81262.4,81207.0,81243.9,55.4723
1778034300000,81243.9,81244.0,81072.3,81100.0,301.1171
1778034600000,81100.1,81100.1,81003.2,81013.9,317.2873
1778034900000,81013.9,81143.6,80995.2,81127.6,226.0597
1778035200000,81127.5,81224.6,81127.5,81165.8,119.5537
1778035500000,81165.8,81244.0,81158.1,81244.0,98.9018
1778035800000,81244.0,81256.7,81177.1,81243.1,79.6479
1778036100000,81243.2,81351.9,81243.1,81327.9,143.8079
1778036400000,81327.9,81419.2,81313.2,81386.3,485.2928
1778036700000,81386.3,81430.0,81320.9,81331.1,174.4794
1778037000000,81331.0,81391.8,81322.9,81365.3,107.9494
1778037300000,81365.3,81383.5,81328.1,81374.8,78.2729
1778037600000,81374.9,81646.4,81327.8,81606.6,1015.316
1778037900000,81606.6,81721.8,81551.6,81571.0,832.7618
1778038200000,81571.0,81647.7,81544.8,81593.6,235.8806
1778038500000,81593.6,81655.5,81574.2,81583.2,311.3695
1778038800000,81583.2,81585.9,81476.9,81505.0,247.2595
1778039100000,81505.0,81512.2,81450.0,81491.5,113.9712
1778039400000,81491.5,81550.0,81436.7,81492.6,190.0244
1778039700000,81492.6,81595.9,81492.5,81535.9,158.7536
1778040000000,81536.0,81566.0,81486.3,81507.0,116.1485
1778040300000,81507.0,81614.4,81506.9,81506.9,160.4147
1778040600000,81506.9,81549.5,81475.0,81547.4,107.3692
1778040900000,81547.5,81557.6,81472.6,81517.1,89.5288
1778041200000,81517.1,81520.0,81456.1,81468.6,91.9743
1778041500000,81468.6,81489.0,81383.0,81389.0,152.6086
1778041800000,81389.0,81399.8,81280.8,81340.9,512.4838
1778042100000,81340.9,81379.9,81320.0,81324.3,173.47
1778042400000,81324.3,81362.9,81313.6,81355.1,138.2401
1778042700000,81355.1,81441.0,81305.0,81440.9,134.6821
1778043000000,81441.0,81451.7,81207.2,81318.9,388.9067
1778043300000,81318.8,81318.8,81250.0,81280.2,142.665
1778043600000,81280.2,81297.7,81200.1,81286.3,272.2672
1778043900000,81286.2,81300.0,81232.7,81249.1,91.6821
1778044200000,81249.2,81272.3,81200.0,81230.7,126.7149
1778044500000,81230.6,81278.4,81210.1,81246.4,142.8186
1778044800000,81246.4,81257.8,81188.0,81223.3,134.7741
1778045100000,81223.3,81245.9,81195.1,81216.5,73.4482
1778045400000,81216.6,81218.2,81157.3,81171.2,170.2878
1778045700000,81171.2,81171.2,81010.4,81028.9,501.1982
1778046000000,81028.9,81147.8,81028.9,81124.0,222.2975
1778046300000,81124.1,81229.3,81124.0,81209.3,260.2275
1778046600000,81209.3,81240.0,81183.0,81194.7,125.4935
1778046900000,81194.7,81299.4,81194.6,81287.0,198.2404
1778047200000,81287.0,81359.9,81271.2,81340.2,632.1199
1778047500000,81341.0,81357.3,81246.2,81246.2,131.2651
1778047800000,81246.3,81246.3,81185.0,81218.7,101.0978
1778048100000,81218.8,81226.0,81166.7,81225.9,112.7348
1778048400000,81225.9,81285.1,81203.0,81280.0,209.2794
1778048700000,81280.0,81364.3,81240.1,81331.4,180.094
1778049000000,81331.3,81366.6,81304.3,81320.1,103.0511
1778049300000,81320.1,81428.7,81320.0,81368.8,142.6612
1778049600000,81368.9,81437.1,81345.0,81437.1,151.1087
1778049900000,81437.1,81475.5,81429.2,81469.9,242.2951
1778050200000,81469.9,81469.9,81413.1,81450.2,149.0446
1778050500000,81450.1,81465.0,81419.0,81431.1,70.9197
1778050800000,81431.0,81511.4,81428.5,81428.5,200.4992
1778051100000,81428.5,81530.0,81428.5,81522.5,151.1118
1778051400000,81522.5,81568.3,81417.2,81427.0,655.1806
1778051700000,81427.1,81472.2,81413.8,81472.2,123.6568
1778052000000,81472.2,81556.4,81445.1,81483.5,103.9294
1778052300000,81483.5,81570.1,81481.7,81505.9,264.0376
1778052600000,81505.8,81505.9,81404.0,81404.0,181.447
1778052900000,81404.0,81419.0,81375.0,81419.0,171.9728
1778053200000,81419.0,81419.0,81358.0,81377.0,78.9412
1778053500000,81376.9,81419.4,81342.2,81382.9,100.415
1778053800000,81383.0,81383.0,81290.3,81309.3,160.5134
1778054100000,81309.3,81333.8,81270.0,81333.8,206.8142
1778054400000,81333.7,81484.1,81281.0,81471.2,282.024
1778054700000,81471.2,81597.0,81471.1,81509.1,436.812
1778055000000,81509.0,81569.9,81477.4,81509.9,104.7512
1778055300000,81509.9,81516.3,81470.6,81475.2,77.5021
1778055600000,81475.2,81542.9,81453.6,81524.4,135.798
1778055900000,81524.3,81537.8,81510.0,81537.7,53.2222
1778056200000,81537.8,81883.1,81537.7,81680.8,1521.5822
1778056500000,81680.9,81798.3,81570.2,81626.4,661.3589
1778056800000,81626.4,81689.3,81602.2,81663.0,176.546
1778057100000,81663.0,81683.4,81594.2,81602.3,331.5157
1778057400000,81602.3,81972.0,81580.0,81883.1,1397.3769
1778057700000,81883.0,81952.0,81814.2,81911.0,795.776
1778058000000,81911.0,81935.5,81711.0,81766.8,1015.4615
1778058300000,81766.8,81912.0,81725.0,81809.9,514.5978
1778058600000,81810.0,81901.8,81762.6,81768.1,255.6092
1778058900000,81768.2,81826.6,81762.3,81780.1,157.7936
1778059200000,81780.0,81781.8,81630.0,81674.2,368.1844
1778059500000,81674.2,81725.0,81644.6,81725.0,199.2667
1778059800000,81725.0,81964.5,81712.9,81879.4,729.2496
1778060100000,81879.3,81989.9,81844.1,81987.3,498.0626
1778060400000,81987.2,82080.8,81950.0,81980.0,1260.1189
1778060700000,81980.1,81980.1,81720.1,81868.4,718.5694
1778061000000,81868.4,81942.6,81807.4,81924.2,287.7451
1778061300000,81924.2,81960.1,81911.7,81960.1,205.77
1778061600000,81960.1,82029.1,81928.7,81993.6,548.5279
1778061900000,81993.5,81993.6,81921.5,81983.8,231.9603
1778062200000,81983.8,82148.0,81983.8,82000.0,703.8499
1778062500000,82000.0,82115.4,81956.0,82092.0,448.4238
1778062800000,82092.1,82177.0,82056.0,82140.5,535.5658
1778063100000,82140.5,82210.0,82065.4,82147.7,623.8551
1778063400000,82147.7,82272.6,82106.3,82172.3,784.3659
1778063700000,82172.3,82257.7,82150.0,82203.8,463.3535
1778064000000,82203.8,82270.9,82167.1,82200.0,353.8694
1778064300000,82200.0,82247.6,82093.6,82136.1,295.573
1778064600000,82136.0,82380.0,82109.8,82293.9,1233.8768
1778064900000,82294.0,82318.0,82229.9,82240.1,287.1584
1778065200000,82240.1,82399.9,82211.1,82361.9,654.501
1778065500000,82361.8,82455.0,82361.8,82416.4,812.1275
1778065800000,82416.4,82428.7,82335.0,82380.0,290.407
1778066100000,82379.9,82569.3,82370.1,82499.8,1340.9576
1778066400000,82499.7,82800.0,82487.1,82713.4,2801.5158
1778066700000,82713.4,82766.5,82620.0,82648.5,780.3979
1778067000000,82648.4,82685.0,82603.6,82664.3,563.4642
1778067300000,82664.3,82740.0,82660.1,82681.7,430.8951
1778067600000,82681.6,82710.0,82461.1,82470.8,635.551
1778067900000,82470.8,82549.8,82444.0,82503.6,529.9405
1778068200000,82503.6,82559.9,82503.6,82518.2,211.3934
1778068500000,82518.1,82535.0,82473.4,82489.9,193.949
1778068800000,82490.0,82518.8,82329.9,82339.1,1097.3514
1778069100000,82339.1,82375.0,82280.0,82318.1,769.3337
1778069400000,82318.1,82361.3,82159.4,82159.4,768.0909
1778069700000,82159.4,82307.0,82153.2,82243.7,630.2127
1778070000000,82243.7,82465.6,82232.4,82386.5,651.403
1778070300000,82386.5,82422.0,82350.0,82359.0,175.6878
1778070600000,82359.0,82410.8,82319.6,82405.7,152.6876
1778070900000,82405.7,82405.7,82285.2,82320.0,191.4889
1778071200000,82319.9,82324.5,82272.9,82324.5,156.573
1778071500000,82324.4,82400.0,82279.0,82359.7,239.0122
1778071800000,82359.7,82390.9,82233.3,82277.7,162.9279
1778072100000,82277.6,82338.9,82071.5,82189.2,1574.1468
1778072400000,82189.2,82189.5,82000.0,82046.7,1322.2957
1778072700000,82046.7,82081.5,81790.0,81987.3,1429.2132
1778073000000,81987.3,82130.1,81971.9,82070.1,535.5939
1778073300000,82070.0,82129.3,81971.3,81971.3,609.7244
1778073600000,81971.4,82048.2,81904.1,81954.9,557.0815
1778073900000,81955.0,81963.0,81840.1,81909.4,1000.0046
1778074200000,81909.3,82020.0,81790.0,81968.0,853.4325
1778074500000,81968.0,81988.6,81720.1,81824.8,561.9159
1778074800000,81824.7,81899.8,81794.8,81873.0,488.1233
1778075100000,81872.9,81885.5,81551.1,81689.1,1305.9012
1778075400000,81689.0,81700.0,81562.0,81697.4,615.8238
1778075700000,81697.4,81756.1,81620.0,81631.8,534.3962
1778076000000,81631.7,81661.5,81322.5,81351.3,1395.3639
1778076300000,81351.3,81407.7,81090.5,81404.9,2108.0277
1778076600000,81405.0,81438.9,81214.4,81420.1,951.5365
1778076900000,81420.1,81497.1,81268.7,81397.0,589.0986
1778077200000,81397.1,81602.9,81367.1,81550.0,862.2761
1778077500000,81550.0,81750.0,81541.2,81567.8,947.4792
1778077800000,81567.8,81736.8,81560.0,81682.8,875.5642
1778078100000,81682.9,81760.2,81599.2,81708.9,532.7141
1778078400000,81708.8,81855.8,81629.0,81855.8,530.602
1778078700000,81855.8,81955.0,81651.5,81740.0,994.3847
1778079000000,81740.0,81743.4,81544.5,81634.5,493.7025
1778079300000,81634.6,81690.4,81440.9,81479.3,763.8282
1778079600000,81479.2,81582.1,81453.0,81582.0,341.1474
1778079900000,81582.1,81582.1,81476.6,81515.5,152.3389
1778080200000,81515.5,81515.6,81271.0,81379.0,748.1862
1778080500000,81379.0,81676.2,81378.9,81674.9,509.1097
1778080800000,81675.0,81786.4,81652.1,81688.5,388.742
1778081100000,81688.5,81710.8,81586.9,81616.0,195.3862
1778081400000,81616.0,81700.6,81601.6,81681.7,147.6969
1778081700000,81681.6,81681.6,81441.8,81471.4,184.6674
1778082000000,81471.5,81663.0,81448.6,81585.2,368.4873
1778082300000,81585.3,81730.0,81585.3,81631.1,320.4575
1778082600000,81631.1,81730.0,81600.0,81702.7,130.8412
1778082900000,81702.7,81738.4,81626.3,81658.3,83.2274
1778083200000,81658.3,81692.2,81540.1,81665.8,215.0308
1778083500000,81665.9,81792.7,81654.5,81786.2,326.1002
1778083800000,81786.1,81853.8,81708.6,81708.6,357.9797
1778084100000,81708.6,81794.8,81638.0,81638.1,170.2936
1778084400000,81638.0,81651.3,81488.0,81551.9,369.351
1778084700000,81551.9,81599.7,81466.0,81466.0,171.4802
1778085000000,81466.0,81541.6,81380.0,81524.6,296.1657
1778085300000,81524.6,81611.1,81435.6,81601.7,250.4746
1778085600000,81601.7,81661.1,81567.3,81641.3,109.6294
1778085900000,81641.2,81656.3,81586.4,81646.9,110.1216
1778086200000,81646.9,81756.1,81623.3,81627.4,306.9456
1778086500000,81627.4,81670.0,81521.3,81574.0,151.0806
1778086800000,81573.9,81617.7,81487.3,81586.1,186.3794
1778087100000,81586.0,81650.0,81537.4,81584.0,87.0602
1778087400000,81584.0,81659.4,81576.0,81617.0,149.684
1778087700000,81617.1,81617.1,81350.1,81457.9,403.7116
1778088000000,81457.9,81510.3,81443.2,81458.5,109.6979
1778088300000,81458.5,81470.3,81418.3,81424.3,81.3783
1778088600000,81424.2,81465.3,81424.2,81430.0,73.6564
1778088900000,81430.0,81472.4,81412.4,81445.7,107.6533
1778089200000,81445.7,81508.3,81408.1,81500.1,80.8539
1778089500000,81500.0,81510.0,81340.0,81406.6,386.8786
1778089800000,81406.5,81416.8,81356.0,81410.3,229.0747
1778090100000,81410.2,81461.1,81371.0,81408.3,101.747
1778090400000,81408.3,81457.8,81368.0,81391.9,112.0369
1778090700000,81391.8,81430.9,81350.0,81402.2,81.0417
1778091000000,81402.2,81442.5,81210.0,81442.5,294.9567
1778091300000,81442.5,81525.7,81431.9,81457.1,187.0549
1778091600000,81457.1,81484.0,81434.2,81440.4,101.4209
1778091900000,81440.3,81485.2,81414.1,81423.3,47.5443
1778092200000,81423.3,81485.2,81303.8,81320.7,168.8073
1778092500000,81320.6,81336.5,81241.5,81273.2,220.5281
1778092800000,81273.3,81371.1,81273.2,81337.1,156.1674
1778093100000,81337.1,81390.1,81300.1,81300.1,116.2355
1778093400000,81300.1,81372.7,81252.0,81370.6,137.3527
1778093700000,81370.6,81396.8,81305.1,81305.2,40.1746
1778094000000,81305.1,81389.1,81300.0,81306.8,109.2112
1778094300000,81306.8,81343.5,81224.7,81298.3,88.4427
1778094600000,81298.4,81298.4,81166.0,81217.6,145.2132
1778094900000,81217.6,81287.7,81157.6,81287.6,159.8466
1778095200000,81287.6,81360.0,81265.2,81273.4,78.116
1778095500000,81273.4,81300.0,81202.2,81291.9,54.3296
1778095800000,81291.9,81292.0,81222.4,81245.9,108.533
1778096100000,81245.9,81408.6,81242.5,81408.6,64.4249
1778096400000,81408.6,81448.0,81368.2,81403.2,83.2709
1778096700000,81403.1,81415.1,81372.3,81372.7,75.7763
1778097000000,81372.8,81480.0,81372.8,81465.0,171.4519
1778097300000,81465.0,81469.6,81420.0,81422.2,84.4745
1778097600000,81422.1,81590.1,81401.4,81590.1,242.2746
1778097900000,81590.1,81590.1,81526.0,81544.4,94.8549
1778098200000,81544.4,81622.0,81532.3,81596.7,146.7616
1778098500000,81596.7,81653.1,81596.7,81610.1,156.403
1778098800000,81610.2,81629.2,81536.9,81590.0,212.1439
1778099100000,81589.9,81668.0,81501.8,81509.5,208.9725
1778099400000,81509.5,81530.1,81248.7,81299.6,359.4518
1778099700000,81299.6,81361.9,81288.3,81331.2,84.129
1778100000000,81331.2,81372.3,81302.8,81321.8,91.2534
1778100300000,81321.7,81348.2,81271.8,81298.1,96.0069
1778100600000,81298.1,81338.3,81288.4,81338.3,34.406
1778100900000,81338.2,81389.0,81338.2,81383.8,61.5853
1778101200000,81383.8,81419.6,81380.0,81412.0,55.3364
1778101500000,81411.9,81465.2,81410.2,81450.3,67.441
1778101800000,81450.3,81450.4,81244.9,81332.7,91.8024
1778102100000,81332.7,81396.8,81332.7,81380.8,50.1735
1778102400000,81380.9,81399.7,81363.0,81385.3,23.5109
1778102700000,81385.3,81413.9,81367.5,81406.7,26.7556
1778103000000,81406.8,81479.4,81384.8,81437.9,65.5891
1778103300000,81438.0,81566.0,81437.9,81557.9,66.2206
1778103600000,81558.5,81566.4,81506.6,81521.0,80.4099
1778103900000,81521.0,81545.1,81473.7,81520.5,47.5564
1778104200000,81520.5,81566.4,81490.1,81543.6,90.3945
1778104500000,81543.5,81546.0,81475.4,81499.9,54.0392
1778104800000,81499.9,81502.8,81400.0,81400.0,140.0147
1778105100000,81400.0,81447.8,81324.0,81331.5,89.4934
1778105400000,81331.6,81367.7,81300.0,81328.5,114.5428
1778105700000,81328.6,81338.0,81260.0,81275.9,119.8408
1778106000000,81275.8,81282.2,81221.8,81264.3,134.6648
1778106300000,81264.3,81271.4,81196.9,81208.7,135.8342
1778106600000,81208.8,81288.0,81208.7,81260.9,84.1035
1778106900000,81261.0,81286.6,81240.0,81265.2,90.0156
1778107200000,81265.1,81281.5,81239.6,81274.3,82.7563
1778107500000,81274.3,81322.4,81217.7,81244.1,111.4882
1778107800000,81244.1,81365.4,81244.1,81340.1,88.4939
1778108100000,81340.1,81348.4,81294.1,81294.1,54.242
1778108400000,81294.1,81294.2,80944.6,81048.8,1997.0541
1778108700000,81048.8,81183.9,81031.0,81154.3,229.5163
1778109000000,81154.4,81263.5,81140.8,81187.0,150.2515
1778109300000,81187.0,81257.7,81182.5,81223.4,75.9429
1778109600000,81223.3,81327.9,81223.3,81327.9,85.8713
1778109900000,81327.9,81360.7,81315.8,81340.9,143.0577
1778110200000,81340.9,81379.1,81294.0,81356.1,84.344
1778110500000,81356.1,81356.1,81277.0,81290.7,102.7903
1778110800000,81290.7,81344.1,81270.1,81314.3,63.196
1778111100000,81314.3,81355.3,81288.8,81312.2,69.3109
1778111400000,81312.2,81397.3,81288.8,81397.0,75.843
1778111700000,81397.0,81406.9,81385.1,81395.7,81.1592
1778112000000,81395.7,81448.3,81370.7,81395.5,166.6332
1778112300000,81395.5,81428.0,81323.4,81372.4,93.3467
1778112600000,81372.4,81443.6,81372.4,81390.9,87.2231
1778112900000,81391.0,81396.2,81305.0,81366.3,99.7716
1778113200000,81366.3,81366.3,81227.0,81252.1,153.0441
1778113500000,81252.0,81252.0,81184.1,81184.1,149.4961
1778113800000,81184.1,81200.1,81090.0,81135.0,231.9763
1778114100000,81134.9,81155.5,81050.0,81088.1,272.3521
1778114400000,81088.2,81088.8,80910.0,80991.4,594.2551
1778114700000,80991.4,81109.4,80929.4,81073.0,334.7765
1778115000000,81073.0,81073.4,80977.1,80983.5,148.6389
1778115300000,80983.5,81058.0,80956.0,80976.2,126.1862
1778115600000,80976.2,81058.0,80918.2,80967.2,540.2065
1778115900000,80967.3,81033.8,80786.1,81021.7,981.7296
1778116200000,81021.6,81125.1,81020.1,81119.2,337.7977
1778116500000,81119.2,81139.3,80964.0,81042.0,239.8293
1778116800000,81041.9,81128.6,80936.2,81119.5,294.3268
1778117100000,81119.5,81196.9,81095.4,81180.0,442.0029
1778117400000,81179.9,81228.8,81102.8,81107.2,442.4822
1778117700000,81107.3,81232.0,81101.3,81231.9,190.8384
1778118000000,81231.9,81266.4,81202.1,81245.8,206.3021
1778118300000,81245.9,81247.0,81210.0,81247.0,118.2395
1778118600000,81247.0,81250.0,81093.4,81136.8,234.2381
1778118900000,81136.9,81177.1,81116.0,81132.0,104.0663
1778119200000,81132.1,81144.0,81065.8,81081.9,226.259
1778119500000,81082.0,81094.4,80979.3,80979.4,243.8587
1778119800000,80979.3,81010.0,80870.1,80893.2,405.3605
1778120100000,80893.3,80950.0,80867.8,80877.1,331.8124
1778120400000,80877.0,80969.4,80858.0,80876.0,300.138
1778120700000,80876.1,80919.9,80848.5,80880.9,146.4239
1778121000000,80880.9,81040.4,80855.9,80986.1,329.3671
1778121300000,80986.1,80986.1,80908.0,80937.0,134.4847
1778121600000,80937.0,80964.0,80920.0,80932.9,127.706
1778121900000,80932.9,81050.0,80915.4,81017.0,217.733
1778122200000,81017.1,81070.0,81004.0,81045.4,117.736
1778122500000,81045.5,81116.8,81040.0,81084.5,144.7145
1778122800000,81084.6,81084.6,81007.7,81021.2,152.4272
1778123100000,81021.2,81083.0,81004.1,81040.1,92.1563
1778123400000,81040.1,81041.8,80983.7,80991.7,82.536
1778123700000,80991.7,81043.4,80981.6,80982.2,62.6908
1778124000000,80982.2,80982.3,80832.1,80885.5,373.4653
1778124300000,80885.4,80945.6,80885.4,80944.9,78.448
1778124600000,80945.0,80965.9,80872.0,80887.4,135.7918
1778124900000,80887.5,80956.0,80887.4,80956.0,78.2416
1778125200000,80956.0,80975.7,80936.0,80957.4,92.4653
1778125500000,80957.3,80968.8,80890.8,80928.2,91.6669
1778125800000,80928.1,80980.0,80906.1,80906.2,90.5759
1778126100000,80906.1,80906.2,80796.8,80808.0,862.5499
1778126400000,80808.0,80840.5,80754.5,80782.9,475.3465
1778126700000,80782.9,80799.0,80666.1,80727.2,685.9457
1778127000000,80727.2,80874.5,80727.1,80836.3,328.3949
1778127300000,80836.4,80918.0,80801.1,80915.6,292.6441
1778127600000,80915.5,80943.0,80870.5,80896.5,227.4244
1778127900000,80896.5,80949.8,80872.0,80900.0,193.7045
1778128200000,80900.0,80946.0,80868.6,80877.0,131.6856
1778128500000,80877.0,80900.0,80845.2,80845.3,74.9983
1778128800000,80845.3,80862.3,80830.7,80853.9,59.9974
1778129100000,80853.9,80907.5,80853.9,80896.2,104.7847
1778129400000,80896.2,80950.0,80883.2,80946.0,75.9029
1778129700000,80946.0,80950.0,80912.9,80949.9,73.7372
1778130000000,80949.9,81059.1,80932.8,81059.1,374.3744
1778130300000,81059.1,81059.9,80988.0,81011.8,142.3834
1778130600000,81011.8,81133.8,81000.0,81078.6,301.0667
1778130900000,81078.6,81120.0,81078.5,81097.1,135.2143
1778131200000,81097.1,81097.1,81031.2,81049.7,89.0911
1778131500000,81049.7,81080.0,81010.5,81066.4,86.5354
1778131800000,81066.5,81119.9,81000.1,81000.1,222.2392
1778132100000,81000.1,81035.3,81000.0,81007.0,218.2083
1778132400000,81006.9,81041.9,80990.9,81041.8,91.4437
1778132700000,81041.8,81041.9,80996.0,81004.4,71.0376
1778133000000,81004.4,81028.6,80960.1,81028.6,103.3448
1778133300000,81028.7,81049.9,80989.5,81049.9,47.753
1778133600000,81050.0,81050.0,80999.4,81025.0,143.7138
1778133900000,81025.0,81025.0,80888.1,80936.0,364.8932
1778134200000,80935.9,80935.9,80846.5,80858.0,203.9597
1778134500000,80858.1,80938.5,80858.0,80921.0,136.0144
1778134800000,80921.1,80980.1,80901.0,80941.2,100.2348
1778135100000,80941.2,80999.0,80916.6,80998.8,65.1259
1778135400000,80998.8,81235.0,80989.8,81235.0,1051.3845
1778135700000,81235.0,81324.2,81221.9,81252.5,494.0889
1778136000000,81252.5,81350.0,81252.4,81334.2,360.8269
1778136300000,81334.3,81350.0,81259.0,81264.7,150.4591
1778136600000,81264.6,81362.7,81264.6,81362.7,164.3243
1778136900000,81362.7,81411.0,81350.4,81405.7,395.5506
1778137200000,81405.7,81422.3,81352.0,81387.9,274.9134
1778137500000,81388.0,81520.0,81373.4,81394.6,541.9772
1778137800000,81394.5,81645.6,81394.5,81625.9,713.5971
1778138100000,81625.9,81683.9,81520.0,81560.9,659.7909
1778138400000,81560.9,81600.0,81560.0,81568.0,214.4822
1778138700000,81568.0,81580.2,81520.0,81528.0,210.1477
1778139000000,81528.0,81669.8,81506.0,81635.0,397.5103
1778139300000,81634.9,81635.0,81557.2,81581.7,199.5708
1778139600000,81581.6,81596.3,81544.4,81552.3,127.0715
1778139900000,81552.3,81565.1,81460.4,81490.2,147.5869
1778140200000,81490.2,81514.3,81425.0,81427.6,262.6294
1778140500000,81427.6,81500.0,81427.6,81482.1,155.9666
1778140800000,81482.2,81548.5,81412.4,81499.0,191.5135
1778141100000,81499.0,81556.0,81490.0,81548.9,117.4755
1778141400000,81548.9,81548.9,81440.8,81471.0,126.7897
1778141700000,81471.1,81471.1,81337.4,81362.8,173.68
1778142000000,81362.8,81381.2,81274.0,81381.2,412.4022
1778142300000,81381.2,81399.3,81315.1,81383.1,146.4699
1778142600000,81383.1,81450.0,81306.0,81330.8,130.3681
1778142900000,81330.8,81337.3,81231.9,81299.1,150.6888
1778143200000,81299.2,81303.6,81201.6,81218.0,179.6929
1778143500000,81218.1,81230.0,81163.4,81230.0,236.4644
1778143800000,81230.0,81280.0,81226.3,81248.9,131.487
1778144100000,81248.8,81248.9,81157.4,81188.3,168.1729
1778144400000,81188.4,81190.0,81070.0,81092.5,291.7787
1778144700000,81092.5,81135.1,81068.8,81121.8,181.855
1778145000000,81121.7,81151.6,81100.1,81135.2,109.498
1778145300000,81135.2,81179.2,81120.1,81138.7,138.4265
1778145600000,81138.8,81144.4,81019.2,81040.8,192.9134
1778145900000,81040.8,81062.4,80950.0,80998.9,397.4315
1778146200000,80998.9,81053.6,80960.1,81041.3,321.6523
1778146500000,81041.2,81079.0,80880.0,80880.0,629.6514
1778146800000,80880.1,80955.7,80810.0,80850.7,1134.2835
1778147100000,80850.7,80951.5,80842.3,80929.3,345.3575
1778147400000,80929.3,80937.8,80851.1,80903.1,309.9259
1778147700000,80903.1,80925.5,80880.7,80892.0,132.866
1778148000000,80892.0,80978.5,80851.4,80924.6,429.0601
1778148300000,80924.6,80949.3,80905.0,80913.9,80.6712
1778148600000,80913.9,80914.0,80780.0,80839.7,352.267
1778148900000,80839.6,80900.3,80828.0,80839.7,287.6856
1778149200000,80839.8,80872.1,80757.6,80757.6,177.652
1778149500000,80757.6,80773.6,80525.5,80573.9,1304.5122
1778149800000,80574.0,80714.0,80557.3,80671.9,484.2308
1778150100000,80671.8,80779.0,80642.7,80778.9,204.5386
1778150400000,80778.9,80867.5,80773.5,80851.5,292.0999
1778150700000,80851.5,80883.6,80782.6,80788.0,230.1813
1778151000000,80788.0,80818.0,80780.5,80812.8,79.7859
1778151300000,80812.9,80823.2,80796.1,80817.7,89.4831
1778151600000,80817.7,80972.9,80791.5,80938.5,627.4751
1778151900000,80938.5,81025.6,80880.0,80961.0,403.0731
1778152200000,80961.0,80961.0,80885.7,80904.6,159.8441
1778152500000,80904.7,80914.2,80828.2,80858.1,290.1277
1778152800000,80858.2,80963.0,80832.7,80963.0,130.8397
1778153100000,80963.0,80963.0,80853.5,80853.6,82.0558
1778153400000,80853.6,80938.6,80853.6,80930.5,98.3776
1778153700000,80930.5,80950.0,80890.0,80945.8,65.0086
1778154000000,80945.7,80969.7,80936.3,80946.1,88.2962
1778154300000,80946.0,80946.1,80830.0,80830.0,112.7625
1778154600000,80830.1,80854.6,80749.9,80827.9,297.933
1778154900000,80827.8,80880.2,80800.0,80836.6,200.0146
1778155200000,80836.5,80980.0,80802.9,80944.0,258.1074
1778155500000,80944.0,80955.7,80897.9,80955.6,73.9903
1778155800000,80955.6,81076.3,80955.5,81054.2,336.0129
1778156100000,81054.2,81070.0,80950.8,80962.1,157.8627
1778156400000,80962.1,80980.1,80937.9,80977.4,120.9625
1778156700000,80977.3,81050.1,80966.7,81028.6,168.2196
1778157000000,81028.5,81055.7,80985.8,81008.8,164.5923
1778157300000,81008.9,81033.0,80964.2,81023.5,95.7571
1778157600000,81023.5,81038.2,80987.3,81038.2,130.2403
1778157900000,81038.3,81094.0,80975.0,81020.6,175.3414
1778158200000,81020.6,81130.0,81020.6,81129.9,210.0788
1778158500000,81129.9,81155.0,81071.6,81118.2,173.7669
1778158800000,81118.3,81121.0,81034.5,81075.3,203.5371
1778159100000,81075.3,81075.3,80968.0,80985.5,152.3394
1778159400000,80985.5,81013.2,80858.8,80895.3,220.1315
1778159700000,80895.3,81039.6,80824.0,81015.8,257.2083
1778160000000,81015.9,81111.0,80997.0,81065.0,173.6928
1778160300000,81065.1,81065.1,80888.0,80925.3,250.1595
1778160600000,80925.3,80939.5,80719.8,80780.0,472.5235
1778160900000,80780.0,80816.2,80623.0,80650.2,611.4836
1778161200000,80650.1,80687.0,80535.0,80535.0,726.8921
1778161500000,80535.1,80613.6,80257.7,80293.3,2232.89
1778161800000,80293.3,80495.2,80221.0,80457.4,1081.516
1778162100000,80457.4,80569.0,80450.2,80470.6,506.1293
1778162400000,80470.6,80521.0,80380.0,80401.2,523.3765
1778162700000,80401.2,80486.0,80318.6,80482.3,316.6945
1778163000000,80482.3,80654.2,80450.5,80632.5,603.2324
1778163300000,80632.4,80654.7,80395.0,80433.1,809.7542
1778163600000,80433.0,80528.4,80396.5,80486.1,307.8786
1778163900000,80486.1,80522.4,80360.0,80379.7,436.1268
1778164200000,80379.7,80414.4,80153.0,80178.4,1223.6882
1778164500000,80178.3,80199.9,80010.4,80110.1,2092.2112
1778164800000,80110.1,80185.6,80052.6,80115.0,795.1611
1778165100000,80115.0,80227.2,80093.5,80190.6,567.5139
1778165400000,80190.6,80275.9,80176.1,80233.5,313.4226
1778165700000,80233.5,80280.0,80100.0,80143.5,247.2926
1778166000000,80143.5,80157.0,80050.0,80108.6,687.9392
1778166300000,80108.7,80247.5,80027.6,80241.4,512.1323
1778166600000,80241.3,80255.0,80100.0,80129.6,243.7328
1778166900000,80129.6,80185.0,79866.6,79952.9,1598.8779
1778167200000,79953.0,79968.9,79760.0,79806.3,1998.029
1778167500000,79806.3,79923.2,79640.7,79814.9,2025.2096
1778167800000,79814.9,80017.5,79755.7,79947.5,1111.3601
1778168100000,79947.5,80019.8,79899.8,79931.9,478.224
1778168400000,79931.8,80011.3,79888.0,79938.9,290.3543
1778168700000,79938.9,80020.0,79922.5,79990.0,186.4073
1778169000000,79990.0,80034.2,79908.6,79982.1,295.6626
1778169300000,79982.1,79982.1,79810.1,79862.2,444.9728
1778169600000,79862.1,79928.3,79786.0,79811.4,458.2487
1778169900000,79811.4,79811.4,79658.3,79803.8,1127.668
1778170200000,79803.8,79810.0,79700.3,79804.1,257.1196
1778170500000,79804.1,79804.1,79675.5,79726.3,336.2031
1778170800000,79726.3,79900.0,79712.0,79880.0,287.7736
1778171100000,79879.9,79983.0,79876.5,79948.9,460.8185
1778171400000,79949.0,79980.0,79848.3,79855.6,350.5885
1778171700000,79855.5,79855.6,79735.4,79790.0,442.4762
1778172000000,79790.0,79866.3,79750.0,79866.3,232.9359
1778172300000,79866.2,79920.0,79844.8,79873.0,196.9581
1778172600000,79872.9,79883.5,79812.1,79846.7,104.0606
1778172900000,79846.6,79874.7,79715.0,79763.5,272.1139
1778173200000,79763.5,79844.0,79737.0,79810.1,232.5141
1778173500000,79810.1,79906.0,79780.5,79816.0,143.235
1778173800000,79816.1,79862.1,79782.1,79858.0,67.5003
1778174100000,79858.0,79858.0,79677.0,79697.0,314.6098
1778174400000,79697.0,79843.8,79680.0,79828.0,145.424
1778174700000,79828.0,79913.7,79421.0,79660.7,1943.9231
1778175000000,79660.7,79788.4,79615.9,79732.6,312.9255
1778175300000,79732.6,79837.6,79692.0,79830.0,425.0428
1778175600000,79830.0,79885.0,79819.1,79837.9,216.2527
1778175900000,79838.0,79900.0,79800.0,79834.6,162.7124
1778176200000,79834.6,79919.8,79816.4,79900.0,144.1787
1778176500000,79900.0,80112.5,79900.0,80056.3,717.445
1778176800000,80056.3,80133.0,80039.4,80108.8,516.9968
1778177100000,80108.7,80188.0,80061.2,80077.3,466.4069
1778177400000,80077.2,80136.0,80050.0,80115.8,163.8377
1778177700000,80115.8,80166.0,80096.3,80131.9,122.1347
1778178000000,80131.9,80166.7,80121.9,80152.9,116.5531
1778178300000,80152.9,80155.8,80085.1,80085.1,76.7484
1778178600000,80085.2,80220.4,80085.1,80155.7,122.5322
1778178900000,80155.7,80211.8,80104.7,80201.6,249.9237
1778179200000,80201.6,80216.6,80031.5,80095.4,432.9384
1778179500000,80095.5,80137.0,80018.4,80018.4,124.7791
1778179800000,80018.5,80077.8,79952.5,80077.8,223.9318
1778180100000,80077.8,80235.0,80077.8,80160.1,255.6767
1778180400000,80160.1,80163.4,80034.2,80039.8,214.5172
1778180700000,80039.9,80090.0,80019.9,80064.0,114.9192
1778181000000,80064.0,80148.5,80051.4,80125.3,55.0407
1778181300000,80125.2,80158.0,79930.9,79988.7,140.6466
1778181600000,79988.6,80013.0,79920.0,79926.4,151.2725
1778181900000,79926.4,79962.8,79894.3,79930.3,110.3529
1778182200000,79930.3,80029.6,79930.3,80021.3,105.3433
1778182500000,80021.4,80150.0,80017.4,80142.1,85.8209
1778182800000,80142.0,80148.8,80087.1,80097.9,101.3753
1778183100000,80097.9,80124.7,80056.5,80099.4,120.3442
1778183400000,80099.4,80187.1,79972.2,80028.4,267.1546
1778183700000,80028.4,80109.9,80019.4,80109.9,120.2687
1778184000000,80110.0,80352.1,80104.8,80220.4,617.0492
1778184300000,80220.4,80220.5,80158.1,80171.2,51.061
1778184600000,80171.2,80171.3,80101.4,80101.4,66.194
1778184900000,80101.5,80146.7,80077.5,80090.0,108.063
1778185200000,80090.0,80136.6,80054.0,80113.0,58.8719
1778185500000,80112.9,80150.0,80080.0,80134.7,82.4621
1778185800000,80134.5,80134.5,80039.2,80043.1,108.3964
1778186100000,80043.2,80060.9,79890.0,79900.0,251.3906
1778186400000,79900.0,79945.0,79870.1,79937.3,219.4762
1778186700000,79937.3,79966.5,79900.1,79966.4,67.2518
1778187000000,79966.5,79981.1,79903.0,79903.0,80.7217
1778187300000,79903.1,79903.1,79822.5,79847.0,189.3689
1778187600000,79847.0,79866.4,79759.8,79818.2,293.2291
1778187900000,79818.2,79818.3,79612.1,79636.0,398.3123
1778188200000,79636.0,79768.6,79630.1,79750.9,213.2668
1778188500000,79750.9,79842.5,79690.0,79828.1,193.6702
1778188800000,79828.0,79835.6,79780.0,79829.4,52.3682
1778189100000,79829.5,79899.9,79829.4,79899.9,188.3143
1778189400000,79899.8,79908.0,79852.0,79868.0,76.6003
1778189700000,79868.0,79899.2,79852.0,79856.1,26.4021
1778190000000,79856.1,79856.1,79736.9,79736.9,78.0339
1778190300000,79737.0,79822.2,79720.5,79802.5,56.7846
1778190600000,79802.5,79802.5,79737.0,79763.4,75.5477
1778190900000,79763.4,79784.7,79688.0,79695.8,128.5095
1778191200000,79695.7,79728.4,79590.0,79652.8,263.5145
1778191500000,79652.8,79657.2,79540.6,79624.7,417.4596
1778191800000,79624.8,79817.0,79612.6,79777.1,150.4867
1778192100000,79777.2,79883.6,79777.1,79870.0,99.4415
1778192400000,79869.9,79973.0,79869.9,79915.5,392.4135
1778192700000,79915.5,79915.5,79864.5,79864.5,69.8924
1778193000000,79864.5,79912.7,79708.8,79714.4,235.533
1778193300000,79714.5,79819.2,79714.5,79804.8,91.5548
1778193600000,79804.9,79847.1,79794.4,79796.0,69.3984
1778193900000,79796.1,79850.0,79786.9,79841.9,80.0367
1778194200000,79841.8,79898.2,79841.8,79872.0,81.3526
1778194500000,79872.0,79918.8,79870.0,79878.5,65.8153
1778194800000,79878.5,79930.0,79850.0,79927.9,166.0131
1778195100000,79927.8,79970.0,79908.0,79956.0,87.0631
1778195400000,79955.9,79976.6,79909.2,79917.5,71.9805
1778195700000,79917.5,79944.3,79829.0,79829.0,74.5442
1778196000000,79829.1,79935.0,79829.0,79895.8,50.6685
1778196300000,79895.8,79959.9,79895.8,79912.7,79.0855
1778196600000,79912.8,79932.3,79883.8,79885.2,69.4779
1778196900000,79885.2,79970.0,79880.0,79959.6,42.591
1778197200000,79959.6,79986.7,79959.6,79980.8,95.9574
1778197500000,79980.8,80007.0,79975.8,80007.0,110.9101
1778197800000,80006.9,80036.3,79972.0,79976.2,224.936
1778198100000,79976.2,80001.8,79960.7,79979.2,67.7936
1778198400000,79979.2,80022.8,79967.2,80000.8,142.7908
1778198700000,80000.8,80060.0,80000.7,80032.4,115.2263
1778199000000,80032.4,80065.0,80008.5,80048.0,118.4518
1778199300000,80048.1,80049.0,79940.0,80045.1,99.4753
1778199600000,80045.1,80090.0,79995.8,80089.9,114.8226
1778199900000,80090.0,80111.9,79940.5,79985.5,347.757
1778200200000,79985.6,80008.3,79955.6,79955.9,137.3897
1778200500000,79955.8,79969.9,79875.5,79890.6,152.2469
1778200800000,79890.6,79908.0,79873.9,79882.1,67.9348
1778201100000,79882.2,79882.2,79788.1,79838.6,188.4048
1778201400000,79838.6,79838.6,79735.0,79746.5,139.1166
1778201700000,79746.5,79800.0,79688.0,79800.0,129.6805
1778202000000,79800.0,79869.5,79799.9,79820.7,168.3112
1778202300000,79820.8,79829.5,79720.0,79759.1,135.0249
1778202600000,79759.1,79759.1,79656.1,79669.8,137.3465
1778202900000,79669.9,79750.0,79570.9,79741.6,306.1217
1778203200000,79741.6,79741.6,79638.1,79659.2,69.6303
1778203500000,79659.3,79717.9,79659.3,79715.1,55.1027
1778203800000,79715.1,79783.1,79687.9,79760.0,79.008
1778204100000,79760.0,79763.5,79668.0,79763.4,172.7103
1778204400000,79763.4,79796.1,79745.7,79750.1,121.7781
1778204700000,79750.0,79810.8,79734.3,79734.3,84.0751
1778205000000,79734.4,79742.1,79710.5,79722.4,48.8767
1778205300000,79722.4,79730.8,79688.9,79707.9,59.0611
1778205600000,79708.0,79729.6,79507.3,79591.3,557.054
1778205900000,79591.3,79611.1,79475.3,79550.0,344.5517
1778206200000,79550.0,79629.3,79530.4,79584.1,185.3009
1778206500000,79584.1,79596.1,79305.6,79345.7,1003.9797
1778206800000,79345.7,79490.0,79345.7,79451.0,485.3698
1778207100000,79450.9,79491.5,79415.0,79448.9,252.1374
1778207400000,79449.0,79630.1,79408.3,79605.8,397.8818
1778207700000,79605.8,79627.0,79461.8,79508.0,201.7256
1778208000000,79508.1,79548.5,79478.1,79491.2,142.172
1778208300000,79491.1,79570.0,79491.1,79560.1,122.0088
1778208600000,79560.1,79584.7,79476.9,79477.1,96.0518
1778208900000,79477.0,79485.7,79400.0,79440.1,205.6232
1778209200000,79440.1,79440.1,79213.0,79237.7,616.2891
1778209500000,79237.8,79340.9,79118.7,79327.8,1147.1111
1778209800000,79327.8,79472.4,79327.8,79436.7,320.96
1778210100000,79436.8,79600.0,79436.7,79529.9,274.4081
1778210400000,79530.0,79575.9,79525.0,79554.6,112.8758
1778210700000,79554.7,79554.7,79491.8,79541.9,302.2826
1778211000000,79542.0,79591.8,79541.9,79584.5,398.4634
1778211300000,79584.5,79600.0,79566.0,79582.0,68.6713
1778211600000,79581.9,79614.4,79575.0,79610.3,113.3112
1778211900000,79610.3,79631.9,79542.3,79545.4,170.8592
1778212200000,79545.4,79577.9,79541.9,79562.9,60.8047
1778212500000,79562.9,79562.9,79516.8,79535.0,94.9176
1778212800000,79535.0,79594.8,79519.7,79580.8,167.4082
1778213100000,79580.7,79622.8,79580.0,79608.8,101.1146
1778213400000,79608.7,79688.3,79602.0,79688.0,153.6721
1778213700000,79688.0,79688.0,79639.2,79688.0,93.3612
1778214000000,79687.9,79720.0,79666.1,79672.3,128.7167
1778214300000,79672.3,79690.0,79630.0,79690.0,128.85
1778214600000,79690.0,79699.9,79612.5,79612.5,98.4443
1778214900000,79612.5,79626.8,79572.0,79581.3,156.4787
1778215200000,79581.3,79581.4,79501.1,79525.0,149.5996
1778215500000,79524.9,79590.7,79524.9,79590.7,97.0994
1778215800000,79590.7,79622.0,79572.3,79621.9,256.3591
1778216100000,79621.9,79622.0,79608.8,79614.9,39.6946
1778216400000,79614.9,79622.0,79555.0,79616.8,134.559
1778216700000,79616.9,79622.0,79577.4,79595.8,44.3777
1778217000000,79595.8,79622.0,79582.1,79594.2,41.4453
1778217300000,79594.3,79616.7,79560.1,79562.9,48.0414
1778217600000,79562.8,79580.0,79555.0,79570.8,85.99
1778217900000,79570.9,79600.0,79570.0,79585.1,73.5668
1778218200000,79585.2,79666.0,79582.5,79655.1,119.0027
1778218500000,79655.2,79683.3,79633.9,79678.5,63.334
1778218800000,79678.6,79718.0,79678.5,79706.4,112.7058
1778219100000,79706.3,79750.0,79612.2,79651.6,242.2127
1778219400000,79651.7,79666.6,79630.0,79636.4,41.9665
1778219700000,79636.3,79636.4,79555.0,79555.0,85.7064
1778220000000,79555.0,79555.1,79402.0,79492.0,682.0912
1778220300000,79491.9,79495.7,79431.0,79469.9,151.0425
1778220600000,79470.0,79582.5,79454.5,79560.0,143.706
1778220900000,79559.9,79613.6,79559.9,79561.0,159.5958
1778221200000,79561.0,79594.5,79528.9,79529.0,60.0032
1778221500000,79528.9,79547.1,79495.1,79505.0,92.0644
1778221800000,79505.1,79521.0,79428.2,79428.3,102.0575
1778222100000,79428.3,79515.6,79366.6,79511.2,224.9742
1778222400000,79511.2,79555.0,79498.0,79498.1,133.279
1778222700000,79498.1,79519.0,79443.0,79472.2,105.7866
1778223000000,79472.1,79499.3,79452.8,79481.2,54.2827
1778223300000,79481.1,79481.2,79439.0,79481.0,86.0538
1778223600000,79481.1,79481.1,79388.0,79388.0,186.9094
1778223900000,79388.1,79388.1,79255.0,79358.5,337.6312
1778224200000,79358.5,79377.7,79280.0,79284.5,171.6991
1778224500000,79284.5,79337.9,79280.0,79297.5,205.5611
1778224800000,79297.6,79350.4,79244.0,79248.8,187.8874
1778225100000,79248.7,79320.0,79205.9,79320.0,241.2115
1778225400000,79320.0,79470.0,79319.9,79450.1,281.7555
1778225700000,79450.2,79500.0,79448.6,79488.0,235.8745
1778226000000,79488.1,79555.0,79488.0,79533.8,222.5473
1778226300000,79533.7,79677.1,79508.5,79639.5,435.5723
1778226600000,79639.6,79673.7,79621.0,79665.7,233.1891
1778226900000,79665.7,79695.4,79595.8,79636.3,270.0243
1778227200000,79636.3,79683.5,79621.2,79671.8,219.0937
1778227500000,79671.8,79690.0,79640.2,79668.1,275.8489
1778227800000,79668.1,79727.0,79652.6,79694.9,357.2231
1778228100000,79695.0,79735.0,79695.0,79697.9,165.5673
1778228400000,79697.9,79700.0,79655.0,79692.1,127.2886
1778228700000,79692.0,79740.0,79675.8,79711.4,130.8874
1778229000000,79711.3,79733.6,79705.0,79705.9,93.7073
1778229300000,79705.9,79835.0,79705.9,79801.0,360.9818
1778229600000,79801.0,79843.2,79773.2,79843.1,286.4748
1778229900000,79843.1,79951.0,79843.1,79900.2,438.3098
1778230200000,79900.2,79931.7,79880.7,79911.8,175.088
1778230500000,79911.8,79911.9,79845.4,79850.0,172.1769
1778230800000,79849.9,79867.6,79781.8,79809.4,276.3518
1778231100000,79809.5,79947.1,79809.4,79947.0,260.916
1778231400000,79947.1,79966.2,79927.5,79935.5,226.4215
1778231700000,79935.6,79940.0,79900.0,79925.1,194.8133
1778232000000,79925.0,79984.9,79918.5,79950.0,382.007
1778232300000,79950.0,80024.4,79857.7,79873.9,410.4315
1778232600000,79873.9,79901.4,79825.0,79860.0,190.7092
1778232900000,79859.9,79880.0,79811.9,79816.0,140.2573
1778233200000,79815.9,79820.3,79788.1,79812.3,229.9048
1778233500000,79812.4,79815.8,79735.2,79789.1,203.7901
1778233800000,79789.2,79847.1,79766.0,79832.2,212.2932
1778234100000,79832.2,79857.9,79804.4,79828.4,84.0638
1778234400000,79828.3,79987.4,79828.3,79972.3,236.1639
1778234700000,79972.4,79972.4,79731.6,79756.4,294.2902
1778235000000,79756.4,79800.2,79738.2,79772.0,305.939
1778235300000,79771.9,79840.0,79771.9,79820.8,108.4009
1778235600000,79820.7,79854.8,79780.1,79851.7,100.0079
1778235900000,79851.6,79893.8,79835.0,79863.0,89.5889
1778236200000,79863.1,79944.6,79863.0,79944.6,115.8602
1778236500000,79944.5,80064.5,79932.5,80011.9,337.4179
1778236800000,80012.0,80138.1,80002.7,80128.1,444.0572
1778237100000,80128.1,80139.0,80080.5,80119.8,268.4094
1778237400000,80119.7,80199.0,80119.7,80175.8,589.9894
1778237700000,80175.9,80249.0,80117.1,80177.6,526.0086
1778238000000,80177.7,80305.5,80160.0,80203.3,1286.6074
1778238300000,80203.3,80253.0,80160.0,80182.2,319.789
1778238600000,80182.2,80213.4,80166.0,80198.4,251.8479
1778238900000,80198.3,80198.4,80158.0,80185.5,153.455
1778239200000,80185.6,80249.8,80151.3,80237.9,189.7832
1778239500000,80237.9,80280.3,80223.0,80261.0,222.996
1778239800000,80260.9,80296.1,80220.0,80221.2,124.6513
1778240100000,80221.2,80259.6,80155.0,80171.3,148.4448
1778240400000,80171.2,80180.4,80090.3,80109.9,329.6917
1778240700000,80110.0,80199.5,80110.0,80183.4,144.6225
1778241000000,80183.5,80243.7,80175.2,80212.8,95.5117
1778241300000,80212.8,80219.8,80160.1,80193.2,99.2582
1778241600000,80193.2,80274.1,80183.4,80195.1,278.8218
1778241900000,80195.1,80220.0,80147.3,80149.6,147.8396
1778242200000,80149.5,80233.0,80092.3,80233.0,149.5123
1778242500000,80233.0,80274.7,80208.0,80253.3,318.9944
1778242800000,80253.2,80268.0,80216.8,80251.4,141.1536
1778243100000,80251.5,80279.2,80221.2,80279.2,122.4636
1778243400000,80279.2,80520.0,80137.4,80217.3,1778.454
1778243700000,80217.4,80229.0,80161.8,80187.9,257.6067
1778244000000,80187.9,80214.9,80180.1,80180.3,97.2394
1778244300000,80180.4,80180.4,80050.1,80050.6,367.6696
1778244600000,80050.6,80076.1,79925.5,80076.1,955.5154
1778244900000,80076.0,80121.0,79922.0,79991.8,293.0926
1778245200000,79991.7,80058.8,79967.8,80025.6,424.1224
1778245500000,80025.6,80058.0,79832.9,79861.8,1025.4838
1778245800000,79861.8,79888.0,79593.6,79643.7,1248.9108
1778246100000,79643.7,79776.2,79643.7,79722.4,594.3658
1778246400000,79722.5,79755.8,79680.0,79699.1,190.6085
1778246700000,79699.0,79699.0,79560.8,79571.1,511.1668
1778247000000,79571.0,79775.0,79571.0,79743.3,526.7077
1778247300000,79743.4,79784.5,79653.5,79653.6,461.7712
1778247600000,79653.6,79653.6,79525.8,79555.1,597.0349
1778247900000,79555.0,79643.3,79500.0,79584.3,572.1307
1778248200000,79584.3,79633.9,79521.0,79538.2,255.2403
1778248500000,79538.3,79608.0,79510.1,79607.9,252.5626
1778248800000,79608.0,79810.0,79608.0,79791.6,581.9115
1778249100000,79791.5,79959.9,79770.4,79812.4,588.154
1778249400000,79812.3,79885.0,79769.0,79884.9,657.324
1778249700000,79885.0,80428.1,79850.0,80332.4,2148.211
1778250000000,80332.4,80397.8,80152.8,80211.8,887.174
1778250300000,80211.9,80235.4,80002.3,80024.0,528.8985
1778250600000,80024.0,80104.9,79738.6,80099.9,1120.788
1778250900000,80099.9,80248.5,79975.4,80221.5,378.5053
1778251200000,80221.5,80234.9,80137.3,80179.9,291.7262
1778251500000,80180.0,80262.9,80125.0,80150.2,313.2447
1778251800000,80150.1,80199.0,80080.0,80151.8,177.5706
1778252100000,80151.9,80151.9,80037.9,80112.1,127.7412
1778252400000,80112.1,80175.4,79945.0,79945.1,282.4285
1778252700000,79945.0,80069.1,79907.9,79930.4,260.229
1778253000000,79930.4,79974.9,79821.1,79864.0,298.3893
1778253300000,79864.0,79880.0,79760.0,79801.5,245.4434
1778253600000,79801.5,79885.5,79640.3,79661.0,436.9348
1778253900000,79661.0,79678.8,79578.9,79678.8,650.2829
1778254200000,79678.8,79841.5,79584.9,79838.8,386.9806
1778254500000,79838.7,79881.7,79780.2,79858.0,185.6907
1778254800000,79857.9,80004.8,79833.9,79929.9,446.2618
1778255100000,79930.0,80099.3,79915.0,80033.6,288.7626
1778255400000,80033.6,80145.4,80000.0,80114.5,258.0746
1778255700000,80114.4,80169.6,80077.4,80118.5,283.6814
1778256000000,80118.6,80164.2,79940.0,79952.7,431.7223
1778256300000,79952.7,80058.0,79947.9,79948.0,383.6851
1778256600000,79947.9,80000.0,79924.7,79924.8,144.7382
1778256900000,79924.7,79984.3,79887.6,79915.9,161.2531
1778257200000,79915.9,79954.2,79884.5,79935.9,118.3246
1778257500000,79935.8,80034.1,79908.9,79908.9,198.2674
1778257800000,79908.9,79909.0,79756.0,79800.0,453.4122
1778258100000,79800.0,79806.0,79727.5,79754.5,244.3629
1778258400000,79754.4,79821.3,79706.5,79751.7,357.3318
1778258700000,79751.8,79809.9,79730.0,79739.5,257.2479
1778259000000,79739.5,79840.5,79725.0,79762.0,421.25
1778259300000,79762.1,79829.8,79750.2,79770.1,121.5944
1778259600000,79770.0,79870.0,79731.8,79852.6,203.0912
1778259900000,79852.6,79938.9,79779.9,79787.9,360.5635
1778260200000,79787.9,79829.8,79715.0,79820.1,318.8942
1778260500000,79820.0,79988.0,79811.9,79987.9,153.2673
1778260800000,79987.9,79987.9,79897.4,79900.0,267.4707
1778261100000,79900.1,80008.8,79870.5,79968.1,218.6175
1778261400000,79968.1,80227.9,79968.1,80220.0,900.7563
1778261700000,80220.0,80237.7,80040.1,80100.0,429.6816
1778262000000,80100.0,80124.0,80055.3,80100.7,97.9596
1778262300000,80100.7,80225.0,80093.9,80225.0,197.1132
1778262600000,80225.0,80225.0,80131.1,80155.4,181.637
1778262900000,80155.4,80168.6,79932.7,80038.6,389.308
1778263200000,80038.6,80225.0,80030.9,80198.3,512.3439
1778263500000,80198.3,80200.0,80127.9,80131.1,247.9966
1778263800000,80131.1,80183.7,80123.5,80169.4,157.6443
1778264100000,80169.4,80245.0,80125.3,80211.3,199.9933
1778264400000,80211.3,80272.7,80176.9,80249.4,166.4596
1778264700000,80249.5,80269.2,80196.9,80196.9,143.5749
1778265000000,80196.9,80255.5,80187.6,80195.2,83.6702
1778265300000,80195.3,80212.5,80116.3,80179.9,106.2651
1778265600000,80180.0,80180.4,80066.7,80115.0,122.4782
1778265900000,80115.0,80157.9,80085.5,80138.1,173.751
1778266200000,80138.2,80222.8,80121.0,80132.8,92.4208
1778266500000,80132.9,80136.0,80034.2,80048.4,118.4615
1778266800000,80048.4,80048.5,79888.7,79938.6,558.3335
1778267100000,79938.5,80048.3,79938.5,80018.1,100.2603
1778267400000,80018.2,80043.0,79970.2,80012.5,86.2337
1778267700000,80012.5,80096.0,80003.4,80030.4,164.7382
1778268000000,80030.5,80030.6,79979.0,79989.7,70.4081
1778268300000,79989.7,80009.5,79965.0,79990.1,49.8208
1778268600000,79990.1,80056.4,79980.1,80027.6,49.3918
1778268900000,80027.5,80075.0,79983.5,80017.7,59.8852
1778269200000,80017.7,80101.0,80008.4,80070.8,81.0888
1778269500000,80070.8,80096.4,80052.4,80074.4,62.585
1778269800000,80074.4,80105.1,80074.3,80089.9,47.0633
1778270100000,80089.8,80149.8,80021.1,80141.6,131.769
1778270400000,80141.7,80157.3,80104.0,80131.8,110.905
1778270700000,80131.8,80147.0,80114.3,80136.0,76.1839
1778271000000,80135.9,80195.2,80135.9,80192.7,45.8308
1778271300000,80192.6,80221.6,80156.2,80161.9,58.1214
1778271600000,80161.9,80242.8,80142.9,80242.7,77.2153
1778271900000,80242.8,80259.7,80222.0,80222.0,164.1853
1778272200000,80222.0,80222.1,80112.3,80217.5,60.476
1778272500000,80217.4,80220.0,80183.7,80186.8,40.014
1778272800000,80186.7,80207.9,80167.2,80207.9,46.5781
1778273100000,80208.0,80237.4,80208.0,80220.0,40.265
1778273400000,80220.0,80220.0,80110.0,80128.9,56.064
1778273700000,80128.8,80128.9,80038.9,80100.0,113.6052
1778274000000,80100.0,80144.8,80090.0,80144.8,61.1332
1778274300000,80144.8,80155.9,80074.8,80074.8,63.1639
1778274600000,80074.9,80131.2,80074.8,80113.0,62.0457
1778274900000,80113.0,80175.4,80112.9,80160.0,57.2408
1778275200000,80160.0,80200.0,80150.1,80150.1,33.6324
1778275500000,80150.0,80158.4,80121.9,80158.4,25.7451
1778275800000,80158.4,80172.9,80125.9,80139.4,43.8734
1778276100000,80139.4,80220.0,80139.4,80178.0,48.5963
1778276400000,80178.0,80217.6,80125.9,80198.5,37.7657
1778276700000,80198.4,80198.5,80137.4,80183.6,36.9638
1778277000000,80183.6,80194.4,80146.9,80194.4,39.0014
1778277300000,80194.3,80223.8,80155.6,80215.9,32.9945
1778277600000,80215.8,80331.0,80187.9,80272.0,200.5945
1778277900000,80272.0,80300.0,80247.3,80255.1,51.0141
1778278200000,80255.1,80350.0,80250.0,80350.0,87.3162
1778278500000,80350.0,80367.2,80300.0,80312.0,134.8201
1778278800000,80312.0,80320.0,80244.1,80307.7,303.8353
1778279100000,80307.6,80327.0,80278.2,80311.1,107.1068
1778279400000,80311.0,80335.0,80285.1,80289.9,163.7691
1778279700000,80289.9,80315.3,80247.7,80249.8,65.7511
1778280000000,80249.7,80279.1,80249.7,80276.0,68.3615
1778280300000,80276.0,80308.0,80267.9,80308.0,29.4714
1778280600000,80308.0,80308.0,80232.0,80247.0,39.5942
1778280900000,80247.1,80250.0,80229.7,80235.0,69.0617
1778281200000,80235.0,80250.0,80220.0,80235.0,97.1239
1778281500000,80234.9,80234.9,80175.5,80199.9,110.3428
1778281800000,80200.0,80211.0,80170.0,80170.0,92.4243
1778282100000,80170.1,80200.0,80105.4,80200.0,133.334
1778282400000,80200.0,80212.0,80141.6,80141.6,36.6057
1778282700000,80141.7,80173.3,80141.6,80151.7,49.4832
1778283000000,80151.6,80151.6,80101.9,80139.9,83.0081
1778283300000,80139.9,80140.0,80051.4,80100.0,114.309
1778283600000,80099.9,80153.6,80086.7,80086.7,93.6145
1778283900000,80086.8,80157.7,80086.7,80130.0,39.3762
1778284200000,80130.1,80160.1,80116.8,80119.9,34.4908
1778284500000,80119.8,80162.9,80119.8,80152.4,29.2298
1778284800000,80152.5,80169.6,80107.9,80107.9,91.3931
1778285100000,80107.9,80119.7,80090.0,80090.0,52.2796
1778285400000,80090.0,80129.8,80090.0,80128.9,64.7785
1778285700000,80129.0,80129.0,80089.7,80090.0,79.0084
1778286000000,80090.0,80175.0,80090.0,80141.3,62.4973
1778286300000,80141.3,80145.5,80113.4,80117.1,31.9409
1778286600000,80117.1,80180.0,80117.1,80176.6,51.0402
1778286900000,80176.6,80176.6,80162.4,80162.4,31.502
1778287200000,80162.5,80180.0,80150.0,80165.7,89.8542
1778287500000,80165.8,80209.3,80165.7,80180.1,70.2562
1778287800000,80180.1,80207.2,80158.6,80199.9,49.9191
1778288100000,80200.0,80212.6,80180.1,80203.3,50.2619
1778288400000,80203.3,80220.0,80180.0,80203.4,85.9278
1778288700000,80203.5,80236.2,80203.4,80236.2,98.693
1778289000000,80236.1,80293.3,80236.1,80293.2,79.4291
1778289300000,80293.2,80316.8,80250.0,80259.9,82.1378
1778289600000,80259.9,80260.0,80208.7,80208.7,45.1677
1778289900000,80208.7,80267.5,80208.7,80235.5,55.751
1778290200000,80235.5,80364.3,80235.3,80334.6,153.2732
1778290500000,80334.5,80378.0,80315.6,80321.1,143.6776
1778290800000,80321.2,80355.4,80315.0,80345.5,60.9447
1778291100000,80345.5,80372.7,80326.5,80368.4,62.8016
1778291400000,80368.4,80410.0,80353.1,80385.9,147.303
1778291700000,80385.8,80385.9,80285.0,80285.0,131.7816
1778292000000,80285.1,80387.5,80285.0,80387.5,197.5463
1778292300000,80387.5,80422.0,80360.8,80421.9,143.4522
1778292600000,80422.0,80436.8,80374.6,80407.3,84.5314
1778292900000,80407.3,80430.0,80370.2,80370.3,80.387
1778293200000,80370.2,80397.3,80346.7,80361.8,101.6591
1778293500000,80361.7,80405.0,80344.0,80393.3,99.4436
1778293800000,80393.4,80440.0,80386.5,80388.7,71.9809
1778294100000,80388.6,80388.7,80350.8,80365.0,60.9283
1778294400000,80364.9,80371.6,80340.0,80357.8,62.827
1778294700000,80357.9,80369.7,80333.3,80369.6,89.2828
1778295000000,80369.7,80405.8,80348.2,80392.2,61.2511
1778295300000,80392.2,80392.2,80368.3,80384.0,21.8169
1778295600000,80384.0,80388.7,80325.2,80377.6,78.5368
1778295900000,80377.6,80425.1,80377.5,80391.6,69.3075
1778296200000,80391.5,80439.9,80379.0,80395.0,99.2408
1778296500000,80395.1,80469.0,80395.1,80455.6,102.4847
1778296800000,80455.6,80541.8,80430.1,80434.8,378.9874
1778297100000,80434.7,80434.8,80355.4,80390.9,109.4684
1778297400000,80390.9,80391.0,80321.4,80328.2,97.6711
1778297700000,80328.3,80336.3,80283.0,80291.8,113.2918
1778298000000,80291.8,80314.5,80263.6,80313.0,116.1003
1778298300000,80312.9,80333.7,80310.0,80312.9,39.329
1778298600000,80313.0,80348.2,80300.0,80348.1,73.4659
1778298900000,80348.1,80365.5,80339.4,80346.1,39.0554
1778299200000,80346.2,80424.0,80346.2,80424.0,115.3443
1778299500000,80423.9,80649.9,80423.9,80562.0,1229.6026
1778299800000,80562.0,80586.3,80526.1,80526.2,174.6903
1778300100000,80526.2,80526.2,80452.8,80479.9,111.1084
1778300400000,80479.9,80488.9,80429.8,80484.0,177.1856
1778300700000,80484.0,80484.1,80400.0,80435.7,166.5012
1778301000000,80435.7,80442.9,80405.4,80430.7,108.6414
1778301300000,80430.7,80430.7,80382.6,80405.4,90.3996
1778301600000,80405.4,80405.4,80366.8,80366.8,63.7689
1778301900000,80366.9,80427.1,80358.1,80400.0,238.5448
1778302200000,80400.1,80436.2,80331.4,80347.9,154.0636
1778302500000,80347.9,80388.6,80331.0,80351.4,97.7879
1778302800000,80351.5,80364.1,80315.0,80330.2,141.9451
1778303100000,80330.2,80345.4,80315.1,80345.4,70.373
1778303400000,80345.3,80382.3,80338.1,80340.1,68.1195
1778303700000,80340.1,80397.7,80330.0,80392.1,52.2235
1778304000000,80392.1,80429.0,80390.3,80407.5,100.2567
1778304300000,80407.6,80435.0,80357.4,80407.7,85.7168
1778304600000,80407.7,80445.6,80383.3,80438.3,53.8353
1778304900000,80438.4,80455.0,80415.2,80442.8,62.7469
1778305200000,80442.8,80455.0,80439.0,80440.1,54.0231
1778305500000,80440.0,80440.1,80359.0,80359.0,65.9955
1778305800000,80359.0,80371.0,80336.0,80346.3,74.7942
1778306100000,80346.3,80373.4,80340.1,80340.1,87.4995
1778306400000,80340.1,80380.0,80340.1,80369.5,63.1763
1778306700000,80369.5,80404.5,80369.5,80388.4,58.9277
1778307000000,80388.3,80400.0,80355.4,80387.3,45.5959
1778307300000,80387.3,80387.3,80268.1,80273.2,156.7628
1778307600000,80273.3,80311.4,80259.1,80278.1,254.6698
1778307900000,80278.0,80287.5,80268.3,80277.5,70.6451
1778308200000,80277.4,80318.1,80260.1,80318.1,78.5224
1778308500000,80318.1,80323.0,80169.0,80184.2,584.2309
1778308800000,80184.1,80218.1,80180.0,80180.0,165.1502
1778309100000,80180.0,80245.3,80168.0,80215.2,207.086
1778309400000,80215.1,80215.2,80161.0,80176.9,91.2054
1778309700000,80176.8,80238.9,80176.8,80221.8,144.4522
1778310000000,80221.9,80231.4,80161.9,80165.8,240.756
1778310300000,80165.9,80167.7,80110.0,80111.0,164.9489
1778310600000,80111.0,80155.2,80090.0,80155.2,144.7579
1778310900000,80155.1,80211.3,80155.1,80188.0,68.2951
1778311200000,80187.9,80231.1,80187.9,80231.1,58.2171
1778311500000,80231.1,80270.7,80208.5,80208.6,90.7829
1778311800000,80208.6,80249.7,80208.5,80236.0,64.0904
1778312100000,80236.1,80236.1,80181.3,80200.0,83.4623
1778312400000,80199.9,80200.1,80160.0,80200.0,103.376
1778312700000,80200.0,80200.0,80140.9,80171.7,206.0336
1778313000000,80171.6,80197.0,80170.3,80197.0,41.9038
1778313300000,80197.0,80212.3,80189.9,80190.0,43.3168
1778313600000,80190.1,80344.0,80175.2,80337.6,500.6316
1778313900000,80337.6,80337.6,80294.1,80325.0,133.5458
1778314200000,80325.0,80358.0,80311.9,80358.0,135.0262
1778314500000,80358.0,80380.0,80353.7,80369.8,132.8434
1778314800000,80369.8,80369.8,80342.1,80342.2,54.626
1778315100000,80342.2,80356.0,80334.3,80355.9,62.8397
1778315400000,80356.0,80391.0,80355.9,80371.1,171.5065
1778315700000,80371.1,80415.8,80364.9,80390.3,82.4201
1778316000000,80390.3,80391.4,80342.8,80384.3,64.9828
1778316300000,80384.3,80384.3,80366.1,80366.2,34.9456
1778316600000,80366.2,80388.8,80366.1,80388.8,71.4002
1778316900000,80388.7,80388.8,80355.4,80369.1,77.8124
1778317200000,80369.1,80373.9,80360.0,80360.0,29.1199
1778317500000,80359.9,80369.0,80346.2,80359.3,50.1581
1778317800000,80359.4,80359.4,80288.0,80300.9,75.5645
1778318100000,80300.9,80301.0,80190.1,80222.0,198.7284
1778318400000,80221.9,80273.0,80214.0,80272.9,62.6459
1778318700000,80273.0,80273.0,80200.0,80218.6,124.0685
1778319000000,80218.7,80225.9,80200.0,80213.6,87.7962
1778319300000,80213.7,80239.6,80211.3,80224.7,37.1605
1778319600000,80224.6,80224.7,80184.4,80197.9,70.0787
1778319900000,80197.9,80211.4,80184.0,80184.0,30.893
1778320200000,80184.1,80213.6,80170.0,80201.5,86.3258
1778320500000,80201.5,80201.5,80171.8,80200.0,67.6755
1778320800000,80200.0,80213.4,80145.1,80210.1,311.9259
1778321100000,80210.0,80210.0,80120.1,80141.7,140.5241
1778321400000,80141.8,80183.3,80141.8,80180.5,33.587
1778321700000,80180.4,80211.9,80170.0,80170.0,46.9359
1778322000000,80170.1,80188.4,80150.0,80174.3,70.1867
1778322300000,80174.3,80216.0,80164.6,80164.6,132.5972
1778322600000,80164.6,80220.0,80164.6,80220.0,32.4795
1778322900000,80220.0,80285.4,80219.9,80285.4,93.1943
1778323200000,80285.3,80312.3,80271.7,80280.2,163.5155
1778323500000,80280.3,80280.3,80215.0,80215.1,48.3202
1778323800000,80215.0,80231.7,80213.0,80231.6,24.6584
1778324100000,80231.6,80236.1,80213.3,80223.8,26.2293
1778324400000,80223.9,80250.0,80207.1,80247.9,152.4092
1778324700000,80247.9,80257.1,80222.4,80245.0,32.1483
1778325000000,80245.0,80300.0,80244.9,80280.1,57.0186
1778325300000,80280.1,80311.4,80265.9,80292.8,85.2838
1778325600000,80292.8,80333.0,80292.8,80298.5,72.6481
1778325900000,80298.4,80301.0,80292.8,80300.9,23.7218
1778326200000,80301.0,80301.0,80292.8,80300.9,23.1323
1778326500000,80300.9,80309.3,80292.8,80297.9,24.8011
1778326800000,80298.0,80300.0,80292.8,80299.9,29.2482
1778327100000,80300.0,80320.0,80292.8,80292.8,59.8731
1778327400000,80292.9,80309.2,80292.8,80297.7,25.9317
1778327700000,80297.7,80328.8,80297.6,80303.4,53.061
1778328000000,80303.5,80324.3,80293.8,80324.3,42.4727
1778328300000,80324.3,80339.7,80249.0,80258.6,95.218
1778328600000,80258.5,80275.3,80258.5,80264.8,35.0458
1778328900000,80264.9,80280.1,80220.0,80280.1,78.017
1778329200000,80280.0,80353.0,80280.0,80352.9,114.0277
1778329500000,80352.9,80373.0,80331.8,80367.9,107.2825
1778329800000,80367.9,80368.0,80289.0,80309.7,114.2408
1778330100000,80309.7,80309.9,80288.4,80288.5,62.6236
1778330400000,80288.5,80316.0,80288.4,80315.9,25.3839
1778330700000,80315.9,80344.4,80305.3,80344.4,19.4822
1778331000000,80344.4,80368.0,80344.3,80348.8,67.8445
1778331300000,80348.8,80363.3,80334.2,80363.2,43.3316
1778331600000,80363.2,80368.0,80332.4,80332.5,45.8109
1778331900000,80332.4,80368.0,80327.6,80368.0,42.5629
1778332200000,80367.9,80368.0,80333.1,80368.0,92.8768
1778332500000,80368.0,80368.0,80331.8,80336.0,75.4775
1778332800000,80336.0,80336.0,80300.3,80311.1,41.1489
1778333100000,80311.1,80351.0,80305.9,80310.4,38.5652
1778333400000,80310.4,80335.1,80305.2,80305.2,51.6458
1778333700000,80305.3,80346.6,80305.2,80330.6,27.9746
1778334000000,80330.7,80330.7,80268.0,80299.3,84.5419
1778334300000,80299.3,80325.0,80299.2,80310.4,20.4731
1778334600000,80310.4,80319.5,80295.0,80319.5,27.5665
1778334900000,80319.5,80355.1,80319.4,80355.1,42.4164
1778335200000,80355.1,80363.0,80313.1,80324.9,99.1275
1778335500000,80325.0,80339.6,80306.6,80306.7,28.0468
1778335800000,80306.6,80388.7,80306.6,80342.0,371.4505
1778336100000,80342.1,80347.9,80303.1,80328.1,65.5943
1778336400000,80328.1,80349.9,80245.2,80277.2,81.9165
1778336700000,80277.1,80299.8,80200.5,80278.3,224.7587
1778337000000,80278.2,80297.1,80230.0,80230.0,78.084
1778337300000,80230.1,80244.0,80200.2,80244.0,268.9032
1778337600000,80244.0,80306.1,80229.8,80290.6,102.8048
1778337900000,80290.6,80337.3,80290.6,80301.5,57.0609
1778338200000,80301.5,80301.5,80220.0,80260.7,117.1926
1778338500000,80260.8,80301.6,80253.7,80286.4,61.7159
1778338800000,80286.3,80312.7,80270.6,80284.6,75.3783
1778339100000,80284.5,80284.6,80220.0,80220.1,132.665
1778339400000,80220.1,80260.0,80182.5,80259.9,330.5161
1778339700000,80259.9,80353.4,80259.9,80316.9,318.3727
1778340000000,80316.8,80365.9,80316.8,80334.7,221.3405
1778340300000,80334.7,80369.0,80334.6,80362.7,132.7815
1778340600000,80362.6,80439.8,80362.6,80401.1,306.2119
1778340900000,80401.1,80492.7,80401.0,80479.9,380.6201
1778341200000,80479.9,80569.1,80403.5,80439.4,462.5527
1778341500000,80439.5,80529.5,80439.4,80492.9,171.0378
1778341800000,80492.9,80500.0,80463.2,80488.2,106.8294
1778342100000,80488.1,80488.3,80458.4,80484.7,74.2255
1778342400000,80484.8,80525.8,80439.4,80464.3,273.7571
1778342700000,80464.2,80535.5,80464.2,80535.5,155.426
1778343000000,80535.6,80585.0,80519.1,80543.6,205.9204
1778343300000,80543.6,80628.4,80543.6,80608.7,418.9008
1778343600000,80608.7,80770.7,80598.6,80689.1,1330.2027
1778343900000,80689.2,80738.0,80600.0,80618.2,342.2955
1778344200000,80618.2,80618.3,80577.3,80584.9,243.9694
1778344500000,80584.9,80610.0,80564.5,80570.0,159.5956
1778344800000,80570.0,80605.6,80550.0,80605.0,164.6336
1778345100000,80605.1,80614.8,80576.7,80593.6,100.9728
1778345400000,80593.5,80593.6,80551.1,80591.5,72.8921
1778345700000,80591.6,80605.0,80580.0,80580.0,114.398
1778346000000,80580.0,80640.0,80580.0,80637.0,117.0298
1778346300000,80636.9,80749.9,80636.9,80736.3,360.039
1778346600000,80736.4,80796.0,80700.0,80708.0,558.5041
1778346900000,80708.1,80728.0,80670.4,80698.3,259.2515
1778347200000,80698.3,80744.0,80646.2,80738.5,310.2234
1778347500000,80738.5,80825.0,80738.5,80786.7,350.0816
1778347800000,80786.6,80840.0,80786.6,80817.9,223.5974
1778348100000,80817.9,80895.0,80817.9,80853.4,421.5655
1778348400000,80853.4,80865.5,80786.0,80786.0,131.0609
1778348700000,80786.0,80810.0,80749.2,80749.9,129.8495
1778349000000,80750.0,80788.8,80749.3,80749.3,58.2953
1778349300000,80749.2,80785.0,80695.0,80771.5,179.8249
1778349600000,80771.5,80842.2,80771.5,80794.7,141.7441
1778349900000,80794.6,80814.7,80780.6,80780.6,59.2843
1778350200000,80780.7,80793.5,80746.8,80792.0,80.7386
1778350500000,80792.0,80815.2,80785.9,80786.0,37.5724
1778350800000,80785.9,80831.9,80774.1,80831.9,115.6078
1778351100000,80831.8,81044.5,80831.8,81000.0,1095.0667
1778351400000,81000.1,81047.8,80969.1,81000.5,403.849
1778351700000,81000.5,81000.6,80915.2,80915.2,402.4865
1778352000000,80915.2,80915.3,80846.6,80870.6,232.1381
1778352300000,80870.6,80870.9,80830.3,80870.8,118.6074
1778352600000,80870.8,80893.8,80869.0,80880.0,43.4325
1778352900000,80880.0,80880.1,80864.6,80880.0,86.3413
1778353200000,80880.1,80900.2,80850.2,80850.2,78.5521
1778353500000,80850.2,80881.2,80850.2,80861.8,83.1187
1778353800000,80861.8,80863.4,80835.1,80863.3,60.7568
1778354100000,80863.4,80869.9,80799.9,80861.6,155.7451
1778354400000,80861.7,80888.0,80850.0,80850.0,148.6236
1778354700000,80850.1,80850.1,80742.0,80796.5,194.8608
1778355000000,80796.6,80800.0,80768.9,80780.0,61.0344
1778355300000,80780.1,80780.1,80759.7,80780.0,64.9894
1778355600000,80780.0,80818.1,80780.0,80813.1,54.0269
1778355900000,80813.1,80830.0,80789.1,80830.0,42.0905
1778356200000,80829.9,80932.7,80829.9,80908.2,128.4641
1778356500000,80908.1,80930.3,80860.7,80900.0,89.3759
1778356800000,80900.0,80908.9,80844.9,80857.0,111.6592
1778357100000,80857.0,80857.0,80829.3,80849.4,75.703
1778357400000,80849.5,80849.5,80800.0,80800.0,65.6864
1778357700000,80800.0,80805.8,80775.7,80793.2,60.0276
1778358000000,80793.3,80793.3,80731.5,80731.7,52.8561
1778358300000,80731.7,80768.0,80730.0,80754.7,37.0093
1778358600000,80754.7,80769.3,80700.2,80706.8,55.3858
1778358900000,80706.8,80755.0,80706.7,80755.0,30.8431
1778359200000,80754.9,80788.0,80745.0,80767.8,75.1845
1778359500000,80767.8,80767.9,80757.6,80757.7,14.6039
1778359800000,80757.6,80787.9,80756.2,80756.3,43.4944
1778360100000,80756.2,80780.4,80756.2,80768.4,25.2991
1778360400000,80768.3,80800.0,80768.3,80799.9,75.7823
1778360700000,80799.9,80839.4,80799.9,80814.3,54.932
1778361000000,80814.2,80873.1,80814.2,80824.3,161.5929
1778361300000,80824.3,80847.9,80819.5,80819.6,26.6855
1778361600000,80819.5,80819.6,80770.0,80770.0,32.0027
1778361900000,80770.0,80783.5,80742.6,80783.5,90.1448
1778362200000,80783.5,80783.5,80754.7,80754.7,36.1917
1778362500000,80754.7,80759.2,80733.0,80733.0,71.3842
1778362800000,80733.0,80758.8,80706.8,80706.8,40.4539
1778363100000,80706.9,80757.2,80705.1,80748.2,33.7337
1778363400000,80748.2,80784.0,80721.0,80765.1,45.5229
1778363700000,80765.1,80781.4,80740.0,80740.0,38.9646
1778364000000,80740.1,80762.8,80721.0,80733.2,48.0887
1778364300000,80733.1,80740.5,80683.8,80700.0,114.3146
1778364600000,80700.0,80722.0,80691.6,80708.8,27.1587
1778364900000,80708.8,80748.6,80708.8,80731.8,16.1256
1778365200000,80731.9,80731.9,80711.3,80726.0,23.0213
1778365500000,80725.9,80739.6,80720.5,80720.5,40.3421
1778365800000,80720.5,80720.5,80631.4,80713.1,125.933
1778366100000,80713.1,80720.3,80691.7,80720.2,22.5027
1778366400000,80720.2,80785.8,80720.2,80771.1,113.9464
1778366700000,80771.2,80772.0,80733.6,80733.6,30.9939
1778367000000,80733.6,80747.6,80710.4,80710.4,23.261
1778367300000,80710.5,80731.0,80705.7,80731.0,86.6206
1778367600000,80731.0,80814.3,80712.7,80731.7,118.9223
1778367900000,80731.7,80746.9,80673.3,80673.4,52.581
1778368200000,80673.3,80700.0,80660.2,80689.8,63.7836
1778368500000,80689.8,80689.8,80652.2,80666.1,51.9983
1778368800000,80666.1,80666.2,80650.0,80650.1,47.4461
1778369100000,80650.0,80650.1,80618.0,80630.0,72.8549
1778369400000,80630.0,80640.1,80583.8,80633.9,94.6981
1778369700000,80634.0,80650.0,80604.0,80604.0,27.7243
1778370000000,80604.0,80619.8,80590.1,80619.7,36.8331
1778370300000,80619.8,80658.5,80619.0,80658.5,77.9874
1778370600000,80658.5,80659.6,80639.3,80649.9,24.7967
1778370900000,80649.9,80660.0,80631.5,80631.6,32.4334
1778371200000,80631.6,80685.6,80606.8,80615.6,92.874
1778371500000,80615.5,80659.3,80588.0,80633.6,158.5531
1778371800000,80633.7,80691.5,80633.6,80670.4,114.6652
1778372100000,80670.4,80704.9,80661.6,80704.9,71.4508
1778372400000,80704.9,80740.0,80704.8,80704.9,67.8304
1778372700000,80705.0,80705.0,80663.4,80672.3,41.0509
1778373000000,80672.3,80694.9,80622.1,80694.9,39.7971
1778373300000,80694.9,80723.1,80653.3,80707.9,78.497
1778373600000,80707.9,80742.0,80688.0,80704.6,84.2725
1778373900000,80704.6,80715.1,80650.6,80659.2,61.7489
1778374200000,80659.3,80659.3,80615.0,80630.0,51.6255
1778374500000,80630.1,80638.3,80592.2,80638.3,34.6773
1778374800000,80638.2,80638.3,80550.0,80589.9,196.3419
1778375100000,80590.0,80619.2,80553.4,80609.1,90.1786
1778375400000,80609.2,80620.6,80581.9,80599.9,41.3961
1778375700000,80599.9,80631.8,80570.0,80582.2,70.9833
1778376000000,80582.1,80604.2,80537.7,80540.0,97.5539
1778376300000,80539.9,80574.3,80539.9,80566.1,101.5137
1778376600000,80566.2,80619.1,80561.3,80561.3,37.7992
1778376900000,80561.3,80591.9,80534.5,80546.4,88.2083
1778377200000,80546.4,80600.0,80546.4,80599.9,53.0556
1778377500000,80599.9,80609.1,80590.0,80593.2,43.2578
1778377800000,80593.2,80655.0,80593.2,80654.9,53.1668
1778378100000,80655.0,80655.0,80623.0,80645.7,61.0899
1778378400000,80645.8,80645.8,80583.0,80610.1,101.1262
1778378700000,80610.1,80633.3,80576.4,80592.5,46.2501
1778379000000,80592.5,80600.6,80571.9,80590.6,70.1862
1778379300000,80590.6,80648.9,80590.0,80607.2,54.2496
1778379600000,80607.3,80663.1,80600.0,80663.0,72.5736
1778379900000,80663.1,80720.8,80663.0,80695.7,100.9092
1778380200000,80695.7,80695.8,80662.9,80670.1,57.6567
1778380500000,80670.0,80750.2,80670.0,80700.0,97.4039
1778380800000,80700.1,80708.1,80680.0,80708.1,42.5749
1778381100000,80708.0,80745.0,80678.6,80744.9,94.4983
1778381400000,80744.9,80755.0,80710.5,80735.8,57.9049
1778381700000,80735.8,80746.4,80702.0,80746.3,68.3313
1778382000000,80746.3,80799.0,80718.0,80790.7,145.0726
1778382300000,80790.7,80799.0,80721.1,80723.5,99.3235
1778382600000,80723.5,80750.0,80723.4,80745.4,64.6635
1778382900000,80745.3,80748.2,80728.0,80731.9,58.31
1778383200000,80731.9,80734.3,80700.0,80720.0,53.1231
1778383500000,80720.0,80720.1,80703.4,80709.9,26.0058
1778383800000,80709.9,80722.0,80666.0,80722.0,69.1495
1778384100000,80722.0,80836.3,80721.9,80812.9,190.2695
1778384400000,80812.8,80847.0,80759.8,80759.9,108.7676
1778384700000,80759.9,80799.5,80759.8,80779.3,42.1802
1778385000000,80779.4,80785.9,80765.0,80773.0,38.4983
1778385300000,80772.9,80772.9,80731.4,80731.5,152.1634
1778385600000,80731.4,80762.2,80716.9,80716.9,98.7427
1778385900000,80716.9,80746.4,80713.4,80739.9,46.8217
1778386200000,80740.0,80740.0,80713.0,80739.8,31.4571
1778386500000,80739.8,80774.0,80721.3,80743.2,32.8262
1778386800000,80743.2,80743.3,80721.0,80721.0,14.2442
1778387100000,80721.0,80758.9,80721.0,80758.4,33.5383
1778387400000,80758.4,80808.0,80758.3,80769.1,82.9501
1778387700000,80769.0,80794.1,80769.0,80777.7,32.5246
1778388000000,80777.8,80777.8,80722.9,80722.9,33.6546
1778388300000,80722.9,80723.0,80688.2,80700.1,113.4517
1778388600000,80700.1,80750.0,80700.0,80742.1,39.2215
1778388900000,80742.1,80749.8,80721.4,80721.4,17.268
1778389200000,80721.4,80721.5,80687.0,80708.6,41.599
1778389500000,80708.6,80723.5,80701.5,80718.7,17.9897
1778389800000,80718.6,80737.1,80711.4,80731.4,29.9585
1778390100000,80731.4,80756.2,80730.1,80733.7,29.5415
1778390400000,80733.7,80776.3,80721.1,80776.3,40.2978
1778390700000,80776.3,80777.1,80728.7,80728.8,57.7932
1778391000000,80728.7,80762.5,80715.8,80733.1,54.9809
1778391300000,80733.1,80747.6,80720.7,80733.1,25.0666
1778391600000,80733.1,80733.2,80690.6,80692.4,41.7029
1778391900000,80692.5,80722.0,80682.4,80699.0,58.2634
1778392200000,80699.0,80699.0,80631.5,80640.1,114.7218
1778392500000,80640.2,80673.9,80640.1,80660.1,63.2511
1778392800000,80660.0,80688.0,80660.0,80682.0,56.6726
1778393100000,80682.0,80704.3,80681.9,80695.9,19.5424
1778393400000,80695.9,80696.0,80655.6,80674.9,27.721
1778393700000,80674.9,80686.7,80661.2,80661.3,32.5544
1778394000000,80661.3,80688.1,80651.7,80651.8,59.0577
1778394300000,80651.8,80651.8,80620.0,80620.1,71.8199
1778394600000,80620.0,80638.5,80620.0,80638.5,42.4386
1778394900000,80638.5,80691.6,80630.2,80671.2,167.9053
1778395200000,80671.3,80692.0,80650.1,80679.6,118.2199
1778395500000,80679.6,80707.0,80674.7,80707.0,47.0974
1778395800000,80707.0,80726.3,80702.3,80710.8,53.5911
1778396100000,80710.9,80710.9,80683.9,80709.2,39.8161
1778396400000,80709.2,80759.6,80708.0,80708.1,155.2804
1778396700000,80708.1,80738.7,80708.0,80726.6,51.1199
1778397000000,80726.6,80726.6,80688.6,80688.6,27.0328
1778397300000,80688.7,80737.5,80680.1,80725.0,38.7948
1778397600000,80725.1,80760.0,80723.6,80732.4,38.9935
1778397900000,80732.4,80760.6,80727.2,80744.1,42.4296
1778398200000,80744.1,80749.4,80730.3,80730.4,22.7222
1778398500000,80730.3,80740.7,80724.0,80731.8,33.7615
1778398800000,80731.7,80750.6,80725.1,80750.6,40.4913
1778399100000,80750.6,80750.6,80726.9,80744.6,38.1824
1778399400000,80744.6,80744.6,80695.2,80709.8,43.3819
1778399700000,80709.7,80712.2,80690.0,80700.1,34.3472
1778400000000,80700.1,80700.2,80672.2,80676.1,74.6023
1778400300000,80676.1,80762.0,80676.0,80762.0,45.366
1778400600000,80761.4,80780.0,80732.3,80732.4,62.1828
1778400900000,80732.3,80765.7,80712.2,80738.5,119.9039
1778401200000,80738.5,80800.0,80738.4,80799.9,56.1674
1778401500000,80800.0,80875.8,80799.9,80839.9,309.1346
1778401800000,80840.0,80900.0,80810.2,80810.4,312.5548
1778402100000,80810.4,80835.3,80810.3,80815.7,75.7125
1778402400000,80815.6,80815.7,80764.8,80798.4,72.6803
1778402700000,80798.4,80820.0,80785.6,80815.7,36.2206
1778403000000,80815.7,80823.7,80785.8,80804.5,66.1626
1778403300000,80804.5,80804.6,80785.6,80803.6,63.0346
1778403600000,80803.7,80895.2,80803.7,80866.2,178.3067
1778403900000,80866.2,80866.2,80808.3,80823.6,111.902
1778404200000,80823.6,80837.7,80800.1,80814.2,77.1915
1778404500000,80814.1,80832.1,80803.6,80803.8,63.9674
1778404800000,80803.8,80803.9,80782.1,80793.9,35.3951
1778405100000,80794.0,80800.0,80793.9,80794.4,32.5057
1778405400000,80794.4,80800.0,80770.1,80770.2,131.3104
1778405700000,80770.1,80770.2,80717.3,80750.8,139.6548
1778406000000,80750.8,80756.5,80715.0,80722.4,74.0262
1778406300000,80722.4,80775.4,80722.4,80768.4,48.2097
1778406600000,80768.4,80770.8,80733.9,80770.8,33.0919
1778406900000,80770.8,80774.9,80752.8,80774.9,22.3231
1778407200000,80774.9,80808.8,80703.0,80706.6,94.8546
1778407500000,80706.6,80806.7,80668.0,80790.7,297.6381
1778407800000,80790.6,80790.6,80688.0,80688.1,172.3639
1778408100000,80688.0,80714.6,80650.1,80700.0,251.6597
1778408400000,80700.1,80776.9,80700.0,80765.8,136.9877
1778408700000,80765.7,80777.5,80765.7,80777.5,31.2753
1778409000000,80777.5,80800.0,80767.9,80774.0,48.0476
1778409300000,80774.1,80781.9,80768.0,80768.0,36.5527
1778409600000,80768.1,80768.1,80732.6,80765.2,35.564
1778409900000,80765.3,80773.8,80759.8,80765.1,45.6068
1778410200000,80765.1,80850.0,80765.1,80843.0,84.975
1778410500000,80842.9,80850.0,80840.0,80840.1,103.3512
1778410800000,80840.1,80936.3,80840.1,80898.8,312.261
1778411100000,80898.8,80898.8,80844.5,80844.6,65.9303
1778411400000,80844.6,80896.0,80831.3,80874.8,58.4887
1778411700000,80874.9,80885.0,80810.9,80822.7,168.3622
1778412000000,80822.6,80822.7,80707.0,80759.9,288.3043
1778412300000,80759.9,80806.1,80757.3,80765.9,80.1645
1778412600000,80765.8,80779.6,80750.0,80774.4,59.0509
1778412900000,80774.5,80789.4,80760.7,80771.9,33.8215
1778413200000,80771.9,80801.0,80758.5,80789.0,71.0183
1778413500000,80789.1,80808.0,80784.8,80784.8,40.2425
1778413800000,80784.8,80801.8,80765.2,80782.7,48.0653
1778414100000,80782.6,80816.0,80781.6,80781.6,44.3564
1778414400000,80781.7,80811.2,80732.2,80765.7,70.3074
1778414700000,80765.7,80784.8,80755.3,80775.1,24.2931
1778415000000,80775.0,80824.1,80768.7,80820.9,60.2648
1778415300000,80820.8,80849.0,80807.8,80815.1,56.6441
1778415600000,80815.2,80881.2,80815.1,80881.2,33.0669
1778415900000,80881.2,80910.4,80829.3,80881.0,152.7462
1778416200000,80881.0,80897.4,80855.2,80855.2,165.5658
1778416500000,80855.3,80882.9,80828.2,80882.8,93.988
1778416800000,80882.9,80885.0,80868.6,80885.0,39.1892
1778417100000,80885.0,80915.0,80869.1,80877.2,98.2609
1778417400000,80877.1,80892.9,80872.8,80879.9,37.0507
1778417700000,80879.9,80891.5,80855.8,80882.0,36.8935
1778418000000,80882.0,80900.0,80855.9,80860.0,58.6487
1778418300000,80860.1,80887.2,80820.8,80866.5,58.0947
1778418600000,80866.4,80899.0,80849.2,80886.0,100.7507
1778418900000,80886.0,80899.0,80854.0,80899.0,75.2851
1778419200000,80899.0,80950.0,80898.9,80925.0,209.3
1778419500000,80924.9,80975.0,80910.0,80933.5,154.5748
1778419800000,80933.4,80965.0,80890.8,80954.3,101.7098
1778420100000,80954.2,80954.8,80916.4,80916.4,97.3725
1778420400000,80916.5,80940.0,80889.5,80939.9,66.9225
1778420700000,80939.9,80940.0,80913.0,80917.0,46.6722
1778421000000,80917.0,80930.0,80910.7,80919.4,31.5172
1778421300000,80919.4,80930.0,80892.2,80929.9,56.2452
1778421600000,80930.0,80943.8,80896.0,80896.0,88.3725
1778421900000,80896.0,80899.6,80862.0,80892.5,68.0496
1778422200000,80892.5,80944.4,80888.3,80888.4,76.9335
1778422500000,80888.3,80888.4,80867.0,80883.0,51.9599
1778422800000,80883.0,80886.7,80846.6,80886.7,43.4452
1778423100000,80886.6,80886.7,80872.0,80872.9,28.9396
1778423400000,80872.9,80939.2,80870.6,80916.6,59.9846
1778423700000,80916.6,80927.0,80897.8,80903.7,48.0667
1778424000000,80903.7,80940.0,80833.0,80858.9,75.515
1778424300000,80858.8,80869.2,80759.5,80789.9,289.8885
1778424600000,80789.8,80960.0,80789.8,80935.8,330.6173
1778424900000,80935.9,80941.5,80896.7,80938.8,70.0612
1778425200000,80938.7,81091.8,80932.8,81000.2,711.1312
1778425500000,81000.2,81040.0,80895.7,80914.3,305.4656
1778425800000,80914.3,81000.0,80888.0,80995.1,124.219
1778426100000,80995.0,80995.1,80952.0,80962.9,64.0294
1778426400000,80962.9,80963.0,80920.0,80920.0,52.9212
1778426700000,80920.0,80948.2,80920.0,80920.2,71.3539
1778427000000,80920.0,80951.0,80907.2,80950.9,104.2558
1778427300000,80951.0,81067.8,80950.9,81056.0,308.4983
1778427600000,81056.0,81179.2,81008.1,81102.8,584.8851
1778427900000,81102.7,81358.4,81078.2,81297.8,1424.6457
1778428200000,81297.8,81435.4,81278.9,81301.7,931.5757
1778428500000,81301.7,81390.0,81301.6,81374.5,309.5102
1778428800000,81374.6,81433.0,81328.0,81368.5,765.5524
1778429100000,81368.6,81422.1,81301.0,81422.1,289.9747
1778429400000,81422.1,81464.3,81391.7,81430.0,452.6518
1778429700000,81429.9,81438.1,81291.8,81311.6,351.5619
1778430000000,81311.6,81350.0,81242.6,81242.7,343.1202
1778430300000,81242.6,81290.2,81207.4,81225.2,261.4524
1778430600000,81225.2,81236.0,81150.1,81199.1,351.8267
1778430900000,81199.0,81263.2,81160.4,81256.1,218.0245
1778431200000,81256.2,81277.5,81193.5,81207.9,106.9826
1778431500000,81207.9,81284.0,81183.3,81284.0,109.4469
1778431800000,81283.9,81316.0,81255.2,81301.1,87.119
1778432100000,81301.0,81333.0,81280.4,81332.2,121.2838
1778432400000,81332.3,81355.3,81305.0,81352.0,135.5541
1778432700000,81352.0,81399.9,81200.0,81200.1,270.5859
1778433000000,81200.0,81304.9,81172.5,81303.2,125.662
1778433300000,81303.2,81356.4,81237.3,81313.6,202.3426
1778433600000,81313.5,81390.0,81313.5,81359.9,127.9922
1778433900000,81359.8,81359.9,81323.4,81341.7,87.9945
1778434200000,81341.8,81368.6,81284.2,81284.2,238.6794
1778434500000,81284.2,81286.6,81250.0,81250.0,88.9356
1778434800000,81250.0,81348.3,81244.0,81348.3,101.8353
1778435100000,81348.3,81385.7,81302.2,81330.7,113.801
1778435400000,81330.7,81550.0,81321.6,81459.0,646.6466
1778435700000,81459.1,81480.0,81388.4,81439.7,202.8054
1778436000000,81439.7,81459.6,81383.2,81435.5,193.6483
1778436300000,81435.5,81450.0,81362.5,81376.8,123.8267
1778436600000,81376.7,81416.7,81371.1,81410.5,51.5898
1778436900000,81410.5,81410.5,81280.5,81306.3,127.6544
1778437200000,81306.2,81384.4,81292.9,81352.9,81.409
1778437500000,81352.8,81374.5,81305.8,81320.9,67.3522
1778437800000,81320.9,81377.9,81293.7,81303.1,90.3772
1778438100000,81303.1,81305.9,81268.0,81278.7,94.5116
1778438400000,81278.7,81280.7,81201.0,81216.6,118.4863
1778438700000,81216.6,81243.5,81216.6,81243.4,42.2854
1778439000000,81243.4,81255.6,81188.2,81247.6,85.8269
1778439300000,81247.7,81247.7,81212.4,81225.4,78.8681
1778439600000,81225.4,81237.0,81104.0,81163.9,320.1409
1778439900000,81163.8,81269.1,81163.8,81269.1,79.7562
1778440200000,81269.1,81351.1,81269.0,81312.2,112.613
1778440500000,81312.1,81419.1,81306.1,81381.3,110.1643
1778440800000,81381.3,81435.0,81360.1,81426.3,138.1097
1778441100000,81426.2,81442.1,81387.3,81438.3,92.9512
1778441400000,81438.3,81438.4,81382.3,81397.2,57.6929
1778441700000,81397.2,81397.3,81344.8,81372.5,32.0319
1778442000000,81372.5,81404.2,81372.4,81389.4,37.3051
1778442300000,81389.4,81392.2,81340.0,81348.6,36.7203
1778442600000,81348.6,81356.2,81286.3,81307.6,55.3595
1778442900000,81307.5,81394.0,81301.6,81393.1,72.7695
1778443200000,81393.2,81407.8,81365.0,81365.0,66.9722
1778443500000,81365.0,81415.9,81365.0,81415.0,75.9825
1778443800000,81415.0,81415.0,81120.8,81142.1,220.5867
1778444100000,81142.1,81188.6,80980.2,81029.9,592.2712
1778444400000,81029.9,81165.8,81029.9,81075.1,467.5551
1778444700000,81075.1,81124.1,81069.0,81103.2,63.9229
1778445000000,81103.3,81103.3,80859.6,80930.0,462.3751
1778445300000,80930.1,81065.0,80904.2,80966.2,430.7052
1778445600000,80966.2,81000.0,80767.3,80767.3,330.7603
1778445900000,80767.4,80767.4,80237.2,80320.7,2276.3813
1778446200000,80320.7,80640.4,80228.0,80576.8,858.3619
1778446500000,80576.7,80701.5,80549.3,80696.2,375.433
1778446800000,80696.2,80907.7,80661.1,80745.1,1032.5767
1778447100000,80745.1,80833.7,80734.3,80791.9,366.2598
1778447400000,80791.9,80791.9,80514.0,80610.0,785.5313
1778447700000,80609.9,80840.4,80607.2,80830.0,189.1081
1778448000000,80830.0,80830.1,80640.0,80703.7,423.8053
1778448300000,80703.7,80796.0,80696.8,80796.0,88.2413
1778448600000,80796.0,80896.7,80781.2,80811.4,182.7989
1778448900000,80811.5,80859.4,80721.7,80721.8,191.1724
1778449200000,80721.8,80850.0,80720.3,80785.7,116.0998
1778449500000,80785.8,80842.1,80785.7,80804.3,67.4172
1778449800000,80804.3,80872.8,80700.0,80707.9,173.766
1778450100000,80708.0,80738.8,80666.0,80671.2,123.5102
1778450400000,80671.1,81171.9,80621.0,80913.0,961.9179
1778450700000,80913.0,81209.8,80890.9,81139.9,695.2928
1778451000000,81139.9,81389.1,81139.9,81276.3,689.0937
1778451300000,81276.3,81347.4,81158.9,81309.9,390.5935
1778451600000,81309.9,81331.0,81201.6,81264.0,215.1034
1778451900000,81264.1,81677.0,81251.1,81455.1,1597.4068
1778452200000,81455.0,82123.0,81415.4,81988.0,4235.6091
1778452500000,81988.2,82043.5,81868.2,81907.5,725.1748
1778452800000,81907.5,81955.0,81809.9,81849.8,419.3328
1778453100000,81849.9,81965.0,81811.2,81952.0,445.7504
1778453400000,81952.0,82053.0,81790.4,82002.2,630.8454
1778453700000,82002.2,82166.7,81940.7,82016.0,680.4905
1778454000000,82015.9,82391.9,82015.9,82200.2,2356.2552
1778454300000,82200.2,82370.2,82200.2,82289.6,601.0112
1778454600000,82289.6,82420.0,82227.9,82367.2,690.5363
1778454900000,82367.2,82464.1,82227.8,82239.9,523.706
1778455200000,82239.9,82308.0,82186.2,82247.1,552.8564
1778455500000,82247.1,82328.0,82180.0,82206.9,227.708
1778455800000,82206.9,82281.8,82170.0,82186.0,322.3059
1778456100000,82186.0,82385.0,82182.7,82342.5,240.0242
1778456400000,82342.5,82371.3,82277.2,82355.1,337.5032
1778456700000,82355.2,82380.0,82271.1,82294.9,212.3653
1778457000000,82294.9,82302.9,82150.0,82150.3,265.4037
1778457300000,82150.3,82182.9,82050.0,82182.8,336.8296
1778457600000,82182.9,82364.3,82053.8,82061.1,661.0033
1778457900000,82061.1,82102.5,81925.8,81949.3,568.1637
1778458200000,81949.3,82000.0,81844.7,81851.2,377.9236
1778458500000,81851.3,81851.3,81537.7,81555.1,1673.0101
1778458800000,81555.0,81775.3,81372.3,81757.7,1213.7337
1778459100000,81757.6,81807.9,81602.0,81648.3,442.6334
1778459400000,81648.2,81800.0,81634.3,81728.7,287.3213
1778459700000,81728.6,81771.0,81675.3,81676.6,208.2673
1778460000000,81676.6,81692.5,81460.4,81560.0,462.3992
1778460300000,81560.1,81626.6,81512.2,81550.0,383.3078
1778460600000,81550.0,81592.8,81253.0,81314.4,697.0753
1778460900000,81314.4,81463.7,81250.0,81442.9,433.0613
1778461200000,81442.9,81481.2,81256.1,81313.4,433.0749
1778461500000,81313.5,81430.0,81275.7,81351.9,188.2355
1778461800000,81351.9,81559.5,81278.5,81477.3,322.9238
1778462100000,81477.4,81662.8,81433.5,81645.9,357.4116
1778462400000,81645.9,81736.3,81589.8,81690.4,282.49
1778462700000,81690.4,81718.5,81572.1,81590.5,269.3212
1778463000000,81590.5,81658.2,81466.1,81523.6,234.224
1778463300000,81523.6,81535.3,81437.4,81478.1,209.5495
1778463600000,81478.2,81543.5,81421.6,81459.4,103.6563
1778463900000,81459.4,81554.9,81365.0,81550.5,239.9404
1778464200000,81550.5,81554.9,81425.5,81465.0,166.8836
1778464500000,81464.9,81500.0,81425.0,81471.5,109.1035
1778464800000,81471.6,81546.6,81432.5,81491.0,123.6827
1778465100000,81491.0,81523.7,81332.0,81390.8,185.8353
1778465400000,81390.9,81435.6,81338.0,81378.4,175.5486
1778465700000,81378.3,81378.3,81143.9,81256.0,730.6989
1778466000000,81256.1,81256.1,81095.5,81200.0,323.3722
1778466300000,81200.0,81233.2,81150.0,81203.4,122.4565
1778466600000,81203.4,81250.0,81080.1,81149.1,307.4232
1778466900000,81149.2,81194.5,81103.4,81174.2,186.4595
1778467200000,81174.3,81200.0,81138.7,81179.0,112.9216
1778467500000,81179.0,81246.7,81159.4,81159.4,193.7931
1778467800000,81159.5,81229.7,81155.9,81206.9,104.5498
1778468100000,81206.9,81207.0,81138.4,81155.5,83.9191
1778468400000,81155.6,81169.6,81067.1,81083.6,241.3341
1778468700000,81083.7,81115.0,80942.4,80999.3,1252.0485
1778469000000,80999.4,80999.4,80567.0,80581.2,1846.1541
1778469300000,80581.2,80695.0,80509.1,80624.1,1328.0143
1778469600000,80624.1,80679.8,80537.5,80650.2,654.806
1778469900000,80650.2,80653.6,80524.0,80570.4,360.3814
1778470200000,80570.4,80638.0,80525.8,80525.9,386.1541
1778470500000,80525.9,80603.2,80500.0,80598.5,431.1736
1778470800000,80598.5,80720.0,80582.9,80703.3,324.4534
1778471100000,80703.2,80747.4,80667.8,80676.5,176.965
1778471400000,80676.5,80739.2,80660.0,80709.9,143.3556
1778471700000,80709.9,80731.3,80689.9,80700.7,130.1804
1778472000000,80700.8,80710.0,80650.1,80677.5,310.7805
1778472300000,80677.5,80741.1,80620.0,80620.0,161.3133
1778472600000,80620.0,80698.0,80612.7,80636.1,134.5249
1778472900000,80636.0,80707.1,80636.0,80662.4,98.051
1778473200000,80662.4,80752.5,80636.0,80736.3,125.7145
1778473500000,80736.4,80762.1,80695.2,80731.9,109.6566
1778473800000,80731.9,80788.0,80686.8,80771.9,165.8969
1778474100000,80771.9,80789.7,80750.0,80762.0,135.1635
1778474400000,80762.0,80799.7,80750.0,80793.6,86.8797
1778474700000,80793.5,80816.1,80706.8,80706.8,138.0984
1778475000000,80706.8,80864.5,80700.0,80860.6,124.6577
1778475300000,80860.6,80860.6,80780.0,80780.1,141.6908
1778475600000,80780.0,80864.0,80770.0,80844.7,107.9821
1778475900000,80844.8,80863.9,80800.0,80830.8,80.019
1778476200000,80830.8,80859.9,80808.9,80809.0,75.272
1778476500000,80809.0,80869.2,80808.9,80859.7,70.3038
1778476800000,80859.7,80892.0,80857.0,80891.9,96.1612
1778477100000,80892.0,80940.6,80867.3,80933.0,259.0071
1778477400000,80932.9,80950.0,80900.0,80939.3,159.8369
1778477700000,80939.4,80939.4,80800.0,80832.4,163.5454
1778478000000,80832.3,80863.5,80755.7,80755.7,175.1416
1778478300000,80755.8,80823.1,80729.0,80823.1,147.3635
1778478600000,80823.0,80829.9,80756.5,80829.8,191.0441
1778478900000,80829.9,80829.9,80795.0,80808.0,72.7678
1778479200000,80807.9,80832.6,80761.8,80832.5,67.3531
1778479500000,80832.6,80912.9,80810.0,80891.3,110.4909
1778479800000,80891.3,80957.9,80880.0,80880.1,146.5879
1778480100000,80880.1,80892.9,80792.3,80827.7,118.1286
1778480400000,80827.8,80947.4,80827.7,80946.0,96.493
1778480700000,80945.9,81021.7,80937.9,80950.6,225.0945
1778481000000,80950.5,80989.3,80901.1,80913.3,114.8534
1778481300000,80913.3,80940.0,80869.0,80900.0,81.5754
1778481600000,80900.0,80900.1,80765.0,80786.1,166.3572
1778481900000,80786.2,80800.0,80725.7,80728.1,238.3272
1778482200000,80728.0,80832.0,80725.7,80796.9,107.9139
1778482500000,80797.0,80840.0,80796.9,80797.0,35.4089
1778482800000,80797.1,80805.1,80702.8,80704.3,148.1862
1778483100000,80704.3,80735.7,80660.1,80730.7,193.1363
1778483400000,80730.7,80769.2,80713.4,80720.0,128.8911
1778483700000,80720.0,80800.0,80650.0,80800.0,91.7048
1778484000000,80799.9,80800.0,80703.5,80740.9,72.0518
1778484300000,80741.0,80759.4,80681.7,80708.1,71.1364
1778484600000,80708.1,80728.4,80634.9,80687.0,133.3129
1778484900000,80687.1,80716.9,80668.6,80698.4,62.7779
1778485200000,80698.4,80732.2,80668.7,80683.2,203.9773
1778485500000,80683.3,80749.4,80675.0,80696.7,105.2807
1778485800000,80696.7,80759.2,80696.7,80719.3,128.9766
1778486100000,80719.4,80727.7,80669.7,80706.3,103.8659
1778486400000,80706.3,80746.5,80668.7,80676.7,161.1458
1778486700000,80676.7,80744.3,80620.4,80620.8,181.1839
1778487000000,80620.8,80727.6,80601.4,80714.2,152.3584
1778487300000,80714.2,80762.2,80688.0,80749.6,125.9868
1778487600000,80749.7,80751.7,80690.4,80741.7,108.7408
1778487900000,80741.7,80757.0,80601.4,80601.4,286.06
1778488200000,80601.5,80699.9,80577.5,80663.3,132.9844
1778488500000,80663.3,80788.5,80663.2,80745.4,176.6051
1778488800000,80745.5,80825.4,80732.2,80800.4,129.8343
1778489100000,80800.4,80838.5,80783.2,80821.7,149.9098
1778489400000,80821.7,80827.7,80752.0,80752.1,93.3502
1778489700000,80752.0,80760.0,80686.2,80725.0,60.8044
1778490000000,80724.9,80799.8,80716.9,80799.8,73.0771
1778490300000,80799.8,80836.0,80790.7,80830.9,161.3849
1778490600000,80830.9,80895.8,80822.0,80892.9,132.3116
1778490900000,80893.0,80917.1,80870.4,80873.8,129.2452
1778491200000,80873.9,80907.9,80860.0,80878.3,97.1611
1778491500000,80878.4,80903.6,80872.4,80875.7,81.641
1778491800000,80875.8,80888.8,80835.0,80857.5,112.9486
1778492100000,80857.6,80859.1,80813.0,80829.9,67.8602
1778492400000,80830.0,80907.9,80811.2,80874.7,106.4736
1778492700000,80874.8,80960.7,80857.2,80921.3,207.6928
1778493000000,80921.3,80931.0,80890.9,80898.8,78.6322
1778493300000,80898.8,80968.9,80875.5,80918.8,166.9067
1778493600000,80918.8,80968.0,80906.3,80923.3,187.9411
1778493900000,80923.3,81043.7,80915.4,81030.6,224.1242
1778494200000,81030.7,81059.9,80975.5,80983.1,327.1606
1778494500000,80983.1,81125.7,80972.8,81082.8,190.9508
1778494800000,81082.8,81113.8,81054.6,81081.7,168.7622
1778495100000,81081.7,81155.0,81073.4,81132.9,196.4915
1778495400000,81132.9,81157.1,81032.8,81038.6,237.3289
1778495700000,81038.6,81055.1,80946.4,80981.7,294.6208
1778496000000,80981.7,81059.3,80981.7,81022.1,117.772
1778496300000,81022.1,81050.0,80962.6,81030.0,110.0016
1778496600000,81030.0,81049.6,80992.1,80992.1,118.9841
1778496900000,80992.1,80996.1,80859.5,80894.1,295.5949
1778497200000,80894.1,80979.9,80894.0,80948.1,146.1349
1778497500000,80948.1,80972.1,80925.3,80962.4,42.6998
1778497800000,80962.5,80962.5,80848.1,80917.6,118.7042
1778498100000,80917.5,81085.0,80917.5,81060.6,128.1982
1778498400000,81060.6,81112.9,81059.4,81081.4,167.9008
1778498700000,81081.5,81092.6,81043.6,81055.0,127.2169
1778499000000,81055.0,81129.0,81054.9,81110.9,113.8758
1778499300000,81110.9,81132.4,81089.4,81113.9,87.2787
1778499600000,81113.8,81128.0,81093.1,81100.8,49.1374
1778499900000,81100.7,81117.9,81089.2,81094.6,64.6496
1778500200000,81094.6,81136.0,81054.7,81136.0,76.0
1778500500000,81136.0,81153.0,81094.3,81152.9,141.6258
1778500800000,81153.0,81198.0,81100.0,81121.8,383.2275
1778501100000,81121.8,81145.6,81054.7,81077.3,133.4715
1778501400000,81077.3,81077.4,81020.0,81046.1,152.5461
1778501700000,81046.0,81145.0,81025.2,81081.7,330.9311
1778502000000,81081.6,81326.0,81064.0,81266.7,932.3587
1778502300000,81266.8,81266.8,81214.6,81260.2,163.9562
1778502600000,81260.1,81319.9,81192.9,81193.0,248.9851
1778502900000,81192.9,81253.1,81156.5,81189.9,178.4037
1778503200000,81190.0,81195.8,81102.6,81114.5,146.7095
1778503500000,81114.5,81184.1,81043.0,81105.8,347.3294
1778503800000,81105.7,81112.9,80978.5,81035.8,438.5803
1778504100000,81035.8,81058.0,81007.1,81013.9,155.5379
1778504400000,81013.9,81213.1,81012.9,81160.0,395.8872
1778504700000,81160.0,81265.9,81160.0,81210.6,232.123
1778505000000,81210.7,81246.0,81202.5,81239.9,118.5467
1778505300000,81240.0,81296.4,81184.2,81184.2,164.0664
1778505600000,81184.2,81250.0,81180.0,81241.8,87.97
1778505900000,81241.8,81241.8,81100.0,81113.0,223.4162
1778506200000,81113.0,81135.2,80850.0,80863.0,800.3295
1778506500000,80863.0,80895.5,80722.1,80830.8,1073.2597
1778506800000,80830.8,81230.0,80812.1,81046.0,966.459
1778507100000,81045.9,81086.6,80913.5,80994.8,427.5675
1778507400000,80994.9,81068.0,80921.2,80921.3,383.7394
1778507700000,80921.2,81060.8,80898.9,81030.8,204.5095
1778508000000,81030.9,81182.4,81022.4,81147.5,342.3558
1778508300000,81147.4,81221.4,81132.9,81175.7,359.0908
1778508600000,81175.7,81181.0,81050.0,81097.7,219.9388
1778508900000,81097.8,81147.0,81016.7,81040.7,161.5743
1778509200000,81043.4,81043.4,80860.0,80920.0,355.4202
1778509500000,80919.9,80940.0,80674.1,80706.1,567.8055
1778509800000,80706.2,80788.0,80404.5,80567.8,1695.814
1778510100000,80567.7,80853.5,80538.0,80830.3,652.5424
1778510400000,80830.3,80870.0,80760.7,80762.8,290.7147
1778510700000,80762.9,80780.0,80675.9,80724.5,244.5553
1778511000000,80724.6,80916.4,80707.5,80856.7,492.7417
1778511300000,80856.7,80944.3,80830.1,80910.1,306.1047
1778511600000,80910.1,80933.9,80788.1,80879.8,242.4878
1778511900000,80879.8,80900.0,80830.0,80882.0,160.3077
1778512200000,80882.0,81060.0,80818.0,80979.7,400.123
1778512500000,80979.6,81074.3,80910.8,80916.7,184.7893
1778512800000,80916.7,81044.1,80910.9,81019.0,155.5973
1778513100000,81018.9,81390.0,81010.8,81306.3,1586.6781
1778513400000,81306.4,81408.6,81180.8,81186.4,553.4369
1778513700000,81186.4,81262.0,81182.2,81241.8,144.4231
1778514000000,81241.8,81259.8,81175.1,81190.5,155.8042
1778514300000,81190.3,81229.0,81171.7,81195.9,135.0282
1778514600000,81195.8,81349.5,81188.3,81311.9,238.236
1778514900000,81311.9,81434.8,81311.8,81405.4,299.8984
1778515200000,81405.5,81439.4,81303.1,81316.0,298.6513
1778515500000,81316.1,81580.2,81308.8,81537.6,693.7794
1778515800000,81537.6,81760.0,81530.0,81760.0,1367.7035
1778516100000,81760.0,81797.7,81640.0,81788.8,635.7826
1778516400000,81788.9,81834.7,81750.0,81807.1,633.9566
1778516700000,81807.0,81828.0,81675.0,81734.5,526.282
1778517000000,81734.4,81879.7,81734.4,81867.3,763.6179
1778517300000,81867.4,81867.4,81770.0,81807.7,492.6515
1778517600000,81807.7,81807.7,81508.6,81536.7,1167.8023
1778517900000,81536.6,81724.0,81520.0,81652.3,411.5347
1778518200000,81652.4,81675.6,81550.0,81614.2,235.6428
1778518500000,81614.2,81628.7,81530.5,81534.2,218.611
1778518800000,81534.2,81594.7,81390.0,81481.2,622.6784
1778519100000,81481.2,81500.0,81321.8,81388.0,312.0008
1778519400000,81387.9,81488.0,81365.1,81469.6,239.4305
1778519700000,81469.5,81638.2,81469.5,81567.1,227.4929
1778520000000,81567.2,81615.0,81557.1,81563.1,97.8674
1778520300000,81563.1,81600.0,81542.1,81593.0,57.8327
1778520600000,81592.9,81650.0,81550.0,81650.0,96.2099
1778520900000,81650.0,81835.3,81639.4,81810.8,429.8612
1778521200000,81810.9,81978.3,81800.2,81922.0,835.692
1778521500000,81922.0,82033.2,81871.1,81899.9,759.7339
1778521800000,81900.0,81974.1,81877.7,81877.7,309.0324
1778522100000,81877.6,81923.9,81851.0,81893.0,120.9029
1778522400000,81893.1,81950.0,81855.0,81942.0,177.7055
1778522700000,81942.0,82065.9,81930.4,81999.1,395.9137
1778523000000,81999.1,82000.0,81897.5,81913.9,317.8837
1778523300000,81913.9,81939.8,81803.5,81840.9,226.7049
1778523600000,81841.0,81922.8,81831.0,81882.9,166.3883
1778523900000,81882.9,82016.5,81769.5,81990.2,462.0961
1778524200000,81990.2,82100.0,81960.0,81972.2,452.1698
1778524500000,81972.2,82016.2,81936.6,81945.0,190.8627
1778524800000,81945.0,81951.0,81905.9,81911.9,125.4122
1778525100000,81911.9,82049.9,81855.5,81971.8,232.1255
1778525400000,81971.7,82020.0,81832.0,81861.4,176.2321
1778525700000,81861.3,81950.0,81782.0,81820.8,309.4934
1778526000000,81820.8,81857.5,81670.3,81730.1,492.0341
1778526300000,81730.2,81930.2,81720.9,81891.1,226.9371
1778526600000,81891.1,81913.8,81856.0,81874.9,124.5021
1778526900000,81875.0,81887.9,81780.3,81824.4,132.3792
1778527200000,81824.4,82046.2,81781.0,81996.6,446.4614
1778527500000,81996.6,81996.7,81819.0,81859.7,143.4721
1778527800000,81859.8,81885.2,81807.1,81807.1,119.1765
1778528100000,81807.1,81898.3,81800.0,81888.9,125.11
1778528400000,81888.9,82055.0,81887.7,81956.6,265.1105
1778528700000,81956.6,81982.3,81917.2,81931.3,126.0816
1778529000000,81931.3,81946.1,81880.0,81886.9,105.3672
1778529300000,81886.9,81958.5,81886.9,81916.1,126.6209
1778529600000,81916.1,81999.8,81865.7,81986.1,229.1698
1778529900000,81986.0,82032.2,81969.5,81999.9,94.748
1778530200000,81999.9,82008.0,81804.3,81872.8,313.6252
1778530500000,81872.8,81917.6,81835.4,81907.2,71.6161
1778530800000,81907.2,81924.9,81808.6,81876.6,146.2609
1778531100000,81876.6,81876.6,81810.2,81858.9,105.3525
1778531400000,81858.9,81880.0,81798.9,81873.0,125.6573
1778531700000,81873.0,81879.9,81802.0,81820.1,89.4224
1778532000000,81820.0,81820.1,81688.0,81780.8,177.2648
1778532300000,81780.9,81888.8,81758.2,81860.0,143.4013
1778532600000,81859.9,81859.9,81796.8,81796.9,81.988
1778532900000,81796.8,81804.8,81758.1,81774.9,52.8808
1778533200000,81775.0,81844.4,81770.9,81802.9,39.3598
1778533500000,81803.0,81803.0,81680.0,81680.0,57.1228
1778533800000,81680.1,81700.0,81625.9,81689.4,178.597
1778534100000,81689.3,81715.4,81625.8,81653.3,64.7857
1778534400000,81653.3,81692.8,81607.1,81630.1,54.3856
1778534700000,81630.1,81648.4,81580.2,81590.7,78.1259
1778535000000,81590.7,81593.9,81537.5,81561.5,137.651
1778535300000,81561.5,81682.9,81561.4,81675.0,162.4877
1778535600000,81675.0,81734.2,81659.8,81689.1,102.2484
1778535900000,81689.0,81700.0,81615.9,81692.1,49.6634
1778536200000,81692.2,81804.1,81692.2,81800.0,143.1812
1778536500000,81800.0,81861.6,81750.8,81779.2,115.1631
1778536800000,81779.2,81929.4,81752.2,81906.0,262.2716
1778537100000,81906.0,81907.2,81801.9,81812.9,125.1006
1778537400000,81812.9,81829.9,81763.7,81799.9,78.1914
1778537700000,81799.9,81856.5,81773.9,81853.5,158.4957
1778538000000,81853.5,81893.6,81766.6,81810.2,55.5137
1778538300000,81810.2,81810.2,81688.8,81696.4,108.1693
1778538600000,81696.3,81742.9,81696.3,81702.3,111.1089
1778538900000,81702.2,81760.0,81694.7,81733.8,80.0153
1778539200000,81733.8,81763.0,81712.1,81741.4,54.0348
1778539500000,81741.3,81830.0,81719.0,81799.9,58.32
1778539800000,81800.0,81877.1,81799.9,81814.5,36.5303
1778540100000,81814.5,81828.0,81784.4,81791.0,36.6798
1778540400000,81791.0,81791.1,81684.4,81730.0,130.1012
1778540700000,81730.0,81738.7,81659.7,81659.9,82.4953
1778541000000,81659.8,81687.8,81646.0,81687.8,62.4489
1778541300000,81687.7,81699.8,81625.0,81628.0,71.9886
1778541600000,81628.0,81655.0,81607.3,81635.0,62.3759
1778541900000,81635.0,81635.1,81562.4,81586.5,150.0729
1778542200000,81586.4,81687.1,81578.0,81687.1,63.1204
1778542500000,81687.2,81723.6,81678.6,81710.8,65.2062
1778542800000,81710.8,81777.0,81697.6,81733.5,89.111
1778543100000,81733.6,81742.1,81689.4,81710.9,106.3398
1778543400000,81711.0,81734.0,81690.1,81712.2,44.7394
1778543700000,81712.2,81724.5,81696.5,81696.6,41.5138
1778544000000,81696.6,81751.1,81606.5,81687.7,214.0866
1778544300000,81687.7,81688.0,81600.0,81649.2,85.0587
1778544600000,81649.2,81649.3,81568.0,81570.5,134.5567
1778544900000,81570.5,81639.3,81541.2,81565.6,158.9269
1778545200000,81565.6,81604.1,81466.5,81486.1,297.8307
1778545500000,81486.2,81539.5,81457.7,81523.9,240.4114
1778545800000,81523.8,81614.6,81517.3,81535.8,159.2725
1778546100000,81535.8,81545.6,81488.0,81514.0,87.8256
1778546400000,81514.0,81523.6,81432.9,81445.4,134.9098
1778546700000,81445.4,81532.0,81445.4,81523.9,136.2271
1778547000000,81523.9,81555.0,81510.9,81515.8,103.5456
1778547300000,81515.9,81542.4,81494.2,81505.8,78.1673
1778547600000,81505.7,81580.0,81402.5,81432.0,186.6455
1778547900000,81431.9,81490.0,81357.7,81398.0,317.7432
1778548200000,81397.9,81400.0,81341.6,81357.9,263.9033
1778548500000,81358.0,81358.0,81226.0,81333.8,570.9604
1778548800000,81333.8,81362.1,81207.2,81362.1,380.9185
1778549100000,81362.1,81434.4,81300.0,81326.2,239.0854
1778549400000,81326.2,81326.2,81085.8,81111.7,780.5094
1778549700000,81111.6,81143.1,80777.9,80826.4,1879.725
1778550000000,80826.5,81038.0,80666.0,81035.8,1807.6108
1778550300000,81035.9,81123.2,80978.2,81123.2,525.2453
1778550600000,81123.2,81280.0,81119.9,81160.5,574.7624
1778550900000,81160.6,81202.9,81129.5,81151.0,200.652
1778551200000,81151.0,81250.0,81115.0,81249.5,268.782
1778551500000,81249.5,81290.0,81234.0,81243.0,256.1829
1778551800000,81243.0,81302.5,81243.0,81283.5,194.6214
1778552100000,81283.5,81284.7,81088.0,81093.5,224.7358
1778552400000,81093.6,81199.0,81032.0,81173.8,319.0209
1778552700000,81173.8,81244.9,81166.6,81236.0,141.1572
1778553000000,81236.0,81244.9,81156.6,81156.6,82.2889
1778553300000,81156.5,81169.6,81072.1,81103.4,218.7735
1778553600000,81103.4,81136.8,81100.0,81101.5,98.5907
1778553900000,81101.5,81166.1,81101.5,81150.0,55.8566
1778554200000,81149.9,81257.3,81143.1,81231.3,107.7702
1778554500000,81231.4,81233.4,81187.0,81226.4,84.5581
1778554800000,81226.3,81266.9,81189.1,81189.2,175.9061
1778555100000,81189.2,81246.6,81166.7,81218.0,96.8873
1778555400000,81217.9,81218.0,81151.0,81188.5,77.5082
1778555700000,81188.4,81200.0,81165.4,81176.8,41.7702
1778556000000,81176.9,81179.7,81123.7,81163.4,76.9333
1778556300000,81163.5,81163.5,81104.6,81126.8,105.0629
1778556600000,81126.8,81151.7,81124.9,81144.7,42.1432
1778556900000,81144.7,81187.1,81117.6,81148.5,67.2389
1778557200000,81148.4,81172.9,81132.1,81158.9,96.3397
1778557500000,81158.9,81158.9,81021.4,81078.6,188.241
1778557800000,81078.6,81078.7,80990.7,81034.1,186.1948
1778558100000,81034.2,81034.2,80987.0,81020.4,156.1832
1778558400000,81020.5,81039.6,80966.2,80998.8,162.5133
1778558700000,80998.9,81036.0,80985.2,81007.3,102.4578
1778559000000,81007.3,81007.4,80962.7,80962.8,155.9812
1778559300000,80962.8,81125.5,80962.7,81120.2,203.087
1778559600000,81120.2,81148.2,81120.0,81125.1,202.4952
1778559900000,81125.1,81197.0,81125.0,81171.3,175.1565
1778560200000,81171.3,81198.0,81162.5,81184.1,62.5402
1778560500000,81184.1,81250.0,81172.5,81247.7,129.163
1778560800000,81247.6,81250.0,81204.4,81208.6,77.8553
1778561100000,81208.5,81275.0,81208.5,81275.0,124.7101
1778561400000,81274.9,81275.0,81178.9,81186.6,109.1472
1778561700000,81186.6,81215.5,81174.8,81178.9,93.8047
1778562000000,81178.9,81227.9,81178.0,81227.9,105.3195
1778562300000,81227.9,81248.0,81178.8,81178.8,83.5371
1778562600000,81178.9,81199.6,81157.8,81199.6,73.8531
1778562900000,81199.5,81239.0,81199.5,81200.0,74.1078
1778563200000,81200.0,81230.7,81200.0,81218.1,70.2655
1778563500000,81218.1,81259.1,81212.0,81254.7,82.9266
1778563800000,81254.7,81287.3,81150.9,81166.3,185.2051
1778564100000,81166.4,81250.0,81166.4,81235.5,59.2419
1778564400000,81235.5,81246.9,81216.0,81219.2,88.9926
1778564700000,81219.3,81236.0,81219.2,81226.4,70.7982
1778565000000,81226.5,81231.5,81180.0,81200.5,41.4777
1778565300000,81200.5,81242.6,81181.0,81181.1,62.9603
1778565600000,81181.0,81230.7,81139.0,81213.3,110.3257
1778565900000,81213.2,81230.0,81188.2,81228.0,181.8779
1778566200000,81228.1,81246.9,81228.0,81229.9,78.881
1778566500000,81229.9,81279.5,81228.0,81247.0,104.8423
1778566800000,81247.0,81259.3,81207.0,81243.3,84.1768
1778567100000,81243.3,81256.7,81178.0,81178.0,107.4247
1778567400000,81178.1,81188.2,81088.0,81103.4,264.4683
1778567700000,81103.5,81166.1,81075.3,81089.9,237.2334
1778568000000,81089.9,81104.8,81038.6,81062.1,258.5558
1778568300000,81062.1,81097.3,81054.5,81073.0,90.5108
1778568600000,81073.0,81073.0,80995.3,81003.3,297.0064
1778568900000,81003.3,81012.3,80970.7,80985.1,194.8507
1778569200000,80985.0,80985.0,80870.0,80883.5,353.5795
1778569500000,80883.5,80958.0,80835.6,80935.2,340.745
1778569800000,80935.2,81072.5,80930.1,81035.4,398.2501
1778570100000,81035.4,81035.7,80800.2,81004.8,1332.2949
1778570400000,81004.8,81096.6,80993.0,81071.7,310.603
1778570700000,81071.7,81071.7,80971.1,80980.0,128.0797
1778571000000,80980.0,81057.9,80954.0,81023.9,198.4285
1778571300000,81023.8,81023.9,80928.0,80936.0,181.9641
1778571600000,80936.0,80954.1,80900.0,80900.0,238.2364
1778571900000,80900.0,80934.8,80770.7,80846.9,615.0078
1778572200000,80847.0,80925.4,80846.9,80911.6,210.7891
1778572500000,80911.7,80914.8,80808.1,80809.9,354.0542
1778572800000,80810.0,80890.0,80767.0,80813.9,392.9813
1778573100000,80814.0,80869.0,80780.0,80863.3,190.7272
1778573400000,80863.4,80863.4,80750.0,80779.9,250.8773
1778573700000,80780.0,80827.5,80710.0,80812.9,339.7048
1778574000000,80813.0,80900.0,80804.4,80830.0,183.208
1778574300000,80830.0,80854.1,80800.0,80830.3,149.712
1778574600000,80830.3,80869.4,80803.7,80869.3,189.7027
1778574900000,80869.3,80922.0,80865.3,80901.1,266.2748
1778575200000,80901.0,80921.8,80869.4,80913.1,132.7444
1778575500000,80913.1,80924.9,80882.9,80882.9,72.3545
1778575800000,80883.0,80904.2,80805.4,80820.2,148.7424
1778576100000,80820.3,80837.8,80800.0,80800.2,141.376
1778576400000,80800.1,80844.0,80768.0,80838.4,245.3106
1778576700000,80838.3,80857.0,80710.4,80769.6,206.3879
1778577000000,80769.6,80813.1,80720.0,80725.9,139.7283
1778577300000,80726.0,80759.7,80710.0,80724.4,221.2192
1778577600000,80724.4,80745.6,80667.8,80712.7,333.3584
1778577900000,80712.7,80712.7,80680.0,80704.9,150.0672
1778578200000,80705.0,80914.0,80705.0,80902.5,432.8905
1778578500000,80902.6,80914.3,80853.1,80906.9,175.846
1778578800000,80906.9,80916.1,80876.0,80876.0,143.6968
1778579100000,80876.1,80905.1,80811.8,80861.2,132.7443
1778579400000,80861.2,80861.3,80780.0,80780.2,118.5477
1778579700000,80780.3,80806.2,80770.0,80795.1,117.9045
1778580000000,80795.1,80803.2,80733.3,80738.5,110.6547
1778580300000,80738.5,80801.3,80738.5,80778.5,118.4209
1778580600000,80778.5,80794.8,80764.3,80764.3,102.3074
1778580900000,80764.3,80798.6,80711.7,80788.6,202.8849
1778581200000,80788.5,80788.6,80699.6,80720.1,129.2221
1778581500000,80720.1,80734.3,80639.0,80683.3,443.823
1778581800000,80683.3,80706.9,80593.5,80615.2,372.1632
1778582100000,80615.3,80696.4,80594.4,80654.8,185.0315
1778582400000,80654.8,80671.3,80613.4,80649.5,77.7349
1778582700000,80649.5,80664.9,80601.7,80602.1,208.7029
1778583000000,80602.0,80666.6,80568.0,80629.1,410.2146
1778583300000,80629.1,80635.2,80602.2,80630.9,117.5895
1778583600000,80630.9,80652.8,80568.2,80620.0,165.4178
1778583900000,80619.9,80619.9,80493.6,80581.6,608.7714
1778584200000,80581.6,80661.4,80542.7,80548.1,184.0739
1778584500000,80548.1,80548.2,80457.8,80500.0,294.3668
1778584800000,80500.0,80560.4,80475.2,80546.4,282.4073
1778585100000,80546.4,80619.0,80546.4,80591.6,153.2148
1778585400000,80591.6,80641.5,80591.5,80618.1,199.9769
1778585700000,80618.1,80653.0,80613.8,80645.1,94.2065
1778586000000,80645.1,80695.1,80645.1,80692.0,258.7307
1778586300000,80692.0,80722.0,80661.5,80698.9,192.7185
1778586600000,80699.0,80726.1,80680.0,80716.5,225.713
1778586900000,80716.5,80738.0,80711.2,80733.3,116.512
1778587200000,80733.3,80750.7,80705.0,80705.0,144.3965
1778587500000,80705.0,80753.0,80644.0,80751.9,284.203
1778587800000,80751.9,80806.1,80751.8,80789.7,371.6386
1778588100000,80789.7,80823.1,80765.9,80790.2,275.5565
1778588400000,80790.2,80809.0,80764.8,80776.3,135.0626
1778588700000,80776.3,80789.4,80700.1,80779.1,321.4478
1778589000000,80779.1,80863.6,80569.0,80725.8,1676.7109
1778589300000,80725.2,80960.0,80723.9,80933.0,751.2095
1778589600000,80933.1,80962.0,80805.7,80805.7,421.5257
1778589900000,80805.7,80941.8,80803.3,80924.2,283.4611
1778590200000,80924.1,80924.2,80850.0,80860.4,175.7888
1778590500000,80860.3,80860.4,80815.0,80835.6,155.6251
1778590800000,80835.7,80888.0,80815.5,80851.5,132.0082
1778591100000,80851.4,80886.7,80836.0,80836.0,313.9127
1778591400000,80836.1,80873.8,80748.2,80750.0,542.881
1778591700000,80749.9,80772.4,80660.0,80660.0,457.2808
1778592000000,80660.1,80666.8,80614.3,80661.0,311.4867
1778592300000,80661.0,80661.0,80581.5,80616.8,324.8847
1778592600000,80616.9,80680.2,80561.0,80604.7,639.6742
1778592900000,80604.7,80742.6,80545.0,80742.6,586.877
1778593200000,80742.6,80790.2,80667.4,80729.9,388.8676
1778593500000,80729.8,80842.9,80633.1,80693.9,607.7669
1778593800000,80693.9,80718.0,80611.0,80622.4,275.1437
1778594100000,80622.3,80643.7,80338.3,80418.1,2002.3896
1778594400000,80418.0,80567.1,80338.3,80508.8,915.9778
1778594700000,80508.7,80678.0,80492.5,80576.1,615.9353
1778595000000,80576.0,80677.8,80550.0,80660.2,403.5569
1778595300000,80660.3,80755.4,80579.9,80755.4,434.9429
1778595600000,80755.3,80800.0,80723.4,80749.7,569.0114
1778595900000,80749.7,80788.0,80511.4,80601.2,476.2188
1778596200000,80601.1,80635.9,80366.0,80466.1,1009.156
1778596500000,80466.1,80779.2,80403.7,80749.9,734.8496
1778596800000,80749.9,80846.9,80700.0,80745.5,818.9846
1778597100000,80745.4,80745.4,80535.0,80568.0,375.448
1778597400000,80568.1,80573.7,80418.4,80531.0,551.8839
1778597700000,80531.0,80549.7,80450.0,80502.0,313.5043
1778598000000,80501.9,80501.9,80380.0,80445.9,560.9769
1778598300000,80445.9,80608.1,80416.8,80600.5,361.0682
1778598600000,80600.5,80623.0,80555.1,80560.1,207.4544
1778598900000,80560.0,80560.1,80458.4,80512.1,240.3343
1778599200000,80512.0,80512.1,80170.9,80194.3,1411.1472
1778599500000,80194.3,80240.7,80135.0,80175.4,1025.586
1778599800000,80175.5,80432.7,80175.4,80400.2,813.3415
1778600100000,80400.3,80400.3,80323.8,80339.1,294.4893
1778600400000,80339.1,80354.9,80233.5,80317.2,261.975
1778600700000,80317.2,80370.0,80235.0,80249.9,254.7742
1778601000000,80250.0,80383.6,80249.9,80359.6,310.427
1778601300000,80359.5,80400.0,80283.9,80286.8,288.7642
1778601600000,80286.9,80392.2,80140.0,80288.1,808.8071
1778601900000,80288.0,80311.6,80240.0,80311.6,260.0507
1778602200000,80311.5,80368.1,80275.0,80328.0,234.7539
1778602500000,80328.0,80333.1,80161.0,80313.4,521.4159
1778602800000,80313.4,80368.0,80232.8,80250.9,239.7565
1778603100000,80251.0,80283.1,80206.2,80242.2,145.011
1778603400000,80242.2,80275.4,80206.1,80234.9,182.1618
1778603700000,80235.0,80298.8,80223.9,80240.1,153.8306
1778604000000,80240.1,80267.3,80169.6,80202.4,231.4716
1778604300000,80202.4,80232.7,79831.1,79936.1,2550.7329
1778604600000,79936.1,79945.2,79779.0,79930.0,1154.3055
1778604900000,79930.0,80028.8,79884.4,79949.9,621.4415
1778605200000,79950.0,80086.5,79900.0,80074.7,626.6194
1778605500000,80074.8,80096.2,80000.1,80023.6,269.7147
1778605800000,80023.6,80170.0,80006.8,80164.8,308.7169
1778606100000,80164.7,80337.0,80164.7,80295.8,679.9563
1778606400000,80295.8,80404.0,80295.8,80370.0,542.1536
1778606700000,80370.0,80400.0,80333.6,80381.7,441.381
1778607000000,80381.7,80451.6,80370.2,80445.6,450.6938
1778607300000,80445.6,80457.2,80386.2,80426.6,221.2189
1778607600000,80426.5,80475.9,80392.0,80467.2,162.9837
1778607900000,80467.2,80491.4,80416.2,80437.8,192.7939
1778608200000,80437.8,80545.0,80428.7,80519.5,340.0138
1778608500000,80519.5,80538.9,80450.0,80473.2,217.5034
1778608800000,80473.2,80505.7,80375.0,80459.2,354.7746
1778609100000,80459.3,80496.0,80427.9,80480.3,133.2582
1778609400000,80480.2,80500.0,80439.7,80498.8,84.3851
1778609700000,80498.8,80518.4,80462.8,80467.7,104.4753
1778610000000,80467.7,80528.0,80467.7,80488.7,76.1765
1778610300000,80488.7,80526.7,80417.5,80457.2,101.0659
1778610600000,80457.1,80525.4,80448.2,80521.4,95.9648
1778610900000,80521.4,80608.0,80506.2,80538.9,409.1104
1778611200000,80538.9,80640.4,80538.9,80612.1,212.8147
1778611500000,80612.1,80667.4,80560.0,80598.6,166.5441
1778611800000,80598.6,80708.2,80598.5,80683.7,260.7783
1778612100000,80683.6,80724.1,80628.9,80628.9,161.6127
1778612400000,80629.0,80731.2,80622.8,80685.8,156.3764
1778612700000,80685.7,80740.0,80660.0,80735.9,113.0307
1778613000000,80735.9,80800.0,80735.9,80762.6,297.2563
1778613300000,80762.7,80790.7,80712.2,80713.7,234.6767
1778613600000,80713.7,80731.3,80670.3,80709.9,289.95
1778613900000,80709.9,80722.9,80665.5,80665.5,165.4353
1778614200000,80665.5,80750.0,80665.5,80739.1,268.9947
1778614500000,80739.1,80766.6,80679.0,80737.2,177.0368
1778614800000,80737.1,80758.0,80683.1,80707.7,159.5174
1778615100000,80707.7,80752.4,80700.9,80721.0,94.2427
1778615400000,80721.1,80829.8,80721.1,80765.0,182.7146
1778615700000,80765.1,80797.0,80751.5,80788.5,95.9184
1778616000000,80788.5,80843.1,80751.4,80827.4,202.6562
1778616300000,80827.3,80827.4,80752.2,80752.2,119.6217
1778616600000,80752.2,80757.9,80686.4,80718.0,89.5474
1778616900000,80718.1,80762.8,80699.2,80751.6,55.3634
1778617200000,80751.5,80760.0,80717.2,80752.3,57.3915
1778617500000,80752.3,80774.3,80738.0,80767.9,46.2512
1778617800000,80767.8,80767.9,80674.0,80697.2,95.7314
1778618100000,80697.2,80701.2,80616.1,80616.2,126.3194
1778618400000,80616.1,80662.9,80593.0,80662.9,77.3908
1778618700000,80662.9,80665.0,80597.5,80598.1,75.7189
1778619000000,80598.1,80660.0,80598.0,80659.9,42.0274
1778619300000,80660.0,80672.1,80630.3,80651.1,50.6704
1778619600000,80651.1,80694.3,80627.3,80660.9,116.5436
1778619900000,80660.9,80700.0,80655.4,80687.7,119.4097
1778620200000,80687.7,80687.7,80652.3,80652.3,51.2272
1778620500000,80652.4,80700.0,80644.6,80655.5,119.7315
1778620800000,80655.5,80655.6,80620.7,80626.0,41.0705
1778621100000,80625.9,80626.0,80589.9,80620.0,73.5403
1778621400000,80620.0,80620.0,80524.7,80530.7,93.7029
1778621700000,80530.8,80568.0,80503.4,80534.7,89.0502
1778622000000,80534.8,80559.2,80503.0,80547.6,71.2357
1778622300000,80547.5,80553.1,80451.0,80451.1,103.4101
1778622600000,80451.1,80512.9,80444.0,80505.5,78.4811
1778622900000,80505.5,80560.0,80500.0,80542.2,94.2196
1778623200000,80542.3,80745.2,80542.3,80720.4,240.6853
1778623500000,80720.4,80755.3,80638.4,80638.4,171.5788
1778623800000,80638.4,80652.0,80578.1,80588.5,96.9663
1778624100000,80588.5,80643.7,80570.7,80643.6,113.8591
1778624400000,80643.6,80657.6,80612.7,80615.0,76.3039
1778624700000,80615.0,80620.0,80582.4,80611.1,87.0969
1778625000000,80611.1,80674.3,80600.0,80614.8,75.5326
1778625300000,80614.5,80621.4,80575.0,80621.4,69.1977
1778625600000,80621.4,80628.0,80598.6,80616.7,24.1878
1778625900000,80616.7,80618.3,80590.0,80603.7,49.0024
1778626200000,80603.7,80653.4,80603.2,80642.6,41.5767
1778626500000,80642.6,80681.8,80604.4,80604.9,50.2961
1778626800000,80605.0,80671.4,80590.1,80633.2,223.7936
1778627100000,80633.3,80634.6,80582.3,80616.0,56.3994
1778627400000,80616.1,80666.0,80531.0,80572.1,102.0091
1778627700000,80572.1,80598.5,80555.6,80581.2,47.1411
1778628000000,80581.1,80598.8,80556.6,80598.0,46.08
1778628300000,80597.9,80628.2,80597.9,80616.2,44.3208
1778628600000,80616.2,80620.0,80509.1,80509.2,104.8189
1778628900000,80509.1,80526.4,80453.3,80519.0,155.9457
1778629200000,80518.9,80519.0,80460.4,80474.5,75.2878
1778629500000,80474.5,80500.0,80387.8,80449.8,190.1491
1778629800000,80449.7,80461.5,80415.0,80444.1,55.4304
1778630100000,80444.0,80476.8,80425.5,80460.2,59.6534
1778630400000,80460.2,80500.0,80363.5,80430.0,228.0705
1778630700000,80430.0,80476.3,80410.5,80410.5,67.7929
1778631000000,80410.5,80455.0,80382.7,80427.9,93.373
1778631300000,80427.9,80591.8,80414.8,80569.5,125.3983
1778631600000,80569.6,80680.0,80541.0,80663.1,142.7864
1778631900000,80663.2,80717.9,80595.5,80611.0,192.6051
1778632200000,80610.9,80669.9,80590.0,80604.9,95.2419
1778632500000,80604.9,80699.0,80604.9,80698.1,97.3237
1778632800000,80698.1,80736.1,80691.9,80705.7,169.5299
1778633100000,80705.7,80705.8,80641.4,80641.4,97.0624
1778633400000,80641.5,80641.5,80564.9,80616.0,192.0492
1778633700000,80615.9,80694.2,80615.9,80670.0,74.5573
1778634000000,80670.1,80705.0,80633.6,80705.0,115.4347
1778634300000,80704.9,80800.0,80704.9,80800.0,233.8684
1778634600000,80800.0,80978.7,80777.9,80917.9,796.4264
1778634900000,80917.9,80918.0,80821.7,80874.6,210.5151
1778635200000,80874.5,81091.6,80874.5,80989.7,774.4034
1778635500000,80989.6,81056.6,80954.3,81016.1,211.9391
1778635800000,81016.1,81120.0,81016.0,81076.8,471.2106
1778636100000,81076.9,81100.0,80979.8,81017.8,222.6894
1778636400000,81017.9,81100.3,81017.9,81068.4,134.6101
1778636700000,81068.3,81111.0,81004.5,81084.3,199.8926
1778637000000,81084.3,81167.9,81010.8,81017.5,259.3844
1778637300000,81017.5,81018.0,80928.9,80959.5,326.3553
1778637600000,80959.5,80995.4,80888.0,80941.4,246.0025
1778637900000,80941.5,81024.4,80941.4,81020.0,165.822
1778638200000,81020.0,81052.5,80979.0,81021.7,109.9804
1778638500000,81021.7,81061.1,80989.3,81011.9,104.7147
1778638800000,81012.0,81234.9,81011.9,81180.8,529.3538
1778639100000,81180.8,81188.0,81064.2,81088.2,260.6279
1778639400000,81088.1,81106.2,81000.0,81030.0,152.1805
1778639700000,81029.9,81062.6,81005.9,81005.9,86.8058
1778640000000,81005.9,81028.5,80974.8,81026.8,164.5908
1778640300000,81026.9,81059.2,80996.9,81011.5,94.5654
1778640600000,81011.4,81044.5,80980.0,80980.0,125.0916
1778640900000,80980.0,81025.5,80973.5,81019.0,75.4353
1778641200000,81019.0,81039.7,80995.2,81024.8,193.861
1778641500000,81024.9,81054.6,80943.8,81000.0,97.7974
1778641800000,80999.9,81050.0,80963.9,80969.0,122.8708
1778642100000,80969.0,80992.7,80938.6,80952.2,122.8534
1778642400000,80952.1,80995.0,80952.1,80987.1,77.2994
1778642700000,80987.0,81069.3,80987.0,81060.4,130.9221
1778643000000,81060.4,81070.0,81032.4,81058.7,205.0286
1778643300000,81058.7,81118.0,81050.4,81096.4,151.997
1778643600000,81096.3,81175.8,81096.3,81160.6,186.7798
1778643900000,81160.6,81242.2,81136.9,81234.2,419.5728
1778644200000,81234.2,81274.3,81170.0,81205.8,356.6626
1778644500000,81205.8,81212.8,81163.5,81211.9,119.7362
1778644800000,81212.0,81228.4,81170.5,81186.6,229.1171
1778645100000,81186.6,81191.7,81127.5,81127.6,128.7977
1778645400000,81127.5,81139.0,81103.0,81137.3,117.6682
1778645700000,81137.4,81156.6,81068.4,81150.0,359.4649
1778646000000,81149.9,81180.0,81138.1,81158.0,159.9157
1778646300000,81158.0,81176.1,81133.3,81175.0,128.2895
1778646600000,81174.9,81250.0,81149.0,81149.0,303.974
1778646900000,81149.1,81196.4,81149.0,81173.8,89.7454
1778647200000,81173.7,81195.0,81149.0,81150.3,146.8344
1778647500000,81150.4,81200.0,81145.0,81199.9,148.6463
1778647800000,81199.9,81208.7,81158.0,81187.6,67.4468
1778648100000,81187.6,81215.2,81176.2,81200.0,75.7089
1778648400000,81199.9,81210.7,81151.0,81186.9,148.5463
1778648700000,81186.9,81199.0,81125.5,81133.1,113.0105
1778649000000,81133.2,81160.0,81128.3,81130.0,64.632
1778649300000,81130.0,81130.0,81051.1,81065.3,193.137
1778649600000,81065.2,81114.3,81057.1,81110.2,137.7201
1778649900000,81110.3,81115.6,81083.1,81089.8,39.285
1778650200000,81089.8,81102.7,81024.4,81024.4,123.2297
1778650500000,81024.4,81040.4,81002.0,81020.9,186.0484
1778650800000,81020.9,81033.6,80977.0,80993.1,224.9871
1778651100000,80993.1,81031.8,80966.0,81031.8,203.1227
1778651400000,81031.7,81048.0,81000.0,81001.7,102.5412
1778651700000,81001.6,81001.7,80952.7,80993.4,271.3408
1778652000000,80993.3,80999.0,80959.0,80998.9,120.5962
1778652300000,80999.0,81058.6,80996.4,81041.9,134.0898
1778652600000,81042.0,81070.0,81038.0,81070.0,133.5085
1778652900000,81070.0,81130.9,81050.0,81123.7,170.722
1778653200000,81123.7,81123.7,81001.8,81037.7,147.8361
1778653500000,81037.7,81085.9,81000.0,81068.6,205.9745
1778653800000,81068.6,81084.7,81021.1,81021.2,149.3529
1778654100000,81021.2,81057.3,81021.1,81035.0,49.3599
1778654400000,81035.0,81035.0,80992.4,81024.3,127.5051
1778654700000,81024.3,81024.5,81001.0,81001.1,51.0545
1778655000000,81001.1,81001.1,80935.9,80963.4,146.2469
1778655300000,80963.4,80963.4,80935.9,80943.7,65.7533
1778655600000,80943.7,80996.6,80943.7,80966.3,79.5818
1778655900000,80966.3,80980.0,80950.7,80978.8,65.3933
1778656200000,80978.9,80982.3,80957.0,80977.9,56.8549
1778656500000,80977.8,81013.0,80918.0,80918.0,85.4673
1778656800000,80918.0,80932.0,80860.7,80881.6,256.3772
1778657100000,80881.6,80910.8,80881.6,80882.1,89.7314
1778657400000,80882.1,80897.0,80851.0,80896.6,141.868
1778657700000,80896.6,80952.7,80865.0,80882.0,471.3498
1778658000000,80882.0,80937.8,80881.9,80926.1,86.3185
1778658300000,80926.0,80949.5,80924.8,80924.9,121.2656
1778658600000,80924.8,80940.2,80902.4,80920.3,62.4294
1778658900000,80920.3,81002.9,80916.0,80983.3,89.1982
1778659200000,80983.3,81040.0,80983.3,81022.7,144.4962
1778659500000,81022.8,81024.7,80950.0,80956.7,289.2079
1778659800000,80956.7,80982.5,80923.1,80980.0,190.52
1778660100000,80979.9,81055.0,80979.9,80992.7,225.6387
1778660400000,80992.7,81028.0,80992.7,81001.8,68.087
1778660700000,81001.8,81088.0,81000.0,81000.0,229.0928
1778661000000,81000.1,81000.1,80902.6,80968.1,252.6649
1778661300000,80968.1,81000.0,80962.0,80999.9,91.8079
1778661600000,81000.0,81142.5,80999.9,81113.6,661.1531
1778661900000,81113.6,81150.0,81090.4,81100.1,348.0208
1778662200000,81100.0,81166.0,81100.0,81131.7,135.4745
1778662500000,81131.8,81164.8,81130.5,81159.4,140.6701
1778662800000,81159.3,81320.1,81130.0,81278.7,883.5911
1778663100000,81278.8,81284.1,81227.3,81249.4,358.0372
1778663400000,81249.3,81249.4,81185.7,81199.2,165.3277
1778663700000,81199.3,81216.8,81161.0,81163.6,157.6604
1778664000000,81163.5,81172.5,81100.0,81100.9,439.9553
1778664300000,81100.9,81151.9,81100.8,81130.1,136.2328
1778664600000,81130.1,81244.3,81130.0,81208.7,199.9112
1778664900000,81208.8,81266.8,81208.7,81253.7,192.1177
1778665200000,81253.7,81253.7,81190.5,81197.9,84.0562
1778665500000,81197.9,81241.9,81192.6,81200.1,197.7428
1778665800000,81200.1,81236.4,81200.1,81236.4,57.3371
1778666100000,81236.4,81262.7,81226.0,81256.9,145.8602
1778666400000,81256.9,81271.5,81175.5,81192.4,264.8678
1778666700000,81192.5,81199.2,81133.7,81150.0,107.8726
1778667000000,81149.9,81150.0,81072.0,81072.1,276.8053
1778667300000,81072.1,81103.6,81072.0,81084.9,128.3299
1778667600000,81084.8,81126.0,81076.0,81082.9,271.1859
1778667900000,81083.0,81085.6,80941.6,80941.6,455.9093
1778668200000,80941.6,81016.0,80901.0,80901.0,410.3918
1778668500000,80901.0,80932.6,80886.0,80886.0,327.1908
1778668800000,80886.0,80905.9,80771.0,80824.8,539.5201
1778669100000,80824.8,80855.7,80789.0,80805.1,244.1658
1778669400000,80805.1,80828.7,80768.6,80797.7,265.2982
1778669700000,80797.7,80824.1,80778.8,80778.8,163.7851
1778670000000,80778.8,80825.0,80705.3,80711.1,435.7408
1778670300000,80711.1,80711.2,80588.0,80637.9,958.0975
1778670600000,80638.0,80638.0,80540.0,80540.1,605.5279
1778670900000,80540.0,80636.2,80515.8,80613.7,431.5786
1778671200000,80613.8,80657.4,80560.5,80609.9,245.4624
1778671500000,80609.8,80609.8,80528.8,80539.3,285.7976
1778671800000,80539.4,80639.8,80522.1,80628.2,258.8035
1778672100000,80628.1,80637.4,80613.0,80634.7,78.0081
1778672400000,80634.6,80658.1,80619.6,80649.6,112.3585
1778672700000,80649.6,80666.0,80567.5,80567.6,146.9272
1778673000000,80567.5,80567.6,80483.0,80509.1,379.4474
1778673300000,80509.0,80522.4,80462.0,80468.3,220.9109
1778673600000,80468.3,80565.7,80432.6,80551.9,448.9053
1778673900000,80551.8,80551.8,80470.0,80501.6,162.4886
1778674200000,80501.5,80536.7,80407.0,80495.7,312.8248
1778674500000,80495.7,80532.1,80490.0,80494.8,196.0109
1778674800000,80494.8,80494.8,80136.0,80244.4,1733.0103
1778675100000,80244.4,80344.8,80211.6,80322.5,485.3585
1778675400000,80322.5,80328.6,80005.1,80083.6,1644.8808
1778675700000,80083.6,80132.4,79815.0,79901.0,1906.9786
1778676000000,79901.0,80142.3,79814.3,80123.2,1112.5205
1778676300000,80123.1,80232.3,80100.0,80196.4,690.6962
1778676600000,80196.5,80246.0,80119.0,80119.0,290.6316
1778676900000,80119.0,80185.4,80100.0,80159.1,261.1716
1778677200000,80159.2,80262.0,80158.2,80239.9,298.5925
1778677500000,80240.0,80311.9,80221.1,80291.9,603.7605
1778677800000,80291.9,80317.0,80264.0,80269.9,240.4878
1778678100000,80269.9,80303.5,80240.0,80263.4,150.5181
1778678400000,80263.3,80263.4,80188.0,80189.0,279.4008
1778678700000,80189.1,80197.2,80103.5,80110.1,254.5815
1778679000000,80110.1,80176.8,80035.3,80098.9,617.6014
1778679300000,80098.9,80099.9,79850.0,79862.8,892.9562
1778679600000,79862.8,79919.1,79740.0,79820.3,1466.4921
1778679900000,79820.3,79820.3,79543.0,79618.2,2387.7486
1778680200000,79618.1,79714.4,79558.0,79714.4,850.2896
1778680500000,79714.3,79746.0,79571.0,79620.1,623.2378
1778680800000,79620.1,79666.0,79420.0,79610.7,1865.7293
1778681100000,79610.7,79733.3,79577.4,79656.4,645.2265
1778681400000,79656.4,79748.0,79643.5,79682.1,536.1295
1778681700000,79682.0,79746.0,79628.1,79678.2,351.4081
1778682000000,79678.2,79785.8,79653.6,79747.6,336.4701
1778682300000,79747.6,79863.2,79747.5,79815.6,495.1503
1778682600000,79815.6,79825.5,79727.0,79744.0,331.1847
1778682900000,79744.0,79778.5,79714.3,79759.9,190.5475
1778683200000,79760.0,79760.0,79666.9,79667.0,227.5941
1778683500000,79666.9,79699.7,79621.7,79635.8,313.4095
1778683800000,79635.8,79784.2,79623.7,79709.6,250.2755
1778684100000,79709.6,79735.0,79675.0,79727.4,186.6774
1778684400000,79727.4,79823.0,79700.0,79714.2,575.694
1778684700000,79714.2,79714.2,79518.0,79581.6,554.2694
1778685000000,79581.5,79581.6,79345.1,79406.1,1079.0844
1778685300000,79406.1,79455.3,79305.5,79305.5,1060.2415
1778685600000,79305.6,79383.7,79260.1,79325.3,948.8581
1778685900000,79325.2,79343.9,79216.5,79250.0,655.3656
1778686200000,79250.0,79297.3,79200.0,79279.1,851.5246
1778686500000,79279.1,79280.0,79200.0,79225.9,493.1515
1778686800000,79225.8,79332.8,79211.3,79221.8,483.6299
1778687100000,79221.9,79243.3,79088.0,79149.9,1776.9901
1778687400000,79149.9,79149.9,79040.1,79071.5,914.4227
1778687700000,79071.5,79072.3,78764.1,78800.1,3088.2013
1778688000000,78800.1,79000.0,78777.3,78884.7,1613.32
1778688300000,78884.7,78886.0,78721.5,78746.9,1089.9615
1778688600000,78746.8,78906.5,78738.4,78899.2,729.0419
1778688900000,78898.6,78914.9,78830.0,78886.9,382.3341
1778689200000,78887.0,79024.3,78880.0,78964.8,590.9009
1778689500000,78964.8,79038.0,78934.5,79028.0,524.3238
1778689800000,79027.9,79114.3,79006.0,79110.0,542.1928
1778690100000,79110.0,79119.5,79072.0,79103.4,359.6965
1778690400000,79103.4,79153.5,79082.0,79116.5,522.3333
1778690700000,79116.5,79200.1,79091.5,79175.5,392.1664
1778691000000,79175.6,79192.3,79056.3,79064.0,253.8948
1778691300000,79064.0,79115.2,79047.8,79081.7,160.2434
1778691600000,79081.8,79208.0,79081.8,79200.6,343.6608
1778691900000,79200.6,79202.3,79136.8,79155.2,206.012
1778692200000,79155.2,79199.6,79141.2,79199.6,132.7551
1778692500000,79199.5,79278.7,79074.3,79278.7,697.6457
1778692800000,79278.6,79309.1,79248.9,79268.4,268.431
1778693100000,79268.3,79344.1,79268.3,79310.5,301.1575
1778693400000,79310.6,79328.0,79300.0,79327.5,254.5408
1778693700000,79327.5,79345.6,79310.0,79327.0,103.2365
1778694000000,79327.0,79411.0,79326.9,79400.4,154.2622
1778694300000,79400.5,79431.8,79355.1,79429.4,429.0035
1778694600000,79429.4,79475.3,79429.3,79431.1,316.3201
1778694900000,79431.1,79539.8,79412.0,79477.1,606.6655
1778695200000,79477.1,79576.5,79477.1,79497.4,498.9787
1778695500000,79497.5,79568.2,79497.4,79560.9,170.8661
1778695800000,79560.9,79587.0,79547.2,79570.4,174.1812
1778696100000,79570.4,79684.3,79517.7,79680.3,357.6599
1778696400000,79680.3,79768.0,79680.0,79736.4,519.594
1778696700000,79736.4,79740.0,79690.2,79720.0,179.3801
1778697000000,79719.9,79741.6,79630.6,79679.9,203.9346
1778697300000,79679.9,79705.8,79658.2,79701.6,91.6243
1778697600000,79701.6,79766.0,79606.2,79606.2,175.7564
1778697900000,79606.2,79625.1,79514.7,79537.5,231.8719
1778698200000,79537.6,79599.9,79537.6,79599.9,88.7029
1778698500000,79600.0,79645.0,79544.8,79557.4,138.6034
1778698800000,79557.4,79580.7,79470.1,79488.3,286.4574
1778699100000,79488.4,79518.7,79427.6,79477.3,205.2521
1778699400000,79477.4,79527.6,79458.0,79475.8,76.3119
1778699700000,79475.8,79508.4,79419.0,79430.6,140.4303
1778700000000,79430.5,79462.5,79375.0,79386.5,141.0723
1778700300000,79386.6,79476.0,79360.0,79460.8,218.468
1778700600000,79460.8,79470.0,79456.4,79470.0,472.1184
1778700900000,79470.0,79573.0,79420.5,79526.8,175.3636
1778701200000,79526.9,79545.9,79480.0,79480.0,79.8478
1778701500000,79480.0,79512.9,79471.8,79489.1,86.9351
1778701800000,79489.0,79555.0,79458.2,79528.6,68.0568
1778702100000,79528.7,79619.0,79528.7,79607.7,157.0714
1778702400000,79607.7,79660.0,79603.1,79606.7,345.147
1778702700000,79606.8,79637.0,79591.9,79637.0,91.0626
1778703000000,79636.9,79728.4,79608.2,79614.1,131.3018
1778703300000,79614.1,79694.8,79614.1,79686.3,60.3283
1778703600000,79686.3,79686.4,79614.2,79626.9,123.9899
1778703900000,79626.9,79643.2,79590.7,79590.7,108.1254
1778704200000,79590.7,79694.3,79590.7,79630.1,77.6828
1778704500000,79630.0,79645.1,79618.0,79645.0,62.3988
1778704800000,79645.0,79703.9,79636.0,79682.7,59.1146
1778705100000,79682.8,79727.6,79648.4,79675.7,164.7638
1778705400000,79675.8,79675.8,79640.4,79653.2,59.6804
1778705700000,79653.1,79680.0,79646.9,79676.7,40.1452
1778706000000,79676.6,79676.7,79606.0,79623.9,86.5569
1778706300000,79624.0,79624.0,79373.4,79446.7,321.8095
1778706600000,79446.6,79446.7,79301.3,79413.3,308.4137
1778706900000,79413.3,79413.3,79351.1,79382.9,78.631
1778707200000,79382.9,79399.8,79361.4,79369.0,81.3819
1778707500000,79369.1,79416.4,79358.4,79392.3,88.1822
1778707800000,79392.2,79421.0,79380.0,79412.9,55.4125
1778708100000,79412.9,79449.0,79408.0,79449.0,63.3079
1778708400000,79449.0,79477.6,79427.4,79448.0,50.1124
1778708700000,79448.1,79481.9,79361.7,79449.0,129.2698
1778709000000,79448.9,79491.3,79448.9,79460.1,76.9574
1778709300000,79460.0,79471.8,79336.6,79362.3,69.8996
1778709600000,79362.3,79416.7,79322.4,79334.0,186.5926
1778709900000,79334.0,79334.1,79170.8,79284.7,342.8888
1778710200000,79284.7,79377.8,79284.6,79377.8,102.914
1778710500000,79377.8,79377.8,79260.2,79260.3,84.3752
1778710800000,79260.3,79299.1,79238.4,79299.1,162.434
1778711100000,79299.1,79299.1,79260.2,79287.9,49.458
1778711400000,79287.9,79306.3,79206.7,79259.8,98.6617
1778711700000,79259.9,79273.5,79223.6,79273.4,82.0014
1778712000000,79273.5,79375.0,79273.4,79373.7,102.3848
1778712300000,79373.7,79440.0,79373.6,79384.9,107.0602
1778712600000,79384.9,79431.3,79384.9,79419.6,59.4231
1778712900000,79419.6,79439.2,79367.1,79394.1,98.6404
1778713200000,79394.2,79470.0,79337.0,79337.0,144.6964
1778713500000,79337.0,79393.4,79324.0,79381.4,87.5896
1778713800000,79381.5,79381.5,79322.7,79350.2,90.5842
1778714100000,79350.2,79372.0,79316.2,79327.8,75.2603
1778714400000,79327.9,79388.0,79321.5,79380.1,113.6602
1778714700000,79380.1,79405.4,79260.6,79323.9,205.0017
1778715000000,79323.9,79348.0,79222.1,79272.7,153.8842
1778715300000,79272.8,79311.2,79228.1,79241.2,71.2565
1778715600000,79241.1,79285.0,79240.1,79285.0,50.2587
1778715900000,79284.9,79289.0,79250.1,79250.1,38.4792
1778716200000,79250.0,79289.0,79199.3,79289.0,97.7683
1778716500000,79289.0,79289.0,79273.8,79288.2,31.1642
1778716800000,79288.2,79408.5,79280.7,79340.6,228.1362
1778717100000,79340.7,79466.9,79331.9,79450.1,229.583
1778717400000,79450.1,79500.0,79428.7,79499.9,156.9394
1778717700000,79499.9,79565.9,79470.0,79470.1,266.7411
1778718000000,79470.1,79495.0,79408.4,79463.6,107.5355
1778718300000,79463.5,79492.8,79407.4,79423.3,114.9324
1778718600000,79423.4,79567.7,79423.4,79567.6,177.8717
1778718900000,79567.6,79573.0,79524.4,79556.4,140.2686
1778719200000,79556.4,79615.0,79541.7,79615.0,183.3841
1778719500000,79615.0,79658.2,79582.8,79586.8,303.5018
1778719800000,79586.8,79586.8,79510.2,79521.9,201.8292
1778720100000,79522.0,79585.0,79521.9,79535.7,162.2993
1778720400000,79535.6,79650.8,79510.0,79641.6,238.5453
1778720700000,79641.5,79650.8,79555.0,79570.0,82.2815
1778721000000,79570.0,79629.5,79536.6,79583.5,144.9119
1778721300000,79583.6,79599.7,79463.4,79575.1,118.1135
1778721600000,79575.0,79582.5,79539.7,79561.9,99.9368
1778721900000,79562.0,79609.6,79500.0,79511.6,207.2511
1778722200000,79511.5,79556.5,79417.0,79457.5,130.3465
1778722500000,79457.6,79459.9,79341.3,79428.0,293.1652
1778722800000,79427.9,79469.6,79392.7,79452.6,90.4372
1778723100000,79452.7,79535.3,79393.3,79507.7,103.9979
1778723400000,79507.7,79638.0,79507.7,79590.9,230.1276
1778723700000,79590.9,79600.1,79559.3,79560.4,56.1019
1778724000000,79560.3,79638.3,79560.0,79575.1,191.9372
1778724300000,79575.1,79616.2,79571.9,79607.9,76.6293
1778724600000,79608.0,79631.8,79550.0,79550.2,89.5503
1778724900000,79550.2,79568.0,79516.5,79559.9,169.5228
1778725200000,79559.9,79620.0,79559.9,79597.1,155.2177
1778725500000,79597.0,79623.7,79591.6,79623.7,116.5915
1778725800000,79623.7,79623.7,79591.5,79617.9,47.2746
1778726100000,79617.8,79618.2,79591.6,79593.1,71.9003
1778726400000,79593.2,79600.0,79507.1,79555.9,200.456
1778726700000,79555.9,79562.7,79384.0,79384.0,400.2641
1778727000000,79384.0,79392.3,79174.3,79300.8,783.7677
1778727300000,79300.9,79348.0,79294.6,79324.7,325.3023
1778727600000,79324.7,79416.6,79295.0,79394.4,180.7904
1778727900000,79394.4,79394.4,79100.0,79186.6,807.5622
1778728200000,79186.6,79255.5,79159.2,79238.9,220.1588
1778728500000,79238.9,79272.7,79155.0,79190.0,194.8632
1778728800000,79190.1,79199.3,78915.5,79030.1,1312.6458
1778729100000,79030.1,79332.7,79030.1,79288.8,444.3446
1778729400000,79288.8,79356.0,79275.0,79338.4,212.3069
1778729700000,79338.4,79374.0,79128.7,79145.5,329.6289
1778730000000,79145.4,79192.1,79127.9,79168.0,188.6772
1778730300000,79167.9,79168.0,79027.4,79037.5,241.4601
1778730600000,79037.5,79076.6,78988.0,79065.2,318.1811
1778730900000,79065.2,79068.2,78863.0,79008.1,749.4234
1778731200000,79008.2,79036.4,78940.0,79036.4,255.9229
1778731500000,79036.4,79218.0,79028.4,79198.0,335.7031
1778731800000,79198.1,79223.1,79189.9,79223.1,125.9856
1778732100000,79223.0,79333.6,79205.0,79310.3,224.531
1778732400000,79310.3,79333.6,79261.3,79287.1,198.8078
1778732700000,79287.1,79320.0,79275.6,79288.7,135.0154
1778733000000,79288.6,79332.0,79275.6,79275.7,240.9123
1778733300000,79275.6,79352.0,79275.6,79342.3,143.906
1778733600000,79342.4,79352.0,79325.8,79345.7,84.7078
1778733900000,79345.7,79444.7,79285.9,79402.2,291.2396
1778734200000,79402.2,79419.3,79355.2,79412.2,131.8353
1778734500000,79412.3,79425.0,79379.2,79411.2,198.3858
1778734800000,79411.2,79440.0,79361.4,79424.9,230.6037
1778735100000,79424.8,79442.8,79371.1,79425.5,137.5545
1778735400000,79425.6,79434.3,79357.4,79370.7,229.2381
1778735700000,79370.6,79449.4,79337.2,79420.9,172.3222
1778736000000,79420.9,79560.0,79420.8,79555.3,245.3546
1778736300000,79555.3,79578.8,79483.6,79559.9,296.3911
1778736600000,79559.9,79726.8,79559.9,79650.0,523.8757
1778736900000,79650.1,79736.0,79650.0,79665.4,505.4843
1778737200000,79665.3,79699.3,79646.8,79665.5,265.6898
1778737500000,79665.6,79832.0,79665.6,79798.8,806.4296
1778737800000,79798.7,79970.0,79798.7,79811.5,930.4675
1778738100000,79811.6,79819.9,79730.2,79775.9,339.5757
1778738400000,79776.0,79857.7,79766.0,79852.2,438.7435
1778738700000,79852.2,79912.5,79820.0,79820.0,188.916
1778739000000,79820.0,79905.3,79820.0,79879.9,211.3974
1778739300000,79879.9,79885.8,79800.1,79804.7,214.9047
1778739600000,79804.6,79850.0,79804.6,79812.0,95.5521
1778739900000,79812.1,79841.9,79786.2,79788.0,127.6673
1778740200000,79788.0,79809.0,79716.8,79727.9,363.6488
1778740500000,79727.9,79805.5,79720.9,79805.4,175.3919
1778740800000,79805.4,79860.9,79800.2,79836.2,217.337
1778741100000,79836.2,79850.0,79780.0,79784.0,119.3433
1778741400000,79783.9,79817.3,79783.8,79806.2,96.8807
1778741700000,79806.3,79806.3,79763.7,79772.3,75.9606
1778742000000,79772.3,79834.7,79680.1,79708.5,291.7971
1778742300000,79708.6,79778.5,79704.0,79735.9,133.2229
1778742600000,79735.9,79736.0,79690.0,79713.3,103.254
1778742900000,79713.3,79716.4,79663.6,79663.6,225.1012
1778743200000,79663.6,79740.0,79663.0,79717.4,79.6871
1778743500000,79717.5,79811.8,79717.5,79755.7,158.0797
1778743800000,79755.6,79879.9,79755.6,79869.8,171.4081
1778744100000,79869.8,79900.0,79857.2,79868.9,230.1107
1778744400000,79868.9,79873.4,79833.8,79866.6,122.3523
1778744700000,79866.6,79873.3,79824.7,79849.8,92.5286
1778745000000,79849.8,79849.8,79790.3,79790.4,116.6975
1778745300000,79790.3,79840.4,79700.6,79708.2,192.4784
1778745600000,79708.2,79747.8,79603.2,79633.0,468.5875
1778745900000,79633.1,79742.6,79587.2,79742.6,332.6805
1778746200000,79742.6,79850.0,79722.9,79808.0,210.8693
1778746500000,79807.9,79840.0,79783.6,79794.6,78.9883
1778746800000,79794.7,79794.7,79674.7,79713.6,174.2933
1778747100000,79713.6,79782.9,79713.5,79740.1,102.267
1778747400000,79740.1,79849.0,79737.4,79849.0,170.8644
1778747700000,79849.0,79908.0,79840.1,79900.1,357.34
1778748000000,79900.0,79900.1,79819.2,79858.8,235.4088
1778748300000,79858.8,79861.5,79760.3,79760.4,158.0316
1778748600000,79760.4,79804.5,79745.5,79794.2,111.8649
1778748900000,79794.2,79800.0,79762.6,79782.5,62.2391
1778749200000,79782.5,79882.6,79782.5,79815.2,410.2047
1778749500000,79815.3,79861.1,79805.3,79843.6,80.236
1778749800000,79843.5,79882.4,79772.7,79790.4,152.6955
1778750100000,79790.5,79793.0,79748.1,79793.0,129.5975
1778750400000,79793.0,79810.0,79738.0,79738.0,69.0746
1778750700000,79738.0,79743.9,79690.3,79701.0,141.8991
1778751000000,79701.0,79701.1,79614.0,79696.7,191.7174
1778751300000,79696.8,79713.0,79554.7,79582.2,518.8881
1778751600000,79582.2,79639.2,79552.7,79638.1,170.2389
1778751900000,79638.1,79638.2,79545.2,79564.0,196.5652
1778752200000,79563.9,79598.1,79548.0,79555.3,136.5257
1778752500000,79555.3,79638.2,79535.0,79600.0,212.5937
1778752800000,79599.9,79699.9,79569.6,79650.3,395.4185
1778753100000,79650.3,79673.3,79528.5,79553.2,220.1092
1778753400000,79553.3,79717.5,79540.5,79599.0,303.637
1778753700000,79599.0,79740.6,79599.0,79715.8,175.883
1778754000000,79715.9,79727.4,79635.0,79635.7,122.3616
1778754300000,79635.7,79681.0,79628.3,79660.3,57.0724
1778754600000,79660.3,79660.3,79563.4,79627.9,143.8712
1778754900000,79628.0,79628.0,79551.5,79551.5,104.5126
1778755200000,79551.6,79551.6,79370.5,79427.9,752.2979
1778755500000,79427.9,79484.0,79427.9,79484.0,127.4837
1778755800000,79484.0,79590.6,79480.0,79580.9,233.9311
1778756100000,79580.9,79608.6,79541.7,79542.3,103.2721
1778756400000,79542.3,79576.1,79484.2,79513.5,187.1817
1778756700000,79513.5,79577.3,79466.1,79577.3,90.0959
1778757000000,79577.3,79580.0,79465.7,79465.9,82.1946
1778757300000,79465.8,79512.1,79427.5,79491.4,137.817
1778757600000,79491.4,79529.9,79380.0,79383.7,185.1204
1778757900000,79383.8,79383.8,79214.4,79327.9,537.7318
1778758200000,79327.9,79337.5,79258.0,79269.8,209.3936
1778758500000,79269.8,79375.6,79234.3,79338.7,244.5019
1778758800000,79338.7,79358.1,79243.4,79253.5,166.6241
1778759100000,79253.4,79307.4,79190.1,79263.1,280.6142
1778759400000,79263.0,79299.9,79247.5,79297.6,111.1799
1778759700000,79297.7,79297.7,79225.0,79225.0,75.9474
1778760000000,79225.0,79353.5,79199.2,79342.3,270.152
1778760300000,79342.2,79346.7,79284.3,79310.8,147.6256
1778760600000,79310.7,79383.8,79300.0,79335.6,107.6273
1778760900000,79335.6,79381.6,79256.0,79278.1,202.1905
1778761200000,79278.1,79354.1,79268.5,79353.1,110.2736
1778761500000,79353.0,79428.3,79353.0,79397.0,205.9168
1778761800000,79397.1,79553.6,79366.1,79545.0,825.634
1778762100000,79545.1,79656.0,79516.1,79580.2,887.4139
1778762400000,79580.2,79658.0,79560.0,79658.0,283.3905
1778762700000,79658.0,79721.0,79633.8,79718.7,434.4836
1778763000000,79718.7,79719.6,79657.3,79693.8,283.1882
1778763300000,79693.8,79746.9,79684.1,79730.1,192.1815
1778763600000,79730.2,79830.0,79674.0,79815.9,458.2442
1778763900000,79815.9,79855.0,79747.4,79764.7,254.6754
1778764200000,79764.8,79851.0,79741.2,79844.6,211.2867
1778764500000,79844.7,79945.0,79728.9,79753.1,574.6685
1778764800000,79753.1,80043.7,79723.6,79988.0,1260.8915
1778765100000,79987.9,79987.9,79862.3,79912.9,513.6019
1778765400000,79912.9,79950.0,79793.0,79874.1,654.0361
1778765700000,79874.1,79881.0,79648.0,79819.0,759.8232
1778766000000,79819.1,79845.0,79700.0,79819.1,343.6005
1778766300000,79819.1,79981.0,79812.8,79972.0,470.1726
1778766600000,79971.9,80012.5,79855.4,79910.0,636.2866
1778766900000,79909.9,79955.0,79619.5,79655.7,562.3381
1778767200000,79655.7,79820.0,79584.0,79766.3,828.8616
1778767500000,79766.4,79776.5,79516.9,79728.8,806.1468
1778767800000,79728.9,79938.0,79718.4,79921.2,623.2997
1778768100000,79921.1,80221.9,79904.4,80185.3,2168.7779
1778768400000,80185.3,80200.0,80093.6,80163.0,783.8709
1778768700000,80163.1,80193.1,80037.8,80110.2,819.623
1778769000000,80110.1,80134.1,80050.0,80090.2,275.5846
1778769300000,80090.2,80242.8,80055.9,80221.8,618.1632
1778769600000,80221.8,80347.6,80201.1,80297.3,1399.7094
1778769900000,80297.4,80686.1,80297.4,80649.1,2623.545
1778770200000,80649.2,80824.2,80645.9,80800.0,1685.9257
1778770500000,80800.0,80975.9,80799.9,80917.7,1753.9782
1778770800000,80917.7,81130.6,80917.7,80982.3,2560.2026
1778771100000,80982.3,81048.9,80759.1,80851.5,1703.1614
1778771400000,80851.6,80946.4,80833.8,80940.0,810.5699
1778771700000,80940.0,80964.2,80850.2,80964.2,556.6114
1778772000000,80964.2,81088.8,80886.0,80982.0,847.1754
1778772300000,80982.1,80990.0,80928.1,80946.1,298.3438
1778772600000,80946.2,81031.5,80843.4,80886.5,642.2116
1778772900000,80886.5,80919.4,80770.0,80809.9,449.2947
1778773200000,80809.8,80970.5,80809.8,80970.5,355.5069
1778773500000,80970.6,81027.9,80953.0,81027.8,445.6738
1778773800000,81027.9,81264.9,81021.7,81239.4,1275.9822
1778774100000,81239.5,81286.8,81227.2,81241.8,784.6893
1778774400000,81241.9,81477.3,81241.8,81283.4,2636.647
1778774700000,81283.4,81435.0,81283.4,81425.2,679.9457
1778775000000,81425.1,81566.2,81420.2,81514.3,1199.7865
1778775300000,81514.3,81530.0,81340.4,81410.9,750.5708
1778775600000,81410.8,81493.0,81381.5,81434.7,760.2798
1778775900000,81434.7,81549.3,81401.7,81499.9,697.0719
1778776200000,81500.0,81540.0,81383.9,81410.6,597.5325
1778776500000,81410.5,81430.0,81260.1,81409.3,701.3703
1778776800000,81409.2,81594.1,81404.8,81454.6,783.9474
1778777100000,81454.6,81485.8,81325.9,81333.5,497.575
1778777400000,81333.4,81374.8,81015.6,81119.8,1336.7065
1778777700000,81119.9,81874.2,81113.9,81840.1,2161.6587
1778778000000,81840.1,81980.7,81721.2,81963.4,2723.8929
1778778300000,81963.3,82001.0,81839.1,81885.6,1582.5867
1778778600000,81885.6,81955.0,81656.5,81672.1,817.2608
1778778900000,81672.0,81672.1,81386.9,81386.9,1582.0848
1778779200000,81387.0,81476.7,81228.8,81405.3,848.8802
1778779500000,81405.3,81449.5,81300.0,81426.8,543.1408
1778779800000,81426.8,81541.4,81391.5,81538.5,503.0787
1778780100000,81538.5,81690.8,81516.9,81536.5,657.1164
1778780400000,81536.4,81649.4,81460.3,81604.4,240.0197
1778780700000,81604.3,81757.3,81604.3,81712.4,641.2812
1778781000000,81712.4,81734.2,81626.2,81703.7,250.6691
1778781300000,81703.7,81727.3,81617.6,81633.0,225.0853
1778781600000,81633.0,81659.9,81437.3,81458.1,380.7311
1778781900000,81458.1,81708.6,81443.7,81700.5,333.3012
1778782200000,81700.5,81819.9,81690.1,81808.5,513.102
1778782500000,81808.5,81857.1,81703.0,81844.5,373.9842
1778782800000,81844.6,81907.6,81818.1,81894.3,469.2536
1778783100000,81894.3,81925.7,81822.7,81822.7,251.5806
1778783400000,81822.8,81837.4,81490.3,81506.9,968.0925
1778783700000,81506.9,81573.1,81485.5,81542.6,265.0411
1778784000000,81542.5,81542.6,81450.1,81490.9,178.3501
1778784300000,81490.9,81573.9,81470.2,81525.9,180.1177
1778784600000,81526.0,81532.7,81388.7,81430.1,231.6024
1778784900000,81430.1,81627.7,81430.0,81539.9,190.6437
1778785200000,81539.9,81673.8,81525.8,81608.8,156.2995
1778785500000,81608.7,81675.0,81566.0,81580.0,85.1996
1778785800000,81580.0,81592.8,81485.9,81503.8,187.1754
1778786100000,81503.8,81593.3,81450.0,81550.0,413.5843
1778786400000,81549.9,81566.8,81400.0,81407.8,132.7765
1778786700000,81407.8,81432.8,81280.0,81307.0,442.6832
1778787000000,81307.0,81445.2,81292.3,81434.5,233.6778
1778787300000,81434.4,81434.5,81310.1,81342.4,178.7024
1778787600000,81342.5,81430.1,81340.0,81400.0,190.6689
1778787900000,81400.0,81400.1,81337.1,81362.9,105.1967
1778788200000,81362.9,81436.0,81330.0,81436.0,82.8913
1778788500000,81435.9,81435.9,81340.7,81380.8,239.1702
1778788800000,81380.9,81535.9,81380.9,81502.5,228.4908
1778789100000,81502.6,81550.0,81435.0,81494.0,125.0624
1778789400000,81493.9,81515.2,81305.1,81305.1,66.3347
1778789700000,81305.1,81373.3,81269.3,81269.3,153.5582
1778790000000,81269.4,81278.4,81181.7,81274.3,280.4247
1778790300000,81274.3,81277.5,81190.8,81241.1,121.2992
1778790600000,81241.1,81270.0,81190.0,81201.0,121.8799
1778790900000,81201.0,81201.1,81125.4,81136.6,241.4248
1778791200000,81136.6,81219.4,81136.6,81214.3,176.5998
1778791500000,81214.3,81319.3,81214.2,81310.6,183.4281
1778791800000,81310.5,81433.1,81310.5,81361.3,250.0694
1778792100000,81361.2,81388.0,81330.1,81388.0,90.6332
1778792400000,81387.9,81450.5,81330.7,81355.0,229.7722
1778792700000,81355.1,81396.4,81345.0,81381.9,72.1682
1778793000000,81381.9,81381.9,81287.1,81302.6,65.7281
1778793300000,81302.7,81326.7,81228.3,81261.0,84.8523
1778793600000,81261.0,81339.0,81242.4,81307.7,62.0079
1778793900000,81307.8,81439.0,81301.0,81387.1,171.2321
1778794200000,81387.1,81474.1,81381.8,81426.0,106.053
1778794500000,81426.0,81497.9,81411.9,81451.8,102.4897
1778794800000,81451.9,81467.0,81413.5,81424.4,63.433
1778795100000,81424.4,81433.0,81370.1,81401.9,71.5865
1778795400000,81401.9,81429.0,81359.8,81428.9,47.3557
1778795700000,81428.9,81428.9,81333.7,81360.7,78.2124
1778796000000,81360.7,81395.6,81300.0,81374.4,123.3251
1778796300000,81374.4,81427.9,81357.9,81408.3,66.5341
1778796600000,81408.2,81472.1,81385.8,81472.1,79.1349
1778796900000,81472.1,81472.1,81368.4,81369.0,48.7066
1778797200000,81368.9,81418.2,81368.9,81404.2,56.0248
1778797500000,81404.2,81419.9,81388.0,81409.2,37.0146
1778797800000,81409.3,81499.8,81400.1,81463.7,185.6844
1778798100000,81463.7,81481.6,81440.4,81471.1,162.5106
1778798400000,81471.1,81500.0,81461.0,81481.9,46.3656
1778798700000,81481.8,81523.6,81470.0,81482.4,108.5788
1778799000000,81482.4,81482.4,81420.0,81420.0,87.6264
1778799300000,81420.0,81426.9,81388.6,81421.9,63.2343
1778799600000,81421.9,81421.9,81275.1,81292.3,370.8409
1778799900000,81292.2,81292.3,81138.6,81166.4,257.8038
1778800200000,81166.4,81221.5,81166.4,81220.8,179.0902
1778800500000,81220.9,81231.6,81200.9,81203.8,126.364
1778800800000,81203.8,81270.9,81154.8,81259.8,189.1504
1778801100000,81259.9,81350.0,81244.5,81327.6,121.5071
1778801400000,81327.6,81332.3,81286.7,81286.8,86.5182
1778801700000,81286.8,81302.7,81236.7,81236.7,52.4499
1778802000000,81236.7,81236.7,81165.3,81181.0,140.8263
1778802300000,81181.0,81181.0,81025.0,81053.8,404.0257
1778802600000,81053.9,81075.5,81012.0,81036.2,207.4319
1778802900000,81036.2,81060.0,81021.9,81060.0,137.7617
1778803200000,81059.9,81130.0,81030.0,81110.0,237.6723
1778803500000,81110.1,81282.8,81110.1,81264.2,196.0975
1778803800000,81264.2,81443.9,81264.2,81443.9,246.1029
1778804100000,81443.9,81454.9,81342.0,81388.0,390.8485
1778804400000,81388.0,81415.8,81305.8,81408.6,164.5341
1778804700000,81408.5,81420.0,81355.0,81420.0,92.8162
1778805000000,81420.0,81630.5,81382.7,81587.6,511.098
1778805300000,81587.7,81613.1,81490.5,81499.9,174.5604
1778805600000,81499.9,81508.1,81224.5,81299.0,319.6736
1778805900000,81298.9,81543.0,81298.9,81527.4,321.7509
1778806200000,81527.4,81558.1,81425.8,81446.6,196.2087
1778806500000,81446.6,81498.8,81410.3,81471.8,81.8502
1778806800000,81471.8,81583.3,81471.8,81549.9,188.4715
1778807100000,81550.0,81550.0,81455.6,81489.9,112.9072
1778807400000,81489.8,81518.0,81469.9,81491.3,75.7369
1778807700000,81491.3,81549.9,81439.7,81513.0,133.3034
1778808000000,81512.9,81513.0,81383.2,81431.3,241.66
1778808300000,81431.3,81475.7,81336.6,81336.7,181.5326
1778808600000,81336.7,81340.4,81161.0,81248.3,410.5328
1778808900000,81248.2,81449.3,81211.8,81363.4,214.1239
1778809200000,81363.5,81388.0,81305.7,81345.6,121.5538
1778809500000,81345.5,81349.3,81192.1,81261.2,288.5666
1778809800000,81261.2,81270.8,81056.1,81229.6,433.4166
1778810100000,81229.7,81241.5,81088.0,81088.0,241.1482
1778810400000,81088.0,81164.3,80933.1,81147.7,1194.4623
1778810700000,81147.7,81147.7,80963.3,80997.1,583.6982
1778811000000,80997.2,81003.4,80818.0,80892.6,1127.8451
1778811300000,80892.6,80994.3,80820.0,80918.3,393.4625
1778811600000,80918.3,80949.7,80868.9,80939.4,235.0137
1778811900000,80939.4,80939.4,80833.1,80868.2,392.8175
1778812200000,80868.1,80873.5,80691.6,80751.6,955.9806
1778812500000,80751.6,80918.4,80739.8,80836.2,413.9964
1778812800000,80836.2,81087.0,80830.6,81049.4,621.577
1778813100000,81049.4,81137.7,81049.4,81066.7,378.8163
1778813400000,81066.8,81315.9,81066.7,81262.1,898.3655
1778813700000,81262.1,81288.0,81228.3,81261.3,213.7558
1778814000000,81261.3,81309.6,81188.0,81188.0,296.5098
1778814300000,81188.0,81219.8,81090.8,81131.9,313.8756
1778814600000,81132.0,81240.3,81132.0,81194.2,289.5785
1778814900000,81194.2,81204.9,81125.6,81193.3,152.3712
1778815200000,81193.4,81210.0,81121.2,81209.9,96.7759
1778815500000,81210.0,81223.0,81171.7,81219.1,89.8759
1778815800000,81219.2,81219.2,80913.0,80938.7,959.66
1778816100000,80938.6,81012.8,80868.3,80929.7,749.9067
1778816400000,80929.7,81011.8,80929.6,80949.7,142.9368
1778816700000,80949.6,80992.4,80928.0,80928.0,108.0004
1778817000000,80928.1,81010.4,80928.1,80993.1,128.9068
1778817300000,80993.0,81076.2,80993.0,81021.1,142.1811
1778817600000,81021.2,81021.2,80900.2,80948.0,217.368
1778817900000,80948.0,81067.7,80948.0,81002.3,250.2876
1778818200000,81002.4,81050.0,80947.4,80995.2,125.2489
1778818500000,80995.3,81032.6,80930.0,80953.6,109.0059
1778818800000,80953.5,80953.6,80862.1,80936.9,258.1313
1778819100000,80936.9,80949.8,80871.0,80871.1,154.4694
1778819400000,80871.0,80944.2,80840.0,80944.1,161.3732
1778819700000,80944.2,80958.2,80900.0,80943.4,97.4051
1778820000000,80943.3,81000.0,80889.2,80890.3,149.9746
1778820300000,80890.2,80914.4,80825.5,80857.4,273.3497
1778820600000,80857.3,80879.1,80778.0,80791.9,248.432
1778820900000,80791.8,80791.9,80660.0,80693.1,474.5423
1778821200000,80693.1,80816.0,80616.4,80816.0,626.9915
1778821500000,80816.1,80816.1,80680.0,80758.1,203.051
1778821800000,80758.1,80783.3,80700.0,80783.3,246.81
1778822100000,80783.3,80842.4,80756.4,80818.4,155.0649
1778822400000,80818.5,80849.9,80742.9,80826.4,126.793
1778822700000,80826.4,80848.8,80729.4,80761.6,114.4533
1778823000000,80761.7,80787.1,80461.2,80521.9,1183.3064
1778823300000,80521.9,80521.9,80268.1,80377.2,2303.896
1778823600000,80377.1,80468.0,80308.2,80427.2,680.3629
1778823900000,80427.2,80439.8,80325.8,80362.1,381.0419
1778824200000,80362.1,80523.0,80362.0,80420.5,362.4058
1778824500000,80420.5,80420.5,80251.5,80322.3,468.2354
1778824800000,80322.3,80413.3,80282.4,80403.1,548.9593
1778825100000,80403.2,80434.8,80359.8,80397.8,315.9418
1778825400000,80397.8,80428.9,80366.0,80377.2,172.324
1778825700000,80377.3,80449.6,80321.2,80321.3,212.2648
1778826000000,80321.2,80432.0,80275.0,80383.1,264.2648
1778826300000,80383.0,80486.0,80370.9,80486.0,296.2868
1778826600000,80486.0,80572.3,80465.9,80482.3,409.5747
1778826900000,80482.3,80539.1,80457.3,80539.0,291.1869
1778827200000,80539.1,80594.7,80539.1,80562.1,271.4962
1778827500000,80562.1,80597.1,80524.3,80561.3,269.8207
1778827800000,80561.4,80567.7,80519.6,80546.6,107.0753
1778828100000,80546.7,80600.0,80510.0,80553.0,193.0929
1778828400000,80553.0,80613.4,80526.0,80585.3,231.3786
1778828700000,80585.3,80641.3,80523.2,80590.0,234.1697
1778829000000,80589.9,80755.7,80589.9,80737.9,426.7228
1778829300000,80738.0,80792.7,80669.6,80699.9,378.4379
1778829600000,80700.0,80905.9,80699.9,80872.0,1069.6653
1778829900000,80872.0,80984.8,80861.8,80880.3,779.7163
1778830200000,80880.3,80885.1,80750.0,80787.1,657.2285
1778830500000,80787.2,80808.0,80725.7,80767.0,215.7724
1778830800000,80766.9,80823.0,80705.9,80790.7,353.6389
1778831100000,80790.6,80823.4,80762.1,80817.9,212.094
1778831400000,80817.8,80855.9,80800.1,80800.2,240.4237
1778831700000,80800.1,80841.8,80786.6,80787.2,120.4927
1778832000000,80787.2,80799.9,80648.2,80666.0,599.962
1778832300000,80665.9,80723.0,80657.0,80681.4,134.167
1778832600000,80681.4,80700.0,80642.1,80700.0,114.7006
1778832900000,80699.9,80700.0,80530.0,80600.0,402.1638
1778833200000,80599.9,80637.0,80583.0,80595.3,163.9925
1778833500000,80595.4,80626.5,80485.0,80508.6,367.2119
1778833800000,80508.5,80570.9,80370.1,80568.6,459.7602
1778834100000,80568.7,80643.5,80541.1,80614.2,206.0568
1778834400000,80614.2,80688.0,80614.2,80659.6,216.1937
1778834700000,80659.7,80659.7,80600.0,80620.7,117.4168
1778835000000,80620.7,80620.8,80531.0,80583.9,126.1176
1778835300000,80583.9,80638.6,80560.0,80614.0,87.2977
1778835600000,80614.0,80627.9,80517.9,80596.0,181.4346
1778835900000,80596.0,80648.8,80536.0,80569.4,120.2376
1778836200000,80569.4,80582.2,80515.3,80541.8,142.7394
1778836500000,80541.8,80543.6,80491.0,80497.9,90.6736
1778836800000,80497.8,80513.9,80433.0,80478.4,223.1144
1778837100000,80478.5,80549.9,80422.0,80542.4,125.1816
1778837400000,80542.4,80612.0,80518.1,80590.1,108.6206
1778837700000,80590.1,80613.9,80457.5,80467.9,206.6676
1778838000000,80468.0,80483.9,80388.0,80392.9,290.8241
1778838300000,80393.0,80439.0,80375.1,80405.2,217.6743
1778838600000,80405.3,80405.3,80333.0,80377.0,323.4563
1778838900000,80377.0,80476.0,80349.7,80458.6,371.9503
1778839200000,80458.5,80472.0,80370.6,80440.3,440.7056
1778839500000,80440.3,80533.3,80431.8,80530.2,181.7318
1778839800000,80530.2,80577.2,80515.7,80560.1,165.9676
1778840100000,80560.1,80560.1,80460.0,80468.0,98.6392
1778840400000,80468.1,80529.9,80461.0,80517.1,96.3729
1778840700000,80517.0,80549.0,80470.9,80480.7,61.4471
1778841000000,80480.8,80544.2,80480.7,80526.9,76.8494
1778841300000,80526.9,80534.1,80461.4,80470.2,236.7977
1778841600000,80470.3,80508.1,80403.3,80508.1,209.642
1778841900000,80508.1,80682.2,80491.9,80586.0,444.9661
1778842200000,80585.9,80744.5,80585.9,80710.4,490.2352
1778842500000,80710.3,80726.1,80668.3,80684.4,240.0339
1778842800000,80684.5,80728.3,80591.8,80599.1,203.625
1778843100000,80599.1,80629.0,80560.1,80578.5,152.8543
1778843400000,80578.5,80649.0,80560.0,80649.0,68.7611
1778843700000,80648.9,80694.6,80608.1,80630.7,154.2361
1778844000000,80630.6,80651.4,80560.0,80560.0,136.7631
1778844300000,80560.0,80600.0,80559.9,80595.8,89.9273
1778844600000,80595.8,80610.3,80562.8,80575.4,80.4626
1778844900000,80575.4,80620.0,80564.0,80572.1,86.9701
1778845200000,80572.1,80617.4,80555.6,80612.0,124.027
1778845500000,80612.0,80678.3,80601.6,80635.2,90.6872
1778845800000,80635.3,80677.9,80617.4,80648.7,67.3694
1778846100000,80648.8,80648.8,80555.0,80592.0,61.8761
1778846400000,80591.9,80609.6,80470.2,80474.4,335.1028
1778846700000,80474.4,80562.5,80357.0,80560.5,563.4521
1778847000000,80560.6,80562.5,80375.0,80375.0,237.2352
1778847300000,80375.1,80482.2,80338.0,80477.3,451.0315
1778847600000,80477.2,80550.0,80430.6,80451.5,411.391
1778847900000,80451.4,80500.0,80430.0,80499.9,110.587
1778848200000,80499.9,80526.6,80388.0,80514.3,477.4187
1778848500000,80514.2,80514.3,80400.0,80428.7,135.6909
1778848800000,80428.8,80428.8,80356.0,80365.2,201.2282
1778849100000,80365.2,80395.4,80333.3,80364.4,217.2745
1778849400000,80364.5,80413.4,80279.3,80328.4,441.0392
1778849700000,80328.3,80363.8,80312.0,80353.7,172.5975
1778850000000,80353.7,80354.5,80011.5,80113.3,2025.1217
1778850300000,80113.3,80118.5,80037.0,80071.4,477.8807
1778850600000,80071.3,80131.5,80030.0,80094.7,556.1447
1778850900000,80094.7,80117.9,80030.0,80100.2,429.5887
1778851200000,80100.2,80195.3,80100.1,80133.9,504.4061
1778851500000,80134.0,80164.8,79956.7,79972.0,812.0122
1778851800000,79972.1,79979.9,79600.1,79676.7,3222.3161
1778852100000,79676.7,79681.9,79248.4,79271.2,2881.4866
1778852400000,79271.2,79320.0,79050.4,79109.5,2690.9284
1778852700000,79109.4,79254.9,78977.1,79093.3,2646.3688
1778853000000,79093.2,79121.0,78628.8,79025.6,4922.409
1778853300000,79025.5,79025.6,78646.4,78709.5,2301.1077
1778853600000,78709.5,78941.3,78588.2,78916.3,3137.1507
1778853900000,78916.2,79161.2,78800.0,79068.8,1353.6516
1778854200000,79068.8,79312.2,79007.5,79212.0,1467.2114
1778854500000,79212.0,79272.1,79138.0,79179.9,975.0513
1778854800000,79180.0,79236.8,79100.0,79133.7,692.4019
1778855100000,79133.7,79133.8,78967.4,79037.9,705.7281
1778855400000,79037.8,79115.4,78960.0,79090.3,573.0439
1778855700000,79090.4,79188.1,79083.9,79117.8,285.3971
1778856000000,79117.7,79245.0,79109.9,79180.4,582.1294
1778856300000,79180.4,79191.4,78900.3,78980.5,564.7003
1778856600000,78980.5,79156.3,78940.0,79151.6,448.1002
1778856900000,79151.6,79274.4,79088.0,79110.1,451.8194
1778857200000,79110.0,79200.0,79036.5,79068.9,631.188
1778857500000,79068.9,79218.7,79050.0,79218.7,265.2638
1778857800000,79218.7,79283.8,79175.8,79195.3,306.9353
1778858100000,79195.2,79257.1,79150.6,79233.3,201.5724
1778858400000,79233.4,79333.0,79211.2,79211.3,447.1887
1778858700000,79211.2,79211.2,79066.9,79100.0,203.663
1778859000000,79100.0,79186.3,79100.0,79110.9,177.6549
1778859300000,79111.0,79137.3,79050.0,79089.7,367.7128
1778859600000,79089.6,79139.9,79023.6,79050.7,411.5304
1778859900000,79050.7,79136.5,78970.0,79090.0,199.93
1778860200000,79090.0,79195.0,79069.9,79195.0,136.7483
1778860500000,79195.0,79205.1,79100.0,79117.2,151.4429
1778860800000,79117.1,79164.8,79067.0,79164.8,274.4248
1778861100000,79164.8,79212.6,79100.0,79164.0,170.0451
1778861400000,79164.1,79195.5,79102.0,79156.5,163.7332
1778861700000,79156.5,79167.5,79100.0,79140.3,124.3999
1778862000000,79140.4,79266.0,79127.1,79241.7,357.1948
1778862300000,79241.6,79275.5,79180.0,79274.0,163.3239
1778862600000,79274.0,79348.5,79235.6,79282.6,319.0909
1778862900000,79282.5,79282.5,79206.2,79266.6,128.1423
1778863200000,79266.7,79282.4,79212.0,79237.5,80.2915
1778863500000,79237.5,79300.0,79100.0,79227.4,612.3437
1778863800000,79227.4,79263.7,79146.1,79204.0,215.2105
1778864100000,79203.9,79262.3,79191.2,79254.3,180.1024
1778864400000,79254.4,79254.4,79184.7,79208.8,131.0775
1778864700000,79208.8,79311.0,79200.1,79250.6,447.1218
1778865000000,79250.5,79270.8,79183.5,79219.0,149.1943
1778865300000,79219.1,79251.2,79189.0,79232.5,156.8102
1778865600000,79232.4,79310.9,79206.6,79279.8,209.5823
1778865900000,79279.7,79420.0,79272.2,79333.0,776.9713
1778866200000,79333.0,79425.0,79325.1,79413.5,216.605
1778866500000,79413.4,79473.7,79347.1,79432.2,533.3221
1778866800000,79432.2,79443.1,79345.0,79360.1,114.6385
1778867100000,79360.0,79384.5,79333.3,79379.2,110.7803
1778867400000,79379.2,79404.7,79328.6,79391.8,86.9537
1778867700000,79391.8,79469.9,79388.2,79424.5,129.4283
1778868000000,79424.4,79530.0,79402.7,79490.2,547.0527
1778868300000,79490.2,79491.0,79393.9,79410.5,181.9524
1778868600000,79410.4,79487.7,79383.4,79439.5,156.2576
1778868900000,79439.5,79456.0,79166.9,79182.0,477.1201
1778869200000,79182.1,79317.1,79182.0,79297.3,107.4662
1778869500000,79297.4,79304.9,79229.9,79245.7,119.5035
1778869800000,79245.6,79248.2,79123.8,79187.4,186.464
1778870100000,79187.3,79285.7,79166.9,79222.9,99.7529
1778870400000,79222.9,79270.0,79166.0,79249.9,74.1956
1778870700000,79250.0,79250.0,79166.1,79247.3,58.6447
1778871000000,79247.2,79265.9,79202.8,79255.3,45.8532
1778871300000,79255.2,79316.5,79233.5,79244.2,164.0124
1778871600000,79244.2,79259.3,79044.8,79074.2,297.3308
1778871900000,79074.3,79136.4,79074.2,79082.8,144.5272
1778872200000,79082.8,79085.9,79017.5,79043.7,134.5882
1778872500000,79043.6,79113.3,79043.6,79072.3,99.0966
1778872800000,79072.4,79128.0,79068.0,79123.3,75.0096
1778873100000,79123.3,79135.6,79077.0,79090.1,75.9179
1778873400000,79090.1,79159.7,79079.8,79120.0,100.0679
1778873700000,79120.0,79144.2,79060.0,79138.0,143.941
1778874000000,79138.0,79138.0,79050.0,79088.2,208.8632
1778874300000,79088.2,79153.2,79074.1,79131.7,54.9925
1778874600000,79131.6,79150.8,79074.4,79105.1,43.4837
1778874900000,79105.0,79135.9,79088.0,79101.3,83.4708
1778875200000,79101.4,79184.1,79101.4,79149.9,212.2081
1778875500000,79149.9,79150.0,79043.7,79080.7,90.5085
1778875800000,79080.8,79116.0,79062.9,79109.4,64.8725
1778876100000,79109.4,79138.0,79079.8,79102.9,45.3607
1778876400000,79102.9,79103.1,79036.4,79071.9,40.9665
1778876700000,79071.8,79139.8,79070.7,79139.8,37.6364
1778877000000,79139.7,79159.9,79100.0,79126.9,71.5332
1778877300000,79126.9,79126.9,79093.0,79102.8,56.0308
1778877600000,79102.9,79107.8,79036.4,79046.9,53.8381
1778877900000,79046.8,79079.1,78951.5,79023.0,305.5832
1778878200000,79023.0,79079.3,79012.9,79079.2,50.0341
1778878500000,79079.2,79092.6,79058.7,79089.4,45.0529
1778878800000,79089.4,79149.8,79081.1,79081.1,109.3063
1778879100000,79081.1,79129.0,79069.1,79129.0,36.8317
1778879400000,79129.0,79158.4,79106.5,79147.4,44.8675
1778879700000,79147.3,79165.9,79130.0,79160.2,41.1336
1778880000000,79160.3,79160.3,79080.3,79096.0,33.8821
1778880300000,79096.0,79115.3,79081.9,79089.6,40.1348
1778880600000,79089.6,79096.1,79057.1,79096.0,40.7046
1778880900000,79096.0,79114.4,79055.4,79069.2,24.8367
1778881200000,79069.3,79102.5,79050.0,79102.5,45.3409
1778881500000,79102.5,79120.0,79010.0,79010.1,105.2375
1778881800000,79010.1,79060.0,79000.0,79000.0,100.8123
1778882100000,79000.0,79020.9,78856.5,78940.4,409.5504
1778882400000,78940.3,79015.0,78934.2,79015.0,85.6417
1778882700000,79015.0,79025.3,79008.1,79021.7,38.9798
1778883000000,79021.7,79059.8,79021.7,79032.0,37.9742
1778883300000,79031.9,79037.9,79008.2,79011.1,42.365
1778883600000,79011.1,79058.5,78970.0,79053.0,58.9982
1778883900000,79053.0,79053.0,79010.3,79051.4,37.1073
1778884200000,79051.5,79086.4,79020.4,79056.6,48.3648
1778884500000,79056.6,79113.1,79033.3,79077.7,94.8163
1778884800000,79077.8,79115.0,79062.1,79089.8,34.9493
1778885100000,79089.8,79120.0,79075.0,79079.1,92.7882
1778885400000,79079.2,79084.0,79053.4,79053.4,32.4044
1778885700000,79053.5,79083.0,79053.4,79076.1,33.3883
1778886000000,79076.1,79120.0,79058.2,79064.4,61.7009
1778886300000,79064.4,79090.3,79060.7,79060.7,50.9985
1778886600000,79060.8,79087.3,79060.7,79074.8,21.8467
1778886900000,79074.8,79133.6,79064.1,79067.8,66.6505
1778887200000,79067.8,79089.0,79047.9,79073.3,41.5457
1778887500000,79073.3,79099.1,79073.3,79081.0,31.9357
1778887800000,79080.9,79103.6,79073.5,79101.1,56.3217
1778888100000,79101.0,79101.0,79045.6,79074.0,78.5232
1778888400000,79074.0,79108.5,79061.3,79101.4,23.3146
1778888700000,79101.3,79101.4,79066.1,79086.0,38.1195
1778889000000,79085.9,79104.4,79070.4,79089.1,62.0911
1778889300000,79089.1,79094.0,79071.5,79082.4,56.125
1778889600000,79082.4,79109.8,79047.1,79109.8,103.786
1778889900000,79109.8,79168.9,79100.0,79140.0,113.3207
1778890200000,79140.0,79147.3,79106.8,79147.3,55.926
1778890500000,79147.3,79153.0,79125.0,79125.0,93.4895
1778890800000,79125.1,79179.9,79125.0,79154.1,59.5336
1778891100000,79154.1,79167.5,79140.0,79150.1,77.848
1778891400000,79150.1,79180.0,79137.1,79147.5,60.8297
1778891700000,79147.5,79189.9,79131.4,79183.7,49.4418
1778892000000,79183.7,79197.4,79120.3,79125.5,75.6576
1778892300000,79125.5,79148.6,79105.4,79122.9,33.194
1778892600000,79122.8,79122.9,79060.2,79072.8,66.7216
1778892900000,79072.8,79080.2,79042.1,79080.2,102.3442
1778893200000,79080.1,79100.0,79050.0,79072.3,143.1065
1778893500000,79072.3,79108.0,79072.2,79097.0,54.6971
1778893800000,79097.0,79108.0,79071.3,79108.0,32.195
1778894100000,79107.9,79108.0,79065.3,79091.9,66.51
1778894400000,79091.9,79135.1,79075.6,79075.6,70.5913
1778894700000,79075.5,79075.6,79000.0,79001.0,114.4508
1778895000000,79001.0,79043.6,78988.0,79024.0,95.1159
1778895300000,79023.9,79027.5,78978.2,79000.0,72.6384
1778895600000,79000.0,79018.4,78989.9,78995.0,77.0257
1778895900000,78995.1,79067.4,78995.0,79031.0,65.1618
1778896200000,79031.0,79096.3,79030.9,79076.0,67.9358
1778896500000,79076.0,79155.8,79076.0,79131.9,243.5106
1778896800000,79131.9,79161.5,79071.4,79161.4,113.0221
1778897100000,79161.4,79189.4,79128.4,79139.5,130.9994
1778897400000,79139.4,79175.0,79134.7,79172.3,100.5965
1778897700000,79172.3,79182.1,79112.2,79164.2,108.2051
1778898000000,79164.3,79164.3,79135.0,79152.1,94.236
1778898300000,79152.0,79168.2,79118.0,79118.0,94.748
1778898600000,79118.1,79122.7,79063.1,79063.1,125.7224
1778898900000,79063.1,79089.9,79056.0,79056.7,44.1002
1778899200000,79056.6,79107.5,79050.0,79063.2,67.6021
1778899500000,79063.2,79081.5,79045.0,79066.8,44.0182
1778899800000,79066.8,79077.8,79061.1,79073.4,24.0949
1778900100000,79073.4,79129.0,79066.5,79120.2,41.2818
1778900400000,79120.3,79143.9,79101.3,79125.2,42.0771
1778900700000,79125.1,79138.8,79116.9,79136.6,64.3614
1778901000000,79136.6,79156.0,79123.7,79133.8,98.224
1778901300000,79133.8,79150.0,79120.8,79138.1,58.6362
1778901600000,79138.0,79160.0,79122.2,79149.9,38.31
1778901900000,79150.0,79157.6,79120.8,79153.5,37.984
1778902200000,79153.6,79153.6,79109.3,79129.0,75.5456
1778902500000,79129.0,79129.1,79102.7,79105.1,38.6208
1778902800000,79105.1,79105.2,79046.4,79046.4,57.1428
1778903100000,79046.5,79070.0,79038.8,79056.9,62.4648
1778903400000,79056.9,79066.9,79025.6,79066.9,62.2877
1778903700000,79066.8,79105.3,79053.5,79053.5,55.4815
1778904000000,79053.6,79090.0,79020.0,79090.0,133.1065
1778904300000,79089.9,79100.0,79046.0,79091.2,65.577
1778904600000,79091.1,79091.2,79001.4,79047.2,261.2821
1778904900000,79047.1,79068.0,79040.0,79040.0,40.5432
1778905200000,79040.0,79068.5,79040.0,79041.7,34.1724
1778905500000,79041.6,79056.5,79006.7,79007.9,79.485
1778905800000,79007.9,79020.0,78821.1,78888.0,598.4956
1778906100000,78887.9,78955.3,78887.9,78925.7,142.9359
1778906400000,78925.7,78990.0,78925.7,78964.1,131.2597
1778906700000,78964.1,78990.0,78941.5,78969.6,74.2955
1778907000000,78969.6,78969.9,78925.8,78962.6,72.0029
1778907300000,78962.7,79006.6,78962.0,79006.5,57.273
1778907600000,79006.6,79011.4,78900.0,78977.9,108.8142
1778907900000,78978.0,79012.9,78972.0,78986.2,59.816
1778908200000,78986.2,79000.1,78966.0,79000.1,65.5298
1778908500000,79000.0,79001.2,78984.5,78998.7,35.0034
1778908800000,78998.6,78998.7,78985.9,78989.0,30.1196
1778909100000,78988.9,79006.0,78988.9,78990.8,30.7227
1778909400000,78990.8,79002.2,78946.3,78960.9,75.124
1778909700000,78961.0,78984.2,78909.0,78984.2,108.5937
1778910000000,78984.2,79009.8,78952.6,78964.6,124.6612
1778910300000,78964.5,78991.8,78951.6,78982.7,53.7635
1778910600000,78982.6,78990.9,78972.0,78979.2,24.8098
1778910900000,78979.2,78992.5,78930.5,78992.5,69.9337
1778911200000,78992.5,79023.7,78962.5,78995.4,104.385
1778911500000,78995.3,79007.4,78922.9,78939.8,58.3536
1778911800000,78939.7,78939.9,78888.0,78896.8,124.4191
1778912100000,78896.8,78896.8,78866.0,78866.9,165.9373
1778912400000,78866.9,78867.0,78759.5,78796.9,527.538
1778912700000,78797.0,78815.8,78760.0,78797.3,229.0785
1778913000000,78797.4,78850.0,78779.9,78838.9,127.524
1778913300000,78838.9,78870.0,78780.0,78780.0,156.4511
1778913600000,78780.0,78809.1,78701.0,78709.9,523.0736
1778913900000,78710.0,78756.0,78538.1,78565.1,851.8103
1778914200000,78565.1,78642.7,78388.6,78624.5,1483.3432
1778914500000,78624.5,78649.0,78580.1,78616.8,286.1632
1778914800000,78616.8,78618.2,78555.4,78601.6,255.5937
1778915100000,78601.6,78601.6,78401.1,78410.8,567.2402
1778915400000,78410.8,78454.0,78078.3,78220.4,2362.6646
1778915700000,78220.5,78330.1,78002.0,78292.2,1547.3869
1778916000000,78292.3,78400.0,78263.8,78388.9,490.6917
1778916300000,78388.9,78483.3,78377.9,78430.0,355.0
1778916600000,78430.0,78462.1,78315.0,78426.1,318.423
1778916900000,78426.0,78516.3,78400.0,78471.9,287.8917
1778917200000,78471.9,78533.0,78452.9,78462.3,312.0505
1778917500000,78462.3,78480.0,78381.9,78387.3,281.0672
1778917800000,78387.3,78395.0,78300.0,78302.4,427.2234
1778918100000,78302.3,78358.2,78300.0,78333.4,145.2275
1778918400000,78333.4,78400.0,78300.0,78360.9,189.8139
1778918700000,78361.0,78418.2,78333.3,78412.0,243.3204
1778919000000,78412.1,78434.5,78381.9,78381.9,113.0145
1778919300000,78382.0,78395.2,78381.4,78395.2,89.8379
1778919600000,78395.2,78395.2,78331.0,78376.0,150.3788
1778919900000,78376.0,78380.0,78354.4,78371.2,89.4369
1778920200000,78371.3,78470.4,78354.5,78415.2,215.2039
1778920500000,78415.2,78459.4,78388.7,78448.3,156.3969
1778920800000,78448.3,78499.9,78423.6,78429.9,226.614
1778921100000,78429.9,78432.9,78335.4,78365.1,486.6394
1778921400000,78365.0,78385.5,78334.5,78373.9,94.8637
1778921700000,78373.9,78393.9,78340.6,78376.9,197.0948
1778922000000,78376.9,78398.7,78340.0,78386.9,99.2797
1778922300000,78386.9,78386.9,78340.4,78357.5,104.2337
1778922600000,78357.6,78357.6,78200.0,78225.6,482.2669
1778922900000,78225.5,78241.2,77839.4,77939.7,2750.3744
1778923200000,77939.7,78088.0,77900.0,78000.0,816.565
1778923500000,78000.0,78086.0,77969.7,78024.1,379.0699
1778923800000,78024.1,78138.8,78000.0,78119.9,329.7533
1778924100000,78119.8,78158.5,78066.3,78111.2,303.0822
1778924400000,78111.2,78130.0,78079.8,78090.3,138.6198
1778924700000,78090.3,78180.0,78007.7,78026.1,445.1248
1778925000000,78026.2,78100.0,77949.4,78097.6,380.1221
1778925300000,78097.6,78101.4,78030.6,78050.2,173.1567
1778925600000,78050.3,78075.3,77903.7,77930.4,553.1352
1778925900000,77930.5,77958.0,77725.9,77856.1,1176.2595
1778926200000,77856.2,77900.0,77780.6,77887.6,679.8749
1778926500000,77887.6,77935.4,77800.0,77885.0,292.0425
1778926800000,77885.1,77890.7,77800.9,77836.6,188.9685
1778927100000,77836.6,77855.7,77600.0,77742.8,1173.0699
1778927400000,77742.7,77940.0,77729.0,77891.6,542.6678
1778927700000,77891.6,77953.1,77816.0,77872.1,704.5366
1778928000000,77872.1,77900.0,77845.0,77874.1,195.251
1778928300000,77874.0,77938.6,77858.8,77907.9,163.8532
1778928600000,77907.9,77947.6,77888.9,77890.9,114.5936
1778928900000,77891.0,77960.0,77890.9,77943.9,165.5686
1778929200000,77943.9,78066.6,77943.9,78033.2,357.872
1778929500000,78033.1,78033.3,77982.8,78020.8,184.2516
1778929800000,78020.8,78090.6,78010.2,78055.5,198.4051
1778930100000,78055.5,78136.5,78055.1,78113.5,268.4942
1778930400000,78113.5,78113.5,78040.0,78053.0,143.1522
1778930700000,78053.1,78117.6,78053.0,78112.4,76.6982
1778931000000,78112.4,78112.6,78074.0,78105.0,98.9798
1778931300000,78105.0,78166.2,78104.9,78153.8,249.1476
1778931600000,78153.7,78153.7,78131.0,78135.1,87.0828
1778931900000,78135.0,78147.2,78088.0,78094.2,197.8853
1778932200000,78094.1,78098.9,78058.4,78074.8,114.9404
1778932500000,78074.8,78074.9,78048.1,78055.2,89.9427
1778932800000,78055.3,78100.0,78008.2,78075.1,186.7925
1778933100000,78075.1,78087.9,78053.5,78053.5,152.5166
1778933400000,78053.6,78053.6,78019.5,78050.6,132.4309
1778933700000,78050.5,78050.6,77959.0,77961.0,238.9467
1778934000000,77961.0,78009.3,77950.0,77950.0,162.1076
1778934300000,77950.0,77970.2,77900.0,77968.2,239.7771
1778934600000,77968.2,78052.1,77963.6,78051.7,191.7935
1778934900000,78051.7,78051.7,78024.8,78028.6,83.4967
1778935200000,78028.5,78050.0,78026.2,78042.3,87.7906
1778935500000,78042.3,78105.0,78026.9,78031.8,167.2037
1778935800000,78031.8,78085.9,77992.2,78013.2,113.1421
1778936100000,78013.2,78028.0,77978.6,77978.7,52.8642
1778936400000,77978.6,77993.7,77922.0,77944.3,124.1561
1778936700000,77944.4,77985.4,77933.5,77951.3,83.1389
1778937000000,77951.3,77989.5,77866.0,77874.9,183.2649
1778937300000,77875.0,77969.0,77838.7,77963.8,161.4018
1778937600000,77963.7,77963.7,77860.8,77864.2,124.9185
1778937900000,77864.1,77949.0,77856.8,77934.6,121.5428
1778938200000,77934.6,77962.3,77879.0,77879.1,96.6204
1778938500000,77879.0,77879.1,77807.2,77865.7,203.6241
1778938800000,77865.7,77887.5,77857.0,77879.9,94.2356
1778939100000,77880.0,77899.9,77866.8,77899.8,81.3069
1778939400000,77899.8,77945.4,77880.8,77934.1,122.3538
1778939700000,77934.1,77998.9,77934.0,77998.9,118.6663
1778940000000,77998.9,78025.0,77902.2,77902.2,233.6825
1778940300000,77902.2,77937.7,77867.8,77909.9,82.0381
1778940600000,77910.0,77940.6,77905.3,77939.2,51.7806
1778940900000,77939.2,77948.1,77880.0,77895.6,128.727
1778941200000,77895.7,77977.1,77888.0,77967.3,66.4526
1778941500000,77967.2,78032.0,77945.0,77972.6,244.3284
1778941800000,77972.5,78086.9,77972.5,78082.0,234.9014
1778942100000,78082.0,78119.6,78055.5,78091.2,259.444
1778942400000,78091.2,78219.6,78091.2,78192.4,298.928
1778942700000,78192.3,78324.3,78133.0,78152.7,762.9147
1778943000000,78152.6,78152.7,78066.2,78086.6,386.3825
1778943300000,78086.6,78124.5,78076.0,78090.4,149.7144
1778943600000,78090.5,78194.6,78076.0,78169.9,170.465
1778943900000,78169.9,78169.9,78055.8,78089.6,161.7849
1778944200000,78089.5,78094.2,78039.6,78094.2,84.571
1778944500000,78094.2,78125.4,78052.6,78101.8,177.6129
1778944800000,78101.7,78120.8,78051.9,78120.7,99.5089
1778945100000,78120.8,78163.9,78100.0,78100.1,80.0533
1778945400000,78100.1,78200.0,78100.1,78171.9,220.511
1778945700000,78171.9,78206.5,78171.9,78191.4,83.4576
1778946000000,78191.5,78194.4,78150.0,78179.3,85.479
1778946300000,78179.3,78256.0,78170.2,78229.0,204.0444
1778946600000,78229.0,78229.0,78200.0,78200.0,97.5349
1778946900000,78200.0,78226.4,78197.5,78200.0,127.2247
1778947200000,78200.1,78337.4,78150.0,78304.5,404.4361
1778947500000,78304.5,78304.6,78230.0,78232.1,221.9267
1778947800000,78232.0,78232.1,78150.2,78208.9,281.0597
1778948100000,78208.9,78298.6,78174.2,78297.0,178.1237
1778948400000,78296.9,78297.0,78239.1,78269.2,130.5533
1778948700000,78269.2,78296.9,78248.4,78248.4,71.6376
1778949000000,78248.5,78277.5,78222.9,78277.5,99.9507
1778949300000,78277.5,78277.6,78185.4,78210.0,96.9055
1778949600000,78210.1,78210.1,78078.1,78112.9,325.006
1778949900000,78112.9,78192.5,78112.9,78174.7,119.4051
1778950200000,78174.6,78182.6,78113.5,78157.5,62.7787
1778950500000,78157.5,78172.0,78128.5,78166.5,68.8156
1778950800000,78166.5,78225.3,78160.7,78225.3,58.6399
1778951100000,78225.2,78240.0,78218.6,78222.7,37.4193
1778951400000,78222.7,78231.0,78201.2,78230.9,32.4618
1778951700000,78231.0,78254.6,78176.0,78254.6,83.229
1778952000000,78254.7,78266.0,78221.0,78265.9,48.6531
1778952300000,78266.0,78286.2,78215.0,78255.9,64.3956
1778952600000,78255.9,78267.3,78225.6,78267.3,58.0758
1778952900000,78267.2,78287.9,78232.0,78243.4,60.8571
1778953200000,78243.5,78266.0,78233.2,78233.3,18.2484
1778953500000,78233.3,78253.2,78201.7,78253.1,30.2498
1778953800000,78253.2,78266.5,78193.2,78203.9,57.8658
1778954100000,78203.8,78203.9,78168.8,78168.9,59.6451
1778954400000,78168.8,78219.9,78160.2,78164.4,73.1484
1778954700000,78164.4,78183.9,78138.4,78148.8,53.8318
1778955000000,78148.8,78173.3,78138.6,78165.3,50.6039
1778955300000,78165.2,78185.2,78120.4,78133.1,125.1682
1778955600000,78133.0,78139.9,78110.0,78111.2,29.216
1778955900000,78111.2,78164.9,78111.0,78164.8,60.3066
1778956200000,78164.9,78204.2,78164.8,78200.9,88.7289
1778956500000,78200.9,78200.9,78150.0,78163.5,62.9823
1778956800000,78163.5,78239.5,78156.3,78222.0,212.7274
1778957100000,78222.0,78232.0,78199.7,78199.7,28.6813
1778957400000,78199.6,78295.6,78191.0,78191.0,153.7017
1778957700000,78190.9,78230.1,78190.9,78204.7,29.8352
1778958000000,78204.6,78221.8,78171.4,78213.0,29.0473
1778958300000,78213.1,78236.1,78204.2,78204.2,31.5226
1778958600000,78204.3,78210.6,78189.2,78210.6,18.4908
1778958900000,78210.5,78221.5,78200.1,78221.5,29.1571
1778959200000,78221.5,78221.5,78188.0,78219.7,17.9265
1778959500000,78219.6,78264.1,78216.1,78243.1,25.074
1778959800000,78243.0,78250.0,78221.5,78249.9,18.6773
1778960100000,78249.9,78264.7,78235.0,78252.1,33.7714
1778960400000,78252.1,78252.2,78221.6,78227.1,15.6445
1778960700000,78227.1,78270.0,78221.6,78256.8,79.1648
1778961000000,78256.9,78270.0,78190.9,78237.0,91.3437
1778961300000,78236.9,78236.9,78203.9,78226.7,16.1442
1778961600000,78226.8,78265.9,78218.7,78260.7,78.5531
1778961900000,78260.7,78266.0,78241.0,78265.6,43.4725
1778962200000,78265.5,78270.0,78250.0,78259.7,79.5125
1778962500000,78259.8,78287.6,78256.6,78283.0,262.1907
1778962800000,78283.0,78288.7,78256.0,78256.1,41.0732
1778963100000,78256.1,78285.4,78242.3,78242.3,18.5478
1778963400000,78242.3,78242.3,78175.8,78211.8,38.4289
1778963700000,78211.9,78250.0,78194.2,78194.3,25.499
1778964000000,78194.2,78196.3,78165.6,78189.7,70.9945
1778964300000,78189.7,78211.7,78175.6,78211.6,21.7768
1778964600000,78211.6,78222.0,78196.4,78221.6,20.2154
1778964900000,78221.5,78242.2,78210.1,78218.2,71.9804
1778965200000,78218.1,78256.1,78200.8,78256.1,33.6524
1778965500000,78256.0,78280.0,78243.3,78258.0,52.2272
1778965800000,78258.0,78268.6,78220.0,78268.6,53.2277
1778966100000,78268.5,78268.6,78220.0,78220.1,60.9781
1778966400000,78220.0,78254.4,78210.0,78210.1,67.388
1778966700000,78210.1,78253.3,78190.9,78241.3,42.2148
1778967000000,78241.3,78257.7,78237.2,78241.6,21.5933
1778967300000,78241.6,78250.0,78222.8,78229.6,49.6764
1778967600000,78229.6,78250.0,78169.2,78248.9,78.3181
1778967900000,78249.0,78249.0,78206.4,78206.4,33.813
1778968200000,78206.3,78247.8,78206.3,78242.2,28.136
1778968500000,78242.2,78270.0,78230.4,78230.5,90.2681
1778968800000,78230.4,78252.5,78161.1,78171.0,164.3721
1778969100000,78171.0,78175.0,78138.7,78146.4,95.1838
1778969400000,78146.4,78215.0,78146.4,78206.6,59.2537
1778969700000,78206.6,78241.0,78206.5,78211.9,28.9606
1778970000000,78212.0,78241.7,78211.9,78231.7,39.8867
1778970300000,78231.8,78246.6,78224.4,78225.1,80.6695
1778970600000,78225.1,78242.8,78206.5,78210.4,21.7327
1778970900000,78210.3,78221.2,78190.9,78191.0,76.0718
1778971200000,78191.0,78191.0,78187.5,78187.6,13.1534
1778971500000,78187.5,78187.6,78157.4,78177.1,40.6864
1778971800000,78177.1,78194.6,78170.1,78170.5,25.0581
1778972100000,78170.5,78170.5,78146.7,78146.7,22.5781
1778972400000,78146.7,78164.2,78116.9,78124.0,94.8024
1778972700000,78124.1,78172.6,78124.0,78166.4,49.4658
1778973000000,78166.3,78166.4,78147.7,78155.0,44.3837
1778973300000,78155.1,78239.6,78155.1,78212.6,64.8269
1778973600000,78212.7,78212.7,78178.8,78183.8,26.4302
1778973900000,78183.9,78200.8,78183.8,78191.5,19.1936
1778974200000,78191.6,78218.4,78185.7,78191.9,50.6185
1778974500000,78191.9,78216.8,78180.9,78187.3,84.7462
1778974800000,78187.4,78187.4,78163.6,78180.8,45.4553
1778975100000,78180.8,78199.0,78150.0,78150.0,72.8651
1778975400000,78150.0,78150.1,78089.3,78116.9,117.535
1778975700000,78117.0,78148.4,78106.9,78106.9,79.9562
1778976000000,78106.9,78193.8,78106.9,78193.8,74.4681
1778976300000,78193.8,78207.8,78172.6,78191.9,158.0209
1778976600000,78191.9,78208.0,78149.6,78149.6,195.2082
1778976900000,78149.6,78187.2,78149.6,78161.7,42.1072
1778977200000,78161.7,78161.8,78101.1,78148.4,68.7558
1778977500000,78148.3,78155.0,78096.5,78154.9,77.9863
1778977800000,78154.9,78154.9,78131.6,78143.7,41.4338
1778978100000,78143.7,78193.1,78143.7,78162.1,29.7179
1778978400000,78162.1,78170.8,78080.0,78100.0,79.6856
1778978700000,78100.0,78117.1,78031.1,78048.3,170.4511
1778979000000,78048.3,78089.9,78048.3,78057.6,59.5269
1778979300000,78057.6,78057.6,77741.9,77911.1,1068.2238
1778979600000,77911.2,77982.6,77785.9,77938.7,471.1621
1778979900000,77938.6,78031.3,77918.6,78012.0,230.1898
1778980200000,78012.0,78078.8,77992.9,78013.0,144.0756
1778980500000,78013.0,78054.6,77983.3,78004.8,160.0475
1778980800000,78004.7,78022.9,77934.9,77974.9,88.5856
1778981100000,77975.0,77994.4,77867.5,77945.5,129.7139
1778981400000,77945.4,77964.8,77885.5,77944.0,154.2204
1778981700000,77943.9,77943.9,77821.0,77926.0,111.3392
1778982000000,77925.9,77926.0,77673.8,77755.0,798.6762
1778982300000,77755.0,77842.5,77715.9,77766.0,314.6067
1778982600000,77766.0,77828.1,77765.9,77787.0,140.2247
1778982900000,77787.0,77800.6,77672.4,77675.7,215.4589
1778983200000,77675.7,77796.5,77675.7,77779.9,446.8249
1778983500000,77779.9,77813.9,77750.2,77813.3,148.3921
1778983800000,77814.0,77902.1,77812.7,77829.2,216.8413
1778984100000,77829.2,77872.4,77812.0,77872.3,89.9268
1778984400000,77872.3,77894.8,77812.0,77836.0,75.5732
1778984700000,77836.0,77865.9,77800.0,77860.6,73.4019
1778985000000,77860.6,77899.0,77813.5,77824.6,80.961
1778985300000,77824.7,77904.5,77818.0,77876.9,130.754
1778985600000,77877.0,77894.4,77850.1,77881.1,65.1341
1778985900000,77881.1,77895.3,77866.3,77866.3,64.7397
1778986200000,77866.3,77888.0,77811.8,77875.8,142.9948
1778986500000,77875.8,77886.8,77838.3,77860.8,89.427
1778986800000,77860.7,77988.5,77844.1,77944.1,318.672
1778987100000,77944.0,77944.1,77920.3,77920.5,75.9369
1778987400000,77920.6,77937.2,77912.0,77931.2,53.3473
1778987700000,77931.2,77980.8,77923.4,77942.3,97.5384
1778988000000,77942.2,77982.8,77925.0,77959.5,112.0681
1778988300000,77959.4,77968.2,77924.4,77968.1,40.8967
1778988600000,77968.2,78010.0,77940.0,78009.9,156.1374
1778988900000,78009.9,78021.4,77992.5,78015.4,113.8769
1778989200000,78015.4,78036.5,77980.0,77990.9,86.7761
1778989500000,77990.8,78021.3,77980.0,78013.7,92.5762
1778989800000,78013.6,78053.4,77976.1,77976.3,75.6195
1778990100000,77976.4,77999.4,77956.7,77991.6,65.0509
1778990400000,77991.6,78027.0,77964.0,78013.7,80.2327
1778990700000,78013.7,78055.2,78006.8,78017.1,66.5716
1778991000000,78017.1,78021.0,77990.1,78021.0,53.1079
1778991300000,78021.0,78061.2,78020.9,78050.0,84.6226
1778991600000,78049.9,78100.0,78039.6,78087.0,121.2138
1778991900000,78086.9,78119.6,78053.5,78058.5,121.2345
1778992200000,78058.4,78058.5,78020.0,78053.0,94.39
1778992500000,78053.0,78156.0,78052.9,78111.4,153.6082
1778992800000,78111.3,78173.6,78111.3,78142.0,142.1033
1778993100000,78142.1,78175.0,78135.2,78135.2,163.3147
1778993400000,78135.2,78162.2,78110.3,78133.6,84.5702
1778993700000,78133.6,78138.8,78111.1,78116.4,43.2712
1778994000000,78116.4,78160.6,78100.4,78152.4,92.8268
1778994300000,78152.5,78285.4,78152.4,78237.3,329.9364
1778994600000,78237.4,78250.0,78200.1,78207.3,169.202
1778994900000,78207.3,78217.5,78132.4,78150.0,209.3165
1778995200000,78150.1,78170.0,78132.3,78170.0,65.5587
1778995500000,78170.0,78170.0,78134.0,78140.1,50.3015
1778995800000,78140.1,78140.2,78100.0,78130.0,92.8301
1778996100000,78130.0,78172.8,78129.9,78171.1,40.6156
1778996400000,78171.1,78171.1,78121.6,78121.6,26.6386
1778996700000,78121.6,78143.5,78121.6,78143.1,26.4943
1778997000000,78143.1,78143.1,78066.0,78075.3,125.6995
1778997300000,78075.3,78092.7,78071.6,78092.7,64.9678
1778997600000,78092.8,78160.0,78092.7,78130.0,95.4038
1778997900000,78130.1,78155.1,78110.0,78155.0,53.8591
1778998200000,78155.1,78181.1,78141.5,78159.7,62.9786
1778998500000,78159.6,78173.0,78125.5,78128.0,39.2135
1778998800000,78128.0,78128.0,78031.0,78031.1,111.6493
1778999100000,78031.0,78049.4,77983.5,78045.0,235.6269
1778999400000,78044.9,78073.4,78044.9,78073.4,52.4163
1778999700000,78073.3,78095.2,78072.9,78072.9,36.4416
1779000000000,78073.0,78073.0,78005.7,78011.7,99.8148
1779000300000,78011.6,78034.2,78011.6,78025.2,41.621
1779000600000,78025.1,78072.6,78025.1,78066.4,41.5892
1779000900000,78066.4,78080.2,78044.6,78080.2,16.6023
1779001200000,78080.1,78093.4,78047.6,78058.5,78.7491
1779001500000,78058.5,78067.8,78035.2,78050.9,41.6926
1779001800000,78050.9,78072.5,78050.2,78059.5,48.1459
1779002100000,78059.5,78059.6,78013.2,78016.2,52.9296
1779002400000,78016.1,78064.2,78013.6,78064.2,83.2111
1779002700000,78064.1,78113.5,78053.5,78080.1,70.0437
1779003000000,78080.1,78170.7,78080.0,78170.6,216.3026
1779003300000,78170.7,78178.7,78066.1,78107.9,222.9656
1779003600000,78107.9,78132.6,78107.9,78124.6,45.7499
1779003900000,78124.5,78150.0,78124.5,78140.0,57.3392
1779004200000,78139.9,78155.4,78126.7,78155.4,156.0546
1779004500000,78155.4,78164.0,78127.3,78149.0,77.9327
1779004800000,78148.9,78164.0,78117.5,78117.5,122.3686
1779005100000,78117.5,78138.4,78117.5,78138.4,35.9679
1779005400000,78138.3,78138.4,78112.6,78117.1,21.8666
1779005700000,78117.1,78117.2,78037.8,78056.1,84.2516
1779006000000,78056.0,78083.8,78041.0,78059.0,120.2423
1779006300000,78059.0,78062.7,78025.8,78041.1,112.8521
1779006600000,78041.1,78057.7,78028.4,78033.9,64.6133
1779006900000,78033.9,78077.9,78033.3,78033.4,104.3813
1779007200000,78033.3,78075.9,77996.8,78075.8,79.5571
1779007500000,78075.8,78075.9,78048.7,78058.6,66.6542
1779007800000,78058.5,78075.9,78046.0,78046.1,42.3904
1779008100000,78046.2,78065.9,78046.1,78061.4,35.7137
1779008400000,78061.4,78103.9,78050.0,78050.0,79.4546
1779008700000,78050.0,78099.1,78050.0,78081.4,25.1482
1779009000000,78081.4,78117.0,78069.5,78100.7,62.3171
1779009300000,78100.8,78127.9,78090.0,78115.2,83.125
1779009600000,78115.3,78120.0,78062.2,78100.0,72.077
1779009900000,78099.9,78114.1,78078.0,78114.1,71.0636
1779010200000,78114.0,78114.0,78075.0,78082.3,42.2779
1779010500000,78082.3,78097.0,78055.3,78097.0,49.4695
1779010800000,78096.9,78097.0,78073.9,78088.7,19.7818
1779011100000,78088.7,78110.4,78088.7,78110.4,38.2716
1779011400000,78110.4,78195.0,78110.3,78195.0,122.966
1779011700000,78194.9,78272.7,78180.0,78217.3,458.0565
1779012000000,78217.3,78316.0,78208.0,78281.2,351.6679
1779012300000,78281.1,78333.0,78245.0,78328.0,239.6674
1779012600000,78328.0,78496.3,78327.9,78406.9,810.7098
1779012900000,78406.8,78435.2,78369.5,78388.0,536.0818
1779013200000,78388.0,78476.4,78370.6,78455.5,320.9546
1779013500000,78455.6,78571.4,78450.3,78484.3,499.9452
1779013800000,78484.4,78484.4,78393.6,78433.6,310.1113
1779014100000,78433.5,78507.0,78433.5,78433.6,172.7006
1779014400000,78433.5,78449.9,78382.5,78437.7,198.9688
1779014700000,78437.7,78437.7,78400.0,78421.9,67.9051
1779015000000,78421.8,78444.9,78390.3,78396.9,154.1186
1779015300000,78396.9,78434.6,78382.7,78434.5,107.1325
1779015600000,78434.6,78443.4,78321.3,78377.7,214.219
1779015900000,78377.8,78424.7,78355.2,78408.0,65.9648
1779016200000,78408.0,78417.9,78314.2,78323.5,92.9745
1779016500000,78323.6,78343.1,78264.7,78301.5,237.4308
1779016800000,78301.6,78342.8,78260.5,78331.0,97.8523
1779017100000,78330.9,78354.5,78294.8,78305.6,175.8491
1779017400000,78305.6,78369.7,78250.0,78350.2,404.4661
1779017700000,78350.2,78350.2,78299.9,78315.2,92.1926
1779018000000,78315.2,78394.3,78315.2,78366.3,132.9229
1779018300000,78366.3,78431.3,78338.7,78354.9,135.6593
1779018600000,78355.0,78380.0,78341.7,78341.7,96.9046
1779018900000,78341.7,78369.0,78338.0,78369.0,45.391
1779019200000,78369.0,78392.8,78346.0,78346.0,84.2143
1779019500000,78346.0,78375.2,78331.6,78359.2,121.2876
1779019800000,78359.2,78418.2,78352.0,78352.0,85.0595
1779020100000,78352.0,78400.0,78327.2,78327.3,68.3193
1779020400000,78327.2,78402.5,78310.0,78390.3,128.7886
1779020700000,78390.2,78409.7,78370.1,78397.6,49.0537
1779021000000,78397.6,78433.7,78372.1,78433.7,51.1682
1779021300000,78433.7,78520.3,78413.4,78429.7,285.9161
1779021600000,78429.7,78438.8,78415.9,78438.8,54.7408
1779021900000,78438.8,78455.2,78348.8,78348.8,138.1385
1779022200000,78348.9,78373.8,78338.4,78341.7,89.2662
1779022500000,78341.8,78357.9,78289.7,78321.3,92.8366
1779022800000,78321.3,78330.8,78237.9,78279.9,295.1624
1779023100000,78279.9,78306.2,78239.6,78246.2,215.8875
1779023400000,78246.3,78263.2,78216.0,78216.6,143.2067
1779023700000,78216.5,78216.6,78121.0,78211.8,386.443
1779024000000,78211.7,78215.2,78182.7,78191.7,87.6952
1779024300000,78191.8,78244.5,78191.7,78243.8,119.1677
1779024600000,78243.8,78243.8,78201.0,78243.8,105.5095
1779024900000,78243.8,78303.7,78243.7,78260.4,127.9302
1779025200000,78260.3,78260.4,78205.0,78218.8,65.6068
1779025500000,78218.8,78250.0,78218.7,78222.9,45.0353
1779025800000,78222.8,78238.2,78151.3,78172.2,172.0798
1779026100000,78172.1,78186.0,78136.3,78164.0,120.0556
1779026400000,78164.1,78176.3,78074.1,78118.1,264.1822
1779026700000,78118.1,78118.2,78018.1,78018.1,286.5278
1779027000000,78018.1,78050.3,78011.0,78034.1,131.3956
1779027300000,78034.1,78034.1,77777.0,77925.9,1237.2283
1779027600000,77925.8,77968.8,77869.0,77950.1,350.533
1779027900000,77950.0,78070.0,77948.6,77994.9,344.8461
1779028200000,77995.0,78028.6,77913.0,77974.4,211.5054
1779028500000,77974.4,77992.4,77920.5,77937.1,84.8694
1779028800000,77937.1,77975.5,77937.0,77961.8,84.3755
1779029100000,77961.8,78032.3,77961.8,78018.1,119.0406
1779029400000,78018.0,78032.0,77988.0,78031.9,72.9937
1779029700000,78032.0,78051.4,78004.5,78004.9,95.7752
1779030000000,78004.9,78042.9,77962.0,78035.0,121.0681
1779030300000,78035.1,78079.9,78031.5,78058.8,119.7505
1779030600000,78058.8,78087.9,78048.0,78048.1,149.5106
1779030900000,78048.1,78048.1,77869.6,78032.0,244.6217
1779031200000,78031.9,78036.0,77983.4,78007.9,88.9206
1779031500000,78007.8,78007.8,77932.4,77947.4,69.0866
1779031800000,77947.4,78008.0,77945.1,78007.6,70.7925
1779032100000,78007.6,78023.2,77955.1,77986.9,101.7131
1779032400000,77986.9,78012.4,77934.1,77995.3,162.8385
1779032700000,77995.3,78035.0,77966.3,78007.2,56.0422
1779033000000,78007.2,78023.4,77989.4,78007.4,37.0905
1779033300000,78007.5,78029.8,78002.0,78003.6,47.8326
1779033600000,78003.6,78088.0,77999.7,78066.9,131.5847
1779033900000,78066.9,78071.1,78050.4,78057.0,178.8349
1779034200000,78057.1,78059.8,78010.3,78029.3,78.7278
1779034500000,78029.3,78064.7,78005.2,78023.8,111.9887
1779034800000,78023.9,78049.6,78016.7,78049.5,35.9205
1779035100000,78049.5,78108.0,78049.5,78103.7,137.2922
1779035400000,78103.8,78119.3,78067.4,78080.0,149.8009
1779035700000,78080.1,78111.3,78067.5,78103.3,53.3549
1779036000000,78103.3,78160.7,78103.3,78135.2,165.9332
1779036300000,78135.2,78136.0,78058.2,78062.9,93.7604
1779036600000,78063.0,78087.1,78005.5,78087.1,85.5402
1779036900000,78087.1,78087.1,77983.1,77990.8,202.5218
1779037200000,77990.8,78014.2,77900.1,77998.7,187.4306
1779037500000,77998.7,78011.2,77955.3,77986.5,123.4932
1779037800000,77986.5,77986.5,77840.0,77876.2,228.9031
1779038100000,77876.1,77922.6,77811.5,77896.8,197.0199
1779038400000,77896.7,77953.6,77896.7,77942.5,151.4674
1779038700000,77942.5,77942.5,77894.5,77940.0,201.8846
1779039000000,77940.0,77958.0,77858.1,77958.0,149.7399
1779039300000,77958.0,77974.4,77862.9,77973.5,233.6256
1779039600000,77973.5,78010.0,77947.4,78005.9,65.0414
1779039900000,78005.8,78028.4,77980.5,78028.4,52.521
1779040200000,78028.3,78028.3,77997.1,78005.6,33.7916
1779040500000,78005.7,78056.6,78005.6,78050.1,42.4751
1779040800000,78050.1,78207.7,78033.4,78151.8,340.74
1779041100000,78151.8,78193.1,78092.9,78092.9,211.8718
1779041400000,78092.9,78128.5,78086.4,78086.4,56.142
1779041700000,78086.3,78108.0,78010.0,78010.0,54.1778
1779042000000,78010.0,78027.4,77961.0,78022.1,86.4253
1779042300000,78022.2,78104.5,78022.1,78094.5,60.4165
1779042600000,78094.4,78141.2,78080.0,78089.7,141.1536
1779042900000,78089.7,78116.2,78089.7,78104.1,34.973
1779043200000,78104.1,78105.4,78084.1,78084.1,51.4038
1779043500000,78084.1,78135.5,78077.1,78122.5,46.9703
1779043800000,78122.6,78171.9,78105.3,78166.0,40.5987
1779044100000,78166.0,78241.5,78166.0,78224.6,156.2914
1779044400000,78224.6,78249.9,78183.1,78235.2,120.9035
1779044700000,78235.3,78275.5,78207.6,78220.0,70.8477
1779045000000,78220.0,78224.2,78200.5,78224.1,30.2079
1779045300000,78224.2,78229.8,78204.6,78207.4,43.6411
1779045600000,78207.4,78264.6,78200.5,78200.5,68.7877
1779045900000,78200.5,78220.8,78187.5,78189.9,47.8911
1779046200000,78189.9,78205.4,78189.8,78190.1,48.9419
1779046500000,78190.1,78263.4,78177.3,78263.4,40.417
1779046800000,78263.3,78395.9,78263.3,78340.0,228.3652
1779047100000,78340.0,78396.6,78310.1,78396.6,78.2286
1779047400000,78396.5,78432.8,78378.3,78378.3,130.1629
1779047700000,78378.3,78384.7,78345.0,78369.1,64.5907
1779048000000,78369.0,78397.5,78330.4,78354.6,90.5033
1779048300000,78354.7,78354.7,78310.1,78311.9,66.7471
1779048600000,78311.9,78329.1,78290.6,78299.1,219.7922
1779048900000,78299.1,78306.2,78251.1,78251.3,98.8049
1779049200000,78251.3,78263.3,78212.0,78233.1,261.8067
1779049500000,78233.1,78258.4,78233.1,78252.0,28.1064
1779049800000,78251.9,78333.0,78241.8,78242.0,74.2752
1779050100000,78242.1,78284.1,78208.4,78260.1,102.9822
1779050400000,78260.0,78269.4,78244.6,78245.8,17.0186
1779050700000,78245.8,78265.5,78230.6,78247.9,23.4235
1779051000000,78247.9,78255.8,78231.6,78249.6,13.2474
1779051300000,78249.6,78260.0,78231.6,78231.6,18.0851
1779051600000,78231.6,78257.8,78198.8,78219.7,60.5158
1779051900000,78219.7,78226.0,78219.7,78226.0,15.0275
1779052200000,78225.9,78265.6,78225.9,78265.6,81.992
1779052500000,78265.5,78272.2,78227.8,78272.1,66.0258
1779052800000,78272.2,78389.6,78272.1,78389.5,90.5217
1779053100000,78389.6,78400.5,78323.7,78389.9,117.4392
1779053400000,78389.9,78395.6,78340.6,78390.2,97.0157
1779053700000,78390.3,78449.0,78340.3,78340.3,86.5821
1779054000000,78340.3,78397.7,78323.7,78381.3,80.8667
1779054300000,78381.3,78434.6,78340.7,78375.1,193.2913
1779054600000,78375.0,78410.0,78349.7,78354.4,39.1336
1779054900000,78354.3,78396.0,78354.3,78362.9,47.7538
1779055200000,78362.9,78373.0,78006.2,78246.1,678.8774
1779055500000,78246.0,78322.1,78068.0,78083.2,281.284
1779055800000,78083.3,78092.6,77911.0,78082.3,466.0762
1779056100000,78082.4,78117.2,77965.2,78004.5,301.529
1779056400000,78004.5,78099.9,77908.2,77969.5,482.4561
1779056700000,77969.5,77989.1,77904.5,77961.4,249.688
1779057000000,77961.3,78093.7,77940.1,78070.4,83.0615
1779057300000,78070.4,78085.9,77909.2,78007.6,229.0935
1779057600000,78007.6,78076.9,77990.5,78014.0,43.4442
1779057900000,78013.9,78014.0,77940.8,77975.5,68.5609
1779058200000,77975.5,77975.6,77779.4,77838.1,462.0799
1779058500000,77838.1,77970.0,77838.0,77964.9,159.5045
1779058800000,77964.9,77970.2,77872.7,77895.2,212.2666
1779059100000,77895.2,77915.7,77717.0,77805.1,536.1124
1779059400000,77805.0,77896.8,77800.5,77819.9,165.6512
1779059700000,77819.9,77840.5,77640.3,77817.1,782.3084
1779060000000,77817.1,77940.2,77788.0,77889.7,182.136
1779060300000,77889.7,77916.6,77781.5,77795.3,184.3011
1779060600000,77795.4,77858.2,77703.8,77851.1,172.7868
1779060900000,77851.1,77851.1,77688.4,77702.9,227.9172
1779061200000,77702.9,77704.3,76633.3,77214.8,8812.3944
1779061500000,77215.0,77280.0,77076.9,77217.0,1039.4272
1779061800000,77217.0,77499.0,77210.0,77434.6,970.8958
1779062100000,77434.5,77486.5,77382.1,77415.0,446.253
1779062400000,77415.0,77444.8,77188.0,77290.5,562.6132
1779062700000,77290.4,77290.4,76976.6,76980.2,1064.5251
1779063000000,76980.3,77180.4,76871.1,77174.9,948.2435
1779063300000,77175.0,77300.0,77096.0,77096.0,653.9436
1779063600000,77096.0,77229.9,77080.2,77141.7,263.8827
1779063900000,77141.8,77184.9,77052.1,77112.0,191.0885
1779064200000,77111.9,77183.2,76919.1,77026.2,353.1257
1779064500000,77026.2,77173.8,76988.8,77123.3,351.1797
1779064800000,77123.3,77155.0,76967.5,76970.5,330.0176
1779065100000,76970.5,77081.9,76939.3,77072.0,302.136
1779065400000,77072.0,77072.0,76918.0,76983.8,257.317
1779065700000,76983.9,77195.3,76978.4,77174.9,401.1168
1779066000000,77174.8,77183.3,77038.7,77129.6,297.1901
1779066300000,77129.6,77221.2,77030.2,77138.6,358.22
1779066600000,77138.6,77250.0,77020.0,77020.1,390.0491
1779066900000,77020.0,77036.6,76910.0,76950.4,365.5727
1779067200000,76950.5,77013.6,76803.0,76921.3,617.5806
1779067500000,76921.3,76943.6,76815.6,76868.0,301.5452
1779067800000,76867.9,76899.6,76724.0,76752.9,780.7006
1779068100000,76752.9,76900.0,76740.0,76813.2,502.524
1779068400000,76813.1,76840.1,76750.0,76803.6,320.4582
1779068700000,76803.6,76942.3,76710.0,76849.5,418.233
1779069000000,76849.6,76963.8,76822.2,76950.0,250.0064
1779069300000,76950.0,77133.7,76940.0,77088.4,491.0045
1779069600000,77088.3,77155.0,77017.6,77134.2,330.1211
1779069900000,77134.1,77200.0,77080.0,77151.7,337.8655
1779070200000,77151.8,77186.4,77078.2,77135.7,424.0575
1779070500000,77135.6,77138.5,77001.3,77037.4,154.9654
1779070800000,77037.5,77056.1,76918.1,76993.0,233.4472
1779071100000,76993.0,77049.1,76985.5,77009.0,82.704
1779071400000,77008.9,77023.9,76945.5,76973.4,90.2344
1779071700000,76973.4,76973.4,76817.0,76862.0,373.8818
1779072000000,76861.9,76862.0,76802.0,76854.3,195.3863
1779072300000,76854.3,76908.2,76810.1,76810.2,224.9638
1779072600000,76810.1,76836.7,76666.0,76729.0,688.1095
1779072900000,76728.9,76829.2,76711.0,76803.7,258.2103
1779073200000,76803.7,76952.4,76803.6,76923.8,315.0475
1779073500000,76923.8,76983.3,76893.1,76957.3,202.9165
1779073800000,76957.4,76987.0,76829.0,76848.9,304.4111
1779074100000,76848.9,76895.6,76839.5,76850.1,151.8497
1779074400000,76850.0,76930.0,76811.6,76920.2,161.7929
1779074700000,76920.1,76969.8,76860.8,76930.0,168.2994
1779075000000,76930.1,76934.4,76781.0,76867.5,339.6434
1779075300000,76867.4,76926.5,76835.6,76888.4,115.3138
1779075600000,76888.5,76997.6,76866.7,76975.1,181.7176
1779075900000,76975.0,76989.3,76911.0,76948.4,139.7097
1779076200000,76948.5,76957.5,76860.0,76888.4,103.8754
1779076500000,76888.5,76936.1,76860.0,76896.9,139.3826
1779076800000,76896.9,76953.0,76887.2,76899.1,125.7797
1779077100000,76899.0,76960.0,76890.8,76959.9,98.2782
1779077400000,76959.9,77007.6,76919.8,76992.8,163.7374
1779077700000,76992.8,77007.1,76930.0,76950.9,296.9631
1779078000000,76951.0,76951.0,76775.1,76776.1,294.8171
1779078300000,76776.1,76804.1,76741.3,76792.0,292.7644
1779078600000,76792.0,76800.0,76750.0,76799.9,131.3095
1779078900000,76799.9,76860.0,76799.8,76846.0,99.2424
1779079200000,76846.1,76977.8,76846.1,76976.9,256.6771
1779079500000,76977.0,77005.5,76912.0,76928.1,173.9957
1779079800000,76928.0,76968.4,76877.9,76968.4,124.1756
1779080100000,76968.3,77050.0,76956.3,77011.5,261.3838
1779080400000,77011.5,77046.4,76966.9,77015.5,288.6842
1779080700000,77015.5,77025.0,76982.0,77008.5,94.1455
1779081000000,77008.5,77055.7,76978.2,77004.6,158.6007
1779081300000,77004.6,77004.6,76892.2,76957.2,167.965
1779081600000,76957.1,77000.0,76952.0,77000.0,65.632
1779081900000,77000.0,77028.8,76970.9,77002.8,91.3737
1779082200000,77002.9,77041.1,76976.7,76976.8,146.5133
1779082500000,76976.7,77005.9,76953.4,76978.1,70.5413
1779082800000,76978.1,76979.1,76856.8,76871.4,247.1021
1779083100000,76871.5,76948.5,76860.0,76914.6,120.4038
1779083400000,76914.6,76928.4,76867.0,76905.5,140.4735
1779083700000,76905.5,76914.7,76849.9,76885.5,119.1923
1779084000000,76885.4,76920.0,76823.0,76823.0,130.3466
1779084300000,76823.0,76830.0,76674.8,76686.0,782.9014
1779084600000,76686.1,76853.0,76535.8,76850.0,1369.9014
1779084900000,76849.9,76946.9,76768.1,76790.6,392.4357
1779085200000,76790.6,76799.3,76660.0,76750.0,444.7789
1779085500000,76750.1,76775.0,76686.8,76694.0,212.2354
1779085800000,76694.1,76745.8,76623.4,76743.0,363.9626
1779086100000,76743.0,76816.3,76688.0,76692.5,312.2276
1779086400000,76692.5,76798.7,76692.5,76798.6,262.2867
1779086700000,76798.7,76920.0,76798.7,76885.7,381.9112
1779087000000,76885.8,76885.8,76813.4,76860.5,199.3612
1779087300000,76860.5,76920.0,76860.4,76882.0,315.292
1779087600000,76882.0,76964.9,76882.0,76933.1,224.3823
1779087900000,76933.1,76940.2,76895.4,76924.6,108.8297
1779088200000,76924.6,76930.0,76833.0,76910.0,186.4705
1779088500000,76910.0,76911.9,76794.8,76795.3,148.1984
1779088800000,76795.4,76800.0,76726.3,76793.9,219.0128
1779089100000,76794.0,77041.1,76793.9,76997.1,613.9944
1779089400000,76997.1,77042.0,76971.1,77029.0,317.3393
1779089700000,77029.1,77029.1,76962.2,76962.2,212.2386
1779090000000,76962.3,76992.3,76894.4,76934.5,201.7701
1779090300000,76934.5,77027.2,76934.4,76987.0,163.317
1779090600000,76987.1,77026.9,76958.6,77014.1,172.6688
1779090900000,77014.2,77051.1,77000.0,77036.9,180.7621
1779091200000,77036.9,77121.3,77028.1,77121.3,231.4413
1779091500000,77121.2,77169.9,77068.1,77076.4,355.5682
1779091800000,77076.4,77083.6,76976.0,76997.0,191.7591
1779092100000,76996.9,77000.0,76953.2,76973.5,117.998
1779092400000,76973.4,77035.1,76922.7,76958.7,139.5617
1779092700000,76958.7,76996.1,76943.5,76943.6,92.486
1779093000000,76943.5,76966.5,76885.0,76953.0,197.8109
1779093300000,76953.0,76958.8,76850.0,76902.0,149.225
1779093600000,76901.9,76957.8,76887.3,76922.6,266.935
1779093900000,76922.6,76957.3,76862.7,76892.9,83.2456
1779094200000,76892.9,76997.8,76892.9,76985.0,81.9776
1779094500000,76985.0,77007.6,76964.9,77000.1,77.1179
1779094800000,77000.0,77023.3,76908.2,76915.5,89.0589
1779095100000,76915.4,76925.6,76860.8,76900.2,96.3709
1779095400000,76900.2,76900.2,76843.5,76868.9,80.1731
1779095700000,76869.0,76930.0,76857.2,76884.2,56.9806
1779096000000,76884.2,76943.6,76884.1,76943.5,33.3034
1779096300000,76943.5,76948.3,76889.0,76930.0,47.5664
1779096600000,76930.1,76932.7,76870.0,76932.6,42.0164
1779096900000,76932.7,76999.3,76932.7,76962.1,77.2822
1779097200000,76962.2,76967.9,76906.7,76915.3,39.3172
1779097500000,76915.4,76955.0,76900.0,76931.6,45.5437
1779097800000,76931.6,76959.3,76872.0,76883.6,56.0359
1779098100000,76883.6,76906.9,76883.5,76899.9,40.6012
1779098400000,76900.0,76923.7,76820.0,76832.9,122.1152
1779098700000,76832.8,76847.6,76751.5,76813.4,298.0482
1779099000000,76813.4,76820.0,76739.6,76744.4,362.1212
1779099300000,76744.3,76751.7,76703.0,76727.9,253.6607
1779099600000,76727.9,76767.3,76680.0,76731.2,268.1407
1779099900000,76731.1,76804.4,76731.1,76791.6,224.2394
1779100200000,76791.5,76831.9,76780.0,76780.1,237.0563
1779100500000,76780.0,76811.0,76735.0,76788.3,108.3511
1779100800000,76788.3,76821.2,76760.5,76789.6,109.9358
1779101100000,76789.5,76868.3,76789.5,76813.0,174.1793
1779101400000,76813.0,76829.5,76788.5,76793.8,47.8478
1779101700000,76793.8,76803.6,76735.0,76737.3,73.9356
1779102000000,76737.3,76760.1,76688.0,76725.4,195.4176
1779102300000,76725.3,76727.7,76655.0,76655.0,178.5191
1779102600000,76655.0,76735.5,76634.8,76728.6,154.1045
1779102900000,76728.6,76820.0,76716.2,76800.1,105.8008
1779103200000,76800.1,76810.0,76775.0,76810.0,64.0039
1779103500000,76810.0,76843.6,76773.6,76780.9,119.6414
1779103800000,76780.9,76933.0,76745.4,76918.7,178.0241
1779104100000,76918.7,77140.0,76865.0,77139.9,717.9269
1779104400000,77139.9,77373.7,77139.9,77322.5,2021.327
1779104700000,77322.4,77333.0,77207.0,77258.0,522.9351
1779105000000,77258.0,77281.0,77175.0,77260.3,344.2564
1779105300000,77260.4,77295.0,77230.4,77253.6,197.0506
1779105600000,77253.7,77460.0,77246.5,77250.1,1840.4091
1779105900000,77250.0,77454.0,77250.0,77421.9,543.9215
1779106200000,77422.0,77440.6,77350.7,77399.9,356.0183
1779106500000,77400.0,77450.0,77330.2,77417.9,412.049
1779106800000,77417.8,77534.9,77408.8,77498.9,448.4706
1779107100000,77498.9,77498.9,77264.2,77307.0,642.449
1779107400000,77307.0,77530.0,77256.6,77529.9,540.8462
1779107700000,77529.9,77647.1,77473.3,77614.0,872.7086
1779108000000,77614.1,77693.3,77606.1,77688.0,671.0863
1779108300000,77687.9,77772.6,77630.1,77635.5,1087.6209
1779108600000,77635.5,77648.0,77551.0,77576.3,445.0212
1779108900000,77576.3,77623.1,77546.0,77602.5,254.971
1779109200000,77602.5,77605.0,77429.0,77478.7,558.7642
1779109500000,77478.7,77514.2,77435.5,77437.9,290.2039
1779109800000,77437.9,77500.0,77421.0,77453.6,267.2948
1779110100000,77453.6,77460.1,77350.0,77384.8,279.0261
1779110400000,77384.9,77387.6,77350.0,77358.1,166.3194
1779110700000,77358.1,77358.1,77250.0,77250.0,597.8191
1779111000000,77250.0,77255.1,77066.5,77126.8,1789.6055
1779111300000,77126.9,77177.3,76725.3,76989.2,2465.835
1779111600000,76989.2,77089.1,76755.9,76787.5,1162.7949
1779111900000,76787.5,76993.0,76666.0,76900.0,1783.354
1779112200000,76900.1,77117.0,76856.0,77013.0,683.8464
1779112500000,77013.0,77024.2,76865.0,76909.2,469.6228
1779112800000,76909.2,76920.0,76769.0,76913.8,738.0341
1779113100000,76913.8,76929.5,76710.0,76828.5,867.0298
1779113400000,76828.5,76840.0,76642.8,76668.3,609.2193
1779113700000,76668.3,76800.0,76332.1,76595.8,2751.5362
1779114000000,76595.8,76742.5,76554.1,76703.1,1168.9136
1779114300000,76703.2,76799.6,76598.0,76611.5,575.0012
1779114600000,76611.4,76688.1,76272.5,76331.5,1536.1673
1779114900000,76331.4,76556.3,76181.1,76497.4,1744.7251
1779115200000,76497.4,76535.0,76387.4,76450.1,704.4627
1779115500000,76450.0,76471.2,76280.0,76366.2,511.5031
1779115800000,76366.1,76469.8,76295.7,76320.0,535.8741
1779116100000,76320.1,76436.9,76295.3,76369.6,305.1142
1779116400000,76369.5,76410.0,76068.9,76191.0,1742.7574
1779116700000,76191.0,76263.9,76060.0,76141.3,952.702
1779117000000,76141.3,76309.9,76134.6,76250.1,497.2323
1779117300000,76250.0,76280.0,76037.3,76087.3,513.4509
1779117600000,76087.3,76171.1,76050.0,76142.7,587.4864
1779117900000,76142.7,76236.0,76050.0,76062.5,969.1684
1779118200000,76062.5,76197.4,76018.0,76197.4,743.4805
1779118500000,76197.3,76332.9,76183.6,76202.5,675.8752
1779118800000,76202.5,76335.7,76200.0,76289.3,482.5871
1779119100000,76289.3,76334.4,76281.0,76281.1,291.104
1779119400000,76281.1,76390.1,76244.3,76375.2,519.3093
1779119700000,76375.1,76463.2,76350.0,76384.0,392.7833
1779120000000,76384.0,76391.1,76275.0,76292.8,390.5721
1779120300000,76292.8,76342.7,76211.0,76311.0,423.7539
1779120600000,76311.1,76565.8,76304.0,76482.9,622.2021
1779120900000,76482.9,76600.0,76482.8,76568.4,468.076
1779121200000,76568.4,76631.0,76368.5,76459.9,685.6846
1779121500000,76460.0,76469.9,76180.2,76250.0,565.072
1779121800000,76250.1,76390.0,76208.2,76359.5,323.2066
1779122100000,76359.5,76513.0,76351.4,76429.6,377.1697
1779122400000,76429.7,76472.0,76370.0,76436.7,221.1136
1779122700000,76436.6,76522.3,76397.1,76411.1,500.5558
1779123000000,76411.2,76427.0,76375.0,76390.2,415.1696
1779123300000,76390.2,76495.6,76372.7,76389.0,313.9379
1779123600000,76389.0,76546.7,76333.0,76523.6,413.3963
1779123900000,76523.7,76613.0,76496.0,76535.5,298.1924
1779124200000,76535.5,76586.2,76503.5,76533.1,135.9919
1779124500000,76533.1,76677.6,76533.0,76630.8,372.2165
1779124800000,76630.9,76659.9,76542.0,76610.8,135.1506
1779125100000,76610.8,76642.3,76550.0,76642.2,188.4193
1779125400000,76642.3,76647.7,76567.1,76585.0,97.5437
1779125700000,76585.1,76600.0,76529.0,76589.3,82.1405
1779126000000,76589.3,76659.5,76561.9,76630.5,115.178
1779126300000,76630.5,76722.2,76611.7,76646.0,277.3081
1779126600000,76645.9,76732.0,76645.9,76685.4,202.4278
1779126900000,76685.5,76713.0,76653.0,76677.9,75.7572
1779127200000,76677.9,76678.0,76525.0,76536.0,201.3263
1779127500000,76535.8,76553.5,76427.3,76489.8,220.6127
1779127800000,76489.8,76498.1,76400.0,76419.4,173.5166
1779128100000,76419.4,76428.6,76281.9,76305.7,293.6897
1779128400000,76305.7,76340.3,76245.0,76281.7,219.7268
1779128700000,76281.7,76330.0,76111.0,76325.0,656.7275
1779129000000,76325.0,76398.0,76306.8,76365.5,300.6155
1779129300000,76365.4,76390.6,76258.2,76271.0,206.8737
1779129600000,76270.9,76323.3,76230.2,76300.0,148.4845
1779129900000,76300.0,76368.7,76230.3,76266.0,234.0975
1779130200000,76266.0,76330.3,76217.8,76217.8,117.5751
1779130500000,76217.9,76324.9,76182.7,76222.6,234.8405
1779130800000,76222.6,76900.0,76200.3,76748.6,2035.8428
1779131100000,76748.7,76831.4,76518.4,76634.8,661.9627
1779131400000,76634.8,76678.0,76570.0,76602.9,366.4342
1779131700000,76602.9,76660.0,76533.0,76605.3,273.8586
1779132000000,76605.4,76700.0,76587.2,76590.1,230.8272
1779132300000,76590.1,76643.4,76525.0,76609.0,119.5718
1779132600000,76609.0,76726.4,76586.7,76672.4,137.6589
1779132900000,76672.4,76747.7,76672.4,76706.8,128.9989
1779133200000,76706.9,76904.3,76700.0,76874.2,726.8418
1779133500000,76874.2,76963.0,76810.0,76852.3,702.3588
1779133800000,76852.4,76980.0,76840.0,76869.3,545.383
1779134100000,76869.3,76911.0,76848.2,76907.5,206.633
1779134400000,76907.6,77022.9,76907.6,76931.1,504.0129
1779134700000,76931.2,76953.4,76851.0,76933.0,156.1617
1779135000000,76933.0,77055.0,76933.0,77025.9,298.9661
1779135300000,77026.0,77084.3,77024.0,77038.2,309.2275
1779135600000,77038.2,77068.1,77017.3,77068.1,114.3347
1779135900000,77068.1,77140.8,77041.8,77106.7,206.5438
1779136200000,77106.6,77165.5,77067.7,77075.9,139.6118
1779136500000,77075.8,77105.5,77050.0,77052.1,130.4497
1779136800000,77052.1,77060.1,76935.7,76938.1,200.0671
1779137100000,76938.1,76938.2,76856.0,76863.3,299.7705
1779137400000,76863.3,76985.0,76863.3,76965.0,389.5959
1779137700000,76964.9,77025.4,76880.6,76880.6,273.3891
1779138000000,76880.6,76912.5,76766.3,76843.0,245.8714
1779138300000,76843.0,76870.6,76786.6,76870.6,108.4744
1779138600000,76870.5,76997.1,76825.0,76887.5,238.604
1779138900000,76887.6,76932.1,76887.5,76920.7,74.7985
1779139200000,76920.7,77015.0,76920.7,76956.7,163.7958
1779139500000,76956.8,77050.0,76954.1,76998.6,96.9534
1779139800000,76998.6,77156.0,76998.5,77032.3,215.5798
1779140100000,77032.4,77073.7,76945.0,77017.6,130.5322
1779140400000,77017.7,77048.4,76970.4,77011.7,96.129
1779140700000,77011.8,77048.8,76944.3,76985.1,74.8898
1779141000000,76985.2,77046.2,76967.5,77026.3,80.8863
1779141300000,77026.3,77100.0,77013.7,77065.4,122.7597
1779141600000,77065.5,77117.8,77013.4,77090.1,198.9226
1779141900000,77090.1,77140.0,77069.7,77110.8,121.3976
1779142200000,77110.9,77133.9,77080.1,77103.5,86.7257
1779142500000,77103.5,77194.9,77053.6,77133.7,558.203
1779142800000,77133.7,77188.0,77116.7,77150.9,266.3749
1779143100000,77150.9,77168.9,77103.7,77111.1,90.9909
1779143400000,77111.2,77132.5,77069.2,77069.2,112.8418
1779143700000,77069.2,77135.7,77069.2,77128.3,76.5801
1779144000000,77128.2,77128.2,76991.9,77007.9,149.5305
1779144300000,77007.9,77008.0,76934.5,76947.0,190.924
1779144600000,76947.1,76999.0,76876.9,76975.9,495.664
1779144900000,76975.9,77040.0,76960.0,77039.9,59.0631
1779145200000,77039.9,77125.9,77021.8,77099.9,173.516
1779145500000,77100.0,77114.9,77058.3,77112.2,94.5262
1779145800000,77112.3,77112.3,77042.3,77042.3,46.5801
1779146100000,77042.3,77042.4,76990.0,76999.9,66.9837
1779146400000,77000.0,77018.0,76974.2,77011.7,48.5858
1779146700000,77011.6,77028.5,76986.6,76986.6,166.9887
1779147000000,76986.7,77000.0,76938.4,76970.9,89.3541
1779147300000,76971.0,77010.0,76960.0,77003.2,84.7012
1779147600000,77003.1,77079.0,77000.0,77075.4,102.8931
1779147900000,77075.5,77075.5,76950.0,76981.9,87.1841
1779148200000,76981.8,76984.0,76901.4,76937.1,61.6201
1779148500000,76937.0,76974.9,76937.0,76962.2,51.4218
1779148800000,76962.2,77012.5,76911.8,76941.1,175.4751
1779149100000,76941.2,77051.6,76938.5,77011.5,118.5794
1779149400000,77011.6,77116.0,77011.6,77077.5,165.1363
1779149700000,77077.4,77170.0,77047.3,77170.0,191.9936
1779150000000,77169.9,77379.9,77169.9,77207.2,1096.4837
1779150300000,77207.1,77230.9,77137.4,77175.3,229.8464
1779150600000,77175.4,77218.6,77170.0,77177.0,146.7957
1779150900000,77177.1,77229.9,77120.0,77140.6,131.9994
1779151200000,77140.7,77148.5,77080.0,77146.0,122.7395
1779151500000,77145.9,77198.2,77114.1,77187.0,179.2615
1779151800000,77187.1,77284.4,77137.3,77153.6,226.752
1779152100000,77153.5,77174.5,77096.2,77101.8,115.1754
1779152400000,77101.7,77101.8,77000.0,77038.7,427.6605
1779152700000,77038.8,77088.7,77001.2,77073.9,198.6221
1779153000000,77073.9,77118.8,77045.5,77080.5,104.115
1779153300000,77080.5,77093.4,76914.7,76940.6,336.6817
1779153600000,76940.6,76940.6,76843.6,76850.0,336.9466
1779153900000,76850.0,76850.0,76671.3,76730.0,620.0329
1779154200000,76729.9,76835.1,76636.8,76835.1,437.1901
1779154500000,76835.0,76900.0,76760.0,76760.0,324.269
1779154800000,76760.0,76855.0,76730.0,76818.7,217.6945
1779155100000,76818.8,76830.1,76670.1,76697.1,195.2272
1779155400000,76697.0,76750.0,76680.0,76719.8,136.995
1779155700000,76719.9,76721.7,76612.4,76628.8,224.627
1779156000000,76628.8,76692.3,76432.0,76520.0,707.9066
1779156300000,76519.9,76650.0,76489.2,76598.9,247.8654
1779156600000,76598.8,76685.4,76588.1,76685.4,139.8954
1779156900000,76685.3,76763.7,76630.7,76737.4,243.6979
1779157200000,76737.4,76958.8,76737.4,76958.8,395.702
1779157500000,76958.7,76958.8,76789.9,76789.9,223.6597
1779157800000,76790.0,76815.1,76718.8,76750.8,302.9617
1779158100000,76750.7,76775.3,76701.1,76750.1,108.3843
1779158400000,76750.0,76775.0,76704.0,76724.8,96.4781
1779158700000,76724.9,76763.6,76665.2,76728.3,174.9557
1779159000000,76728.2,76728.3,76571.7,76603.3,248.0393
1779159300000,76603.2,76641.0,76580.0,76587.8,109.5431
1779159600000,76587.8,76600.0,76556.7,76596.5,162.5378
1779159900000,76596.5,76677.3,76596.5,76672.9,114.214
1779160200000,76672.8,76751.0,76650.0,76748.4,108.8529
1779160500000,76748.4,76840.0,76723.4,76733.9,206.6298
1779160800000,76734.0,76768.7,76663.1,76695.3,101.6789
1779161100000,76695.3,76734.8,76694.1,76724.4,58.8785
1779161400000,76724.3,76779.1,76720.2,76776.9,83.382
1779161700000,76777.0,76800.0,76733.0,76787.6,91.9645
1779162000000,76787.6,76824.3,76765.0,76820.0,59.9732
1779162300000,76820.0,76821.9,76773.4,76795.6,74.7485
1779162600000,76795.6,76833.8,76750.0,76784.2,76.071
1779162900000,76784.2,76789.6,76720.0,76753.8,49.2296
1779163200000,76753.8,76809.1,76690.1,76777.1,281.6618
1779163500000,76777.0,76838.0,76736.9,76827.5,100.7974
1779163800000,76827.5,76912.4,76816.9,76861.0,226.5692
1779164100000,76861.1,76861.1,76743.5,76751.3,145.8515
1779164400000,76751.3,76806.3,76668.4,76710.7,145.7331
1779164700000,76710.7,76710.8,76666.6,76707.8,102.0577
1779165000000,76707.7,76786.7,76701.5,76767.2,47.7135
1779165300000,76767.2,76845.2,76767.1,76807.0,67.4291
1779165600000,76807.1,76871.5,76807.0,76842.2,152.56
1779165900000,76842.3,76888.0,76832.0,76865.0,208.6953
1779166200000,76865.0,76900.0,76839.8,76887.5,173.764
1779166500000,76887.5,76908.9,76876.0,76889.9,59.3619
1779166800000,76890.0,76910.0,76821.4,76871.3,88.615
1779167100000,76871.3,76896.7,76835.2,76893.9,92.6266
1779167400000,76893.9,76896.3,76796.4,76836.1,66.7356
1779167700000,76836.1,76837.2,76707.9,76720.0,220.0254
1779168000000,76720.1,76727.5,76604.4,76652.1,219.2525
1779168300000,76652.0,76792.2,76626.1,76788.0,146.7198
1779168600000,76788.0,76840.2,76732.8,76789.5,274.6431
1779168900000,76789.6,76918.0,76760.0,76884.7,235.2552
1779169200000,76884.8,76977.0,76870.4,76875.0,272.5046
1779169500000,76874.9,76950.0,76829.0,76931.9,143.1414
1779169800000,76931.9,76936.5,76879.0,76885.4,111.2232
1779170100000,76885.5,76900.0,76870.0,76870.1,42.8979
1779170400000,76870.0,76943.6,76846.5,76943.5,111.3102
1779170700000,76943.5,76959.4,76884.5,76952.5,243.5549
1779171000000,76952.5,76992.6,76894.5,76959.2,118.0942
1779171300000,76959.1,76979.7,76897.6,76942.2,119.4887
1779171600000,76942.2,76980.8,76930.0,76930.0,91.5115
1779171900000,76930.0,77014.7,76930.0,76977.8,192.4841
1779172200000,76977.8,77034.5,76956.6,76985.1,334.7064
1779172500000,76985.1,77030.0,76901.7,77020.7,203.4783
1779172800000,77020.7,77075.8,77000.0,77044.5,146.4598
1779173100000,77044.6,77051.9,76990.0,77027.1,137.7665
1779173400000,77027.1,77059.0,77011.6,77020.1,108.7514
1779173700000,77020.1,77044.6,76971.7,76988.1,106.2579
1779174000000,76988.1,76988.1,76930.4,76945.1,129.425
1779174300000,76945.1,77096.8,76935.1,77033.6,170.5431
1779174600000,77033.7,77109.5,76989.0,77102.1,193.4999
1779174900000,77102.1,77180.0,77077.9,77159.1,297.1011
1779175200000,77159.1,77220.0,77096.3,77098.2,463.5171
1779175500000,77098.2,77117.2,77066.0,77099.5,215.2223
1779175800000,77099.6,77136.5,77087.5,77127.3,97.3698
1779176100000,77127.3,77197.0,77110.3,77165.5,138.2388
1779176400000,77165.5,77233.0,77141.2,77215.0,149.5719
1779176700000,77215.0,77241.9,77194.9,77210.8,288.3098
1779177000000,77210.8,77242.3,77172.6,77172.7,171.7411
1779177300000,77172.6,77209.0,77172.6,77194.1,61.596
1779177600000,77194.1,77203.0,77125.4,77143.3,386.7615
1779177900000,77143.3,77143.4,77050.1,77059.2,224.9269
1779178200000,77059.2,77078.9,77000.8,77078.8,184.0848
1779178500000,77078.8,77163.8,77067.2,77095.2,195.0831
1779178800000,77095.3,77114.7,76982.6,77006.3,122.0708
1779179100000,77006.3,77056.1,76918.5,77031.3,352.6559
1779179400000,77031.2,77058.2,76965.8,77056.4,321.5636
1779179700000,77056.5,77107.9,77056.5,77096.7,118.2452
1779180000000,77096.6,77288.0,77096.6,77140.1,395.4826
1779180300000,77140.1,77170.9,77108.6,77108.7,98.0566
1779180600000,77108.6,77125.1,77064.0,77091.4,85.4322
1779180900000,77091.4,77091.4,76991.4,77010.0,101.1639
1779181200000,77010.0,77023.2,76958.0,77023.2,165.4328
1779181500000,77023.2,77034.5,76980.0,77006.6,81.0139
1779181800000,77006.6,77021.5,76966.2,76990.0,105.2724
1779182100000,76989.9,76989.9,76880.0,76900.6,392.3809
1779182400000,76900.6,76928.0,76861.0,76868.2,165.8912
1779182700000,76868.2,76876.0,76696.4,76738.1,1452.8721
1779183000000,76738.1,76820.0,76666.6,76718.0,616.85
1779183300000,76718.0,76779.9,76710.0,76774.4,293.3679
1779183600000,76774.4,76776.2,76747.4,76767.6,98.0586
1779183900000,76767.7,76781.1,76725.0,76781.1,151.5652
1779184200000,76781.1,76813.5,76750.0,76774.9,272.9438
1779184500000,76774.8,76819.9,76767.2,76783.7,117.6853
1779184800000,76783.7,76802.4,76745.3,76763.0,158.2747
1779185100000,76762.9,76866.1,76733.0,76773.4,272.5358
1779185400000,76773.4,76789.9,76735.5,76775.6,177.6541
1779185700000,76775.6,76775.7,76721.4,76755.4,217.7014
1779186000000,76755.5,76778.8,76715.0,76755.2,101.5495
1779186300000,76755.1,76811.2,76755.1,76797.7,98.6666
1779186600000,76797.8,76939.7,76797.7,76893.9,271.887
1779186900000,76893.8,76950.9,76751.0,76865.3,358.9316
1779187200000,76865.2,76865.4,76710.0,76719.9,288.1619
1779187500000,76719.9,76859.2,76675.0,76838.8,256.6153
1779187800000,76838.8,76909.8,76838.7,76884.3,189.9696
