ts,open,high,low,close,volume
1775731800000,2192.47,2192.48,2188.27,2191.83,7205.475
1775732100000,2191.83,2193.82,2189.75,2189.75,8226.906
1775732400000,2189.75,2192.6,2189.0,2190.53,8417.738
1775732700000,2190.53,2191.8,2189.04,2189.04,8618.192
1775733000000,2189.04,2189.04,2184.4,2184.6,16760.676
1775733300000,2184.6,2184.6,2180.66,2183.1,18126.712
1775733600000,2183.1,2184.49,2178.35,2181.16,21569.059
1775733900000,2181.17,2181.17,2177.51,2179.54,19974.471
1775734200000,2179.54,2181.3,2178.72,2179.58,10117.65
1775734500000,2179.57,2181.15,2177.49,2180.93,8478.638
1775734800000,2180.93,2182.79,2178.22,2180.41,9697.245
1775735100000,2180.41,2182.28,2180.05,2181.57,4903.385
1775735400000,2181.56,2182.52,2179.6,2180.01,4749.341
1775735700000,2180.0,2180.48,2178.71,2179.29,4735.853
1775736000000,2179.3,2181.59,2179.04,2180.94,5853.218
1775736300000,2180.94,2182.39,2179.0,2181.29,4315.267
1775736600000,2181.29,2182.13,2180.26,2180.37,3804.687
1775736900000,2180.36,2182.26,2179.0,2179.01,7039.025
1775737200000,2179.01,2179.3,2172.47,2176.14,30097.491
1775737500000,2176.14,2186.1,2176.13,2183.91,23696.112
1775737800000,2183.9,2186.4,2179.64,2181.55,16137.228
1775738100000,2181.54,2183.67,2179.23,2179.61,6632.364
1775738400000,2179.6,2187.57,2178.57,2182.81,15658.961
1775738700000,2182.8,2182.99,2176.74,2180.0,7729.163
1775739000000,2180.01,2180.92,2179.0,2180.0,4356.012
1775739300000,2180.0,2183.1,2179.8,2182.85,3840.894
1775739600000,2182.85,2185.96,2178.95,2179.38,8064.252
1775739900000,2179.39,2180.18,2177.0,2177.74,10595.148
1775740200000,2177.73,2178.01,2177.0,2177.21,5316.329
1775740500000,2177.22,2178.41,2176.6,2177.55,5790.368
1775740800000,2177.56,2178.54,2173.79,2176.6,12057.695
1775741100000,2176.6,2178.86,2175.56,2177.92,6666.991
1775741400000,2177.91,2179.44,2166.21,2171.6,59791.838
1775741700000,2171.61,2175.33,2163.13,2169.11,63244.105
1775742000000,2169.11,2171.51,2164.07,2169.21,33580.428
1775742300000,2169.22,2169.92,2161.47,2167.23,33592.92
1775742600000,2167.23,2167.29,2161.1,2162.42,34053.138
1775742900000,2162.42,2165.66,2158.01,2164.72,56120.237
1775743200000,2164.72,2167.79,2161.4,2166.01,20119.013
1775743500000,2166.02,2167.59,2164.5,2164.59,10165.458
1775743800000,2164.59,2171.95,2162.37,2169.04,21903.343
1775744100000,2169.04,2170.0,2160.53,2162.01,21086.481
1775744400000,2162.0,2166.33,2161.54,2165.94,10487.348
1775744700000,2165.94,2166.39,2156.02,2162.85,29795.158
1775745000000,2162.85,2164.0,2160.38,2162.95,13670.339
1775745300000,2162.96,2169.5,2161.0,2167.8,31600.945
1775745600000,2167.79,2172.99,2167.0,2171.1,23976.853
1775745900000,2171.1,2176.75,2171.09,2175.71,33438.668
1775746200000,2175.71,2182.1,2174.79,2178.14,44267.89
1775746500000,2178.13,2181.82,2174.38,2177.05,24601.118
1775746800000,2177.06,2177.5,2172.41,2174.17,12609.724
1775747100000,2174.18,2175.0,2168.7,2169.17,19938.999
1775747400000,2169.17,2187.39,2168.64,2184.75,49498.485
1775747700000,2184.75,2194.57,2184.51,2187.49,75328.625
1775748000000,2187.5,2193.33,2186.38,2188.59,28933.193
1775748300000,2188.6,2188.6,2183.0,2183.79,22652.469
1775748600000,2183.79,2218.51,2180.72,2216.54,153929.767
1775748900000,2216.55,2219.99,2205.45,2206.5,122451.645
1775749200000,2206.49,2213.95,2206.15,2211.88,39030.548
1775749500000,2211.87,2224.44,2209.87,2213.9,74692.775
1775749800000,2213.89,2218.58,2212.0,2216.99,24352.716
1775750100000,2217.0,2222.32,2214.45,2217.13,38887.251
1775750400000,2217.13,2230.0,2217.13,2225.38,74945.78
1775750700000,2225.38,2225.38,2215.0,2215.0,43998.633
1775751000000,2215.01,2221.38,2214.14,2214.43,26285.0
1775751300000,2214.43,2221.0,2212.54,2218.19,23391.015
1775751600000,2218.2,2218.9,2210.47,2211.16,29525.566
1775751900000,2211.15,2213.99,2209.0,2209.01,17966.951
1775752200000,2209.01,2209.62,2203.39,2204.2,35296.55
1775752500000,2204.2,2206.44,2192.96,2197.71,67920.072
1775752800000,2197.71,2202.31,2196.4,2202.19,27687.702
1775753100000,2202.18,2203.33,2192.04,2195.48,27353.021
1775753400000,2195.48,2201.89,2194.75,2200.6,16727.56
1775753700000,2200.6,2207.99,2200.59,2207.59,27100.013
1775754000000,2207.59,2220.81,2206.62,2218.62,59818.748
1775754300000,2218.62,2221.33,2215.51,2218.85,29242.403
1775754600000,2218.85,2223.96,2218.79,2223.04,36630.791
1775754900000,2223.04,2224.79,2217.7,2218.48,28053.028
1775755200000,2218.49,2220.37,2214.13,2215.71,26966.994
1775755500000,2215.71,2216.45,2211.4,2214.7,16286.538
1775755800000,2214.7,2214.7,2205.49,2209.34,28034.005
1775756100000,2209.34,2224.32,2209.33,2220.69,37196.657
1775756400000,2220.69,2223.45,2216.72,2220.19,22110.357
1775756700000,2220.18,2221.84,2217.7,2220.05,11344.534
1775757000000,2220.06,2222.91,2216.28,2221.21,11476.516
1775757300000,2221.2,2223.17,2218.46,2222.0,8023.774
1775757600000,2221.99,2222.99,2202.5,2206.33,44193.715
1775757900000,2206.33,2210.8,2205.01,2209.55,18331.572
1775758200000,2209.55,2211.4,2205.05,2206.63,11969.947
1775758500000,2206.63,2211.47,2205.1,2208.53,10930.758
1775758800000,2208.53,2208.66,2200.86,2204.14,15852.576
1775759100000,2204.15,2210.19,2201.26,2208.2,13385.477
1775759400000,2208.21,2209.88,2201.46,2205.84,11313.976
1775759700000,2205.84,2209.0,2204.62,2207.81,6674.828
1775760000000,2207.81,2208.55,2202.48,2204.53,6289.573
1775760300000,2204.53,2206.92,2199.66,2206.89,15352.369
1775760600000,2206.89,2206.9,2204.0,2206.23,5747.54
1775760900000,2206.22,2207.92,2205.19,2206.25,7844.038
1775761200000,2206.24,2209.0,2203.76,2208.19,11707.727
1775761500000,2208.19,2217.5,2206.78,2216.07,24420.688
1775761800000,2216.07,2220.0,2212.71,2214.3,20424.532
1775762100000,2214.3,2215.44,2209.65,2210.37,7843.983
1775762400000,2210.36,2211.38,2203.66,2205.01,9012.958
1775762700000,2205.01,2207.0,2203.64,2206.76,4603.632
1775763000000,2206.76,2212.75,2206.75,2209.44,6443.817
1775763300000,2209.44,2213.71,2208.0,2213.7,3457.342
1775763600000,2213.71,2218.71,2213.2,2216.84,9210.746
1775763900000,2216.85,2221.35,2216.85,2220.69,15344.991
1775764200000,2220.68,2224.25,2217.96,2219.48,16922.602
1775764500000,2219.49,2219.61,2213.42,2215.53,9529.141
1775764800000,2215.53,2219.25,2214.8,2216.74,7261.837
1775765100000,2216.73,2216.74,2212.68,2215.4,5476.953
1775765400000,2215.39,2219.24,2214.72,2218.76,4307.35
1775765700000,2218.77,2220.67,2217.34,2218.76,4091.875
1775766000000,2218.75,2221.59,2218.15,2219.53,4692.394
1775766300000,2219.52,2220.23,2216.42,2217.26,2616.503
1775766600000,2217.25,2219.58,2216.02,2218.99,2320.16
1775766900000,2218.98,2219.96,2216.8,2217.18,2322.577
1775767200000,2217.18,2217.75,2215.46,2217.06,2938.546
1775767500000,2217.06,2217.07,2212.6,2212.61,4663.845
1775767800000,2212.61,2213.44,2210.24,2213.44,5732.812
1775768100000,2213.44,2213.64,2210.0,2212.32,5781.452
1775768400000,2212.33,2216.52,2210.46,2216.06,4308.211
1775768700000,2216.06,2226.77,2211.04,2211.04,31812.807
1775769000000,2211.05,2213.56,2208.14,2213.04,9895.041
1775769300000,2213.05,2213.8,2211.11,2211.11,2683.117
1775769600000,2211.12,2212.17,2207.03,2212.17,6956.918
1775769900000,2212.17,2212.7,2209.0,2209.0,3602.275
1775770200000,2209.01,2210.33,2207.16,2209.47,4953.832
1775770500000,2209.47,2211.66,2207.64,2208.57,3268.667
1775770800000,2208.57,2215.99,2208.57,2215.27,5517.732
1775771100000,2215.27,2216.66,2214.0,2215.6,3767.524
1775771400000,2215.6,2215.72,2210.79,2210.8,2306.401
1775771700000,2210.79,2211.86,2208.89,2209.97,2554.36
1775772000000,2209.97,2215.78,2209.11,2214.31,5957.426
1775772300000,2214.32,2215.1,2211.59,2215.09,2309.499
1775772600000,2215.09,2218.49,2213.87,2218.01,4680.616
1775772900000,2218.01,2246.04,2217.78,2231.4,103758.615
1775773200000,2231.41,2232.74,2226.25,2229.2,15750.377
1775773500000,2229.2,2229.21,2219.17,2220.77,11035.173
1775773800000,2220.77,2221.82,2213.88,2217.5,20143.464
1775774100000,2217.51,2217.68,2211.45,2211.73,14856.497
1775774400000,2211.73,2215.35,2210.32,2211.01,7182.365
1775774700000,2211.01,2214.79,2208.0,2213.23,16397.481
1775775000000,2213.22,2213.22,2201.6,2206.27,22176.071
1775775300000,2206.27,2206.67,2196.23,2196.9,31698.166
1775775600000,2196.9,2200.78,2193.38,2196.05,24765.53
1775775900000,2196.04,2199.97,2195.64,2197.72,10946.313
1775776200000,2197.72,2199.08,2185.0,2189.69,34948.552
1775776500000,2189.69,2193.25,2181.94,2192.41,36328.518
1775776800000,2192.41,2195.63,2192.3,2193.11,10734.901
1775777100000,2193.1,2193.97,2190.36,2191.0,7144.944
1775777400000,2191.0,2191.0,2182.29,2187.22,19623.826
1775777700000,2187.24,2189.67,2185.0,2189.25,9421.961
1775778000000,2189.24,2190.39,2187.57,2188.4,6533.256
1775778300000,2188.4,2189.78,2184.94,2188.88,7443.674
1775778600000,2188.87,2190.68,2187.52,2189.94,5650.239
1775778900000,2189.93,2190.3,2187.13,2189.02,6413.343
1775779200000,2189.02,2190.0,2186.7,2187.8,8192.47
1775779500000,2187.8,2190.5,2184.0,2187.87,11899.338
1775779800000,2187.86,2189.86,2184.75,2187.58,6777.677
1775780100000,2187.58,2188.22,2182.02,2182.84,11906.871
1775780400000,2182.84,2185.99,2181.01,2183.89,14203.731
1775780700000,2183.88,2189.5,2182.4,2189.02,11148.772
1775781000000,2189.02,2194.52,2186.8,2190.93,15645.923
1775781300000,2190.92,2193.36,2187.24,2190.1,8039.021
1775781600000,2190.09,2193.52,2189.2,2192.0,7075.101
1775781900000,2191.99,2194.97,2190.04,2192.84,6593.254
1775782200000,2192.84,2196.56,2192.53,2194.14,7828.266
1775782500000,2194.15,2194.59,2191.45,2194.39,6128.441
1775782800000,2194.39,2194.39,2189.32,2191.36,7271.27
1775783100000,2191.36,2192.96,2188.18,2192.93,7576.498
1775783400000,2192.92,2196.21,2191.12,2193.4,9180.845
1775783700000,2193.4,2195.0,2190.55,2191.32,8822.207
1775784000000,2191.31,2191.86,2174.77,2184.18,54385.166
1775784300000,2184.18,2186.86,2183.96,2185.49,9455.247
1775784600000,2185.48,2197.0,2184.0,2196.83,26236.352
1775784900000,2196.83,2203.0,2195.44,2201.85,33351.991
1775785200000,2201.84,2203.3,2197.03,2198.59,17727.803
1775785500000,2198.59,2199.59,2196.01,2198.45,10435.937
1775785800000,2198.44,2201.64,2197.5,2198.41,5266.467
1775786100000,2198.42,2199.64,2193.03,2193.73,13849.081
1775786400000,2193.73,2197.52,2191.46,2191.76,11367.902
1775786700000,2191.76,2197.87,2191.6,2196.2,7543.434
1775787000000,2196.19,2197.53,2194.0,2194.74,3941.232
1775787300000,2194.74,2196.0,2193.0,2193.22,6000.45
1775787600000,2193.23,2194.0,2192.57,2193.22,3642.73
1775787900000,2193.22,2196.49,2193.12,2195.11,3634.145
1775788200000,2195.12,2196.67,2193.0,2194.99,4599.142
1775788500000,2194.99,2195.77,2193.59,2194.57,2377.597
1775788800000,2194.58,2195.92,2193.42,2195.0,2718.15
1775789100000,2195.0,2195.0,2189.26,2189.66,12897.217
1775789400000,2189.66,2190.27,2186.02,2188.01,18580.397
1775789700000,2188.01,2188.33,2186.26,2188.33,5873.346
1775790000000,2188.33,2191.66,2186.68,2190.01,8078.069
1775790300000,2190.01,2190.01,2186.26,2187.84,4831.84
1775790600000,2187.83,2188.99,2185.8,2186.11,5724.697
1775790900000,2186.11,2189.16,2185.37,2186.82,5191.361
1775791200000,2186.82,2187.01,2184.0,2184.43,6633.022
1775791500000,2184.43,2185.0,2182.31,2182.33,8109.018
1775791800000,2182.32,2186.25,2181.72,2184.8,9393.696
1775792100000,2184.8,2187.36,2184.76,2185.48,3650.729
1775792400000,2185.48,2187.22,2185.28,2186.34,2835.171
1775792700000,2186.34,2188.22,2185.21,2185.65,3587.484
1775793000000,2185.66,2186.69,2184.26,2186.48,2365.69
1775793300000,2186.48,2186.49,2184.47,2185.63,2152.391
1775793600000,2185.63,2187.21,2185.27,2186.89,3870.803
1775793900000,2186.88,2188.88,2186.0,2187.19,5213.708
1775794200000,2187.18,2188.12,2186.83,2186.84,1705.759
1775794500000,2186.84,2189.09,2186.2,2187.63,3789.108
1775794800000,2187.63,2192.0,2187.63,2189.36,11640.505
1775795100000,2189.36,2191.57,2189.0,2189.99,4002.05
1775795400000,2189.99,2190.31,2188.06,2189.51,2838.813
1775795700000,2189.51,2192.0,2188.75,2190.14,5083.538
1775796000000,2190.14,2190.42,2189.0,2189.81,2770.671
1775796300000,2189.81,2190.72,2189.06,2189.83,3299.527
1775796600000,2189.82,2198.97,2188.62,2194.59,24461.391
1775796900000,2194.6,2195.27,2192.35,2194.99,5422.748
1775797200000,2194.99,2195.2,2192.4,2195.0,3878.177
1775797500000,2195.0,2196.71,2191.97,2193.3,5488.376
1775797800000,2193.29,2193.98,2191.52,2193.98,1915.135
1775798100000,2193.97,2194.18,2192.42,2194.18,2885.392
1775798400000,2194.18,2201.63,2194.1,2200.15,22436.52
1775798700000,2200.16,2202.45,2200.15,2200.68,13289.853
1775799000000,2200.68,2201.66,2198.4,2198.74,7537.602
1775799300000,2198.74,2199.64,2198.0,2199.39,4153.315
1775799600000,2199.38,2199.56,2196.68,2197.28,6769.471
1775799900000,2197.27,2198.43,2196.76,2198.42,3368.029
1775800200000,2198.43,2199.73,2195.82,2196.15,5566.198
1775800500000,2196.15,2196.15,2194.17,2196.15,6782.174
1775800800000,2196.14,2196.58,2194.63,2196.5,3803.432
1775801100000,2196.5,2197.6,2194.06,2194.79,3812.436
1775801400000,2194.8,2196.4,2194.0,2196.4,3838.377
1775801700000,2196.39,2196.39,2189.33,2190.85,8898.322
1775802000000,2190.84,2191.38,2189.27,2191.0,6406.206
1775802300000,2191.01,2191.01,2188.98,2189.93,6927.362
1775802600000,2189.93,2190.31,2188.03,2190.04,6399.768
1775802900000,2190.04,2190.94,2186.2,2189.58,19978.048
1775803200000,2189.57,2189.57,2186.67,2187.33,4178.824
1775803500000,2187.32,2189.34,2185.65,2185.66,5077.15
1775803800000,2185.66,2185.74,2183.05,2184.32,14625.421
1775804100000,2184.32,2186.31,2183.26,2185.74,11381.947
1775804400000,2185.74,2187.88,2185.34,2185.8,11250.345
1775804700000,2185.79,2187.24,2185.0,2186.05,6187.853
1775805000000,2186.05,2186.84,2183.42,2183.44,6313.171
1775805300000,2183.44,2186.16,2183.1,2185.91,5796.507
1775805600000,2185.92,2187.91,2185.27,2186.9,5406.082
1775805900000,2186.9,2187.14,2185.64,2186.73,3921.071
1775806200000,2186.73,2187.91,2185.3,2186.42,5843.304
1775806500000,2186.42,2186.79,2184.7,2184.7,5528.361
1775806800000,2184.7,2185.12,2181.06,2182.8,10070.257
1775807100000,2182.8,2183.89,2181.44,2181.98,8868.515
1775807400000,2181.99,2183.26,2175.57,2176.49,30585.123
1775807700000,2176.49,2179.36,2176.0,2179.04,13070.476
1775808000000,2179.04,2179.5,2176.13,2177.29,15516.005
1775808300000,2177.29,2181.27,2176.73,2180.76,12447.013
1775808600000,2180.76,2183.26,2180.0,2180.69,9164.25
1775808900000,2180.7,2183.0,2179.48,2182.8,5456.476
1775809200000,2182.79,2184.16,2181.51,2183.8,5278.362
1775809500000,2183.8,2185.12,2182.76,2183.41,6835.172
1775809800000,2183.41,2185.27,2182.73,2184.0,4961.686
1775810100000,2184.0,2189.95,2183.66,2189.17,15241.713
1775810400000,2189.16,2189.16,2186.01,2186.1,9982.332
1775810700000,2186.1,2186.1,2181.3,2182.4,13731.342
1775811000000,2182.41,2184.96,2180.57,2184.81,10562.689
1775811300000,2184.8,2186.1,2183.92,2185.18,2785.182
1775811600000,2185.19,2188.05,2184.85,2187.97,7136.713
1775811900000,2187.97,2189.0,2186.0,2186.21,7018.16
1775812200000,2186.21,2187.88,2185.17,2187.54,4471.734
1775812500000,2187.54,2196.35,2187.29,2194.46,34684.056
1775812800000,2194.46,2196.86,2192.69,2193.4,28179.897
1775813100000,2193.41,2193.83,2190.41,2193.19,13044.767
1775813400000,2193.2,2193.7,2191.52,2192.99,5781.961
1775813700000,2193.0,2194.5,2192.0,2192.88,5003.181
1775814000000,2192.87,2193.0,2191.68,2192.52,4077.553
1775814300000,2192.52,2192.62,2190.46,2192.17,6508.058
1775814600000,2192.17,2194.99,2191.64,2194.99,6845.002
1775814900000,2195.0,2195.93,2194.13,2195.14,8082.874
1775815200000,2195.14,2195.48,2193.71,2194.35,8762.387
1775815500000,2194.36,2194.62,2190.08,2192.25,6342.734
1775815800000,2192.25,2193.04,2191.64,2192.68,4000.666
1775816100000,2192.68,2193.67,2192.01,2193.56,3504.188
1775816400000,2193.56,2193.57,2190.75,2191.11,5815.308
1775816700000,2191.11,2192.97,2190.32,2190.53,4072.196
1775817000000,2190.53,2191.95,2190.37,2191.8,3651.846
1775817300000,2191.8,2192.11,2189.43,2192.1,7194.81
1775817600000,2192.11,2194.25,2191.59,2192.86,7239.641
1775817900000,2192.86,2194.72,2192.13,2194.25,10817.755
1775818200000,2194.26,2197.58,2194.0,2196.65,15596.457
1775818500000,2196.66,2197.68,2196.23,2196.52,9288.571
1775818800000,2196.53,2201.58,2196.4,2200.31,23809.851
1775819100000,2200.31,2211.67,2200.24,2209.59,46938.289
1775819400000,2209.6,2212.0,2206.83,2210.0,29381.53
1775819700000,2209.99,2216.0,2209.35,2212.09,37745.743
1775820000000,2212.09,2214.5,2212.09,2214.39,12600.957
1775820300000,2214.39,2217.41,2212.09,2216.22,16069.779
1775820600000,2216.23,2218.29,2213.36,2214.24,21554.589
1775820900000,2214.24,2221.37,2214.24,2219.93,29888.704
1775821200000,2219.92,2220.39,2215.0,2216.75,18375.963
1775821500000,2216.75,2223.35,2215.14,2220.44,21733.628
1775821800000,2220.44,2221.74,2217.04,2217.23,16765.822
1775822100000,2217.23,2218.53,2214.21,2214.5,21153.264
1775822400000,2214.5,2219.1,2214.35,2219.08,13826.157
1775822700000,2219.09,2221.0,2215.72,2216.75,14584.627
1775823000000,2216.75,2217.18,2214.98,2215.52,11208.336
1775823300000,2215.53,2218.44,2213.97,2217.24,8816.143
1775823600000,2217.23,2220.5,2211.16,2214.9,19839.226
1775823900000,2214.9,2220.29,2209.0,2216.04,42512.669
1775824200000,2216.03,2223.44,2206.45,2218.81,88650.668
1775824500000,2218.82,2219.43,2215.0,2219.42,13920.056
1775824800000,2219.43,2227.99,2219.2,2223.49,46623.066
1775825100000,2223.5,2225.0,2221.09,2224.99,11110.784
1775825400000,2225.0,2225.17,2217.28,2217.5,15753.82
1775825700000,2217.51,2219.46,2216.46,2217.99,8002.975
1775826000000,2217.98,2218.01,2215.24,2216.41,10923.984
1775826300000,2216.4,2218.99,2214.98,2218.0,8172.404
1775826600000,2217.99,2219.85,2217.65,2218.0,4389.478
1775826900000,2218.0,2218.22,2215.1,2216.83,4709.571
1775827200000,2216.82,2220.57,2216.2,2219.0,7121.195
1775827500000,2219.01,2220.49,2218.15,2219.03,4372.627
1775827800000,2219.03,2221.99,2211.34,2212.86,26975.225
1775828100000,2212.87,2214.47,2207.08,2208.67,47721.572
1775828400000,2208.66,2214.5,2207.8,2214.5,16521.323
1775828700000,2214.5,2223.54,2212.09,2221.34,30411.051
1775829000000,2221.33,2221.83,2214.62,2221.74,16691.018
1775829300000,2221.73,2224.76,2221.0,2221.73,16888.876
1775829600000,2221.73,2224.77,2218.49,2221.45,15786.287
1775829900000,2221.46,2228.25,2221.46,2222.52,27272.939
1775830200000,2222.52,2233.99,2221.0,2232.99,63507.27
1775830500000,2232.99,2245.14,2232.99,2239.79,125721.78
1775830800000,2239.79,2249.69,2239.46,2249.54,70581.949
1775831100000,2249.53,2252.09,2241.9,2243.48,47471.36
1775831400000,2243.48,2249.52,2243.48,2248.65,35526.7
1775831700000,2248.66,2252.76,2244.48,2245.75,29558.483
1775832000000,2245.76,2246.49,2234.78,2238.31,52833.123
1775832300000,2238.32,2241.48,2235.35,2235.74,23743.851
1775832600000,2235.74,2246.4,2235.73,2241.53,18515.795
1775832900000,2241.52,2242.0,2236.73,2241.3,14334.763
1775833200000,2241.3,2244.28,2239.01,2239.59,9659.517
1775833500000,2239.6,2247.7,2237.6,2246.6,15545.631
1775833800000,2246.59,2248.4,2242.98,2243.39,14545.589
1775834100000,2243.39,2244.54,2240.0,2243.69,11765.69
1775834400000,2243.7,2258.0,2242.42,2253.2,49124.48
1775834700000,2253.21,2253.63,2235.35,2236.22,76192.116
1775835000000,2236.22,2239.15,2233.33,2233.76,28962.571
1775835300000,2233.76,2234.32,2229.04,2232.4,27880.268
1775835600000,2232.4,2232.41,2226.93,2231.78,24535.856
1775835900000,2231.77,2232.26,2224.0,2226.54,29332.801
1775836200000,2226.54,2229.06,2222.22,2223.21,21292.452
1775836500000,2223.21,2225.68,2218.01,2223.43,32058.862
1775836800000,2223.43,2227.04,2220.12,2225.14,23148.205
1775837100000,2225.14,2227.84,2223.8,2226.51,13078.264
1775837400000,2226.5,2231.85,2226.5,2230.4,20149.428
1775837700000,2230.4,2241.0,2229.43,2238.89,36286.181
1775838000000,2238.88,2243.0,2232.05,2240.06,28906.625
1775838300000,2240.06,2240.2,2237.08,2240.2,10086.05
1775838600000,2240.19,2240.9,2233.79,2239.53,15092.3
1775838900000,2239.54,2240.31,2236.32,2236.53,6341.315
1775839200000,2236.53,2236.83,2233.75,2235.69,8855.365
1775839500000,2235.7,2240.34,2235.69,2238.03,8057.841
1775839800000,2238.03,2244.0,2237.51,2240.47,13556.675
1775840100000,2240.47,2247.53,2240.26,2244.21,32811.389
1775840400000,2244.22,2246.47,2241.18,2241.99,17610.546
1775840700000,2241.99,2244.4,2240.81,2242.72,8776.343
1775841000000,2242.72,2242.95,2238.57,2241.18,6904.589
1775841300000,2241.18,2244.79,2238.94,2242.36,9065.674
1775841600000,2242.36,2244.6,2240.57,2242.88,5221.649
1775841900000,2242.88,2246.42,2241.82,2243.2,9124.22
1775842200000,2243.19,2243.32,2240.38,2240.55,5679.169
1775842500000,2240.55,2241.88,2237.62,2241.0,9919.153
1775842800000,2241.0,2241.54,2238.05,2241.26,5796.947
1775843100000,2241.26,2244.41,2240.36,2243.04,7730.439
1775843400000,2243.04,2248.44,2242.66,2246.05,10992.843
1775843700000,2246.05,2247.96,2245.76,2247.23,6419.726
1775844000000,2247.22,2247.96,2239.0,2239.68,15666.9
1775844300000,2239.68,2243.76,2237.7,2243.49,10302.98
1775844600000,2243.49,2247.0,2242.98,2247.0,5966.947
1775844900000,2247.0,2251.99,2242.52,2244.8,22779.779
1775845200000,2244.79,2247.3,2244.49,2244.49,3849.727
1775845500000,2244.5,2247.42,2242.17,2246.83,8081.564
1775845800000,2246.84,2248.22,2245.01,2245.01,4248.261
1775846100000,2245.01,2246.3,2243.0,2244.38,2707.205
1775846400000,2244.38,2245.56,2242.35,2244.1,3794.186
1775846700000,2244.1,2245.54,2243.51,2244.38,2736.737
1775847000000,2244.38,2247.2,2244.06,2247.07,3961.529
1775847300000,2247.07,2249.05,2246.46,2248.0,6547.577
1775847600000,2248.01,2249.55,2247.09,2247.79,4322.95
1775847900000,2247.79,2250.99,2247.68,2248.33,6701.042
1775848200000,2248.34,2254.85,2248.33,2253.15,21305.303
1775848500000,2253.14,2253.33,2250.34,2251.79,6917.74
1775848800000,2251.79,2251.85,2246.67,2248.07,7107.797
1775849100000,2248.07,2248.27,2246.23,2246.79,3864.595
1775849400000,2246.8,2246.8,2243.1,2245.48,8786.588
1775849700000,2245.48,2245.48,2243.56,2244.23,3221.512
1775850000000,2244.24,2244.57,2242.23,2243.9,4002.003
1775850300000,2243.9,2245.8,2242.86,2245.75,4524.975
1775850600000,2245.76,2250.67,2245.35,2249.21,11759.03
1775850900000,2249.21,2253.46,2248.85,2251.81,8058.9
1775851200000,2251.8,2253.0,2249.75,2252.76,7934.561
1775851500000,2252.75,2254.0,2250.0,2253.99,5248.628
1775851800000,2254.0,2254.0,2250.7,2252.26,3768.842
1775852100000,2252.25,2254.0,2250.5,2253.68,4471.494
1775852400000,2253.67,2253.68,2249.64,2250.25,3297.918
1775852700000,2250.25,2251.97,2249.86,2251.28,2373.07
1775853000000,2251.27,2255.7,2249.12,2250.36,13709.352
1775853300000,2250.36,2251.49,2241.71,2242.38,12988.106
1775853600000,2242.37,2246.69,2241.94,2246.55,4927.339
1775853900000,2246.55,2248.84,2243.33,2247.61,3471.545
1775854200000,2247.61,2248.99,2246.83,2248.76,2572.286
1775854500000,2248.76,2256.93,2248.76,2254.23,16198.647
1775854800000,2254.23,2254.88,2253.05,2254.3,4797.736
1775855100000,2254.3,2254.3,2245.0,2247.64,10117.023
1775855400000,2247.65,2247.65,2243.65,2245.01,5765.938
1775855700000,2245.01,2245.71,2243.7,2245.41,6391.198
1775856000000,2245.42,2249.5,2244.78,2247.67,6515.633
1775856300000,2247.67,2247.68,2246.09,2246.09,1634.349
1775856600000,2246.1,2246.1,2244.84,2245.35,2047.983
1775856900000,2245.35,2248.73,2245.35,2246.83,3580.791
1775857200000,2246.83,2250.0,2241.18,2248.26,9516.922
1775857500000,2248.26,2249.9,2246.18,2248.44,3363.506
1775857800000,2248.45,2253.0,2248.4,2251.93,5651.585
1775858100000,2251.93,2254.33,2251.75,2253.66,4440.069
1775858400000,2253.67,2254.0,2249.88,2252.99,4330.479
1775858700000,2252.99,2254.26,2250.83,2250.83,4731.97
1775859000000,2250.84,2252.31,2250.83,2251.41,1550.014
1775859300000,2251.41,2252.68,2248.28,2249.07,4455.81
1775859600000,2249.08,2249.08,2245.81,2246.35,5826.728
1775859900000,2246.35,2247.31,2246.19,2246.35,1570.753
1775860200000,2246.35,2246.37,2245.0,2245.11,2823.904
1775860500000,2245.1,2245.87,2233.44,2238.39,32379.112
1775860800000,2238.39,2240.78,2235.27,2239.86,8585.225
1775861100000,2239.86,2241.48,2239.85,2240.48,4700.194
1775861400000,2240.49,2242.13,2240.48,2241.23,3136.257
1775861700000,2241.24,2241.88,2241.07,2241.22,2984.531
1775862000000,2241.22,2241.23,2238.83,2239.87,4726.214
1775862300000,2239.88,2241.72,2239.44,2239.83,2522.149
1775862600000,2239.83,2241.08,2238.0,2240.72,2618.835
1775862900000,2240.72,2241.24,2239.23,2239.66,1537.584
1775863200000,2239.66,2243.67,2239.66,2241.14,3059.641
1775863500000,2241.14,2242.54,2241.12,2242.18,826.032
1775863800000,2242.18,2242.18,2240.15,2241.54,2078.794
1775864100000,2241.55,2242.87,2240.99,2241.64,4844.512
1775864400000,2241.65,2243.12,2240.99,2242.51,2433.055
1775864700000,2242.5,2244.38,2242.18,2244.03,2572.251
1775865000000,2244.03,2244.8,2242.04,2242.05,1955.61
1775865300000,2242.04,2244.04,2242.04,2244.04,3630.773
1775865600000,2244.04,2244.04,2239.09,2239.09,5950.145
1775865900000,2239.09,2241.33,2238.04,2240.04,6576.509
1775866200000,2240.03,2242.04,2240.03,2240.68,2058.339
1775866500000,2240.67,2241.54,2239.75,2240.38,2369.558
1775866800000,2240.38,2241.14,2237.21,2238.94,3598.171
1775867100000,2238.93,2239.44,2238.0,2238.61,2712.401
1775867400000,2238.61,2238.61,2235.59,2235.96,5448.558
1775867700000,2235.96,2238.63,2235.96,2238.63,2601.832
1775868000000,2238.62,2239.48,2236.29,2236.48,2841.972
1775868300000,2236.48,2237.54,2234.51,2237.26,4379.509
1775868600000,2237.26,2238.98,2236.59,2237.99,3150.1
1775868900000,2237.99,2238.0,2237.48,2237.71,1281.248
1775869200000,2237.71,2238.79,2235.56,2236.07,4574.323
1775869500000,2236.08,2240.6,2236.04,2239.8,3765.753
1775869800000,2239.8,2239.8,2237.79,2237.8,1530.206
1775870100000,2237.8,2237.8,2233.75,2236.0,7385.695
1775870400000,2235.99,2236.05,2234.5,2235.35,1951.14
1775870700000,2235.35,2238.61,2235.21,2237.89,2572.515
1775871000000,2237.89,2242.96,2237.61,2241.48,8562.619
1775871300000,2241.48,2241.57,2239.11,2240.03,2461.888
1775871600000,2240.03,2241.24,2239.45,2240.39,1787.625
1775871900000,2240.39,2245.4,2240.39,2244.58,7587.178
1775872200000,2244.59,2245.99,2243.0,2243.65,5823.611
1775872500000,2243.66,2244.3,2242.24,2243.5,3139.21
1775872800000,2243.49,2244.29,2241.03,2242.4,3730.311
1775873100000,2242.4,2246.3,2241.49,2243.49,5453.06
1775873400000,2243.48,2244.59,2242.95,2243.55,3102.572
1775873700000,2243.56,2247.45,2243.55,2246.94,5711.835
1775874000000,2246.94,2246.95,2245.78,2245.78,5018.735
1775874300000,2245.78,2248.37,2245.78,2248.0,4653.515
1775874600000,2248.0,2251.17,2246.91,2247.52,14356.36
1775874900000,2247.51,2247.51,2245.59,2246.87,3268.52
1775875200000,2246.86,2247.57,2245.24,2245.51,4528.119
1775875500000,2245.51,2245.51,2243.88,2243.88,4291.278
1775875800000,2243.88,2245.57,2243.88,2244.66,3466.571
1775876100000,2244.66,2247.0,2244.66,2246.99,1640.086
1775876400000,2247.0,2248.3,2246.04,2246.46,3310.618
1775876700000,2246.46,2246.5,2245.37,2246.5,3076.909
1775877000000,2246.49,2249.5,2246.49,2248.48,5344.292
1775877300000,2248.48,2248.77,2247.4,2247.79,2893.178
1775877600000,2247.79,2248.45,2246.64,2246.64,1860.358
1775877900000,2246.64,2246.98,2246.0,2246.43,1814.665
1775878200000,2246.43,2246.97,2244.47,2244.47,3942.44
1775878500000,2244.47,2244.47,2243.07,2243.45,4635.342
1775878800000,2243.44,2246.31,2242.81,2243.66,4312.337
1775879100000,2243.65,2244.67,2242.18,2244.23,4921.461
1775879400000,2244.23,2244.24,2240.59,2241.35,5675.325
1775879700000,2241.35,2241.39,2234.68,2236.33,27852.064
1775880000000,2236.34,2238.68,2234.33,2238.17,13277.9
1775880300000,2238.16,2242.08,2238.16,2239.72,7933.973
1775880600000,2239.73,2240.58,2237.42,2237.42,4301.057
1775880900000,2237.43,2238.93,2235.21,2237.81,6653.182
1775881200000,2237.81,2238.72,2237.55,2238.02,3066.866
1775881500000,2238.01,2239.21,2236.39,2238.39,3565.042
1775881800000,2238.39,2241.0,2238.38,2239.83,2757.105
1775882100000,2239.83,2240.34,2238.07,2239.8,2266.244
1775882400000,2239.81,2240.19,2238.48,2239.66,1636.961
1775882700000,2239.66,2240.34,2238.7,2240.06,2395.426
1775883000000,2240.05,2240.99,2239.85,2240.34,2165.694
1775883300000,2240.34,2240.43,2240.0,2240.23,976.106
1775883600000,2240.23,2241.17,2238.8,2238.81,2567.836
1775883900000,2238.81,2239.64,2235.23,2236.33,11367.251
1775884200000,2236.34,2237.01,2228.25,2230.5,39173.122
1775884500000,2230.5,2234.0,2228.06,2232.32,16958.658
1775884800000,2232.32,2233.93,2232.32,2233.46,5999.412
1775885100000,2233.46,2234.91,2232.56,2234.91,3590.104
1775885400000,2234.9,2236.48,2234.35,2234.35,6437.442
1775885700000,2234.36,2234.75,2233.3,2234.55,7110.202
1775886000000,2234.54,2235.64,2234.16,2234.16,2672.134
1775886300000,2234.16,2234.5,2233.0,2233.09,2763.136
1775886600000,2233.1,2234.96,2233.01,2234.8,3522.911
1775886900000,2234.79,2234.91,2231.91,2231.92,3590.784
1775887200000,2231.91,2231.99,2228.8,2231.64,10031.202
1775887500000,2231.64,2232.75,2230.0,2230.65,6773.805
1775887800000,2230.64,2233.5,2230.64,2231.23,3997.62
1775888100000,2231.23,2233.12,2231.22,2232.19,2541.607
1775888400000,2232.19,2233.98,2231.5,2232.22,4303.167
1775888700000,2232.21,2232.55,2229.03,2231.21,4889.76
1775889000000,2231.21,2233.0,2230.89,2231.35,3284.983
1775889300000,2231.35,2234.0,2231.35,2233.23,2981.456
1775889600000,2233.23,2233.72,2232.75,2233.26,2338.132
1775889900000,2233.25,2234.54,2232.36,2234.53,4647.028
1775890200000,2234.53,2236.11,2234.27,2235.21,6381.345
1775890500000,2235.22,2235.98,2234.72,2234.99,2316.281
1775890800000,2234.99,2235.57,2234.0,2234.54,2492.381
1775891100000,2234.54,2234.55,2233.22,2233.75,1949.34
1775891400000,2233.75,2233.89,2232.44,2233.57,2736.227
1775891700000,2233.57,2234.09,2232.84,2233.24,2408.239
1775892000000,2233.25,2235.6,2233.24,2235.6,3743.541
1775892300000,2235.6,2235.98,2234.68,2234.69,2901.548
1775892600000,2234.69,2234.73,2233.94,2234.34,1752.995
1775892900000,2234.34,2234.45,2232.77,2233.88,2148.044
1775893200000,2233.87,2233.88,2231.06,2231.66,3703.198
1775893500000,2231.66,2231.67,2230.3,2230.56,3801.917
1775893800000,2230.55,2231.2,2230.01,2230.91,4675.19
1775894100000,2230.92,2231.99,2230.92,2231.98,2803.422
1775894400000,2231.99,2232.89,2231.63,2232.46,4356.64
1775894700000,2232.45,2233.19,2232.12,2233.14,3976.636
1775895000000,2233.14,2234.64,2233.04,2233.38,3809.928
1775895300000,2233.39,2233.49,2233.0,2233.0,1237.744
1775895600000,2233.0,2234.98,2233.0,2233.0,4714.021
1775895900000,2233.01,2234.22,2233.0,2233.05,2463.955
1775896200000,2233.04,2234.39,2233.04,2233.2,3789.949
1775896500000,2233.2,2233.2,2232.0,2232.72,3145.732
1775896800000,2232.72,2233.35,2231.0,2232.91,4173.01
1775897100000,2232.91,2234.3,2232.9,2233.84,2147.788
1775897400000,2233.84,2233.84,2231.28,2232.37,2960.916
1775897700000,2232.38,2232.72,2232.01,2232.01,858.832
1775898000000,2232.01,2232.69,2231.3,2232.38,2121.709
1775898300000,2232.38,2232.72,2231.41,2232.45,2829.992
1775898600000,2232.46,2234.49,2232.45,2234.48,3076.668
1775898900000,2234.49,2247.59,2234.48,2244.18,61739.958
1775899200000,2244.17,2248.64,2243.15,2244.85,22269.302
1775899500000,2244.86,2245.87,2243.88,2244.55,8746.765
1775899800000,2244.56,2244.6,2239.08,2240.04,13652.254
1775900100000,2240.03,2244.06,2239.42,2243.01,6622.94
1775900400000,2243.01,2244.3,2241.22,2241.59,5315.221
1775900700000,2241.59,2243.56,2241.58,2241.7,3037.811
1775901000000,2241.7,2242.77,2241.11,2241.45,3159.737
1775901300000,2241.44,2243.0,2241.44,2242.59,4139.632
1775901600000,2242.6,2244.18,2241.23,2241.74,6155.987
1775901900000,2241.75,2242.49,2241.09,2241.99,2432.678
1775902200000,2242.0,2242.0,2236.8,2238.81,12625.108
1775902500000,2238.82,2239.71,2236.3,2239.07,8818.923
1775902800000,2239.06,2240.38,2239.06,2240.38,3503.395
1775903100000,2240.38,2241.13,2240.12,2240.3,1804.436
1775903400000,2240.31,2240.92,2240.05,2240.3,1903.469
1775903700000,2240.3,2240.67,2238.45,2239.29,3422.119
1775904000000,2239.29,2239.29,2237.36,2237.76,2183.474
1775904300000,2237.76,2238.17,2237.1,2238.16,2733.672
1775904600000,2238.16,2239.97,2238.16,2239.97,3395.548
1775904900000,2239.97,2240.1,2239.03,2239.33,1756.057
1775905200000,2239.32,2239.79,2238.3,2239.79,1745.651
1775905500000,2239.79,2241.69,2239.78,2240.53,5616.114
1775905800000,2240.53,2240.53,2239.11,2239.66,2057.775
1775906100000,2239.66,2240.21,2237.64,2238.1,2824.767
1775906400000,2238.11,2240.38,2238.0,2240.11,2141.878
1775906700000,2240.1,2240.11,2238.09,2238.19,2702.63
1775907000000,2238.19,2239.27,2237.75,2238.52,2719.821
1775907300000,2238.52,2239.75,2238.33,2239.64,1711.945
1775907600000,2239.64,2242.3,2239.08,2241.86,5272.672
1775907900000,2241.86,2244.1,2241.0,2242.65,8616.803
1775908200000,2242.66,2246.0,2242.63,2245.49,7303.189
1775908500000,2245.5,2245.51,2244.14,2244.89,4947.081
1775908800000,2244.9,2245.0,2243.11,2243.25,6707.844
1775909100000,2243.25,2244.62,2243.12,2243.43,3096.979
1775909400000,2243.42,2243.87,2242.12,2243.3,3609.622
1775909700000,2243.3,2243.71,2242.39,2242.47,2794.135
1775910000000,2242.48,2242.9,2239.92,2240.4,4041.182
1775910300000,2240.39,2241.77,2240.0,2241.36,2360.252
1775910600000,2241.36,2244.55,2241.09,2244.54,2736.812
1775910900000,2244.54,2245.87,2242.59,2242.91,6386.255
1775911200000,2242.9,2244.35,2242.9,2244.22,1837.739
1775911500000,2244.21,2245.21,2243.74,2244.49,3617.832
1775911800000,2244.49,2244.98,2244.23,2244.24,2274.791
1775912100000,2244.23,2244.56,2243.32,2244.41,4353.063
1775912400000,2244.41,2244.41,2240.0,2240.75,7159.682
1775912700000,2240.75,2241.6,2238.24,2238.73,10304.84
1775913000000,2238.73,2238.76,2232.12,2234.68,33543.625
1775913300000,2234.68,2241.21,2233.14,2240.4,14074.95
1775913600000,2240.41,2240.62,2237.56,2237.57,6776.39
1775913900000,2237.57,2239.39,2236.29,2236.71,3505.254
1775914200000,2236.72,2238.19,2235.65,2236.05,4746.331
1775914500000,2236.05,2238.65,2236.05,2238.02,3129.828
1775914800000,2238.01,2240.46,2237.67,2238.68,2645.307
1775915100000,2238.68,2239.99,2238.16,2239.77,2597.113
1775915400000,2239.76,2240.36,2238.77,2239.56,3196.789
1775915700000,2239.56,2240.31,2238.42,2238.42,2635.803
1775916000000,2238.43,2240.26,2237.06,2239.0,2553.748
1775916300000,2239.0,2243.0,2237.87,2242.28,6921.82
1775916600000,2242.27,2243.0,2240.48,2240.89,2964.413
1775916900000,2240.9,2242.0,2240.0,2241.22,3177.788
1775917200000,2241.23,2242.27,2240.48,2241.47,2342.655
1775917500000,2241.47,2241.5,2239.0,2239.89,2802.572
1775917800000,2239.9,2240.11,2237.7,2239.54,4794.557
1775918100000,2239.54,2240.99,2238.64,2238.64,2690.761
1775918400000,2238.64,2239.27,2237.23,2238.75,4403.757
1775918700000,2238.75,2239.88,2238.37,2239.0,1557.617
1775919000000,2239.0,2241.5,2239.0,2240.95,2916.661
1775919300000,2240.96,2241.36,2240.7,2240.81,1849.197
1775919600000,2240.82,2242.5,2240.06,2241.51,3330.177
1775919900000,2241.52,2241.85,2240.56,2240.91,1534.844
1775920200000,2240.91,2242.66,2240.49,2242.65,2178.42
1775920500000,2242.65,2255.5,2242.11,2249.0,48492.751
1775920800000,2249.0,2249.5,2246.08,2246.29,8745.014
1775921100000,2246.28,2248.0,2245.1,2247.01,7635.851
1775921400000,2247.0,2248.96,2246.19,2247.17,7294.045
1775921700000,2247.16,2248.0,2246.58,2247.52,3674.525
1775922000000,2247.53,2247.53,2244.5,2245.17,7831.373
1775922300000,2245.18,2247.48,2245.0,2245.0,3709.293
1775922600000,2245.0,2247.5,2244.0,2247.45,4415.292
1775922900000,2247.45,2249.06,2247.0,2248.26,6570.232
1775923200000,2248.26,2248.98,2245.65,2247.65,3533.792
1775923500000,2247.66,2248.3,2245.52,2246.79,3064.358
1775923800000,2246.8,2248.0,2245.98,2248.0,6332.281
1775924100000,2248.0,2249.84,2247.08,2247.78,3662.131
1775924400000,2247.77,2247.78,2245.02,2245.68,2573.545
1775924700000,2245.69,2246.81,2245.5,2246.19,1652.455
1775925000000,2246.19,2247.26,2245.5,2245.5,1364.299
1775925300000,2245.5,2251.5,2245.42,2249.96,8597.291
1775925600000,2249.97,2274.7,2249.96,2262.5,148399.544
1775925900000,2262.5,2264.24,2258.33,2262.01,27422.583
1775926200000,2262.01,2262.66,2257.16,2258.01,14103.271
1775926500000,2258.0,2259.82,2257.31,2257.57,7875.465
1775926800000,2257.56,2259.97,2257.0,2258.3,7929.891
1775927100000,2258.31,2258.31,2255.34,2255.41,7410.751
1775927400000,2255.4,2258.27,2254.62,2255.17,7376.809
1775927700000,2255.17,2255.2,2252.19,2254.07,15010.475
1775928000000,2254.08,2259.29,2252.61,2258.34,7383.453
1775928300000,2258.34,2258.35,2256.14,2257.36,4719.002
1775928600000,2257.37,2263.88,2257.36,2263.48,18056.908
1775928900000,2263.49,2264.88,2261.05,2261.6,9894.285
1775929200000,2261.6,2261.73,2259.64,2260.71,5087.889
1775929500000,2260.71,2262.49,2258.01,2258.94,5396.638
1775929800000,2258.95,2259.7,2258.37,2258.37,3250.51
1775930100000,2258.37,2258.85,2257.57,2258.73,4403.33
1775930400000,2258.73,2259.13,2256.12,2256.5,4071.839
1775930700000,2256.5,2259.5,2256.0,2259.33,3098.231
1775931000000,2259.33,2259.83,2257.88,2259.7,3787.953
1775931300000,2259.71,2261.79,2259.59,2261.79,3990.614
1775931600000,2261.79,2263.84,2260.87,2261.6,6409.777
1775931900000,2261.6,2262.97,2261.16,2261.76,2663.101
1775932200000,2261.77,2277.24,2261.76,2273.26,70161.946
1775932500000,2273.26,2314.66,2273.26,2300.24,252363.134
1775932800000,2300.24,2300.59,2292.38,2294.86,32652.962
1775933100000,2294.87,2308.96,2294.42,2304.22,36782.211
1775933400000,2304.23,2305.47,2300.0,2300.4,13315.664
1775933700000,2300.39,2304.64,2300.23,2304.1,10439.273
1775934000000,2304.09,2311.81,2304.09,2307.93,31624.538
1775934300000,2307.94,2328.0,2307.77,2318.08,107044.325
1775934600000,2318.09,2319.26,2311.33,2313.59,19100.815
1775934900000,2313.59,2319.93,2312.27,2314.0,20453.534
1775935200000,2313.99,2314.0,2309.26,2310.86,15841.517
1775935500000,2310.86,2322.12,2310.76,2320.19,15879.015
1775935800000,2320.19,2329.85,2318.84,2320.95,46649.89
1775936100000,2320.96,2321.03,2316.27,2318.0,13851.154
1775936400000,2317.99,2320.32,2317.04,2318.01,8856.646
1775936700000,2318.0,2318.01,2313.01,2314.75,11486.362
1775937000000,2314.75,2316.65,2311.27,2313.29,12585.731
1775937300000,2313.28,2315.38,2311.97,2315.23,12137.991
1775937600000,2315.23,2316.39,2307.1,2307.71,17521.082
1775937900000,2307.71,2311.19,2306.13,2309.0,12069.351
1775938200000,2309.01,2309.01,2304.12,2306.12,9574.509
1775938500000,2306.12,2310.53,2304.63,2305.66,8623.144
1775938800000,2305.66,2305.66,2301.2,2301.56,12591.707
1775939100000,2301.55,2305.21,2301.54,2302.33,7777.661
1775939400000,2302.34,2302.46,2288.01,2289.4,45745.287
1775939700000,2289.39,2295.96,2287.53,2292.01,21134.548
1775940000000,2292.01,2296.44,2291.72,2295.05,6918.763
1775940300000,2295.05,2300.73,2293.84,2300.08,11944.984
1775940600000,2300.08,2302.52,2299.33,2299.83,9329.103
1775940900000,2299.83,2299.83,2296.0,2297.58,3077.267
1775941200000,2297.58,2299.65,2291.21,2297.53,8534.197
1775941500000,2297.53,2300.82,2296.69,2300.72,5499.972
1775941800000,2300.71,2304.35,2300.55,2302.47,9525.426
1775942100000,2302.47,2302.54,2299.25,2299.93,2931.806
1775942400000,2299.94,2300.94,2297.05,2298.15,5152.752
1775942700000,2298.15,2299.11,2297.3,2297.51,1951.819
1775943000000,2297.51,2301.83,2295.31,2299.24,6096.348
1775943300000,2299.25,2301.34,2297.52,2298.76,2379.565
1775943600000,2298.77,2299.65,2296.9,2297.01,2337.943
1775943900000,2297.01,2301.79,2296.87,2297.55,5390.701
1775944200000,2297.54,2302.84,2297.54,2301.12,6405.423
1775944500000,2301.12,2301.44,2298.04,2298.57,3456.034
1775944800000,2298.57,2300.26,2296.0,2300.17,4705.84
1775945100000,2300.17,2303.69,2300.17,2302.47,7044.856
1775945400000,2302.47,2304.4,2301.74,2302.68,5023.334
1775945700000,2302.68,2307.88,2302.27,2304.63,9304.158
1775946000000,2304.64,2306.04,2303.51,2305.36,5499.459
1775946300000,2305.36,2305.97,2301.0,2304.91,9376.986
1775946600000,2304.92,2305.35,2299.0,2300.35,6134.907
1775946900000,2300.34,2301.52,2288.34,2291.0,25697.211
1775947200000,2291.0,2296.74,2291.0,2295.84,8249.253
1775947500000,2295.85,2296.88,2295.28,2295.85,4761.275
1775947800000,2295.85,2296.02,2291.38,2292.03,4651.612
1775948100000,2292.03,2296.36,2291.57,2295.87,4335.374
1775948400000,2295.86,2295.87,2281.93,2284.6,20557.635
1775948700000,2284.6,2286.39,2276.0,2278.36,33517.578
1775949000000,2278.36,2283.72,2275.21,2283.19,15935.825
1775949300000,2283.18,2286.05,2282.7,2285.85,6720.176
1775949600000,2285.84,2287.56,2285.05,2287.55,3632.843
1775949900000,2287.56,2288.38,2285.94,2285.94,4824.503
1775950200000,2285.94,2287.89,2284.58,2287.85,3975.03
1775950500000,2287.86,2288.4,2286.67,2287.34,3251.475
1775950800000,2287.33,2287.33,2283.0,2283.38,3398.311
1775951100000,2283.37,2286.33,2282.71,2284.19,3482.364
1775951400000,2284.18,2284.19,2282.6,2282.84,2407.829
1775951700000,2282.84,2284.89,2282.65,2283.73,2751.71
1775952000000,2283.73,2283.74,2275.56,2278.71,17085.182
1775952300000,2278.71,2284.44,2278.7,2281.58,9691.553
1775952600000,2281.59,2287.99,2281.44,2283.08,12595.035
1775952900000,2283.07,2285.43,2281.37,2284.0,7049.45
1775953200000,2283.99,2285.87,2283.0,2284.0,4224.254
1775953500000,2284.0,2284.64,2282.1,2283.01,4487.211
1775953800000,2283.0,2283.33,2282.0,2283.0,3140.616
1775954100000,2283.0,2285.8,2280.51,2280.51,9824.799
1775954400000,2280.52,2280.52,2278.33,2279.63,14387.105
1775954700000,2279.64,2281.83,2279.54,2280.85,6682.023
1775955000000,2280.84,2284.42,2280.16,2282.78,4077.047
1775955300000,2282.78,2284.73,2282.05,2284.69,4345.37
1775955600000,2284.7,2287.8,2283.73,2283.94,15885.678
1775955900000,2283.95,2283.95,2278.19,2283.33,11280.278
1775956200000,2283.34,2285.31,2282.39,2283.25,3360.908
1775956500000,2283.24,2284.45,2282.24,2284.26,4149.587
1775956800000,2284.27,2285.67,2283.41,2283.41,3316.141
1775957100000,2283.41,2284.15,2281.51,2282.63,3764.757
1775957400000,2282.63,2282.76,2265.0,2265.0,50279.746
1775957700000,2265.01,2265.85,2239.48,2249.2,135741.001
1775958000000,2249.2,2249.59,2217.04,2226.42,153853.494
1775958300000,2226.43,2226.99,2210.1,2211.9,112057.921
1775958600000,2211.89,2222.18,2208.02,2221.63,65226.708
1775958900000,2221.62,2222.33,2212.09,2218.07,37035.38
1775959200000,2218.06,2222.0,2207.01,2207.82,51163.635
1775959500000,2207.82,2217.69,2205.93,2217.49,45909.532
1775959800000,2217.5,2229.09,2216.45,2224.3,51096.594
1775960100000,2224.29,2233.86,2224.1,2226.81,48550.966
1775960400000,2226.81,2226.81,2220.75,2223.59,16844.81
1775960700000,2223.59,2225.3,2217.23,2223.23,28148.785
1775961000000,2223.23,2228.28,2222.93,2226.69,13609.415
1775961300000,2226.68,2227.1,2224.02,2224.03,8056.964
1775961600000,2224.02,2226.65,2223.59,2225.32,6369.793
1775961900000,2225.32,2225.44,2221.73,2224.52,10194.075
1775962200000,2224.52,2225.68,2222.22,2223.38,6180.261
1775962500000,2223.39,2224.96,2222.6,2222.61,5739.077
1775962800000,2222.6,2226.34,2222.0,2223.64,11063.882
1775963100000,2223.64,2224.24,2219.3,2219.99,15267.792
1775963400000,2219.99,2222.0,2216.0,2221.25,14538.066
1775963700000,2221.25,2222.86,2219.54,2219.54,5004.426
1775964000000,2219.53,2220.62,2217.14,2217.86,9797.517
1775964300000,2217.87,2219.42,2217.77,2218.82,5243.58
1775964600000,2218.82,2221.42,2213.0,2218.6,15314.887
1775964900000,2218.59,2220.3,2211.88,2214.56,19640.781
1775965200000,2214.56,2216.5,2214.09,2215.71,7718.412
1775965500000,2215.71,2215.87,2213.0,2214.14,12734.112
1775965800000,2214.13,2216.81,2214.1,2216.43,7468.205
1775966100000,2216.42,2216.73,2212.14,2213.14,7180.772
1775966400000,2213.13,2215.77,2211.56,2214.02,10095.087
1775966700000,2214.02,2215.56,2212.18,2212.65,7139.025
1775967000000,2212.66,2214.39,2211.18,2214.38,8783.227
1775967300000,2214.37,2215.88,2208.0,2211.34,17006.248
1775967600000,2211.35,2214.32,2210.8,2212.28,6102.414
1775967900000,2212.28,2213.63,2211.22,2211.85,4784.652
1775968200000,2211.85,2213.39,2210.4,2213.01,4132.076
1775968500000,2213.01,2213.01,2211.05,2212.06,3667.417
1775968800000,2212.05,2213.65,2211.44,2212.73,3702.668
1775969100000,2212.72,2213.36,2211.21,2212.24,4563.068
1775969400000,2212.23,2213.59,2209.63,2211.25,6097.318
1775969700000,2211.25,2212.13,2210.71,2211.58,4872.159
1775970000000,2211.58,2212.83,2207.01,2210.38,18141.253
1775970300000,2210.38,2213.33,2210.13,2213.11,6716.287
1775970600000,2213.1,2213.11,2210.78,2210.97,3193.486
1775970900000,2210.98,2212.0,2209.0,2210.65,4972.902
1775971200000,2210.65,2215.56,2210.53,2215.35,12046.691
1775971500000,2215.35,2218.28,2215.0,2218.0,10224.319
1775971800000,2218.0,2219.66,2215.61,2215.61,13138.236
1775972100000,2215.61,2215.62,2213.55,2215.42,6829.141
1775972400000,2215.42,2215.43,2214.26,2214.77,2312.625
1775972700000,2214.77,2217.2,2214.1,2217.19,3516.227
1775973000000,2217.19,2218.7,2215.87,2216.97,6446.484
1775973300000,2216.97,2218.05,2216.06,2216.07,4125.009
1775973600000,2216.07,2218.17,2216.06,2217.57,7496.506
1775973900000,2217.57,2219.26,2217.57,2218.78,4111.243
1775974200000,2218.77,2219.98,2217.73,2219.69,9612.752
1775974500000,2219.7,2219.7,2217.01,2217.87,5669.531
1775974800000,2217.87,2218.3,2216.3,2218.19,5638.187
1775975100000,2218.19,2219.91,2217.63,2218.5,4869.069
1775975400000,2218.49,2218.49,2215.01,2215.46,5388.592
1775975700000,2215.45,2215.94,2213.67,2213.96,6682.024
1775976000000,2213.96,2214.69,2213.75,2214.17,3401.565
1775976300000,2214.17,2214.72,2213.69,2214.71,2892.902
1775976600000,2214.71,2216.31,2214.52,2215.47,4968.975
1775976900000,2215.47,2215.83,2214.79,2214.92,2826.52
1775977200000,2214.92,2214.92,2212.22,2212.44,5717.533
1775977500000,2212.44,2214.42,2211.51,2213.94,7515.718
1775977800000,2213.94,2215.98,2213.0,2213.01,7266.728
1775978100000,2213.02,2213.38,2212.0,2212.89,2657.786
1775978400000,2212.89,2214.63,2212.88,2213.47,3995.163
1775978700000,2213.47,2214.14,2212.92,2213.99,1813.979
1775979000000,2213.99,2215.29,2213.77,2215.0,3959.604
1775979300000,2215.0,2217.78,2214.96,2217.54,5033.909
1775979600000,2217.55,2218.5,2217.22,2217.97,5900.617
1775979900000,2217.97,2219.15,2217.0,2217.48,6371.407
1775980200000,2217.48,2219.49,2217.48,2218.99,4803.697
1775980500000,2218.99,2219.42,2216.86,2216.87,4889.473
1775980800000,2216.87,2217.35,2214.88,2215.7,4427.703
1775981100000,2215.7,2216.99,2214.61,2215.1,4400.064
1775981400000,2215.09,2215.5,2214.07,2214.9,3523.217
1775981700000,2214.91,2215.8,2214.91,2215.0,1799.754
1775982000000,2215.0,2217.01,2214.79,2216.91,3750.244
1775982300000,2216.91,2217.91,2216.6,2217.9,3533.903
1775982600000,2217.91,2218.18,2216.41,2216.73,3745.503
1775982900000,2216.73,2217.37,2215.51,2216.84,3741.42
1775983200000,2216.84,2217.81,2216.62,2217.15,2757.529
1775983500000,2217.09,2217.09,2212.4,2213.24,8816.196
1775983800000,2213.24,2213.84,2210.41,2212.0,9225.442
1775984100000,2212.0,2213.25,2211.67,2213.01,4363.675
1775984400000,2213.0,2213.38,2211.23,2211.36,6093.829
1775984700000,2211.36,2212.31,2210.18,2211.53,10000.294
1775985000000,2211.53,2213.66,2211.53,2213.62,3548.728
1775985300000,2213.62,2214.25,2213.4,2213.8,2463.792
1775985600000,2213.8,2215.09,2213.37,2215.09,2771.509
1775985900000,2215.08,2215.34,2213.33,2213.33,2817.843
1775986200000,2213.33,2214.54,2213.0,2214.54,1609.533
1775986500000,2214.54,2214.96,2213.07,2214.5,2067.811
1775986800000,2214.49,2214.5,2211.43,2212.6,4219.336
1775987100000,2212.59,2213.33,2211.0,2212.08,4331.448
1775987400000,2212.08,2214.25,2212.08,2213.6,3819.368
1775987700000,2213.6,2214.21,2212.97,2213.27,2632.749
1775988000000,2213.26,2213.84,2212.26,2212.99,2474.694
1775988300000,2212.99,2216.62,2212.98,2216.16,6072.845
1775988600000,2216.17,2216.17,2213.49,2213.63,2603.447
1775988900000,2213.64,2215.0,2213.63,2214.3,1998.905
1775989200000,2214.3,2215.5,2214.29,2215.0,2853.513
1775989500000,2214.99,2215.0,2213.17,2213.68,2014.007
1775989800000,2213.67,2214.08,2212.94,2212.94,1311.677
1775990100000,2212.95,2213.01,2211.52,2212.5,2244.435
1775990400000,2212.51,2212.88,2211.58,2212.02,3002.084
1775990700000,2212.02,2212.38,2208.6,2209.99,12180.993
1775991000000,2209.99,2210.64,2190.6,2196.45,100223.315
1775991300000,2196.45,2202.82,2192.71,2200.94,46238.622
1775991600000,2200.94,2202.84,2197.51,2197.66,20093.377
1775991900000,2197.67,2200.33,2195.75,2198.73,10811.344
1775992200000,2198.72,2206.82,2198.72,2204.48,19695.275
1775992500000,2204.48,2205.37,2203.0,2203.75,5054.557
1775992800000,2203.75,2204.77,2202.22,2202.22,7612.028
1775993100000,2202.22,2205.0,2202.22,2204.99,3865.018
1775993400000,2204.99,2205.33,2202.24,2202.57,4132.353
1775993700000,2202.57,2203.42,2201.8,2203.18,4116.656
1775994000000,2203.19,2204.84,2202.86,2203.16,3465.425
1775994300000,2203.16,2204.13,2202.16,2202.88,4187.996
1775994600000,2202.89,2203.88,2202.89,2203.85,2117.203
1775994900000,2203.85,2204.07,2203.52,2203.53,1883.36
1775995200000,2203.52,2203.52,2199.11,2201.02,10094.342
1775995500000,2201.02,2201.51,2199.08,2201.51,5325.761
1775995800000,2201.52,2203.42,2200.44,2202.14,4843.16
1775996100000,2202.14,2203.0,2201.6,2203.0,2145.976
1775996400000,2203.0,2204.1,2202.26,2203.48,4373.736
1775996700000,2203.48,2203.99,2203.35,2203.78,2171.119
1775997000000,2203.79,2204.1,2198.79,2200.86,8990.596
1775997300000,2200.86,2206.0,2200.66,2205.15,6508.968
1775997600000,2205.15,2207.61,2204.13,2205.81,7871.957
1775997900000,2205.81,2206.47,2204.34,2204.49,5187.044
1775998200000,2204.49,2205.45,2186.0,2196.44,71525.969
1775998500000,2196.44,2199.22,2192.65,2193.37,26893.121
1775998800000,2193.38,2194.72,2185.33,2192.8,49317.054
1775999100000,2192.81,2198.22,2192.6,2196.04,20203.768
1775999400000,2196.04,2196.05,2190.17,2190.9,12403.034
1775999700000,2190.89,2196.41,2190.89,2193.63,12398.291
1776000000000,2193.62,2195.24,2193.18,2195.0,4241.52
1776000300000,2195.0,2195.7,2193.82,2193.83,7744.131
1776000600000,2193.83,2194.01,2188.2,2193.75,13579.076
1776000900000,2193.74,2194.86,2188.45,2189.8,11097.044
1776001200000,2189.78,2190.65,2186.6,2189.61,12076.347
1776001500000,2189.61,2190.21,2182.92,2189.43,24363.327
1776001800000,2189.42,2189.68,2183.35,2186.2,16024.53
1776002100000,2186.19,2188.16,2184.78,2185.89,9998.45
1776002400000,2185.89,2188.56,2183.83,2187.1,12667.237
1776002700000,2187.1,2191.82,2186.73,2190.4,12449.505
1776003000000,2190.41,2190.41,2187.13,2187.99,7976.263
1776003300000,2187.99,2190.76,2187.99,2190.0,5520.735
1776003600000,2189.99,2192.57,2188.39,2192.42,11083.674
1776003900000,2192.42,2192.49,2189.83,2191.42,6167.506
1776004200000,2191.43,2191.67,2186.5,2187.79,10332.027
1776004500000,2187.79,2189.56,2184.43,2184.57,8884.641
1776004800000,2184.56,2187.16,2175.2,2182.68,54209.687
1776005100000,2182.68,2183.78,2179.0,2179.0,17011.395
1776005400000,2179.01,2182.82,2177.33,2178.01,16995.861
1776005700000,2178.0,2183.48,2177.64,2179.85,10980.504
1776006000000,2179.84,2182.0,2179.5,2180.9,6415.079
1776006300000,2180.9,2180.9,2178.64,2179.58,5892.087
1776006600000,2179.57,2183.56,2179.13,2183.18,7390.323
1776006900000,2183.19,2183.36,2177.89,2179.92,8540.395
1776007200000,2179.93,2181.72,2178.99,2181.14,4202.132
1776007500000,2181.14,2181.95,2179.81,2179.81,4839.521
1776007800000,2179.8,2181.55,2173.0,2180.95,30674.649
1776008100000,2180.95,2183.0,2180.41,2181.78,9924.252
1776008400000,2181.78,2183.49,2181.24,2181.83,9915.46
1776008700000,2181.84,2184.0,2181.0,2183.07,6715.565
1776009000000,2183.08,2188.13,2182.73,2186.19,22939.186
1776009300000,2186.2,2186.2,2184.18,2185.5,7322.715
1776009600000,2185.5,2189.59,2183.79,2187.48,16925.817
1776009900000,2187.48,2187.48,2183.26,2183.57,7612.912
1776010200000,2183.57,2187.41,2183.57,2187.0,6436.802
1776010500000,2187.0,2187.01,2184.41,2184.42,4119.194
1776010800000,2184.41,2186.0,2181.5,2185.99,7226.692
1776011100000,2185.99,2186.36,2184.6,2185.62,4798.94
1776011400000,2185.61,2186.56,2185.16,2185.59,3384.041
1776011700000,2185.58,2185.6,2182.88,2183.28,7177.088
1776012000000,2183.28,2184.82,2182.68,2184.61,7457.658
1776012300000,2184.6,2185.6,2183.01,2184.16,3383.009
1776012600000,2184.16,2186.15,2184.1,2184.88,5442.338
1776012900000,2184.89,2186.29,2184.0,2186.29,1799.755
1776013200000,2186.29,2191.0,2186.28,2189.07,12657.528
1776013500000,2189.08,2190.06,2188.25,2188.58,6290.98
1776013800000,2188.58,2188.58,2186.33,2186.7,8554.94
1776014100000,2186.7,2189.18,2186.38,2189.17,2717.091
1776014400000,2189.17,2192.22,2189.17,2191.16,9032.302
1776014700000,2191.15,2192.08,2190.01,2192.08,6004.102
1776015000000,2192.08,2196.88,2192.08,2195.2,23208.457
1776015300000,2195.2,2195.97,2192.71,2194.49,7607.413
1776015600000,2194.49,2195.11,2193.0,2194.31,6421.167
1776015900000,2194.31,2195.33,2191.01,2195.0,6025.205
1776016200000,2194.99,2204.79,2194.62,2202.07,38877.091
1776016500000,2202.06,2204.0,2200.43,2202.21,10224.474
1776016800000,2202.22,2203.95,2200.29,2203.28,9418.955
1776017100000,2203.27,2205.74,2200.37,2202.78,10454.856
1776017400000,2202.79,2203.64,2201.54,2203.46,5166.23
1776017700000,2203.46,2206.73,2200.43,2200.65,10694.75
1776018000000,2200.64,2201.21,2198.94,2200.1,7249.934
1776018300000,2200.1,2200.22,2199.17,2199.56,4381.588
1776018600000,2199.57,2202.55,2199.56,2201.1,4681.59
1776018900000,2201.1,2205.5,2200.99,2205.34,7561.109
1776019200000,2205.33,2205.34,2201.45,2201.77,3898.758
1776019500000,2201.77,2202.0,2199.66,2199.69,3988.983
1776019800000,2199.69,2200.77,2199.61,2199.88,1666.62
1776020100000,2199.89,2200.31,2198.23,2199.24,3590.536
1776020400000,2199.24,2200.19,2198.98,2200.17,2322.784
1776020700000,2200.17,2201.57,2200.01,2200.9,1808.45
1776021000000,2200.89,2203.97,2200.89,2201.37,4234.745
1776021300000,2201.38,2202.34,2200.58,2201.6,3843.994
1776021600000,2201.6,2203.46,2201.6,2203.07,4130.647
1776021900000,2203.07,2203.9,2202.44,2203.9,2275.176
1776022200000,2203.89,2204.26,2202.82,2204.09,2176.777
1776022500000,2204.09,2204.14,2199.68,2201.05,3305.927
1776022800000,2201.05,2201.05,2200.06,2200.31,1594.125
1776023100000,2200.32,2200.7,2197.58,2198.88,2943.687
1776023400000,2198.89,2198.89,2196.26,2198.86,4760.56
1776023700000,2198.86,2198.87,2196.62,2197.24,1924.85
1776024000000,2197.23,2198.89,2197.0,2197.94,4580.464
1776024300000,2197.95,2198.25,2193.48,2193.96,12464.509
1776024600000,2193.97,2195.41,2192.17,2194.45,4470.25
1776024900000,2194.46,2195.21,2192.15,2195.2,3673.801
1776025200000,2195.21,2196.74,2194.61,2196.1,4224.42
1776025500000,2196.1,2197.23,2196.0,2196.4,2189.846
1776025800000,2196.4,2200.34,2196.17,2199.6,3155.008
1776026100000,2199.59,2202.36,2199.23,2201.7,7399.578
1776026400000,2201.71,2218.0,2201.7,2211.44,48557.644
1776026700000,2211.44,2214.79,2206.18,2206.5,11058.998
1776027000000,2206.5,2210.72,2206.5,2208.82,5567.817
1776027300000,2208.81,2213.0,2207.74,2212.35,6132.447
1776027600000,2212.35,2217.33,2212.1,2212.92,8689.542
1776027900000,2212.92,2213.47,2209.58,2209.82,6444.496
1776028200000,2209.81,2210.5,2205.0,2206.62,8247.544
1776028500000,2206.62,2211.33,2206.62,2209.26,5465.689
1776028800000,2209.26,2209.51,2208.07,2208.71,1686.495
1776029100000,2208.7,2208.71,2206.82,2207.83,2686.194
1776029400000,2207.82,2208.1,2203.75,2204.02,4786.574
1776029700000,2204.02,2210.46,2203.77,2209.23,5367.564
1776030000000,2209.23,2211.05,2208.61,2209.06,3723.867
1776030300000,2209.06,2211.0,2205.94,2206.36,2670.808
1776030600000,2206.36,2208.41,2205.6,2206.73,2949.99
1776030900000,2206.74,2210.71,2205.5,2210.04,4509.39
1776031200000,2210.03,2210.32,2185.5,2187.66,56568.854
1776031500000,2187.65,2197.94,2186.36,2194.77,25236.099
1776031800000,2194.77,2196.86,2189.16,2195.47,15383.13
1776032100000,2195.46,2197.35,2185.37,2189.09,17017.772
1776032400000,2189.09,2194.41,2188.62,2191.15,9097.436
1776032700000,2191.16,2192.94,2181.88,2186.87,20394.224
1776033000000,2186.88,2190.63,2182.36,2189.87,15067.574
1776033300000,2189.88,2199.0,2189.54,2195.91,21491.213
1776033600000,2195.91,2200.87,2194.0,2195.48,8004.355
1776033900000,2195.48,2198.02,2192.15,2192.41,4525.916
1776034200000,2192.4,2197.8,2192.4,2196.0,4173.028
1776034500000,2196.0,2199.52,2194.83,2198.24,4767.611
1776034800000,2198.25,2198.25,2189.54,2191.74,10958.208
1776035100000,2191.74,2193.19,2189.0,2190.9,4391.353
1776035400000,2190.91,2192.68,2186.99,2187.75,5413.629
1776035700000,2187.75,2191.37,2185.48,2190.71,8572.373
1776036000000,2190.71,2190.71,2187.43,2188.13,6033.673
1776036300000,2188.13,2192.18,2188.13,2190.51,4018.601
1776036600000,2190.5,2190.5,2185.0,2186.54,7272.648
1776036900000,2186.54,2189.23,2186.53,2187.84,5201.636
1776037200000,2187.84,2190.36,2185.77,2189.66,5921.353
1776037500000,2189.66,2190.37,2185.2,2185.72,3751.923
1776037800000,2185.72,2193.3,2185.71,2190.36,6661.26
1776038100000,2190.35,2192.91,2189.76,2190.46,3960.09
1776038400000,2190.46,2190.46,2186.0,2189.97,6781.462
1776038700000,2189.97,2194.72,2189.67,2194.3,7266.151
1776039000000,2194.31,2195.83,2191.15,2194.99,8316.698
1776039300000,2194.99,2196.59,2192.5,2193.93,5257.758
1776039600000,2193.94,2197.6,2193.87,2197.03,5590.538
1776039900000,2197.03,2204.3,2195.96,2199.03,17757.657
1776040200000,2199.02,2203.34,2198.11,2202.77,9154.625
1776040500000,2202.78,2202.78,2198.9,2198.91,8795.64
1776040800000,2198.9,2200.51,2195.8,2197.49,7683.284
1776041100000,2197.5,2202.2,2196.5,2201.41,4563.298
1776041400000,2201.4,2207.31,2200.14,2205.22,13228.394
1776041700000,2205.22,2205.56,2202.72,2204.06,9002.563
1776042000000,2204.06,2205.55,2202.42,2204.77,6109.716
1776042300000,2204.77,2205.19,2201.86,2202.59,6258.65
1776042600000,2202.59,2208.31,2201.75,2202.51,14922.722
1776042900000,2202.51,2202.89,2200.12,2201.26,8919.64
1776043200000,2201.26,2202.22,2200.01,2200.37,2935.215
1776043500000,2200.37,2203.66,2200.04,2202.13,6495.598
1776043800000,2202.14,2204.58,2199.14,2203.99,6001.827
1776044100000,2203.99,2206.32,2202.43,2202.74,4880.285
1776044400000,2202.74,2204.58,2201.34,2202.95,3908.08
1776044700000,2202.94,2203.19,2201.62,2201.8,1899.434
1776045000000,2201.81,2204.13,2201.28,2201.29,3468.629
1776045300000,2201.28,2203.92,2201.0,2202.51,2396.274
1776045600000,2202.51,2204.78,2201.14,2201.37,3317.281
1776045900000,2201.37,2201.98,2199.39,2199.45,4117.942
1776046200000,2199.46,2199.73,2191.1,2193.17,22107.273
1776046500000,2193.17,2196.85,2193.16,2195.87,6456.424
1776046800000,2195.87,2197.45,2195.46,2197.33,4335.616
1776047100000,2197.33,2202.77,2197.33,2200.44,11654.633
1776047400000,2200.45,2202.67,2198.04,2198.6,5547.71
1776047700000,2198.61,2199.21,2192.22,2193.51,7933.914
1776048000000,2193.5,2194.17,2192.36,2192.88,4489.82
1776048300000,2192.89,2195.15,2192.41,2193.97,4596.982
1776048600000,2193.96,2194.0,2191.56,2193.28,4117.839
1776048900000,2193.28,2194.0,2192.66,2193.18,3666.28
1776049200000,2193.18,2193.84,2189.16,2193.32,10476.493
1776049500000,2193.31,2193.65,2190.79,2191.2,4294.443
1776049800000,2191.2,2192.34,2190.76,2191.37,2979.439
1776050100000,2191.37,2195.33,2190.17,2193.96,4846.924
1776050400000,2193.96,2194.6,2190.59,2191.5,4040.128
1776050700000,2191.5,2194.29,2191.5,2192.38,2731.472
1776051000000,2192.38,2193.95,2192.12,2193.27,3495.328
1776051300000,2193.26,2194.0,2189.37,2191.85,3927.887
1776051600000,2191.84,2193.0,2191.7,2192.71,1819.865
1776051900000,2192.72,2192.72,2191.02,2191.96,2356.381
1776052200000,2191.96,2193.62,2191.78,2192.97,3050.368
1776052500000,2192.98,2194.0,2192.74,2193.25,1529.603
1776052800000,2193.25,2194.81,2192.68,2193.57,4013.218
1776053100000,2193.56,2193.57,2190.46,2191.76,2845.867
1776053400000,2191.77,2192.49,2190.21,2192.25,2989.531
1776053700000,2192.26,2192.92,2190.69,2192.0,1823.239
1776054000000,2192.0,2193.11,2191.75,2192.27,1902.297
1776054300000,2192.26,2194.86,2192.26,2194.01,3137.161
1776054600000,2194.01,2197.54,2193.63,2197.13,8817.487
1776054900000,2197.13,2197.47,2195.38,2197.29,2785.74
1776055200000,2197.29,2198.52,2195.3,2195.3,6035.943
1776055500000,2195.3,2195.31,2192.53,2193.02,3812.741
1776055800000,2193.02,2193.03,2186.35,2189.66,19460.917
1776056100000,2189.67,2191.78,2188.62,2189.33,5786.877
1776056400000,2189.33,2190.14,2187.28,2188.91,11724.921
1776056700000,2188.91,2189.72,2185.09,2185.78,6036.45
1776057000000,2185.78,2187.37,2185.04,2186.36,9060.33
1776057300000,2186.37,2187.82,2186.0,2186.11,4595.958
1776057600000,2186.11,2188.17,2182.52,2187.72,15468.491
1776057900000,2187.73,2188.45,2186.5,2187.76,5189.48
1776058200000,2187.76,2187.98,2184.0,2185.69,5522.402
1776058500000,2185.69,2186.55,2180.24,2183.43,13062.779
1776058800000,2183.43,2185.92,2183.12,2184.43,7939.284
1776059100000,2184.43,2188.99,2184.42,2186.6,10118.401
1776059400000,2186.61,2188.3,2186.5,2188.21,2926.779
1776059700000,2188.21,2190.8,2187.18,2190.3,10804.901
1776060000000,2190.3,2194.15,2189.8,2194.15,11769.883
1776060300000,2194.15,2195.58,2193.3,2193.76,14311.739
1776060600000,2193.76,2194.4,2193.16,2194.23,3949.664
1776060900000,2194.23,2197.71,2193.4,2196.69,7539.39
1776061200000,2196.69,2198.7,2196.24,2197.99,9124.465
1776061500000,2197.99,2198.6,2194.81,2195.49,5860.716
1776061800000,2195.49,2195.85,2194.17,2195.1,4199.503
1776062100000,2195.1,2196.8,2193.8,2196.8,4920.602
1776062400000,2196.8,2199.0,2194.2,2198.61,8321.654
1776062700000,2198.62,2200.85,2196.0,2197.48,14118.405
1776063000000,2197.48,2198.86,2195.88,2196.49,3584.089
1776063300000,2196.5,2198.39,2195.81,2197.49,6728.477
1776063600000,2197.5,2198.81,2193.82,2196.79,8175.783
1776063900000,2196.78,2196.79,2192.6,2192.72,4127.88
1776064200000,2192.73,2193.8,2191.48,2191.8,4946.955
1776064500000,2191.8,2191.8,2187.89,2188.71,9941.975
1776064800000,2188.72,2188.72,2181.93,2182.59,28160.339
1776065100000,2182.59,2184.3,2182.22,2183.74,11598.985
1776065400000,2183.74,2185.86,2183.7,2184.53,8816.186
1776065700000,2184.53,2187.44,2183.54,2186.13,8119.209
1776066000000,2186.13,2186.4,2184.66,2185.71,6444.478
1776066300000,2185.7,2189.28,2185.18,2187.38,8698.106
1776066600000,2187.39,2188.62,2186.39,2186.6,6165.442
1776066900000,2186.6,2188.0,2185.49,2185.81,3134.474
1776067200000,2185.81,2188.69,2183.03,2188.22,8677.839
1776067500000,2188.21,2188.58,2184.0,2184.46,8654.888
1776067800000,2184.47,2185.94,2182.59,2182.92,9729.422
1776068100000,2182.91,2184.0,2180.82,2181.21,11301.748
1776068400000,2181.21,2183.66,2180.82,2183.29,9972.263
1776068700000,2183.29,2186.47,2183.29,2184.98,7566.78
1776069000000,2184.98,2185.16,2183.02,2183.61,5630.581
1776069300000,2183.61,2185.17,2181.69,2181.9,4240.422
1776069600000,2181.9,2182.84,2177.01,2181.02,22744.033
1776069900000,2181.01,2183.17,2179.64,2182.45,5827.394
1776070200000,2182.46,2183.28,2180.41,2183.28,3720.316
1776070500000,2183.28,2185.1,2183.06,2184.32,5101.363
1776070800000,2184.32,2194.95,2184.31,2191.77,30091.374
1776071100000,2191.76,2192.58,2187.83,2187.84,13432.286
1776071400000,2187.84,2189.0,2186.98,2188.47,6165.926
1776071700000,2188.47,2189.67,2186.86,2188.0,4944.509
1776072000000,2188.0,2190.52,2187.99,2189.9,2974.972
1776072300000,2189.9,2191.11,2189.13,2189.24,3277.428
1776072600000,2189.24,2190.0,2187.8,2189.05,3572.062
1776072900000,2189.05,2189.96,2187.13,2188.99,1381.264
1776073200000,2189.0,2189.34,2187.8,2188.5,5074.828
1776073500000,2188.5,2188.79,2187.24,2187.83,2955.778
1776073800000,2187.83,2188.09,2186.16,2186.85,6422.156
1776074100000,2186.85,2188.31,2186.85,2187.16,2895.619
1776074400000,2187.16,2187.59,2185.51,2186.21,3079.838
1776074700000,2186.21,2188.24,2185.5,2185.5,4817.314
1776075000000,2185.5,2186.83,2184.27,2186.46,3185.381
1776075300000,2186.46,2186.47,2182.05,2184.16,8304.384
1776075600000,2184.16,2185.3,2182.5,2182.83,4319.311
1776075900000,2182.83,2184.27,2181.0,2181.78,8458.513
1776076200000,2181.77,2183.79,2180.4,2180.75,8643.988
1776076500000,2180.75,2185.03,2177.9,2184.2,13403.32
1776076800000,2184.2,2184.2,2181.6,2182.49,3802.177
1776077100000,2182.49,2185.15,2181.9,2182.15,8970.163
1776077400000,2182.16,2184.16,2180.34,2180.67,4485.966
1776077700000,2180.67,2183.16,2180.67,2182.97,5127.17
1776078000000,2182.98,2187.11,2181.7,2184.27,11442.921
1776078300000,2184.26,2187.37,2184.26,2185.39,8670.72
1776078600000,2185.4,2186.69,2184.76,2185.24,4180.748
1776078900000,2185.24,2185.58,2183.65,2184.22,3974.044
1776079200000,2184.22,2186.76,2184.17,2186.07,3636.384
1776079500000,2186.08,2186.58,2184.86,2185.77,3567.804
1776079800000,2185.76,2187.07,2185.22,2185.27,2609.599
1776080100000,2185.27,2186.36,2183.79,2185.32,4679.337
1776080400000,2185.31,2189.44,2184.72,2188.38,8705.147
1776080700000,2188.38,2190.4,2187.4,2188.16,9843.902
1776081000000,2188.16,2188.73,2187.09,2188.54,4550.999
1776081300000,2188.54,2188.55,2186.35,2186.56,3144.056
1776081600000,2186.56,2187.02,2182.92,2182.93,9321.442
1776081900000,2182.92,2188.56,2182.63,2186.93,9212.763
1776082200000,2186.92,2188.0,2185.66,2185.66,4147.026
1776082500000,2185.66,2186.15,2184.02,2184.04,1980.779
1776082800000,2184.04,2184.14,2181.8,2182.16,7098.798
1776083100000,2182.15,2182.4,2179.42,2179.65,9402.327
1776083400000,2179.64,2182.5,2176.68,2180.98,20623.473
1776083700000,2180.97,2180.97,2177.05,2178.35,7785.658
1776084000000,2178.36,2179.34,2173.16,2178.98,24966.084
1776084300000,2178.99,2184.0,2178.98,2181.22,11572.983
1776084600000,2181.22,2196.6,2181.22,2195.85,52913.541
1776084900000,2195.85,2198.0,2191.2,2191.53,30952.285
1776085200000,2191.55,2197.58,2191.55,2195.99,19064.486
1776085500000,2195.99,2196.75,2192.47,2193.48,10534.791
1776085800000,2193.48,2199.36,2193.39,2199.0,14802.821
1776086100000,2199.01,2199.01,2194.84,2197.07,13096.662
1776086400000,2197.07,2197.3,2195.12,2197.3,8027.799
1776086700000,2197.3,2201.42,2193.82,2195.57,26557.962
1776087000000,2195.58,2197.66,2188.48,2191.53,31285.064
1776087300000,2191.52,2191.53,2180.05,2182.79,31436.493
1776087600000,2182.8,2192.62,2181.66,2186.98,22626.31
1776087900000,2186.98,2213.76,2181.82,2211.29,67991.493
1776088200000,2211.29,2213.6,2194.8,2202.98,63808.885
1776088500000,2202.98,2215.0,2200.27,2214.0,53737.248
1776088800000,2213.99,2217.8,2202.02,2206.75,64287.594
1776089100000,2206.75,2209.57,2202.37,2203.62,18181.688
1776089400000,2203.62,2208.78,2202.74,2206.45,13750.084
1776089700000,2206.45,2211.33,2203.82,2206.71,24183.046
1776090000000,2206.71,2210.67,2201.76,2209.99,22566.626
1776090300000,2210.0,2211.88,2208.0,2210.07,12996.449
1776090600000,2210.07,2219.98,2209.32,2217.28,35383.395
1776090900000,2217.27,2219.38,2215.0,2217.8,22146.808
1776091200000,2217.81,2227.0,2215.25,2224.44,64977.468
1776091500000,2224.44,2228.48,2218.35,2219.09,47409.22
1776091800000,2219.09,2221.68,2217.0,2221.65,23739.73
1776092100000,2221.65,2233.77,2219.9,2232.73,63481.904
1776092400000,2232.73,2235.99,2221.52,2222.68,50552.913
1776092700000,2222.67,2224.92,2214.06,2218.27,36777.836
1776093000000,2218.27,2220.66,2216.08,2218.86,15512.636
1776093300000,2218.87,2219.67,2213.46,2215.84,17451.473
1776093600000,2215.86,2218.53,2212.19,2212.81,16555.035
1776093900000,2212.8,2214.79,2209.5,2212.3,20583.631
1776094200000,2212.3,2212.31,2203.6,2205.24,50017.854
1776094500000,2205.24,2206.88,2197.78,2203.05,44766.914
1776094800000,2203.06,2207.18,2201.01,2205.66,18646.137
1776095100000,2205.66,2207.0,2203.51,2203.95,12106.645
1776095400000,2203.96,2206.29,2200.66,2204.09,10193.281
1776095700000,2204.09,2209.0,2204.08,2208.51,13450.262
1776096000000,2208.51,2210.19,2204.39,2205.61,11283.957
1776096300000,2205.61,2213.93,2198.61,2213.39,36511.103
1776096600000,2213.4,2218.65,2212.0,2218.27,23642.189
1776096900000,2218.27,2221.98,2214.31,2219.95,27082.384
1776097200000,2219.95,2224.64,2218.33,2224.19,20921.445
1776097500000,2224.18,2226.99,2220.35,2225.3,24773.002
1776097800000,2225.29,2229.78,2222.92,2226.34,35625.46
1776098100000,2226.34,2233.0,2223.2,2226.3,46916.028
1776098400000,2226.3,2229.67,2222.41,2226.91,24481.822
1776098700000,2226.91,2233.7,2225.34,2225.95,35952.543
1776099000000,2225.96,2229.14,2220.76,2222.96,26133.466
1776099300000,2222.96,2226.3,2222.4,2224.81,8921.687
1776099600000,2224.8,2226.0,2221.73,2225.09,16088.411
1776099900000,2225.09,2226.82,2221.69,2226.82,9108.832
1776100200000,2226.83,2230.01,2224.69,2224.69,14886.572
1776100500000,2224.67,2228.37,2223.63,2227.96,6380.09
1776100800000,2227.96,2227.96,2222.8,2226.27,8465.467
1776101100000,2226.28,2231.64,2226.27,2231.47,13945.377
1776101400000,2231.47,2242.38,2231.47,2235.19,68979.844
1776101700000,2235.2,2236.36,2231.42,2234.27,16611.885
1776102000000,2234.28,2234.98,2232.38,2234.75,5186.733
1776102300000,2234.75,2236.8,2228.81,2229.53,21351.778
1776102600000,2229.53,2230.0,2222.42,2224.35,22755.589
1776102900000,2224.35,2224.62,2221.3,2223.96,8289.075
1776103200000,2223.97,2226.58,2222.7,2226.09,9472.749
1776103500000,2226.08,2230.42,2224.22,2225.87,14748.892
1776103800000,2225.88,2227.25,2223.64,2226.34,7504.748
1776104100000,2226.35,2226.35,2223.2,2225.34,8249.961
1776104400000,2225.33,2228.0,2220.25,2220.26,8900.56
1776104700000,2220.26,2221.56,2217.35,2221.0,18507.636
1776105000000,2221.0,2228.48,2220.81,2228.2,8426.298
1776105300000,2228.19,2228.53,2226.01,2226.94,7182.148
1776105600000,2226.94,2233.57,2226.15,2230.11,14912.631
1776105900000,2230.11,2232.74,2227.52,2227.52,9137.936
1776106200000,2227.52,2231.56,2226.69,2231.56,5758.602
1776106500000,2231.57,2232.73,2230.39,2231.27,4753.277
1776106800000,2231.27,2235.0,2229.0,2229.85,13765.666
1776107100000,2229.84,2230.79,2227.5,2227.99,3934.34
1776107400000,2228.0,2228.57,2226.81,2227.2,3496.908
1776107700000,2227.21,2238.95,2227.21,2235.05,22521.916
1776108000000,2235.05,2243.31,2234.18,2239.41,35184.412
1776108300000,2239.41,2244.18,2238.0,2240.85,23664.866
1776108600000,2240.84,2251.8,2239.57,2250.7,76240.103
1776108900000,2250.7,2255.99,2243.23,2254.66,62438.878
1776109200000,2254.65,2255.79,2248.0,2250.27,24286.583
1776109500000,2250.28,2262.69,2249.95,2259.54,40399.97
1776109800000,2259.55,2267.0,2259.29,2260.78,33580.159
1776110100000,2260.78,2268.25,2259.35,2261.11,40095.592
1776110400000,2261.11,2262.62,2253.64,2255.96,27114.771
1776110700000,2255.96,2259.63,2254.23,2255.4,11840.119
1776111000000,2255.4,2255.5,2248.0,2248.58,18116.537
1776111300000,2248.59,2250.73,2246.6,2247.47,11293.468
1776111600000,2247.47,2250.88,2247.47,2248.39,6653.634
1776111900000,2248.39,2253.59,2248.39,2253.47,9706.801
1776112200000,2253.46,2257.3,2251.3,2256.49,9791.917
1776112500000,2256.48,2258.6,2251.66,2251.67,11398.181
1776112800000,2251.67,2255.55,2250.9,2254.43,4773.954
1776113100000,2254.43,2256.96,2252.46,2254.04,6650.266
1776113400000,2254.05,2254.25,2248.7,2249.89,7530.183
1776113700000,2249.88,2253.26,2248.43,2251.6,7796.647
1776114000000,2251.6,2252.18,2249.0,2249.61,4397.967
1776114300000,2249.61,2254.84,2248.84,2254.0,4778.306
1776114600000,2254.0,2258.47,2254.0,2255.31,9669.122
1776114900000,2255.31,2258.85,2252.24,2252.48,5817.456
1776115200000,2252.48,2254.65,2251.14,2254.23,5785.541
1776115500000,2254.23,2254.64,2252.59,2253.04,2121.636
1776115800000,2253.03,2258.0,2252.87,2257.09,4140.969
1776116100000,2257.1,2258.92,2255.18,2257.45,3971.927
1776116400000,2257.45,2265.83,2257.07,2260.75,13133.834
1776116700000,2260.77,2264.03,2256.03,2261.16,7841.232
1776117000000,2261.15,2262.0,2260.52,2260.97,2605.805
1776117300000,2260.97,2261.01,2258.11,2258.77,5398.757
1776117600000,2258.77,2263.75,2258.6,2261.73,6270.089
1776117900000,2261.73,2279.0,2261.73,2268.02,63740.004
1776118200000,2268.01,2305.23,2267.78,2294.03,127659.661
1776118500000,2294.04,2321.8,2293.62,2317.8,159747.532
1776118800000,2317.8,2337.54,2316.51,2326.22,131953.227
1776119100000,2326.22,2328.36,2318.0,2324.61,33896.215
1776119400000,2324.61,2347.46,2324.6,2340.42,101090.223
1776119700000,2340.42,2341.87,2337.2,2340.11,21711.402
1776120000000,2340.11,2344.33,2336.18,2343.31,28980.527
1776120300000,2343.3,2350.0,2340.0,2344.9,38346.797
1776120600000,2344.9,2358.0,2342.4,2354.14,69689.276
1776120900000,2354.14,2365.0,2351.0,2352.12,72070.09
1776121200000,2352.13,2355.0,2340.26,2349.9,46076.132
1776121500000,2349.91,2357.2,2347.08,2353.86,25799.265
1776121800000,2353.85,2359.51,2349.34,2352.66,27402.536
1776122100000,2352.65,2360.0,2346.49,2358.78,32502.462
1776122400000,2358.78,2378.0,2358.15,2365.16,137582.109
1776122700000,2365.17,2396.0,2364.45,2386.49,181442.844
1776123000000,2386.5,2389.79,2374.0,2375.61,49662.797
1776123300000,2375.61,2381.0,2372.49,2372.5,17851.05
1776123600000,2372.49,2374.22,2370.36,2371.94,21049.126
1776123900000,2371.94,2375.52,2370.21,2371.91,21723.244
1776124200000,2371.9,2373.83,2369.0,2371.69,17183.269
1776124500000,2371.69,2373.98,2366.39,2368.29,21382.455
1776124800000,2368.28,2374.11,2368.28,2369.08,20212.201
1776125100000,2369.08,2369.42,2363.86,2364.6,19392.408
1776125400000,2364.6,2367.21,2363.08,2366.45,21329.382
1776125700000,2366.45,2373.4,2365.57,2369.99,18109.69
1776126000000,2369.99,2370.47,2365.0,2366.15,9169.117
1776126300000,2366.15,2366.4,2363.21,2365.39,11444.381
1776126600000,2365.4,2366.71,2361.91,2362.51,13375.412
1776126900000,2362.51,2370.96,2361.73,2368.63,17426.628
1776127200000,2368.63,2369.8,2366.15,2368.79,4830.234
1776127500000,2368.79,2368.99,2363.7,2365.15,6034.877
1776127800000,2365.15,2366.58,2360.03,2361.27,13336.727
1776128100000,2361.26,2363.8,2358.02,2359.91,14845.732
1776128400000,2359.92,2360.75,2352.53,2359.0,33757.494
1776128700000,2359.0,2362.83,2358.6,2362.0,11761.663
1776129000000,2362.0,2364.39,2360.48,2364.09,10541.667
1776129300000,2364.09,2365.0,2360.75,2364.32,12551.943
1776129600000,2364.32,2368.63,2363.16,2364.53,20414.949
1776129900000,2364.52,2364.7,2361.67,2362.43,4675.755
1776130200000,2362.43,2362.43,2359.33,2359.8,8020.608
1776130500000,2359.81,2364.6,2359.8,2362.92,7553.119
1776130800000,2362.91,2367.26,2362.91,2365.96,6910.68
1776131100000,2365.95,2369.96,2365.1,2367.97,11254.73
1776131400000,2367.97,2372.44,2367.96,2370.28,18939.621
1776131700000,2370.28,2370.84,2365.97,2367.24,11142.241
1776132000000,2367.25,2371.0,2367.24,2370.6,11861.547
1776132300000,2370.59,2372.88,2369.89,2370.66,11419.141
1776132600000,2370.65,2374.99,2369.8,2373.4,12660.972
1776132900000,2373.4,2377.86,2370.48,2373.72,16840.349
1776133200000,2373.72,2375.5,2371.5,2371.77,6262.416
1776133500000,2371.78,2372.72,2368.57,2369.0,6664.477
1776133800000,2369.01,2369.01,2364.83,2366.1,11865.932
1776134100000,2366.1,2373.04,2364.67,2371.79,12096.776
1776134400000,2371.78,2373.94,2370.34,2371.32,4421.33
1776134700000,2371.32,2372.0,2368.04,2370.28,6502.506
1776135000000,2370.28,2370.99,2365.65,2366.6,8434.188
1776135300000,2366.61,2367.89,2365.67,2366.17,8279.875
1776135600000,2366.17,2366.71,2365.02,2366.12,6492.388
1776135900000,2366.12,2369.34,2366.1,2368.97,6313.096
1776136200000,2368.97,2368.97,2365.0,2365.7,5334.539
1776136500000,2365.7,2366.65,2362.5,2366.0,6658.994
1776136800000,2366.0,2366.17,2362.85,2363.32,4314.125
1776137100000,2363.32,2363.32,2360.36,2362.04,9107.52
1776137400000,2362.05,2367.51,2361.82,2364.72,6501.073
1776137700000,2364.72,2365.72,2363.29,2365.37,4689.221
1776138000000,2365.37,2368.13,2365.37,2367.12,5521.11
1776138300000,2367.11,2367.55,2365.07,2365.27,5000.505
1776138600000,2365.27,2366.87,2364.66,2366.21,3732.628
1776138900000,2366.21,2367.8,2363.63,2364.48,6065.828
1776139200000,2364.47,2364.99,2362.17,2363.76,5758.97
1776139500000,2363.75,2367.4,2363.53,2364.96,4431.583
1776139800000,2364.95,2365.3,2363.76,2364.85,2057.659
1776140100000,2364.85,2365.15,2363.12,2364.74,3407.796
1776140400000,2364.75,2367.0,2363.94,2364.61,3568.607
1776140700000,2364.6,2365.14,2363.0,2365.07,4600.762
1776141000000,2365.07,2365.77,2362.82,2363.57,4464.811
1776141300000,2363.57,2365.91,2363.0,2365.43,5594.722
1776141600000,2365.43,2365.44,2362.38,2363.37,2332.763
1776141900000,2363.37,2364.5,2360.87,2364.05,5041.329
1776142200000,2364.04,2364.05,2362.11,2362.25,3819.024
1776142500000,2362.26,2363.76,2362.0,2363.21,2754.324
1776142800000,2363.2,2363.71,2361.27,2361.61,3467.817
1776143100000,2361.61,2362.16,2361.0,2361.08,4337.373
1776143400000,2361.09,2362.17,2360.66,2361.25,3695.641
1776143700000,2361.24,2361.38,2359.29,2361.26,7587.796
1776144000000,2361.26,2369.0,2361.25,2364.01,14358.891
1776144300000,2364.01,2366.65,2362.62,2365.86,6331.793
1776144600000,2365.85,2365.88,2361.67,2362.5,3472.569
1776144900000,2362.51,2365.59,2361.78,2362.75,4747.575
1776145200000,2362.75,2363.25,2361.0,2361.58,3557.252
1776145500000,2361.57,2361.58,2358.37,2358.51,6932.706
1776145800000,2358.51,2359.2,2355.1,2356.45,14109.995
1776146100000,2356.45,2356.45,2353.7,2354.8,25839.59
1776146400000,2354.8,2361.27,2354.8,2358.57,15242.525
1776146700000,2358.56,2361.5,2358.56,2361.5,4703.967
1776147000000,2361.5,2362.55,2359.07,2360.04,5123.004
1776147300000,2360.03,2364.0,2358.77,2362.89,4004.039
1776147600000,2362.89,2365.6,2362.89,2364.84,6846.633
1776147900000,2364.84,2366.41,2364.36,2365.13,7505.81
1776148200000,2365.13,2365.69,2363.57,2364.6,4607.755
1776148500000,2364.61,2368.44,2364.11,2367.08,9526.01
1776148800000,2367.07,2367.38,2366.05,2366.49,4007.53
1776149100000,2366.49,2372.0,2365.62,2370.82,15604.864
1776149400000,2370.81,2373.33,2369.76,2372.89,14264.742
1776149700000,2372.9,2376.08,2371.58,2371.76,18691.467
1776150000000,2371.77,2377.82,2369.64,2375.43,24109.244
1776150300000,2375.43,2389.49,2373.66,2387.23,76075.202
1776150600000,2387.23,2390.0,2378.0,2381.03,41853.437
1776150900000,2381.03,2381.92,2378.68,2378.78,14509.166
1776151200000,2378.78,2382.69,2376.31,2377.01,11336.405
1776151500000,2377.01,2381.1,2376.62,2379.0,8332.164
1776151800000,2379.0,2379.5,2374.21,2374.21,11552.442
1776152100000,2374.2,2374.35,2371.0,2373.13,12764.14
1776152400000,2373.12,2373.9,2370.02,2370.06,7242.647
1776152700000,2370.07,2372.52,2369.16,2371.7,10076.967
1776153000000,2371.69,2375.65,2370.62,2375.12,8790.993
1776153300000,2375.11,2377.39,2374.02,2376.79,9530.982
1776153600000,2376.8,2378.32,2372.99,2376.45,9974.321
1776153900000,2376.45,2377.93,2375.56,2377.29,5189.515
1776154200000,2377.28,2379.0,2374.67,2376.0,5388.258
1776154500000,2376.0,2377.8,2374.56,2376.27,4289.946
1776154800000,2376.27,2378.33,2374.6,2376.46,8746.447
1776155100000,2376.46,2379.2,2375.41,2378.96,4936.324
1776155400000,2378.96,2390.93,2377.2,2389.54,53463.432
1776155700000,2389.54,2396.6,2384.15,2388.73,83143.715
1776156000000,2388.72,2388.76,2383.66,2386.83,28183.244
1776156300000,2386.82,2388.68,2385.0,2387.57,16261.426
1776156600000,2387.58,2389.18,2385.93,2386.93,11081.774
1776156900000,2386.94,2386.98,2385.2,2386.87,5382.638
1776157200000,2386.87,2390.59,2385.09,2385.43,15735.635
1776157500000,2385.43,2392.33,2384.51,2391.93,27229.068
1776157800000,2391.93,2392.0,2390.0,2391.47,17293.687
1776158100000,2391.48,2394.0,2389.03,2389.24,25069.942
1776158400000,2389.24,2390.37,2385.8,2387.08,16829.702
1776158700000,2387.09,2390.0,2386.83,2388.92,9744.959
1776159000000,2388.93,2390.0,2387.14,2388.8,6641.247
1776159300000,2388.8,2391.3,2386.13,2390.87,11348.136
1776159600000,2390.87,2392.84,2385.09,2385.92,12438.307
1776159900000,2385.92,2387.24,2382.23,2383.73,13467.323
1776160200000,2383.73,2385.47,2382.6,2384.12,7581.504
1776160500000,2384.13,2387.77,2383.92,2386.2,5133.496
1776160800000,2386.21,2386.28,2381.54,2383.34,11862.486
1776161100000,2383.35,2386.93,2383.34,2384.0,6049.678
1776161400000,2384.0,2384.63,2382.37,2384.06,4460.908
1776161700000,2384.07,2384.07,2380.18,2381.51,6737.272
1776162000000,2381.5,2385.0,2380.95,2383.61,4730.224
1776162300000,2383.6,2384.29,2382.13,2382.33,3609.617
1776162600000,2382.33,2384.04,2380.24,2383.43,6672.757
1776162900000,2383.43,2384.59,2376.29,2376.77,14290.821
1776163200000,2376.78,2377.71,2374.19,2374.79,15687.213
1776163500000,2374.79,2374.91,2372.12,2373.73,10581.771
1776163800000,2373.72,2377.25,2373.02,2374.53,12501.491
1776164100000,2374.54,2376.96,2374.17,2374.18,6629.912
1776164400000,2374.17,2375.4,2372.59,2375.0,5802.356
1776164700000,2374.99,2375.0,2372.5,2374.73,5615.659
1776165000000,2374.74,2375.52,2372.57,2372.86,5220.746
1776165300000,2372.85,2374.36,2372.12,2373.32,4372.075
1776165600000,2373.32,2375.3,2369.63,2371.08,9887.436
1776165900000,2371.08,2372.0,2367.88,2368.54,12045.909
1776166200000,2368.54,2368.86,2366.66,2368.86,12154.425
1776166500000,2368.85,2373.84,2368.62,2373.13,13191.438
1776166800000,2373.13,2373.13,2370.72,2371.14,6146.547
1776167100000,2371.13,2376.23,2371.13,2375.34,12962.218
1776167400000,2375.35,2376.51,2373.0,2373.97,5604.092
1776167700000,2373.97,2377.48,2370.42,2373.41,22468.045
1776168000000,2373.41,2375.1,2369.52,2374.79,9895.654
1776168300000,2374.79,2377.16,2373.23,2375.39,6386.622
1776168600000,2375.4,2375.55,2368.23,2369.06,11587.148
1776168900000,2369.05,2372.94,2368.82,2371.44,8087.464
1776169200000,2371.44,2372.0,2367.84,2369.56,6763.161
1776169500000,2369.56,2372.93,2368.54,2372.07,7946.565
1776169800000,2372.07,2377.68,2371.0,2373.26,16575.658
1776170100000,2373.27,2375.0,2371.64,2373.51,6440.538
1776170400000,2373.51,2376.09,2369.3,2370.01,10062.521
1776170700000,2370.01,2372.89,2369.9,2371.77,3344.306
1776171000000,2371.77,2373.86,2370.5,2372.77,4299.04
1776171300000,2372.76,2374.55,2371.96,2373.21,7807.814
1776171600000,2373.22,2379.99,2371.57,2378.31,19261.799
1776171900000,2378.32,2380.0,2376.79,2378.71,12591.847
1776172200000,2378.72,2381.55,2377.26,2379.9,9496.104
1776172500000,2379.89,2382.68,2377.28,2381.47,13083.087
1776172800000,2381.46,2383.82,2380.08,2382.04,11650.65
1776173100000,2382.04,2382.13,2372.59,2372.59,16019.685
1776173400000,2372.6,2386.28,2372.59,2382.46,42193.974
1776173700000,2382.47,2394.5,2380.68,2383.75,64938.927
1776174000000,2383.75,2394.6,2383.0,2388.0,63241.203
1776174300000,2388.0,2392.33,2382.67,2385.61,50607.816
1776174600000,2385.62,2391.65,2385.0,2388.67,23004.687
1776174900000,2388.67,2391.5,2387.15,2389.99,18251.173
1776175200000,2390.0,2392.75,2381.63,2384.33,40115.429
1776175500000,2384.33,2388.69,2375.88,2381.2,34792.27
1776175800000,2381.2,2383.16,2378.7,2381.6,13386.844
1776176100000,2381.6,2385.02,2378.81,2380.41,22073.873
1776176400000,2380.41,2385.88,2380.32,2382.69,17567.214
1776176700000,2382.69,2392.38,2382.69,2390.87,31710.382
1776177000000,2390.87,2416.4,2387.0,2389.81,229557.881
1776177300000,2389.8,2392.49,2373.36,2375.73,84791.355
1776177600000,2375.73,2375.73,2364.07,2370.24,84553.307
1776177900000,2370.25,2372.99,2360.86,2361.61,64976.996
1776178200000,2361.61,2370.0,2360.22,2365.73,39694.025
1776178500000,2365.74,2366.06,2350.66,2351.8,87691.67
1776178800000,2351.79,2356.67,2345.0,2349.89,125448.726
1776179100000,2349.89,2350.8,2330.8,2338.45,121685.668
1776179400000,2338.44,2344.99,2335.82,2341.0,61485.36
1776179700000,2341.0,2343.95,2338.38,2342.02,49273.425
1776180000000,2342.03,2346.83,2338.06,2345.46,42590.315
1776180300000,2345.46,2346.78,2340.02,2340.41,19204.366
1776180600000,2340.41,2356.72,2339.12,2355.22,46427.286
1776180900000,2355.21,2362.0,2352.8,2358.98,42492.173
1776181200000,2358.98,2366.9,2358.09,2365.21,31239.996
1776181500000,2365.21,2367.66,2360.53,2363.64,23088.275
1776181800000,2363.63,2371.54,2362.89,2369.57,27007.214
1776182100000,2369.57,2369.57,2361.0,2363.23,27439.23
1776182400000,2363.23,2370.5,2360.8,2366.99,24137.435
1776182700000,2366.98,2369.47,2364.13,2367.92,18037.985
1776183000000,2367.91,2367.96,2356.76,2359.92,26723.887
1776183300000,2359.93,2361.0,2352.02,2354.42,22620.72
1776183600000,2354.43,2355.0,2346.47,2350.27,26859.782
1776183900000,2350.26,2355.13,2350.03,2351.53,10712.882
1776184200000,2351.53,2353.4,2349.0,2349.4,7471.564
1776184500000,2349.4,2351.95,2343.48,2348.28,20018.838
1776184800000,2348.28,2352.73,2347.01,2349.76,7176.275
1776185100000,2349.77,2350.35,2345.97,2346.74,10437.309
1776185400000,2346.74,2348.24,2335.57,2338.39,34570.58
1776185700000,2338.39,2339.66,2327.78,2332.63,57654.392
1776186000000,2332.62,2334.94,2328.0,2330.91,28279.106
1776186300000,2330.92,2336.11,2330.65,2333.88,17633.354
1776186600000,2333.89,2340.0,2333.89,2337.76,22149.566
1776186900000,2337.75,2340.65,2335.96,2339.7,13049.068
1776187200000,2339.71,2344.61,2338.9,2342.32,16175.887
1776187500000,2342.32,2343.15,2333.53,2333.79,11625.5
1776187800000,2333.8,2336.24,2324.02,2326.44,36027.221
1776188100000,2326.44,2327.5,2322.02,2325.81,35555.311
1776188400000,2325.81,2333.96,2325.81,2331.66,13654.29
1776188700000,2331.66,2334.26,2330.0,2333.83,8064.281
1776189000000,2333.83,2336.16,2332.0,2334.0,6493.022
1776189300000,2333.99,2337.68,2333.99,2337.4,7176.091
1776189600000,2337.4,2341.61,2337.4,2340.24,13180.342
1776189900000,2340.24,2342.8,2340.0,2342.39,8317.242
1776190200000,2342.39,2343.29,2335.7,2337.84,11319.649
1776190500000,2337.84,2341.0,2335.05,2338.75,7263.004
1776190800000,2338.76,2340.5,2328.06,2329.66,14216.917
1776191100000,2329.67,2335.8,2328.39,2333.58,9840.451
1776191400000,2333.57,2336.83,2331.03,2331.03,6120.385
1776191700000,2331.02,2332.21,2320.74,2324.87,27834.394
1776192000000,2324.88,2327.12,2322.35,2325.33,11156.208
1776192300000,2325.33,2326.92,2310.24,2310.68,67174.723
1776192600000,2310.69,2319.42,2307.72,2315.54,40997.268
1776192900000,2315.54,2316.8,2311.4,2312.83,11227.668
1776193200000,2312.82,2317.82,2309.41,2316.8,16024.996
1776193500000,2316.8,2321.76,2316.75,2320.18,16281.965
1776193800000,2320.19,2321.5,2316.38,2316.38,6106.766
1776194100000,2316.36,2320.45,2316.17,2318.41,5500.656
1776194400000,2318.4,2320.38,2306.0,2306.24,18309.891
1776194700000,2306.24,2315.38,2301.38,2312.68,32860.91
1776195000000,2312.68,2316.78,2308.92,2309.17,12326.552
1776195300000,2309.16,2312.52,2307.5,2311.39,10950.906
1776195600000,2311.39,2312.39,2308.58,2309.48,4997.111
1776195900000,2309.47,2311.32,2307.5,2310.39,7719.693
1776196200000,2310.39,2312.92,2308.66,2311.12,5507.153
1776196500000,2311.13,2313.69,2310.66,2312.5,8640.225
1776196800000,2312.5,2322.64,2310.79,2317.0,19068.285
1776197100000,2317.01,2318.25,2314.49,2317.84,7474.933
1776197400000,2317.84,2320.49,2316.09,2319.69,5534.89
1776197700000,2319.68,2320.81,2313.56,2314.99,4946.714
1776198000000,2314.98,2316.24,2307.57,2309.88,8473.177
1776198300000,2309.88,2311.95,2309.05,2310.67,3381.259
1776198600000,2310.67,2313.75,2310.42,2311.07,2888.342
1776198900000,2311.07,2311.82,2307.6,2310.12,4955.75
1776199200000,2310.12,2313.61,2309.39,2313.61,2406.79
1776199500000,2313.61,2316.67,2312.62,2314.56,4518.001
1776199800000,2314.56,2315.58,2311.63,2311.82,2335.684
1776200100000,2311.82,2314.05,2309.2,2314.05,6304.004
1776200400000,2314.05,2326.06,2313.6,2323.69,18838.245
1776200700000,2323.69,2323.69,2317.75,2320.98,7304.895
1776201000000,2320.99,2320.99,2317.48,2319.07,5583.579
1776201300000,2319.04,2319.04,2316.68,2318.02,3853.895
1776201600000,2318.02,2318.91,2314.3,2315.43,3705.501
1776201900000,2315.42,2321.0,2315.42,2320.23,5083.198
1776202200000,2320.23,2321.18,2317.71,2317.93,2362.028
1776202500000,2317.93,2318.87,2316.56,2318.3,2303.667
1776202800000,2318.31,2318.92,2315.03,2318.36,2981.166
1776203100000,2318.36,2318.6,2316.17,2317.18,1896.818
1776203400000,2317.19,2323.59,2316.96,2322.23,5256.321
1776203700000,2322.23,2325.0,2321.3,2322.31,5675.072
1776204000000,2322.31,2322.79,2318.96,2320.59,6032.322
1776204300000,2320.59,2327.99,2320.01,2326.88,16150.508
1776204600000,2326.88,2332.0,2324.29,2327.03,22427.032
1776204900000,2327.04,2327.04,2318.3,2318.88,9559.216
1776205200000,2318.89,2320.0,2314.55,2317.79,9322.895
1776205500000,2317.8,2317.8,2312.15,2313.12,8422.105
1776205800000,2313.13,2318.91,2310.46,2315.16,12114.715
1776206100000,2315.17,2316.16,2311.41,2312.56,4438.719
1776206400000,2312.57,2314.83,2310.37,2311.13,4499.796
1776206700000,2311.13,2315.09,2310.51,2312.79,5513.572
1776207000000,2312.78,2315.21,2312.5,2314.19,3213.095
1776207300000,2314.19,2317.01,2313.14,2313.78,7793.089
1776207600000,2313.78,2318.3,2313.05,2318.28,8285.553
1776207900000,2318.29,2320.19,2316.1,2316.1,6865.159
1776208200000,2316.1,2318.41,2315.59,2317.63,3629.257
1776208500000,2317.63,2321.16,2317.36,2319.25,6210.809
1776208800000,2319.24,2321.41,2318.01,2318.01,3188.924
1776209100000,2318.01,2318.75,2316.05,2318.29,3601.984
1776209400000,2318.28,2321.88,2318.28,2321.01,6383.672
1776209700000,2321.02,2323.33,2318.48,2323.07,5382.942
1776210000000,2323.07,2325.76,2322.64,2323.14,7262.069
1776210300000,2323.15,2325.62,2322.8,2323.93,6253.779
1776210600000,2323.93,2324.68,2318.09,2319.2,15012.993
1776210900000,2319.21,2321.63,2319.2,2321.26,2847.207
1776211200000,2321.25,2335.82,2320.5,2331.7,24145.476
1776211500000,2331.69,2342.63,2329.21,2340.25,38808.128
1776211800000,2340.25,2340.36,2335.26,2337.03,12108.692
1776212100000,2337.04,2337.04,2329.11,2330.39,10381.586
1776212400000,2330.39,2340.37,2330.0,2336.78,12116.347
1776212700000,2336.78,2338.0,2334.89,2336.95,5377.685
1776213000000,2336.95,2338.0,2330.0,2332.77,8387.644
1776213300000,2332.76,2334.43,2331.72,2332.07,3575.095
1776213600000,2332.07,2333.0,2330.84,2332.1,3039.423
1776213900000,2332.11,2333.85,2327.06,2327.97,10650.573
1776214200000,2327.97,2331.82,2327.49,2329.0,4114.571
1776214500000,2329.0,2334.0,2329.0,2332.51,4979.89
1776214800000,2332.5,2335.34,2330.22,2334.99,8058.411
1776215100000,2334.99,2338.6,2333.8,2336.61,10903.634
1776215400000,2336.62,2338.56,2333.33,2338.5,6451.978
1776215700000,2338.49,2339.95,2336.0,2336.56,8061.261
1776216000000,2336.55,2336.6,2332.0,2333.52,6315.385
1776216300000,2333.51,2336.23,2332.82,2335.39,4250.903
1776216600000,2335.39,2336.58,2333.23,2333.5,3098.608
1776216900000,2333.5,2336.37,2330.12,2334.9,9415.46
1776217200000,2334.89,2338.17,2334.1,2336.85,7070.036
1776217500000,2336.86,2338.46,2335.0,2337.82,4917.164
1776217800000,2337.82,2341.63,2332.52,2334.41,12927.781
1776218100000,2334.41,2335.31,2332.81,2334.58,4003.065
1776218400000,2334.57,2336.99,2332.84,2334.56,6574.687
1776218700000,2334.55,2335.0,2332.11,2332.11,3079.074
1776219000000,2332.12,2333.56,2331.08,2333.48,3381.044
1776219300000,2333.49,2334.39,2332.29,2332.29,3141.015
1776219600000,2332.3,2333.47,2325.88,2327.4,13958.979
1776219900000,2327.4,2327.83,2324.16,2324.93,13963.592
1776220200000,2324.94,2325.37,2316.88,2317.94,21986.348
1776220500000,2317.95,2321.03,2316.56,2319.58,11263.361
1776220800000,2319.58,2320.96,2318.05,2320.86,5360.501
1776221100000,2320.87,2321.71,2317.61,2317.61,9008.822
1776221400000,2317.61,2321.36,2317.55,2321.36,4483.156
1776221700000,2321.36,2324.68,2321.35,2323.95,5179.776
1776222000000,2323.95,2324.37,2321.47,2321.71,3770.25
1776222300000,2321.7,2322.99,2320.04,2322.13,4956.423
1776222600000,2322.13,2322.73,2321.1,2321.99,2856.936
1776222900000,2321.99,2322.55,2319.5,2321.14,5421.91
1776223200000,2321.14,2326.9,2321.01,2326.61,6127.694
1776223500000,2326.6,2328.42,2325.5,2326.0,9054.658
1776223800000,2326.0,2328.6,2325.02,2326.09,4567.86
1776224100000,2326.09,2326.69,2321.36,2323.73,7186.844
1776224400000,2323.73,2324.37,2322.36,2323.2,6196.041
1776224700000,2323.2,2325.3,2322.58,2324.51,2796.827
1776225000000,2324.52,2326.37,2324.33,2325.39,3027.725
1776225300000,2325.4,2328.57,2325.39,2327.89,3734.332
1776225600000,2327.88,2333.3,2327.74,2331.81,15056.847
1776225900000,2331.81,2332.14,2329.59,2330.41,3662.274
1776226200000,2330.41,2331.42,2329.62,2330.13,2509.415
1776226500000,2330.13,2332.75,2328.69,2328.84,4418.171
1776226800000,2328.85,2329.25,2326.68,2329.24,4579.294
1776227100000,2329.24,2330.23,2328.15,2328.89,1577.187
1776227400000,2328.9,2329.89,2326.56,2328.71,2536.497
1776227700000,2328.71,2333.77,2328.71,2330.27,4850.397
1776228000000,2330.27,2331.86,2329.98,2330.35,3084.323
1776228300000,2330.36,2332.16,2327.31,2331.71,4847.234
1776228600000,2331.71,2333.3,2330.28,2332.68,3716.773
1776228900000,2332.66,2333.31,2331.0,2332.17,5293.143
1776229200000,2332.17,2337.64,2331.86,2333.74,21329.747
1776229500000,2333.74,2333.84,2327.46,2329.32,8643.192
1776229800000,2329.32,2331.77,2328.39,2328.91,5826.627
1776230100000,2328.91,2330.28,2328.28,2329.07,3295.854
1776230400000,2329.07,2329.07,2321.93,2323.8,17396.622
1776230700000,2323.79,2324.8,2319.15,2321.13,15579.526
1776231000000,2321.12,2322.38,2316.48,2320.0,16941.965
1776231300000,2320.0,2320.57,2314.52,2314.53,15838.075
1776231600000,2314.52,2318.36,2312.55,2317.02,14942.701
1776231900000,2317.02,2319.48,2315.13,2316.51,10557.399
1776232200000,2316.52,2318.29,2315.0,2316.3,7225.146
1776232500000,2316.3,2319.99,2316.29,2318.6,8950.033
1776232800000,2318.6,2320.49,2314.33,2315.03,8988.722
1776233100000,2315.03,2318.44,2315.02,2317.24,3958.989
1776233400000,2317.24,2320.24,2316.64,2316.79,6844.339
1776233700000,2316.79,2320.23,2316.5,2318.97,4758.858
1776234000000,2318.98,2320.2,2317.08,2318.53,3460.677
1776234300000,2318.53,2318.85,2316.67,2316.68,2985.627
1776234600000,2316.67,2318.24,2315.62,2315.63,3931.121
1776234900000,2315.63,2317.0,2314.58,2315.52,6236.287
1776235200000,2315.52,2317.68,2315.5,2317.68,2647.835
1776235500000,2317.68,2319.43,2317.66,2318.25,5207.269
1776235800000,2318.24,2318.48,2316.11,2316.49,2641.374
1776236100000,2316.5,2316.63,2314.86,2316.22,7101.191
1776236400000,2316.23,2319.25,2316.22,2318.53,5234.652
1776236700000,2318.53,2318.64,2316.56,2317.88,4784.647
1776237000000,2317.88,2322.86,2317.87,2319.3,12003.893
1776237300000,2319.3,2319.39,2306.42,2310.96,41804.298
1776237600000,2310.95,2314.4,2309.72,2312.14,12885.298
1776237900000,2312.15,2314.26,2310.0,2313.66,10999.54
1776238200000,2313.66,2313.67,2309.01,2310.75,10283.015
1776238500000,2310.75,2312.89,2310.0,2311.47,6514.327
1776238800000,2311.47,2313.38,2311.24,2312.09,5036.374
1776239100000,2312.08,2314.62,2307.88,2314.33,15789.383
1776239400000,2314.33,2317.99,2313.72,2316.14,14359.482
1776239700000,2316.15,2316.37,2314.0,2315.47,4306.897
1776240000000,2315.48,2316.89,2312.73,2316.59,5790.687
1776240300000,2316.6,2321.82,2315.59,2315.61,11152.417
1776240600000,2315.61,2318.92,2314.05,2318.51,10182.165
1776240900000,2318.51,2319.29,2317.28,2318.87,4095.056
1776241200000,2318.87,2323.0,2318.8,2321.13,9451.89
1776241500000,2321.12,2323.56,2321.12,2322.9,7757.83
1776241800000,2322.89,2332.0,2322.89,2331.28,29387.532
1776242100000,2331.28,2332.0,2325.74,2326.52,15406.221
1776242400000,2326.52,2327.0,2325.65,2326.06,5676.125
1776242700000,2326.06,2326.07,2322.36,2325.28,11866.96
1776243000000,2325.29,2329.48,2323.71,2328.23,12273.275
1776243300000,2328.24,2328.66,2326.27,2326.61,3277.801
1776243600000,2326.6,2329.15,2322.67,2323.61,9587.657
1776243900000,2323.61,2325.36,2321.76,2322.07,4137.842
1776244200000,2322.07,2324.59,2319.72,2323.0,8472.914
1776244500000,2323.0,2325.0,2322.88,2325.0,2317.43
1776244800000,2325.0,2325.91,2322.44,2322.99,3531.482
1776245100000,2322.99,2323.27,2318.31,2319.5,7453.332
1776245400000,2319.5,2322.0,2319.01,2319.01,5710.611
1776245700000,2319.02,2320.93,2318.18,2318.18,5911.03
1776246000000,2318.18,2320.91,2317.09,2320.0,4343.872
1776246300000,2319.99,2320.21,2317.54,2318.99,3637.009
1776246600000,2319.0,2320.0,2317.51,2319.07,4305.886
1776246900000,2319.07,2320.32,2318.29,2319.03,2376.086
1776247200000,2319.02,2320.65,2316.52,2318.01,6216.146
1776247500000,2318.0,2324.75,2317.77,2322.86,8287.97
1776247800000,2322.85,2323.08,2320.84,2321.32,3846.908
1776248100000,2321.32,2321.43,2313.7,2316.99,17803.668
1776248400000,2317.0,2317.88,2314.09,2315.01,4602.238
1776248700000,2315.0,2316.27,2312.15,2313.35,9699.364
1776249000000,2313.35,2314.09,2311.0,2312.65,12151.957
1776249300000,2312.65,2316.0,2311.8,2314.66,10194.567
1776249600000,2314.66,2321.46,2314.65,2321.45,10264.539
1776249900000,2321.45,2327.74,2320.83,2323.13,22612.875
1776250200000,2323.12,2323.55,2319.6,2320.75,9046.362
1776250500000,2320.74,2320.75,2314.32,2315.91,8590.275
1776250800000,2315.92,2319.08,2315.6,2318.15,6320.223
1776251100000,2318.15,2321.42,2317.47,2321.16,5954.82
1776251400000,2321.15,2331.0,2320.35,2325.51,26970.725
1776251700000,2325.5,2325.51,2322.29,2323.75,7071.881
1776252000000,2323.75,2325.57,2322.88,2324.81,3708.564
1776252300000,2324.82,2326.5,2323.62,2323.62,4330.497
1776252600000,2323.62,2327.37,2323.0,2324.79,4059.124
1776252900000,2324.79,2327.52,2324.78,2325.75,3608.441
1776253200000,2325.75,2328.0,2325.0,2328.0,3736.747
1776253500000,2327.99,2338.94,2327.6,2331.18,51747.992
1776253800000,2331.18,2336.0,2331.09,2335.15,16884.597
1776254100000,2335.15,2336.58,2333.28,2336.28,12174.908
1776254400000,2336.28,2338.6,2331.32,2334.86,20443.422
1776254700000,2334.86,2335.42,2330.59,2332.81,18616.281
1776255000000,2332.81,2335.53,2332.22,2333.0,5932.441
1776255300000,2333.0,2333.33,2328.13,2331.68,11579.326
1776255600000,2331.68,2333.0,2330.19,2330.65,4184.872
1776255900000,2330.65,2332.0,2329.14,2330.48,5156.346
1776256200000,2330.48,2333.28,2330.48,2332.25,6919.516
1776256500000,2332.25,2338.79,2331.66,2338.28,18271.3
1776256800000,2338.27,2338.41,2334.34,2335.21,7819.692
1776257100000,2335.22,2335.22,2333.49,2334.49,6392.152
1776257400000,2334.49,2335.16,2332.78,2333.98,3796.549
1776257700000,2333.98,2334.63,2331.2,2331.2,3842.634
1776258000000,2331.2,2331.89,2326.48,2327.88,16831.214
1776258300000,2327.89,2332.66,2327.07,2331.6,6494.569
1776258600000,2331.6,2331.6,2327.82,2330.32,6235.371
1776258900000,2330.32,2331.6,2327.87,2327.88,5299.158
1776259200000,2327.88,2329.35,2326.02,2326.92,7418.759
1776259500000,2326.93,2333.75,2326.92,2331.08,7263.731
1776259800000,2331.07,2332.82,2321.0,2326.48,42954.319
1776260100000,2326.48,2328.0,2320.51,2326.72,24316.573
1776260400000,2326.71,2326.71,2316.2,2317.4,28831.029
1776260700000,2317.39,2323.22,2316.75,2319.93,19417.919
1776261000000,2319.93,2322.0,2316.4,2318.13,11104.996
1776261300000,2318.14,2330.0,2318.14,2325.72,25279.009
1776261600000,2325.72,2326.3,2322.0,2323.27,10226.217
1776261900000,2323.24,2325.8,2320.76,2324.0,7338.949
1776262200000,2324.0,2332.46,2323.75,2331.75,13978.631
1776262500000,2331.78,2342.96,2330.03,2332.7,65209.35
1776262800000,2332.7,2342.0,2332.7,2341.28,25506.86
1776263100000,2341.28,2344.01,2337.06,2338.81,28302.784
1776263400000,2338.8,2340.82,2334.45,2335.14,13844.455
1776263700000,2335.15,2337.0,2327.35,2328.99,28856.302
1776264000000,2328.98,2331.85,2326.09,2327.89,23267.594
1776264300000,2327.9,2335.99,2327.9,2335.35,15770.832
1776264600000,2335.35,2337.65,2333.6,2336.28,15138.323
1776264900000,2336.27,2339.08,2335.35,2337.38,15278.847
1776265200000,2337.38,2342.81,2336.39,2337.97,25062.402
1776265500000,2337.96,2338.42,2330.14,2333.66,21853.888
1776265800000,2333.66,2349.0,2332.34,2346.28,34497.77
1776266100000,2346.28,2347.8,2339.57,2340.31,29692.061
1776266400000,2340.31,2342.0,2335.0,2336.99,18129.094
1776266700000,2336.99,2338.92,2333.44,2335.19,10101.923
1776267000000,2335.19,2335.3,2319.27,2321.89,70841.209
1776267300000,2321.89,2327.44,2321.59,2326.56,12192.019
1776267600000,2326.57,2333.55,2326.41,2331.41,17198.838
1776267900000,2331.41,2336.4,2330.1,2333.33,13923.728
1776268200000,2333.33,2336.0,2331.02,2331.46,10709.6
1776268500000,2331.46,2331.97,2326.95,2330.62,14219.91
1776268800000,2330.61,2338.08,2328.06,2337.15,13211.86
1776269100000,2337.15,2338.51,2335.35,2338.32,10596.356
1776269400000,2338.32,2340.63,2336.91,2340.59,8846.334
1776269700000,2340.59,2344.0,2338.74,2341.99,21624.918
1776270000000,2341.99,2347.63,2341.83,2344.83,27032.687
1776270300000,2344.82,2345.8,2342.34,2343.09,13052.28
1776270600000,2343.09,2344.26,2339.15,2341.44,13255.697
1776270900000,2341.43,2348.66,2341.43,2342.36,18786.46
1776271200000,2342.37,2342.98,2335.0,2337.02,17416.169
1776271500000,2337.02,2341.32,2334.0,2340.8,14442.424
1776271800000,2340.8,2343.12,2334.58,2335.43,10160.591
1776272100000,2335.43,2340.6,2334.03,2340.3,6712.367
1776272400000,2340.3,2345.42,2339.0,2344.78,12223.711
1776272700000,2344.78,2346.87,2343.01,2344.35,12230.068
1776273000000,2344.36,2344.79,2341.5,2344.3,6718.146
1776273300000,2344.29,2345.5,2341.79,2342.49,6100.603
1776273600000,2342.49,2343.28,2339.37,2342.78,5740.34
1776273900000,2342.78,2357.42,2342.78,2350.98,62274.722
1776274200000,2350.99,2354.5,2347.54,2353.04,20960.98
1776274500000,2353.05,2353.5,2346.13,2346.47,9566.802
1776274800000,2346.47,2346.85,2338.59,2341.63,20693.605
1776275100000,2341.63,2344.6,2340.5,2343.98,7180.161
1776275400000,2343.99,2348.32,2342.15,2346.23,12693.966
1776275700000,2346.24,2348.0,2345.78,2347.44,4168.976
1776276000000,2347.44,2355.0,2345.03,2354.04,21786.477
1776276300000,2354.03,2354.85,2347.12,2347.41,9936.978
1776276600000,2347.41,2353.87,2347.03,2352.83,5430.746
1776276900000,2352.84,2354.42,2350.34,2351.11,5876.951
1776277200000,2351.11,2351.39,2348.01,2348.7,5123.524
1776277500000,2348.7,2351.41,2346.27,2347.94,7537.443
1776277800000,2347.93,2353.61,2347.0,2352.62,4393.069
1776278100000,2352.61,2353.65,2350.22,2351.51,5124.777
1776278400000,2351.52,2353.27,2349.61,2352.63,3606.37
1776278700000,2352.62,2356.43,2351.57,2356.43,9180.109
1776279000000,2356.42,2358.6,2355.47,2357.32,12443.242
1776279300000,2357.33,2358.64,2356.07,2357.12,7067.304
1776279600000,2357.11,2364.27,2355.92,2361.44,29841.986
1776279900000,2361.44,2366.97,2361.43,2365.91,25835.233
1776280200000,2365.91,2367.83,2362.65,2363.77,15266.102
1776280500000,2363.76,2365.0,2360.71,2363.2,8477.517
1776280800000,2363.21,2363.21,2358.69,2362.04,8483.125
1776281100000,2362.04,2364.49,2360.81,2363.89,5240.539
1776281400000,2363.88,2373.95,2363.3,2373.62,40861.267
1776281700000,2373.62,2385.11,2372.34,2376.57,65860.941
1776282000000,2376.58,2376.58,2371.64,2374.21,19445.393
1776282300000,2374.2,2374.62,2369.23,2372.49,15322.461
1776282600000,2372.49,2377.36,2370.5,2375.07,9476.321
1776282900000,2375.06,2376.35,2372.81,2373.58,6431.967
1776283200000,2373.59,2374.89,2367.5,2368.04,13775.343
1776283500000,2368.05,2368.75,2361.83,2363.65,15168.451
1776283800000,2363.64,2363.7,2358.12,2361.77,13111.359
1776284100000,2361.77,2361.78,2356.21,2358.46,9231.496
1776284400000,2358.45,2358.88,2356.2,2357.75,3859.528
1776284700000,2357.75,2359.63,2352.35,2359.44,12082.457
1776285000000,2359.44,2366.14,2356.86,2358.45,18189.994
1776285300000,2358.45,2362.13,2356.08,2356.09,5219.675
1776285600000,2356.08,2358.42,2355.0,2356.77,5014.976
1776285900000,2356.77,2360.0,2356.76,2358.09,2987.611
1776286200000,2358.08,2362.0,2357.1,2362.0,5095.994
1776286500000,2361.99,2363.38,2360.68,2361.71,4302.408
1776286800000,2361.7,2362.3,2357.08,2357.22,4499.573
1776287100000,2357.22,2357.96,2353.13,2354.45,3948.356
1776287400000,2354.45,2356.29,2352.55,2352.85,6151.343
1776287700000,2352.85,2352.96,2347.6,2349.03,15156.18
1776288000000,2349.01,2353.0,2346.48,2352.12,6922.602
1776288300000,2352.11,2352.65,2349.67,2351.81,2782.915
1776288600000,2351.8,2353.68,2348.68,2349.16,3633.514
1776288900000,2349.17,2359.42,2349.16,2358.92,6643.589
1776289200000,2358.91,2359.55,2355.96,2356.89,7135.931
1776289500000,2356.89,2360.46,2355.62,2359.4,7160.135
1776289800000,2359.41,2361.87,2359.18,2360.74,4469.578
1776290100000,2360.75,2363.0,2357.42,2360.1,4809.399
1776290400000,2360.1,2374.18,2359.0,2370.17,21736.591
1776290700000,2370.17,2379.48,2366.57,2378.34,22303.808
1776291000000,2378.34,2378.35,2372.01,2372.52,11889.629
1776291300000,2372.53,2372.53,2363.18,2364.7,13388.067
1776291600000,2364.69,2371.85,2364.36,2369.03,9119.747
1776291900000,2369.04,2369.63,2366.91,2367.39,5490.771
1776292200000,2367.4,2370.18,2366.34,2366.6,5920.621
1776292500000,2366.6,2379.99,2364.14,2374.11,19766.137
1776292800000,2374.11,2375.21,2367.74,2368.01,6664.207
1776293100000,2368.0,2372.28,2367.0,2370.63,5180.564
1776293400000,2370.63,2372.35,2369.0,2369.57,7089.115
1776293700000,2369.57,2369.58,2360.09,2362.58,14765.962
1776294000000,2362.58,2362.59,2355.2,2359.12,22266.506
1776294300000,2359.12,2362.49,2356.84,2358.57,10781.536
1776294600000,2358.57,2358.63,2354.26,2356.62,8281.543
1776294900000,2356.62,2356.83,2348.0,2352.05,30461.904
1776295200000,2352.04,2353.33,2350.67,2352.06,5634.0
1776295500000,2352.06,2354.98,2351.51,2354.89,6143.053
1776295800000,2354.89,2355.97,2352.0,2353.38,3453.365
1776296100000,2353.39,2353.39,2350.0,2350.25,8602.069
1776296400000,2350.24,2353.0,2349.0,2352.45,7671.699
1776296700000,2352.45,2357.92,2351.67,2356.55,6800.764
1776297000000,2356.55,2361.0,2356.54,2358.79,8647.754
1776297300000,2358.79,2359.66,2357.32,2358.89,6441.948
1776297600000,2358.89,2359.36,2351.0,2351.0,8295.729
1776297900000,2351.0,2354.46,2350.49,2352.03,4609.263
1776298200000,2352.04,2355.76,2352.04,2352.11,5446.778
1776298500000,2352.1,2355.0,2351.22,2352.15,2994.751
1776298800000,2352.14,2352.79,2348.29,2350.99,6694.245
1776299100000,2351.0,2353.74,2348.97,2353.59,3551.735
1776299400000,2353.59,2363.83,2353.59,2361.83,20623.528
1776299700000,2361.84,2361.97,2357.17,2357.41,7145.331
1776300000000,2357.41,2360.29,2356.82,2357.55,6548.529
1776300300000,2357.55,2357.56,2354.52,2357.39,3226.797
1776300600000,2357.4,2361.95,2357.4,2357.68,6541.038
1776300900000,2357.67,2360.49,2357.01,2359.26,4394.24
1776301200000,2359.26,2359.32,2353.03,2354.05,10271.121
1776301500000,2354.05,2354.47,2342.05,2349.8,32860.623
1776301800000,2349.8,2351.7,2347.06,2349.33,5993.996
1776302100000,2349.33,2352.31,2346.71,2352.31,4322.995
1776302400000,2352.3,2355.57,2348.59,2349.88,7391.187
1776302700000,2349.88,2351.16,2347.87,2349.91,4011.352
1776303000000,2349.92,2354.0,2348.77,2353.24,4086.137
1776303300000,2353.25,2353.27,2351.36,2351.55,3062.388
1776303600000,2351.56,2354.45,2350.36,2353.65,3122.028
1776303900000,2353.65,2354.68,2351.62,2354.5,1871.92
1776304200000,2354.51,2354.51,2351.55,2351.55,1669.659
1776304500000,2351.55,2351.55,2347.07,2350.86,6488.164
1776304800000,2350.86,2354.91,2350.37,2354.15,7862.708
1776305100000,2354.16,2356.0,2350.81,2350.81,6327.617
1776305400000,2350.81,2354.5,2350.81,2351.41,3924.001
1776305700000,2351.41,2353.24,2348.55,2349.88,7493.939
1776306000000,2349.88,2354.26,2349.87,2352.79,3267.994
1776306300000,2352.79,2358.33,2350.98,2357.7,10394.958
1776306600000,2357.69,2367.75,2357.69,2359.53,32386.575
1776306900000,2359.53,2362.7,2358.12,2362.7,9548.895
1776307200000,2362.7,2368.66,2362.7,2365.0,18959.346
1776307500000,2365.01,2367.08,2356.0,2357.52,13745.985
1776307800000,2357.53,2358.99,2353.44,2355.34,8556.551
1776308100000,2355.34,2358.38,2354.77,2355.58,7677.236
1776308400000,2355.58,2360.0,2355.02,2359.39,5012.915
1776308700000,2359.39,2361.77,2354.9,2355.42,7791.299
1776309000000,2355.41,2358.54,2354.69,2356.54,12895.875
1776309300000,2356.53,2360.98,2356.53,2360.97,5183.632
1776309600000,2360.98,2361.88,2359.14,2361.87,4444.863
1776309900000,2361.86,2364.57,2359.28,2359.79,7419.839
1776310200000,2359.75,2360.87,2355.75,2356.75,4456.671
1776310500000,2356.74,2360.0,2356.61,2359.01,2429.09
1776310800000,2359.01,2360.5,2358.1,2359.27,1707.32
1776311100000,2359.27,2360.29,2357.54,2358.42,2004.758
1776311400000,2358.42,2359.5,2355.75,2359.26,2932.905
1776311700000,2359.25,2359.5,2356.3,2356.48,2069.403
1776312000000,2356.48,2356.62,2353.9,2355.45,6416.551
1776312300000,2355.44,2360.46,2354.4,2356.62,4365.282
1776312600000,2356.62,2360.39,2356.4,2357.98,5205.265
1776312900000,2357.98,2360.0,2357.08,2359.0,2573.232
1776313200000,2359.0,2359.2,2355.69,2356.01,2980.493
1776313500000,2356.0,2357.65,2355.71,2357.19,3102.512
1776313800000,2357.19,2357.34,2353.78,2356.6,5123.791
1776314100000,2356.6,2359.0,2356.59,2358.79,2208.811
1776314400000,2358.79,2362.86,2358.26,2360.42,6428.295
1776314700000,2360.42,2360.72,2346.34,2351.35,28414.683
1776315000000,2351.35,2354.69,2351.0,2353.67,9440.842
1776315300000,2353.67,2353.85,2352.0,2353.0,3813.102
1776315600000,2353.0,2354.93,2351.1,2354.06,5561.604
1776315900000,2354.06,2354.2,2349.0,2349.6,6714.021
1776316200000,2349.61,2351.79,2349.41,2351.13,5470.567
1776316500000,2351.13,2353.0,2350.16,2352.53,2987.32
1776316800000,2352.52,2354.33,2352.0,2354.32,2907.382
1776317100000,2354.33,2358.75,2354.32,2356.25,11376.724
1776317400000,2356.25,2358.3,2355.05,2358.24,6571.754
1776317700000,2358.24,2360.58,2357.25,2359.07,8901.043
1776318000000,2359.08,2359.08,2355.25,2356.9,2962.483
1776318300000,2356.9,2357.15,2355.53,2355.54,2430.443
1776318600000,2355.53,2356.4,2354.64,2355.53,3879.964
1776318900000,2355.53,2356.13,2354.22,2355.79,4099.667
1776319200000,2355.8,2357.69,2355.38,2355.48,2402.594
1776319500000,2355.48,2359.38,2354.31,2357.8,6116.108
1776319800000,2357.8,2358.29,2355.24,2355.24,4565.417
1776320100000,2355.24,2357.92,2355.08,2357.55,1863.316
1776320400000,2357.55,2357.55,2353.87,2355.82,8115.965
1776320700000,2355.82,2355.96,2354.08,2354.4,2798.304
1776321000000,2354.39,2355.15,2352.08,2353.07,4160.834
1776321300000,2353.08,2354.24,2352.36,2352.37,3423.347
1776321600000,2352.37,2352.74,2348.5,2352.14,11668.891
1776321900000,2352.14,2353.74,2350.33,2353.09,3965.815
1776322200000,2353.09,2354.58,2352.92,2353.95,3325.553
1776322500000,2353.95,2355.44,2353.3,2354.92,3022.479
1776322800000,2354.93,2356.0,2353.2,2354.95,3278.849
1776323100000,2354.96,2354.96,2350.55,2351.99,3688.747
1776323400000,2352.0,2352.14,2350.0,2351.22,5062.77
1776323700000,2351.22,2353.21,2351.22,2352.45,5178.57
1776324000000,2352.45,2352.65,2351.09,2351.86,7782.708
1776324300000,2351.85,2351.85,2349.2,2351.65,5705.269
1776324600000,2351.65,2352.3,2349.52,2351.65,4659.771
1776324900000,2351.64,2351.99,2348.6,2349.96,7442.995
1776325200000,2349.96,2350.0,2348.5,2349.1,5101.76
1776325500000,2349.1,2349.32,2344.72,2347.53,16720.012
1776325800000,2347.52,2347.97,2333.67,2336.16,59886.22
1776326100000,2336.15,2341.66,2334.1,2340.55,25879.252
1776326400000,2340.55,2341.98,2336.76,2337.21,18894.03
1776326700000,2337.21,2338.61,2334.01,2334.22,18985.732
1776327000000,2334.22,2336.74,2333.03,2334.0,13298.806
1776327300000,2334.0,2338.96,2334.0,2337.9,10824.846
1776327600000,2337.9,2340.81,2337.89,2339.43,9453.684
1776327900000,2339.44,2340.5,2336.67,2339.99,8303.758
1776328200000,2340.0,2342.89,2339.4,2341.46,13728.972
1776328500000,2341.45,2342.68,2340.68,2342.25,5142.396
1776328800000,2342.26,2343.84,2339.0,2341.9,10599.422
1776329100000,2341.9,2345.0,2341.75,2343.63,8232.835
1776329400000,2343.64,2343.64,2340.05,2340.93,6940.37
1776329700000,2340.93,2341.79,2337.0,2338.0,9619.064
1776330000000,2338.0,2340.73,2336.63,2340.71,9969.587
1776330300000,2340.7,2340.76,2338.22,2340.46,4730.056
1776330600000,2340.46,2342.92,2339.67,2342.49,3425.318
1776330900000,2342.49,2345.66,2342.49,2345.17,9303.085
1776331200000,2345.16,2347.12,2344.62,2345.69,9727.57
1776331500000,2345.7,2346.77,2344.5,2345.16,5646.151
1776331800000,2345.15,2345.68,2342.35,2342.56,6389.05
1776332100000,2342.56,2344.77,2342.56,2343.55,2720.874
1776332400000,2343.55,2343.68,2337.57,2338.67,11772.886
1776332700000,2338.68,2340.12,2336.8,2337.14,8560.453
1776333000000,2337.13,2338.42,2336.8,2338.16,4044.284
1776333300000,2338.16,2339.5,2336.58,2336.99,4898.527
1776333600000,2336.99,2339.36,2330.06,2331.45,28551.63
1776333900000,2331.45,2333.19,2327.4,2331.82,29719.072
1776334200000,2331.83,2332.56,2328.81,2329.55,13958.192
1776334500000,2329.55,2331.86,2327.01,2328.98,13586.995
1776334800000,2328.97,2333.77,2328.97,2333.27,9711.792
1776335100000,2333.28,2336.66,2333.27,2334.06,11133.385
1776335400000,2334.06,2336.45,2332.32,2333.87,5944.214
1776335700000,2333.86,2335.98,2332.2,2334.26,7509.057
1776336000000,2334.27,2334.54,2331.24,2331.86,3955.141
1776336300000,2331.85,2332.14,2327.07,2328.01,9252.763
1776336600000,2328.01,2332.24,2328.0,2331.91,7133.46
1776336900000,2331.91,2334.0,2330.66,2331.12,7481.985
1776337200000,2331.13,2332.78,2331.12,2332.74,6134.283
1776337500000,2332.74,2332.78,2329.8,2329.8,6013.745
1776337800000,2329.8,2330.88,2328.81,2330.13,4884.759
1776338100000,2330.13,2331.41,2328.46,2328.82,5059.39
1776338400000,2328.82,2331.69,2328.81,2330.01,6175.905
1776338700000,2330.02,2332.02,2330.0,2331.41,4335.993
1776339000000,2331.41,2334.8,2331.37,2333.13,8294.926
1776339300000,2333.12,2334.26,2330.65,2331.26,5253.608
1776339600000,2331.26,2331.89,2330.5,2331.3,2201.184
1776339900000,2331.3,2332.1,2330.64,2332.1,3765.077
1776340200000,2332.1,2335.36,2332.03,2335.08,10491.433
1776340500000,2335.08,2335.08,2333.0,2334.69,4869.501
1776340800000,2334.69,2340.76,2334.68,2339.4,19162.273
1776341100000,2339.4,2339.41,2333.39,2336.13,12958.709
1776341400000,2336.14,2348.76,2336.14,2342.92,39214.6
1776341700000,2342.92,2345.0,2340.31,2340.92,13054.7
1776342000000,2340.93,2342.44,2337.25,2338.79,9484.051
1776342300000,2338.8,2341.16,2338.0,2339.75,4702.018
1776342600000,2339.75,2340.34,2338.06,2340.0,3377.121
1776342900000,2340.0,2341.17,2335.97,2336.55,6906.497
1776343200000,2336.55,2338.31,2335.09,2338.27,6795.646
1776343500000,2338.27,2338.27,2336.3,2337.06,2829.382
1776343800000,2337.05,2339.11,2336.75,2337.81,3610.365
1776344100000,2337.81,2340.88,2337.23,2339.27,5469.366
1776344400000,2339.27,2341.0,2336.56,2337.48,4147.711
1776344700000,2337.49,2342.0,2337.0,2341.7,7060.146
1776345000000,2341.7,2344.0,2340.09,2343.49,7569.346
1776345300000,2343.5,2347.53,2342.57,2346.29,17066.213
1776345600000,2346.3,2346.43,2342.8,2344.85,8061.891
1776345900000,2344.85,2351.99,2344.36,2347.79,23442.673
1776346200000,2347.79,2349.28,2339.17,2342.23,23780.807
1776346500000,2342.24,2342.93,2334.0,2335.08,28580.078
1776346800000,2335.08,2338.41,2331.02,2335.79,30364.075
1776347100000,2335.79,2336.04,2330.2,2333.35,16785.125
1776347400000,2333.35,2333.35,2293.76,2297.51,205398.973
1776347700000,2297.51,2307.65,2288.0,2306.92,142931.791
1776348000000,2306.92,2306.92,2297.21,2300.68,51063.644
1776348300000,2300.68,2311.2,2296.0,2310.4,60901.571
1776348600000,2310.39,2310.48,2304.57,2304.63,43202.893
1776348900000,2304.62,2307.0,2285.28,2292.44,98617.208
1776349200000,2292.45,2294.98,2281.85,2288.99,60680.312
1776349500000,2289.0,2294.97,2284.99,2294.01,32355.547
1776349800000,2294.0,2303.4,2292.67,2300.33,36038.618
1776350100000,2300.33,2301.92,2298.41,2299.03,16022.922
1776350400000,2299.03,2304.9,2297.0,2303.72,16722.842
1776350700000,2303.72,2309.99,2302.24,2308.86,32529.454
1776351000000,2308.85,2315.15,2306.63,2309.77,39077.543
1776351300000,2309.77,2310.39,2305.1,2308.4,15113.862
1776351600000,2308.39,2315.76,2306.82,2312.19,21963.802
1776351900000,2312.2,2325.99,2311.26,2322.79,53304.626
1776352200000,2322.78,2329.0,2320.09,2323.66,39170.596
1776352500000,2323.66,2327.98,2319.24,2321.39,26538.184
1776352800000,2321.39,2326.67,2321.32,2326.0,19110.691
1776353100000,2325.99,2327.55,2317.41,2317.61,20613.184
1776353400000,2317.6,2323.21,2316.67,2321.33,12777.6
1776353700000,2321.34,2348.88,2320.45,2338.91,108702.509
1776354000000,2338.9,2339.0,2330.66,2337.55,42699.496
1776354300000,2337.55,2342.5,2330.17,2332.14,28212.617
1776354600000,2332.15,2339.0,2332.14,2335.55,11720.409
1776354900000,2335.55,2340.43,2335.32,2337.53,13569.959
1776355200000,2337.53,2341.29,2336.86,2339.02,17784.227
1776355500000,2339.02,2347.73,2337.8,2339.6,21846.232
1776355800000,2339.6,2342.49,2332.34,2334.44,23804.364
1776356100000,2334.45,2341.4,2334.39,2338.88,12380.612
1776356400000,2338.89,2341.0,2330.51,2333.13,18436.528
1776356700000,2333.13,2335.09,2330.61,2330.78,8436.687
1776357000000,2330.79,2333.87,2315.51,2321.35,66913.293
1776357300000,2321.35,2324.46,2315.53,2323.53,32144.492
1776357600000,2323.53,2325.2,2319.27,2320.23,10216.565
1776357900000,2320.23,2322.66,2317.53,2321.45,19089.77
1776358200000,2321.44,2323.68,2308.21,2312.67,39277.067
1776358500000,2312.67,2316.36,2312.67,2315.52,14553.212
1776358800000,2315.52,2317.68,2311.8,2315.88,13892.665
1776359100000,2315.88,2317.52,2310.77,2316.0,13718.939
1776359400000,2316.0,2320.89,2310.13,2310.33,16881.856
1776359700000,2310.33,2318.41,2308.5,2317.67,20725.217
1776360000000,2317.68,2324.67,2316.25,2323.12,16684.919
1776360300000,2323.12,2324.76,2318.55,2323.5,15407.053
1776360600000,2323.5,2326.22,2321.04,2321.04,12193.148
1776360900000,2321.04,2321.48,2317.0,2320.93,11416.95
1776361200000,2320.93,2328.6,2320.93,2326.9,14195.982
1776361500000,2326.9,2328.22,2324.02,2328.21,5540.927
1776361800000,2328.21,2328.45,2322.6,2323.56,6867.351
1776362100000,2323.57,2325.03,2318.0,2324.62,14292.468
1776362400000,2324.62,2333.8,2324.0,2325.0,19976.758
1776362700000,2325.0,2328.36,2318.71,2319.49,10704.485
1776363000000,2319.5,2326.5,2319.2,2326.15,8454.166
1776363300000,2326.14,2330.0,2324.2,2328.22,12835.334
1776363600000,2328.22,2328.74,2321.7,2322.61,9208.673
1776363900000,2322.6,2325.43,2321.5,2324.78,7067.474
1776364200000,2324.78,2328.93,2323.59,2328.21,4784.836
1776364500000,2328.2,2332.98,2326.73,2331.11,12934.358
1776364800000,2331.11,2334.5,2330.31,2332.16,10888.665
1776365100000,2332.17,2338.75,2332.16,2336.34,17878.972
1776365400000,2336.34,2345.82,2334.67,2338.6,23463.496
1776365700000,2338.61,2343.64,2337.55,2342.22,10497.265
1776366000000,2342.23,2344.87,2340.4,2340.41,14570.816
1776366300000,2340.4,2341.0,2336.63,2338.86,8623.777
1776366600000,2338.86,2339.0,2333.09,2336.35,7397.599
1776366900000,2336.34,2340.69,2335.0,2340.05,5714.13
1776367200000,2340.05,2342.83,2339.0,2342.75,8928.87
1776367500000,2342.75,2347.0,2340.05,2344.32,18475.292
1776367800000,2344.31,2355.0,2342.01,2344.82,53056.164
1776368100000,2344.81,2354.99,2343.39,2351.41,23227.943
1776368400000,2351.4,2359.31,2351.0,2357.1,26891.091
1776368700000,2357.11,2359.95,2355.0,2356.43,14765.362
1776369000000,2356.43,2359.33,2353.58,2358.48,12176.683
1776369300000,2358.49,2362.0,2355.36,2358.65,21454.944
1776369600000,2358.65,2363.94,2353.45,2356.33,23681.164
1776369900000,2356.32,2358.37,2353.0,2354.91,8917.698
1776370200000,2354.9,2360.72,2354.61,2358.06,8639.945
1776370500000,2358.05,2360.15,2354.44,2354.73,13366.906
1776370800000,2354.73,2354.96,2348.02,2351.09,14688.402
1776371100000,2351.09,2351.1,2348.23,2349.99,8143.994
1776371400000,2349.99,2350.0,2343.86,2345.05,13729.019
1776371700000,2345.05,2345.83,2342.19,2342.51,10412.994
1776372000000,2342.5,2343.88,2340.04,2343.88,6386.338
1776372300000,2343.88,2348.42,2342.47,2346.95,7819.166
1776372600000,2346.94,2349.53,2345.42,2347.31,6712.887
1776372900000,2347.31,2349.74,2346.18,2348.81,3050.088
1776373200000,2348.82,2350.57,2346.37,2348.59,4544.135
1776373500000,2348.59,2355.44,2347.61,2354.08,12214.894
1776373800000,2354.08,2355.67,2349.52,2349.7,6231.715
1776374100000,2349.7,2350.97,2347.2,2349.19,4595.551
1776374400000,2349.18,2349.18,2335.0,2338.58,20357.927
1776374700000,2338.58,2340.43,2337.0,2339.6,5153.65
1776375000000,2339.59,2341.54,2336.0,2341.54,4726.093
1776375300000,2341.54,2342.56,2337.99,2339.09,5778.99
1776375600000,2339.09,2339.94,2337.51,2338.81,2314.531
1776375900000,2338.81,2340.47,2337.51,2340.25,4878.085
1776376200000,2340.25,2340.62,2339.01,2340.25,2380.559
1776376500000,2340.25,2340.35,2337.62,2340.35,6310.937
1776376800000,2340.35,2349.92,2339.82,2346.85,15342.076
1776377100000,2346.84,2349.49,2344.17,2344.45,3748.496
1776377400000,2344.45,2346.2,2341.61,2342.56,5078.375
1776377700000,2342.56,2342.57,2338.0,2339.77,5519.573
1776378000000,2339.77,2340.4,2337.75,2338.57,3264.674
1776378300000,2338.56,2344.46,2338.56,2342.29,5842.403
1776378600000,2342.29,2343.99,2340.4,2342.29,4018.105
1776378900000,2342.29,2342.86,2340.25,2342.06,2082.427
1776379200000,2342.06,2345.41,2341.36,2343.74,7244.211
1776379500000,2343.75,2346.49,2342.66,2345.28,3392.467
1776379800000,2345.27,2345.73,2340.48,2342.08,4778.697
1776380100000,2342.08,2342.6,2339.71,2341.33,2266.569
1776380400000,2341.34,2343.79,2340.24,2343.34,5467.078
1776380700000,2343.33,2345.0,2342.33,2342.7,2231.419
1776381000000,2342.69,2344.65,2342.08,2343.92,4652.505
1776381300000,2343.92,2343.93,2340.89,2343.74,1957.751
1776381600000,2343.75,2352.71,2343.7,2349.61,17578.271
1776381900000,2349.62,2349.62,2346.67,2347.08,3915.561
1776382200000,2347.07,2350.97,2346.5,2349.82,5350.191
1776382500000,2349.83,2353.8,2348.76,2352.41,7722.661
1776382800000,2352.41,2353.15,2349.6,2351.37,4715.311
1776383100000,2351.37,2351.87,2347.08,2347.3,10252.716
1776383400000,2347.29,2347.95,2345.17,2345.68,4104.443
1776383700000,2345.68,2347.77,2344.79,2346.91,3862.775
1776384000000,2346.9,2349.61,2346.0,2346.0,5741.07
1776384300000,2345.99,2345.99,2341.08,2342.8,7839.027
1776384600000,2342.79,2344.61,2341.13,2341.79,8323.772
1776384900000,2341.79,2344.15,2341.09,2343.89,3754.419
1776385200000,2343.89,2345.53,2340.02,2341.0,5143.833
1776385500000,2341.0,2344.7,2339.63,2344.66,5877.817
1776385800000,2344.66,2349.23,2344.66,2348.22,7524.491
1776386100000,2348.22,2348.22,2345.0,2346.51,3798.299
1776386400000,2346.5,2346.89,2344.13,2344.45,2684.282
1776386700000,2344.44,2344.74,2342.3,2344.14,4741.32
1776387000000,2344.15,2345.71,2342.34,2343.24,4402.633
1776387300000,2343.23,2344.99,2342.97,2343.26,1702.095
1776387600000,2343.25,2345.54,2342.32,2343.8,4523.305
1776387900000,2343.81,2348.0,2343.5,2344.9,7479.752
1776388200000,2344.9,2344.9,2340.44,2342.74,5983.381
1776388500000,2342.74,2344.0,2342.04,2342.41,3189.55
1776388800000,2342.42,2342.44,2327.4,2330.88,52563.673
1776389100000,2330.88,2333.53,2329.88,2332.32,15000.072
1776389400000,2332.33,2334.0,2330.11,2333.59,6571.792
1776389700000,2333.59,2334.89,2333.02,2333.63,4793.68
1776390000000,2333.63,2334.92,2327.0,2331.45,11646.165
1776390300000,2331.45,2332.61,2327.01,2327.01,9417.765
1776390600000,2327.02,2329.95,2325.36,2327.29,8987.234
1776390900000,2327.29,2340.13,2327.28,2334.08,49604.291
1776391200000,2334.08,2337.44,2332.88,2337.28,7979.592
1776391500000,2337.29,2337.95,2329.03,2330.36,7888.282
1776391800000,2330.36,2332.67,2330.0,2331.84,3577.627
1776392100000,2331.83,2332.0,2326.52,2327.59,8042.639
1776392400000,2327.59,2329.25,2326.94,2327.97,4237.846
1776392700000,2327.96,2330.0,2326.52,2326.53,5936.826
1776393000000,2326.53,2328.0,2323.19,2327.49,12078.962
1776393300000,2327.49,2331.81,2327.48,2330.96,6600.597
1776393600000,2330.96,2332.59,2328.74,2329.45,5747.462
1776393900000,2329.46,2331.24,2328.33,2328.48,3248.848
1776394200000,2328.48,2329.67,2328.0,2329.53,1619.979
1776394500000,2329.53,2330.96,2329.38,2330.88,3132.107
1776394800000,2330.89,2331.0,2327.08,2327.48,3329.25
1776395100000,2327.48,2329.0,2326.24,2327.05,7057.336
1776395400000,2327.05,2329.2,2326.51,2327.84,2706.254
1776395700000,2327.85,2330.54,2327.85,2328.37,2257.142
1776396000000,2328.36,2328.69,2327.0,2328.42,4201.889
1776396300000,2328.43,2328.59,2325.94,2327.57,3941.248
1776396600000,2327.57,2330.15,2326.8,2329.31,7118.523
1776396900000,2329.31,2330.0,2328.59,2328.6,2455.88
1776397200000,2328.59,2328.6,2322.06,2327.7,14681.336
1776397500000,2327.7,2329.82,2326.54,2327.31,2787.714
1776397800000,2327.3,2328.28,2326.08,2326.44,2422.587
1776398100000,2326.43,2326.51,2324.26,2324.6,3650.929
1776398400000,2324.59,2325.89,2322.93,2325.89,6849.362
1776398700000,2325.89,2326.88,2325.3,2325.99,3008.763
1776399000000,2326.0,2326.69,2325.33,2326.69,2037.863
1776399300000,2326.7,2331.18,2326.68,2331.18,5292.568
1776399600000,2331.18,2331.4,2328.31,2329.3,4761.387
1776399900000,2329.3,2329.63,2328.34,2329.1,2670.227
1776400200000,2329.09,2331.35,2328.44,2331.35,3833.038
1776400500000,2331.34,2332.3,2329.82,2330.79,5322.579
1776400800000,2330.79,2332.1,2330.51,2331.59,3257.808
1776401100000,2331.59,2333.0,2328.47,2328.47,5735.125
1776401400000,2328.48,2330.0,2328.1,2329.01,2968.219
1776401700000,2329.01,2329.64,2327.42,2328.0,2644.059
1776402000000,2328.0,2328.38,2322.63,2323.25,6473.784
1776402300000,2323.25,2324.99,2318.14,2319.97,21509.409
1776402600000,2319.98,2321.62,2315.7,2320.0,24043.019
1776402900000,2319.99,2321.57,2319.14,2321.27,7266.205
1776403200000,2321.27,2324.47,2321.26,2323.26,6744.866
1776403500000,2323.25,2323.54,2320.22,2321.17,5055.326
1776403800000,2321.16,2322.17,2320.0,2322.17,3657.849
1776404100000,2322.17,2323.0,2320.22,2320.23,3100.286
1776404400000,2320.23,2321.96,2319.01,2320.34,3744.585
1776404700000,2320.35,2321.47,2319.81,2320.24,3801.342
1776405000000,2320.25,2321.38,2319.11,2319.45,4406.81
1776405300000,2319.45,2319.51,2317.5,2318.28,5398.89
1776405600000,2318.28,2320.28,2316.68,2319.77,6715.543
1776405900000,2319.76,2324.45,2319.76,2320.65,8449.97
1776406200000,2320.65,2323.74,2320.64,2323.01,4271.156
1776406500000,2323.01,2325.33,2322.67,2322.88,5273.67
1776406800000,2322.89,2324.5,2322.39,2323.8,4374.941
1776407100000,2323.81,2324.96,2322.61,2324.8,3300.473
1776407400000,2324.79,2325.6,2323.03,2325.56,3255.918
1776407700000,2325.56,2325.9,2323.58,2325.27,3415.203
1776408000000,2325.27,2328.87,2324.16,2328.24,12068.063
1776408300000,2328.24,2328.8,2327.0,2328.75,5150.363
1776408600000,2328.75,2331.84,2328.74,2330.01,11859.711
1776408900000,2330.01,2330.35,2329.14,2330.02,4729.532
1776409200000,2330.01,2334.88,2329.89,2334.26,24359.324
1776409500000,2334.25,2341.25,2334.25,2340.3,28663.479
1776409800000,2340.3,2340.3,2336.58,2338.7,18475.613
1776410100000,2338.7,2338.7,2335.19,2337.07,10959.695
1776410400000,2337.08,2337.08,2333.6,2333.67,9176.248
1776410700000,2333.68,2336.25,2333.03,2336.25,3462.883
1776411000000,2336.25,2337.63,2333.64,2335.94,6934.153
1776411300000,2335.95,2336.0,2334.54,2335.05,4956.904
1776411600000,2335.06,2335.06,2332.22,2334.2,7578.453
1776411900000,2334.2,2334.2,2329.47,2329.67,13675.488
1776412200000,2329.67,2332.82,2329.08,2332.53,11690.959
1776412500000,2332.53,2333.49,2330.25,2333.41,3802.959
1776412800000,2333.41,2334.09,2332.0,2334.08,5861.496
1776413100000,2334.07,2339.01,2333.54,2336.19,7479.465
1776413400000,2336.19,2337.28,2334.36,2335.37,5283.093
1776413700000,2335.37,2338.66,2334.36,2336.4,4963.424
1776414000000,2336.39,2338.0,2334.55,2337.99,7584.067
1776414300000,2337.99,2340.59,2337.45,2339.27,12385.919
1776414600000,2339.27,2351.79,2338.72,2349.28,45438.267
1776414900000,2349.27,2353.89,2345.48,2347.49,40008.354
1776415200000,2347.48,2351.0,2345.66,2347.69,29932.605
1776415500000,2347.7,2354.96,2343.17,2349.64,30008.579
1776415800000,2349.64,2356.79,2346.77,2354.06,20222.877
1776416100000,2354.07,2358.0,2352.68,2353.59,25400.258
1776416400000,2353.59,2354.58,2348.96,2349.12,19354.457
1776416700000,2349.12,2350.5,2346.6,2349.76,16543.063
1776417000000,2349.75,2355.99,2348.78,2354.93,19113.725
1776417300000,2354.92,2357.51,2350.06,2351.24,17431.693
1776417600000,2351.24,2354.95,2351.06,2353.91,6842.865
1776417900000,2353.91,2377.53,2353.91,2370.14,116942.32
1776418200000,2370.14,2372.0,2348.71,2353.8,76286.487
1776418500000,2353.79,2354.85,2348.6,2352.03,26246.221
1776418800000,2352.03,2356.0,2350.06,2353.72,14918.02
1776419100000,2353.72,2356.8,2350.41,2355.0,13008.325
1776419400000,2355.0,2360.61,2353.94,2358.25,18212.959
1776419700000,2358.25,2359.74,2356.32,2357.49,8472.87
1776420000000,2357.49,2359.48,2353.33,2357.57,12008.395
1776420300000,2357.56,2359.6,2355.19,2355.19,8244.127
1776420600000,2355.19,2355.2,2350.67,2352.2,14578.425
1776420900000,2352.2,2355.52,2351.83,2353.28,6531.7
1776421200000,2353.27,2355.7,2353.0,2354.98,3384.66
1776421500000,2354.99,2355.93,2340.47,2340.75,41283.952
1776421800000,2340.75,2343.41,2334.09,2342.01,48379.373
1776422100000,2342.0,2345.0,2340.0,2341.7,13995.988
1776422400000,2341.7,2342.79,2336.61,2337.53,13259.887
1776422700000,2337.53,2340.5,2334.42,2340.27,20027.821
1776423000000,2340.27,2342.33,2339.0,2342.0,6441.565
1776423300000,2342.0,2343.1,2340.72,2342.54,4633.602
1776423600000,2342.54,2346.46,2341.59,2345.36,10143.341
1776423900000,2345.36,2347.98,2344.01,2346.51,9592.413
1776424200000,2346.5,2347.32,2345.1,2345.11,4409.066
1776424500000,2345.1,2352.5,2345.06,2350.09,19941.134
1776424800000,2350.09,2352.58,2349.01,2351.37,5758.654
1776425100000,2351.36,2352.01,2349.66,2350.34,6425.776
1776425400000,2350.33,2353.97,2350.33,2353.29,8425.291
1776425700000,2353.29,2353.3,2349.0,2349.0,7286.78
1776426000000,2349.0,2350.0,2347.31,2348.44,5943.96
1776426300000,2348.44,2352.0,2348.15,2350.95,4890.264
1776426600000,2350.96,2355.68,2350.95,2352.83,9538.869
1776426900000,2352.83,2353.99,2349.51,2353.38,6750.671
1776427200000,2353.38,2355.16,2347.91,2350.2,12781.533
1776427500000,2350.2,2354.15,2350.19,2354.15,5859.58
1776427800000,2354.14,2356.93,2353.64,2355.32,9898.931
1776428100000,2355.33,2356.48,2353.68,2355.82,4298.973
1776428400000,2355.82,2358.68,2351.78,2357.41,15230.518
1776428700000,2357.42,2364.78,2352.02,2357.97,34078.933
1776429000000,2357.97,2363.29,2357.6,2359.5,17978.22
1776429300000,2359.5,2359.99,2353.07,2354.52,13451.192
1776429600000,2354.51,2355.87,2353.0,2355.29,6367.222
1776429900000,2355.29,2370.36,2354.37,2370.14,73192.281
1776430200000,2370.15,2381.79,2366.33,2373.1,89346.589
1776430500000,2373.11,2373.11,2366.59,2370.53,28638.949
1776430800000,2370.53,2377.91,2365.0,2370.04,38556.06
1776431100000,2370.04,2394.35,2367.5,2393.38,107740.746
1776431400000,2393.39,2409.99,2390.0,2406.13,157793.662
1776431700000,2406.13,2417.18,2402.07,2412.19,104410.824
1776432000000,2412.19,2426.45,2412.18,2421.72,120915.708
1776432300000,2421.73,2423.63,2395.51,2403.75,117473.806
1776432600000,2403.75,2406.35,2388.5,2399.23,157944.184
1776432900000,2399.24,2415.0,2398.34,2409.31,83406.9
1776433200000,2409.31,2420.0,2406.31,2417.13,51383.625
1776433500000,2417.13,2421.11,2407.0,2420.17,50051.553
1776433800000,2420.17,2439.84,2416.19,2435.52,161704.212
1776434100000,2435.53,2439.45,2426.57,2435.82,77164.491
1776434400000,2435.82,2447.96,2434.51,2436.42,108797.194
1776434700000,2436.41,2437.15,2428.05,2428.72,33702.966
1776435000000,2428.71,2433.33,2425.07,2429.05,26033.02
1776435300000,2429.06,2432.29,2423.14,2429.2,30293.208
1776435600000,2429.21,2440.0,2425.06,2435.14,26068.859
1776435900000,2435.14,2439.05,2430.0,2431.33,23685.668
1776436200000,2431.34,2444.0,2431.33,2443.25,38237.443
1776436500000,2443.25,2448.0,2437.67,2445.99,50909.889
1776436800000,2446.0,2457.0,2442.48,2446.81,115227.275
1776437100000,2446.81,2448.77,2439.37,2448.11,34388.056
1776437400000,2448.11,2453.42,2442.36,2443.39,35840.574
1776437700000,2443.39,2449.98,2439.04,2445.66,30469.025
1776438000000,2445.66,2445.9,2431.58,2437.31,51971.776
1776438300000,2437.31,2448.0,2435.61,2445.83,29948.891
1776438600000,2445.83,2447.95,2439.3,2440.55,14941.346
1776438900000,2440.56,2447.96,2439.02,2442.99,16550.411
1776439200000,2442.99,2447.4,2440.56,2442.99,11842.354
1776439500000,2442.98,2445.23,2437.75,2443.12,20236.303
1776439800000,2443.13,2446.0,2440.0,2445.62,14592.357
1776440100000,2445.63,2448.43,2442.59,2443.42,19486.272
1776440400000,2443.41,2443.97,2433.9,2438.08,27384.413
1776440700000,2438.08,2443.42,2433.62,2436.2,32952.433
1776441000000,2436.21,2444.0,2434.16,2443.69,16729.318
1776441300000,2443.69,2444.97,2440.34,2440.65,10135.746
1776441600000,2440.65,2446.87,2440.24,2444.48,18174.389
1776441900000,2444.48,2452.59,2443.8,2444.33,22064.979
1776442200000,2444.34,2447.99,2443.01,2443.81,10227.669
1776442500000,2443.81,2447.2,2439.66,2445.62,16767.713
1776442800000,2445.62,2453.76,2444.94,2450.0,36240.24
1776443100000,2450.0,2455.27,2449.99,2452.32,33469.837
1776443400000,2452.33,2463.59,2451.01,2454.74,67149.33
1776443700000,2454.73,2464.99,2453.54,2460.07,31776.16
1776444000000,2460.06,2461.86,2452.64,2458.07,20482.673
1776444300000,2458.08,2459.0,2452.15,2452.58,15305.223
1776444600000,2452.57,2455.13,2449.66,2450.0,15870.146
1776444900000,2450.0,2450.51,2446.43,2450.46,13051.736
1776445200000,2450.47,2451.83,2446.0,2449.56,12571.944
1776445500000,2449.56,2449.56,2435.01,2437.86,37992.734
1776445800000,2437.85,2438.46,2428.02,2436.2,53781.21
1776446100000,2436.21,2442.0,2436.0,2438.28,24821.693
1776446400000,2438.28,2438.35,2421.67,2425.02,53624.21
1776446700000,2425.02,2428.1,2420.41,2427.29,42322.576
1776447000000,2427.3,2437.71,2427.3,2433.75,26129.431
1776447300000,2433.74,2435.89,2430.92,2433.42,10418.308
1776447600000,2433.42,2434.96,2430.11,2434.12,8062.323
1776447900000,2434.12,2444.69,2433.65,2438.84,34643.541
1776448200000,2438.83,2440.92,2436.84,2438.81,10409.046
1776448500000,2438.82,2440.38,2437.01,2439.01,12755.76
1776448800000,2439.0,2441.34,2429.27,2430.5,13148.777
1776449100000,2430.5,2431.67,2423.1,2425.61,31301.438
1776449400000,2425.61,2425.66,2416.51,2418.43,37450.446
1776449700000,2418.43,2425.45,2418.12,2420.49,27570.826
1776450000000,2420.48,2422.18,2414.2,2421.77,25565.253
1776450300000,2421.77,2426.98,2418.5,2419.53,18048.5
1776450600000,2419.53,2425.65,2418.51,2424.88,15011.232
1776450900000,2424.88,2427.63,2423.5,2426.97,7536.838
1776451200000,2426.98,2429.6,2425.49,2428.95,8159.257
1776451500000,2428.94,2429.21,2423.52,2423.92,5854.055
1776451800000,2423.93,2424.23,2417.14,2420.15,11632.014
1776452100000,2420.14,2420.87,2417.0,2419.07,9499.287
1776452400000,2419.07,2425.76,2418.98,2420.37,15015.803
1776452700000,2420.37,2421.82,2416.25,2419.5,9113.614
1776453000000,2419.49,2423.18,2417.51,2422.67,5275.352
1776453300000,2422.67,2428.89,2422.67,2425.65,14054.79
1776453600000,2425.66,2427.5,2422.68,2426.11,5712.514
1776453900000,2426.11,2427.71,2422.11,2423.23,4206.114
1776454200000,2423.23,2428.2,2423.23,2426.63,6114.177
1776454500000,2426.63,2430.8,2423.77,2428.95,9134.889
1776454800000,2428.94,2432.0,2427.72,2429.66,7325.837
1776455100000,2429.66,2429.66,2423.01,2429.24,6207.352
1776455400000,2429.24,2430.0,2426.9,2428.76,4670.74
1776455700000,2428.77,2430.5,2425.71,2426.45,10671.208
1776456000000,2426.45,2433.84,2426.45,2433.41,11123.822
1776456300000,2433.41,2434.29,2431.42,2432.02,12171.847
1776456600000,2432.02,2432.67,2427.72,2431.37,4564.368
1776456900000,2431.38,2432.15,2429.21,2431.39,2913.57
1776457200000,2431.38,2432.01,2426.84,2429.41,2472.197
1776457500000,2429.41,2429.41,2426.44,2427.3,2322.405
1776457800000,2427.3,2427.93,2415.69,2418.0,18120.241
1776458100000,2418.01,2421.35,2416.0,2421.34,7630.941
1776458400000,2421.35,2421.65,2418.38,2420.49,2603.021
1776458700000,2420.49,2424.32,2419.09,2423.95,4203.011
1776459000000,2423.95,2425.69,2423.29,2424.77,4215.277
1776459300000,2424.78,2426.39,2424.56,2425.35,2715.341
1776459600000,2425.35,2430.5,2425.19,2428.32,5646.423
1776459900000,2428.32,2429.88,2427.92,2428.61,2377.875
1776460200000,2428.6,2430.5,2427.84,2428.2,4510.668
1776460500000,2428.2,2429.91,2424.58,2429.57,3237.748
1776460800000,2429.56,2432.26,2428.83,2428.84,4187.563
1776461100000,2428.84,2430.48,2427.5,2428.91,1631.192
1776461400000,2428.9,2428.9,2425.42,2425.76,1601.307
1776461700000,2425.76,2426.88,2418.16,2419.04,8639.482
1776462000000,2419.05,2427.85,2419.05,2427.14,5154.059
1776462300000,2427.15,2428.35,2425.42,2426.69,2714.862
1776462600000,2426.7,2428.64,2425.79,2428.64,1397.274
1776462900000,2428.64,2430.25,2427.5,2428.33,2638.405
1776463200000,2428.33,2430.47,2426.0,2429.4,3872.214
1776463500000,2429.41,2430.46,2429.05,2430.45,2145.233
1776463800000,2430.45,2430.46,2424.01,2424.75,7776.177
1776464100000,2424.76,2427.06,2421.8,2423.77,9509.511
1776464400000,2423.76,2428.47,2422.64,2426.95,6681.19
1776464700000,2426.95,2430.64,2426.76,2430.0,5249.711
1776465000000,2430.0,2441.55,2428.0,2440.51,32483.58
1776465300000,2440.51,2440.95,2435.54,2437.0,6151.497
1776465600000,2436.99,2438.84,2434.33,2435.16,7683.125
1776465900000,2435.15,2436.0,2432.68,2435.69,3138.516
1776466200000,2435.69,2438.0,2434.18,2435.56,2552.22
1776466500000,2435.56,2435.57,2431.3,2431.66,5073.791
1776466800000,2431.66,2431.9,2429.34,2430.55,5153.863
1776467100000,2430.55,2432.16,2428.0,2428.94,5361.697
1776467400000,2428.93,2429.4,2426.81,2428.0,4203.832
1776467700000,2428.0,2428.0,2416.29,2416.72,14058.136
1776468000000,2416.72,2421.78,2413.9,2418.54,16432.908
1776468300000,2418.54,2421.46,2418.54,2420.07,5297.606
1776468600000,2420.06,2423.7,2418.57,2418.58,5443.454
1776468900000,2418.57,2420.6,2417.46,2418.0,5126.288
1776469200000,2418.0,2422.38,2418.0,2419.19,4370.405
1776469500000,2419.19,2422.0,2416.54,2421.27,4544.29
1776469800000,2421.27,2421.27,2418.24,2419.02,3318.21
1776470100000,2419.02,2420.62,2417.6,2417.61,3185.457
1776470400000,2417.61,2422.5,2416.0,2419.02,6705.454
1776470700000,2419.02,2420.41,2415.48,2416.45,4206.79
1776471000000,2416.45,2419.44,2416.0,2416.74,5021.435
1776471300000,2416.73,2421.05,2416.46,2419.29,5612.939
1776471600000,2419.29,2419.3,2416.2,2418.06,3284.601
1776471900000,2418.06,2421.0,2417.76,2420.34,2624.849
1776472200000,2420.34,2421.48,2407.01,2412.0,24102.58
1776472500000,2412.0,2418.43,2408.66,2414.12,17269.562
1776472800000,2414.12,2416.2,2412.61,2413.09,4305.916
1776473100000,2413.08,2420.0,2412.61,2420.0,7382.516
1776473400000,2419.99,2421.1,2417.65,2421.09,7523.376
1776473700000,2421.09,2422.45,2417.79,2420.29,11534.706
1776474000000,2420.29,2420.76,2416.0,2419.6,5589.25
1776474300000,2419.61,2422.0,2419.15,2421.24,3657.547
1776474600000,2421.24,2426.58,2421.05,2425.49,9953.777
1776474900000,2425.48,2425.55,2422.14,2423.75,4712.405
1776475200000,2423.74,2424.0,2422.35,2423.65,4464.592
1776475500000,2423.66,2424.61,2422.17,2422.99,2995.751
1776475800000,2423.0,2423.0,2419.37,2419.52,5950.428
1776476100000,2419.52,2420.5,2418.0,2418.77,6703.15
1776476400000,2418.77,2421.84,2418.76,2418.82,2837.072
1776476700000,2418.82,2423.0,2418.25,2418.48,3784.555
1776477000000,2418.49,2419.99,2417.5,2418.37,1934.876
1776477300000,2418.37,2420.58,2417.21,2420.03,1859.882
1776477600000,2420.03,2420.52,2415.6,2417.65,5592.949
1776477900000,2417.65,2420.52,2417.31,2419.41,2362.349
1776478200000,2419.41,2420.17,2417.86,2419.96,2827.641
1776478500000,2419.97,2422.0,2419.96,2421.8,2574.87
1776478800000,2421.8,2423.76,2421.0,2421.5,4545.855
1776479100000,2421.51,2422.0,2420.3,2420.83,1582.058
1776479400000,2420.84,2420.84,2418.48,2419.07,2200.228
1776479700000,2419.08,2422.14,2418.36,2420.85,2517.323
1776480000000,2420.86,2421.9,2418.75,2419.7,3486.79
1776480300000,2419.7,2420.01,2418.24,2419.14,2569.883
1776480600000,2419.14,2419.48,2418.01,2418.68,2633.534
1776480900000,2418.69,2419.83,2417.62,2418.41,2539.116
1776481200000,2418.41,2418.42,2414.6,2417.61,7219.352
1776481500000,2417.6,2417.82,2416.56,2417.64,2690.724
1776481800000,2417.63,2417.64,2415.33,2416.08,1819.831
1776482100000,2416.07,2418.61,2415.01,2417.72,2730.193
1776482400000,2417.72,2418.44,2416.38,2418.1,1933.072
1776482700000,2418.1,2418.1,2415.19,2415.96,4311.853
1776483000000,2415.95,2416.84,2413.4,2414.65,5346.89
1776483300000,2414.65,2415.97,2413.52,2414.09,2278.596
1776483600000,2414.09,2415.15,2413.92,2414.66,2283.754
1776483900000,2414.65,2417.0,2413.7,2416.67,4668.384
1776484200000,2416.68,2419.3,2403.12,2404.44,37903.597
1776484500000,2404.45,2406.34,2397.6,2404.4,40700.085
1776484800000,2404.4,2407.2,2400.43,2407.2,20268.173
1776485100000,2407.19,2408.53,2406.57,2408.27,8091.786
1776485400000,2408.27,2409.4,2407.0,2409.0,5261.433
1776485700000,2409.0,2409.23,2407.0,2408.76,4433.65
1776486000000,2408.76,2408.9,2405.53,2406.7,3996.37
1776486300000,2406.69,2406.7,2398.45,2401.77,15879.884
1776486600000,2401.78,2401.78,2398.35,2401.76,14696.175
1776486900000,2401.77,2407.08,2401.76,2406.24,12594.786
1776487200000,2406.24,2406.34,2403.56,2403.94,3706.548
1776487500000,2403.93,2406.3,2403.09,2405.47,5149.17
1776487800000,2405.46,2408.0,2405.46,2407.69,4686.137
1776488100000,2407.68,2408.6,2406.56,2406.57,4080.519
1776488400000,2406.56,2409.56,2406.0,2409.27,4428.584
1776488700000,2409.28,2411.35,2409.2,2411.34,5838.888
1776489000000,2411.35,2412.75,2410.19,2410.71,7561.005
1776489300000,2410.71,2410.72,2408.61,2408.62,4421.756
1776489600000,2408.61,2409.91,2408.03,2409.22,2466.062
1776489900000,2409.22,2409.23,2407.61,2407.76,1805.626
1776490200000,2407.77,2407.94,2405.71,2406.82,4487.267
1776490500000,2406.83,2406.84,2404.47,2406.51,4592.966
1776490800000,2406.5,2407.28,2405.53,2406.58,4394.766
1776491100000,2406.58,2407.33,2406.0,2406.6,2252.243
1776491400000,2406.59,2407.91,2406.59,2407.0,1918.347
1776491700000,2407.0,2408.0,2406.99,2407.97,1419.323
1776492000000,2407.97,2410.0,2407.51,2408.43,5124.507
1776492300000,2408.44,2408.69,2406.67,2408.05,2210.495
1776492600000,2408.06,2409.65,2408.0,2408.0,2493.13
1776492900000,2408.0,2408.29,2406.85,2407.09,1574.982
1776493200000,2407.08,2407.09,2405.3,2405.3,4701.4
1776493500000,2405.31,2407.69,2404.05,2407.69,2465.042
1776493800000,2407.69,2410.23,2407.17,2410.12,5196.08
1776494100000,2410.13,2410.66,2408.29,2408.32,3586.23
1776494400000,2408.32,2410.24,2408.24,2410.24,1780.614
1776494700000,2410.24,2410.77,2408.95,2409.22,2690.364
1776495000000,2409.21,2409.61,2407.72,2409.08,1762.59
1776495300000,2409.08,2409.42,2408.16,2408.47,1898.493
1776495600000,2408.47,2409.83,2407.15,2409.8,2474.28
1776495900000,2409.8,2410.0,2407.46,2407.46,1901.891
1776496200000,2407.47,2408.71,2407.22,2407.86,2149.156
1776496500000,2407.86,2408.0,2406.0,2406.45,2711.918
1776496800000,2406.46,2407.62,2406.14,2406.39,1565.606
1776497100000,2406.39,2406.39,2405.0,2405.0,3145.354
1776497400000,2405.0,2406.16,2404.75,2405.53,3321.199
1776497700000,2405.52,2405.87,2404.25,2404.26,3635.177
1776498000000,2404.25,2404.66,2401.5,2404.52,10315.775
1776498300000,2404.52,2404.52,2402.39,2402.8,3055.491
1776498600000,2402.79,2404.63,2400.74,2403.07,7833.558
1776498900000,2403.07,2404.53,2402.32,2402.65,2970.941
1776499200000,2402.65,2404.04,2399.64,2402.86,9644.027
1776499500000,2402.86,2404.17,2400.2,2402.58,5419.517
1776499800000,2402.57,2402.58,2397.23,2397.9,26255.153
1776500100000,2397.89,2397.9,2380.0,2391.08,153072.323
1776500400000,2391.08,2391.31,2378.62,2384.45,51001.965
1776500700000,2384.44,2386.79,2381.5,2386.48,20356.697
1776501000000,2386.47,2386.98,2375.0,2377.43,28677.241
1776501300000,2377.43,2377.92,2366.01,2375.16,76599.392
1776501600000,2375.16,2375.21,2370.01,2373.23,18032.73
1776501900000,2373.24,2378.76,2372.5,2376.89,20785.749
1776502200000,2376.88,2379.26,2375.64,2378.8,10777.791
1776502500000,2378.81,2382.5,2378.0,2379.9,17562.701
1776502800000,2379.9,2379.9,2375.71,2377.99,13792.278
1776503100000,2377.99,2378.67,2369.03,2370.53,18418.88
1776503400000,2370.52,2380.0,2370.16,2375.56,29447.458
1776503700000,2375.55,2377.19,2369.11,2373.31,15602.188
1776504000000,2373.32,2375.11,2371.6,2373.42,7294.2
1776504300000,2373.43,2377.78,2373.43,2377.5,6378.487
1776504600000,2377.5,2380.38,2376.23,2380.0,10999.816
1776504900000,2380.0,2380.35,2375.11,2376.51,6113.837
1776505200000,2376.51,2377.58,2375.8,2375.84,3562.434
1776505500000,2375.84,2376.88,2374.29,2376.0,4255.778
1776505800000,2375.99,2376.0,2373.02,2373.28,5950.476
1776506100000,2373.27,2376.04,2372.06,2375.35,6953.838
1776506400000,2375.34,2375.35,2363.49,2367.18,32430.129
1776506700000,2367.18,2369.35,2354.22,2357.17,75142.053
1776507000000,2357.17,2361.99,2353.25,2361.45,50371.879
1776507300000,2361.46,2364.39,2360.92,2363.5,13009.663
1776507600000,2363.5,2364.33,2358.0,2360.63,13917.731
1776507900000,2360.64,2361.12,2358.54,2360.69,6484.221
1776508200000,2360.69,2360.87,2356.01,2359.78,11372.506
1776508500000,2359.78,2361.27,2359.0,2361.27,6328.862
1776508800000,2361.27,2361.5,2356.37,2356.38,8680.446
1776509100000,2356.38,2361.39,2356.28,2360.29,9620.135
1776509400000,2360.29,2360.29,2357.07,2358.08,9242.754
1776509700000,2358.08,2359.31,2357.0,2358.59,5053.945
1776510000000,2358.59,2359.27,2354.15,2359.2,16848.344
1776510300000,2359.2,2359.78,2349.32,2355.86,36463.054
1776510600000,2355.85,2358.0,2351.16,2351.37,21670.731
1776510900000,2351.38,2356.9,2350.11,2355.71,13752.688
1776511200000,2355.71,2358.0,2354.57,2355.61,7297.23
1776511500000,2355.61,2355.83,2354.17,2355.78,3943.867
1776511800000,2355.78,2358.49,2355.24,2356.56,7326.023
1776512100000,2356.55,2356.56,2343.85,2344.69,32932.362
1776512400000,2344.68,2348.85,2342.51,2347.71,27071.858
1776512700000,2347.71,2350.0,2346.14,2348.12,11865.968
1776513000000,2348.12,2352.84,2347.67,2352.05,12157.34
1776513300000,2352.05,2354.0,2348.89,2352.12,9343.481
1776513600000,2352.13,2358.72,2350.91,2357.71,23221.216
1776513900000,2357.72,2359.4,2355.51,2356.64,8183.063
1776514200000,2356.63,2359.21,2356.01,2357.76,7490.846
1776514500000,2357.77,2362.81,2357.13,2358.48,20836.22
1776514800000,2358.48,2358.48,2355.05,2356.4,8953.692
1776515100000,2356.41,2356.71,2354.03,2354.27,7310.472
1776515400000,2354.27,2357.32,2353.0,2355.9,6924.361
1776515700000,2355.89,2356.05,2351.56,2351.57,7364.765
1776516000000,2351.57,2356.74,2351.17,2356.08,6140.38
1776516300000,2356.08,2358.0,2354.83,2357.14,6692.344
1776516600000,2357.14,2358.6,2356.38,2357.45,4727.601
1776516900000,2357.45,2358.38,2355.77,2357.15,4686.147
1776517200000,2357.15,2357.81,2355.0,2356.21,6278.102
1776517500000,2356.2,2356.99,2355.0,2355.24,2199.311
1776517800000,2355.23,2355.79,2355.0,2355.24,1957.563
1776518100000,2355.24,2355.51,2350.39,2355.51,10049.927
1776518400000,2355.52,2359.96,2355.52,2356.0,7917.396
1776518700000,2356.0,2356.9,2351.66,2353.15,5231.402
1776519000000,2353.16,2353.77,2349.67,2350.25,11563.83
1776519300000,2350.25,2351.66,2345.73,2346.35,15618.316
1776519600000,2346.35,2350.3,2344.74,2349.8,15494.976
1776519900000,2349.81,2354.57,2348.0,2354.2,14031.844
1776520200000,2354.2,2357.32,2354.2,2355.94,11914.003
1776520500000,2355.94,2356.19,2354.33,2354.54,4096.167
1776520800000,2354.53,2356.7,2353.24,2353.66,6437.835
1776521100000,2353.66,2357.19,2351.73,2355.03,5191.55
1776521400000,2355.04,2355.91,2354.04,2355.59,4567.168
1776521700000,2355.58,2356.99,2355.11,2355.78,4480.98
1776522000000,2355.77,2356.0,2348.55,2351.52,9455.79
1776522300000,2351.52,2356.0,2351.0,2355.01,4717.374
1776522600000,2355.02,2359.46,2355.01,2358.71,10428.887
1776522900000,2358.72,2360.78,2357.0,2358.69,13242.234
1776523200000,2358.69,2360.9,2358.14,2359.23,11713.753
1776523500000,2359.22,2361.0,2358.0,2361.0,4337.664
1776523800000,2361.0,2364.59,2361.0,2362.62,17071.049
1776524100000,2362.61,2364.34,2362.14,2364.06,12605.52
1776524400000,2364.05,2369.87,2362.2,2363.44,26763.849
1776524700000,2363.44,2363.44,2360.56,2361.35,7910.369
1776525000000,2361.35,2363.94,2357.26,2362.86,10510.826
1776525300000,2362.85,2363.04,2358.66,2360.1,7421.908
1776525600000,2360.11,2364.25,2359.55,2363.62,6776.935
1776525900000,2363.62,2364.91,2362.38,2363.33,3644.42
1776526200000,2363.33,2365.43,2362.47,2363.92,3631.05
1776526500000,2363.92,2364.36,2361.63,2362.65,3196.293
1776526800000,2362.65,2362.76,2359.55,2359.98,5179.811
1776527100000,2359.98,2361.68,2358.83,2359.73,3697.992
1776527400000,2359.73,2361.68,2356.56,2360.63,10712.965
1776527700000,2360.62,2363.45,2360.62,2362.25,3411.047
1776528000000,2362.24,2362.25,2356.92,2357.61,11840.466
1776528300000,2357.61,2362.59,2357.61,2362.59,4085.967
1776528600000,2362.58,2365.44,2362.5,2364.71,9478.448
1776528900000,2364.72,2364.72,2352.8,2361.82,32813.261
1776529200000,2361.81,2374.45,2360.1,2367.31,44835.223
1776529500000,2367.31,2369.53,2365.64,2366.67,8884.469
1776529800000,2366.67,2367.93,2362.75,2364.31,10070.228
1776530100000,2364.32,2365.86,2363.73,2363.73,4152.785
1776530400000,2363.73,2364.35,2362.01,2362.95,5605.311
1776530700000,2362.95,2365.17,2360.17,2360.18,8145.775
1776531000000,2360.18,2360.18,2355.01,2358.76,14654.917
1776531300000,2358.75,2360.0,2357.76,2359.18,4395.626
1776531600000,2359.18,2360.67,2357.84,2359.3,3451.344
1776531900000,2359.29,2359.3,2355.9,2358.17,3257.805
1776532200000,2358.17,2361.53,2350.0,2355.93,52791.392
1776532500000,2355.93,2360.16,2355.92,2359.27,6107.157
1776532800000,2359.26,2359.71,2356.41,2357.76,4424.236
1776533100000,2357.76,2360.61,2356.6,2360.31,4304.175
1776533400000,2360.31,2362.82,2360.3,2362.62,7284.31
1776533700000,2362.62,2363.33,2360.74,2361.0,4669.367
1776534000000,2360.99,2361.0,2360.01,2360.5,1652.141
1776534300000,2360.5,2362.58,2360.5,2362.48,2978.866
1776534600000,2362.49,2363.22,2362.0,2362.95,1403.388
1776534900000,2362.95,2362.96,2359.2,2359.98,2806.077
1776535200000,2359.97,2360.0,2354.55,2360.0,14045.791
1776535500000,2360.0,2361.95,2358.0,2361.77,7290.002
1776535800000,2361.77,2361.87,2358.8,2358.95,3254.712
1776536100000,2358.95,2359.19,2353.55,2353.81,9709.257
1776536400000,2353.81,2356.28,2352.31,2353.96,6617.943
1776536700000,2353.96,2356.3,2353.28,2353.66,2337.553
1776537000000,2353.67,2354.22,2343.43,2350.24,28011.824
1776537300000,2350.24,2350.95,2344.2,2346.06,14067.837
1776537600000,2346.07,2346.65,2335.72,2344.0,54071.855
1776537900000,2344.0,2351.46,2342.39,2347.43,16747.85
1776538200000,2347.42,2349.8,2346.0,2346.0,8537.058
1776538500000,2346.0,2347.34,2341.47,2345.88,7888.821
1776538800000,2345.89,2352.76,2344.81,2352.03,12406.716
1776539100000,2352.04,2354.22,2350.2,2351.8,4741.546
1776539400000,2351.8,2353.68,2351.34,2352.28,2503.061
1776539700000,2352.28,2353.84,2350.69,2350.69,3074.622
1776540000000,2350.7,2351.5,2346.27,2347.22,5523.997
1776540300000,2347.23,2349.9,2347.22,2349.5,1583.205
1776540600000,2349.5,2350.47,2346.32,2347.77,2506.515
1776540900000,2347.77,2348.4,2345.76,2345.76,3120.444
1776541200000,2345.76,2347.16,2345.29,2345.57,1816.092
1776541500000,2345.56,2348.73,2345.0,2347.6,2729.906
1776541800000,2347.6,2348.8,2345.73,2346.22,1405.723
1776542100000,2346.22,2348.5,2346.0,2347.01,2843.206
1776542400000,2347.01,2347.67,2343.18,2343.45,5972.927
1776542700000,2343.45,2348.59,2343.45,2348.07,4303.44
1776543000000,2348.08,2349.54,2347.18,2348.1,2942.898
1776543300000,2348.11,2351.5,2347.32,2347.44,4354.47
1776543600000,2347.44,2349.04,2346.4,2348.0,2397.532
1776543900000,2348.0,2348.17,2347.02,2347.06,1271.567
1776544200000,2347.07,2348.54,2346.82,2346.83,4137.884
1776544500000,2346.83,2348.02,2345.13,2347.96,2335.39
1776544800000,2347.96,2351.12,2347.95,2350.65,1660.141
1776545100000,2350.66,2353.0,2350.65,2352.23,3613.655
1776545400000,2352.23,2353.4,2351.81,2352.55,2631.606
1776545700000,2352.55,2352.56,2349.44,2350.88,4009.053
1776546000000,2350.87,2353.68,2350.44,2352.16,2606.641
1776546300000,2352.16,2353.03,2351.04,2353.02,1149.731
1776546600000,2353.02,2353.02,2348.59,2350.56,5884.751
1776546900000,2350.55,2351.58,2347.18,2347.58,1397.914
1776547200000,2347.58,2349.11,2345.45,2349.11,1901.473
1776547500000,2349.1,2350.98,2348.17,2350.98,1382.471
1776547800000,2350.98,2350.98,2348.85,2348.86,649.749
1776548100000,2348.85,2349.12,2347.07,2347.75,1506.441
1776548400000,2347.75,2351.47,2347.39,2351.47,1869.066
1776548700000,2351.47,2353.59,2350.0,2351.51,3500.378
1776549000000,2351.5,2352.18,2350.27,2351.6,1025.702
1776549300000,2351.61,2354.39,2351.57,2354.03,4284.061
1776549600000,2354.03,2354.23,2348.47,2349.2,4283.211
1776549900000,2349.2,2350.49,2347.06,2347.99,2748.839
1776550200000,2347.99,2349.53,2347.73,2347.74,2105.987
1776550500000,2347.74,2349.99,2347.42,2349.17,1731.721
1776550800000,2349.17,2351.63,2348.68,2351.46,1245.625
1776551100000,2351.46,2352.5,2351.46,2352.0,1076.502
1776551400000,2352.0,2354.93,2351.99,2354.93,3705.894
1776551700000,2354.93,2356.31,2352.57,2352.8,12225.051
1776552000000,2352.81,2353.68,2351.15,2352.85,2801.877
1776552300000,2352.84,2357.62,2352.59,2356.15,7316.746
1776552600000,2356.15,2358.0,2355.76,2356.18,2803.638
1776552900000,2356.18,2356.5,2355.09,2355.1,1375.215
1776553200000,2355.1,2357.64,2355.09,2356.99,2894.821
1776553500000,2356.99,2359.6,2355.67,2355.86,7636.995
1776553800000,2355.87,2356.02,2354.0,2354.0,2857.831
1776554100000,2354.0,2355.33,2353.18,2353.4,1727.608
1776554400000,2353.4,2353.79,2352.78,2353.68,974.346
1776554700000,2353.68,2353.92,2352.59,2353.3,1139.737
1776555000000,2353.3,2353.31,2351.06,2352.02,1669.387
1776555300000,2352.01,2352.02,2350.5,2350.51,1647.052
1776555600000,2350.51,2352.31,2350.51,2351.73,1281.355
1776555900000,2351.73,2352.27,2351.28,2352.26,1109.603
1776556200000,2352.26,2352.26,2348.19,2349.47,3878.153
1776556500000,2349.47,2349.85,2348.55,2349.25,1858.527
1776556800000,2349.26,2351.56,2348.94,2351.41,2864.243
1776557100000,2351.41,2353.78,2351.14,2353.78,3145.844
1776557400000,2353.78,2354.18,2350.48,2350.48,1613.226
1776557700000,2350.48,2350.48,2346.34,2349.44,6358.727
1776558000000,2349.45,2350.13,2345.3,2346.82,5644.934
1776558300000,2346.82,2347.57,2346.03,2346.88,2913.088
1776558600000,2346.88,2348.0,2344.8,2345.0,4046.492
1776558900000,2344.99,2345.4,2343.0,2343.99,9002.912
1776559200000,2344.0,2345.2,2342.84,2344.32,4664.098
1776559500000,2344.32,2349.15,2344.32,2347.92,3462.567
1776559800000,2347.93,2348.7,2346.73,2347.02,2607.531
1776560100000,2347.02,2347.68,2346.08,2347.68,4720.789
1776560400000,2347.68,2351.71,2347.67,2349.0,6308.383
1776560700000,2349.0,2350.08,2346.65,2346.65,3220.18
1776561000000,2346.65,2347.25,2343.8,2347.24,5229.696
1776561300000,2347.24,2347.25,2345.18,2345.52,1988.801
1776561600000,2345.51,2345.51,2343.2,2344.04,4029.17
1776561900000,2344.04,2344.79,2342.65,2342.66,3368.874
1776562200000,2342.65,2343.57,2340.01,2342.38,8745.621
1776562500000,2342.39,2344.39,2340.59,2342.07,5900.328
1776562800000,2342.07,2344.6,2342.07,2343.51,1970.803
1776563100000,2343.51,2347.01,2343.5,2345.62,2979.243
1776563400000,2345.63,2348.67,2345.5,2348.37,7224.863
1776563700000,2348.38,2348.38,2346.33,2346.4,1447.97
1776564000000,2346.41,2346.78,2345.01,2345.34,4758.962
1776564300000,2345.34,2345.77,2343.55,2344.59,2778.634
1776564600000,2344.6,2345.0,2343.74,2345.0,1395.514
1776564900000,2345.0,2347.03,2344.79,2345.98,2830.711
1776565200000,2345.99,2348.0,2333.32,2335.77,31173.549
1776565500000,2335.77,2337.4,2331.41,2336.77,24439.996
1776565800000,2336.77,2338.57,2334.35,2335.42,10538.346
1776566100000,2335.42,2338.36,2334.71,2338.0,6288.971
1776566400000,2338.0,2346.5,2338.0,2343.07,13043.84
1776566700000,2343.08,2345.9,2340.48,2340.68,12136.958
1776567000000,2340.67,2341.0,2337.88,2339.09,7360.325
1776567300000,2339.08,2340.35,2336.42,2336.87,4909.835
1776567600000,2336.88,2338.86,2335.67,2337.59,6446.741
1776567900000,2337.59,2338.37,2330.27,2335.18,17048.632
1776568200000,2335.19,2340.94,2335.19,2340.26,5744.029
1776568500000,2340.27,2341.0,2337.41,2337.95,4859.863
1776568800000,2337.94,2340.0,2336.42,2338.85,5245.915
1776569100000,2338.85,2342.29,2338.85,2342.12,5310.163
1776569400000,2342.13,2342.86,2339.79,2340.4,6686.802
1776569700000,2340.4,2342.77,2340.16,2341.3,2189.486
1776570000000,2341.3,2342.0,2340.32,2341.79,1897.513
1776570300000,2341.79,2342.59,2341.7,2342.49,2607.463
1776570600000,2342.5,2342.97,2340.5,2341.92,3643.275
1776570900000,2341.92,2342.27,2337.35,2338.45,6288.502
1776571200000,2338.45,2341.11,2338.31,2341.1,3233.458
1776571500000,2341.1,2342.84,2340.97,2341.06,3777.678
1776571800000,2341.06,2344.96,2341.06,2342.94,7062.033
1776572100000,2342.95,2344.0,2342.13,2342.13,6787.031
1776572400000,2342.14,2342.91,2341.33,2341.53,2108.826
1776572700000,2341.53,2342.18,2340.13,2340.58,1844.158
1776573000000,2340.58,2340.78,2334.02,2334.78,13080.395
1776573300000,2334.78,2336.13,2333.35,2334.54,6885.301
1776573600000,2334.53,2334.53,2320.0,2327.18,74600.262
1776573900000,2327.17,2329.77,2325.07,2328.25,15105.597
1776574200000,2328.24,2332.87,2328.24,2331.47,12574.683
1776574500000,2331.47,2332.49,2330.8,2332.0,2824.067
1776574800000,2332.0,2333.25,2328.26,2328.85,9141.28
1776575100000,2328.85,2330.1,2327.58,2329.34,5920.83
1776575400000,2329.34,2331.5,2329.14,2331.0,2955.895
1776575700000,2331.0,2331.3,2328.49,2330.4,3403.519
1776576000000,2330.41,2332.66,2330.29,2332.66,5171.334
1776576300000,2332.66,2333.0,2331.45,2332.82,2916.234
1776576600000,2332.82,2337.18,2332.82,2336.18,9941.533
1776576900000,2336.19,2337.56,2334.4,2334.55,7105.149
1776577200000,2334.55,2334.99,2333.39,2334.93,2680.786
1776577500000,2334.93,2334.94,2333.0,2334.55,3287.536
1776577800000,2334.55,2334.56,2330.89,2331.21,2967.971
1776578100000,2331.2,2332.66,2330.38,2331.61,3790.21
1776578400000,2331.6,2332.2,2328.17,2328.75,8148.586
1776578700000,2328.74,2331.6,2328.02,2329.12,8402.204
1776579000000,2329.11,2330.33,2321.53,2322.67,22816.142
1776579300000,2322.66,2327.5,2320.02,2327.18,29904.764
1776579600000,2327.17,2330.26,2326.77,2329.43,16028.03
1776579900000,2329.42,2329.79,2326.79,2326.8,3833.529
1776580200000,2326.79,2330.74,2326.67,2328.56,6091.036
1776580500000,2328.56,2331.0,2328.33,2328.74,6420.475
1776580800000,2328.73,2329.82,2328.58,2328.89,1645.099
1776581100000,2328.89,2328.89,2326.94,2327.7,2933.496
1776581400000,2327.69,2328.17,2324.11,2324.69,3854.907
1776581700000,2324.68,2326.24,2323.56,2326.24,4238.72
1776582000000,2326.24,2326.27,2323.43,2324.61,5366.526
1776582300000,2324.61,2324.82,2317.82,2320.43,21931.073
1776582600000,2320.43,2322.83,2318.6,2319.73,14262.954
1776582900000,2319.72,2321.63,2311.83,2314.1,29552.327
1776583200000,2314.1,2316.4,2295.17,2303.29,137361.418
1776583500000,2303.29,2305.26,2300.03,2301.8,25297.322
1776583800000,2301.8,2308.0,2301.0,2305.52,21492.741
1776584100000,2305.51,2308.92,2302.68,2306.4,16111.343
1776584400000,2306.41,2317.11,2306.4,2313.99,31487.761
1776584700000,2313.99,2314.0,2312.37,2312.99,12536.995
1776585000000,2312.99,2317.5,2310.87,2315.99,16215.194
1776585300000,2316.0,2318.0,2314.17,2314.52,9047.125
1776585600000,2314.52,2315.61,2310.82,2312.3,11519.076
1776585900000,2312.3,2314.15,2310.89,2312.6,4638.775
1776586200000,2312.61,2316.71,2312.61,2315.38,5560.986
1776586500000,2315.38,2318.47,2314.73,2316.52,6502.145
1776586800000,2316.53,2317.0,2315.33,2316.36,3335.964
1776587100000,2316.36,2317.58,2314.0,2314.0,4608.51
1776587400000,2314.0,2315.3,2309.28,2313.2,13791.627
1776587700000,2313.2,2319.5,2312.63,2316.67,8866.46
1776588000000,2316.67,2319.36,2316.3,2317.8,5713.311
1776588300000,2317.8,2319.53,2316.46,2318.4,5001.178
1776588600000,2318.4,2319.46,2315.51,2317.87,6761.029
1776588900000,2317.86,2318.14,2316.21,2317.21,4451.545
1776589200000,2317.21,2318.0,2315.81,2316.22,3557.708
1776589500000,2316.23,2317.0,2314.53,2315.84,5099.878
1776589800000,2315.84,2316.76,2315.19,2316.11,4255.744
1776590100000,2316.11,2316.48,2313.42,2314.39,5190.739
1776590400000,2314.38,2314.39,2310.0,2312.11,8969.16
1776590700000,2312.12,2315.58,2308.32,2313.71,12709.482
1776591000000,2313.71,2315.73,2312.53,2313.0,6769.673
1776591300000,2312.99,2314.18,2309.01,2309.15,6139.458
1776591600000,2309.16,2311.41,2309.15,2310.32,4631.775
1776591900000,2310.31,2310.96,2304.36,2308.01,16286.685
1776592200000,2308.01,2309.9,2305.63,2309.75,6709.018
1776592500000,2309.76,2309.9,2308.1,2308.99,4447.648
1776592800000,2308.99,2311.61,2305.27,2310.22,11099.281
1776593100000,2310.22,2310.22,2305.72,2307.46,5417.035
1776593400000,2307.46,2309.53,2306.64,2308.47,5772.09
1776593700000,2308.48,2308.48,2306.31,2306.94,4796.612
1776594000000,2306.95,2310.44,2306.67,2308.01,5409.224
1776594300000,2308.0,2311.2,2307.82,2310.5,8647.475
1776594600000,2310.5,2312.65,2310.0,2312.51,6143.927
1776594900000,2312.51,2313.44,2311.35,2311.54,5356.684
1776595200000,2311.55,2313.43,2310.24,2313.36,3722.217
1776595500000,2313.36,2316.51,2312.36,2315.7,9925.298
1776595800000,2315.7,2318.85,2315.7,2317.59,20361.153
1776596100000,2317.59,2318.78,2316.42,2316.8,6329.508
1776596400000,2316.81,2319.86,2316.0,2318.2,9252.424
1776596700000,2318.2,2328.17,2317.53,2327.17,28423.464
1776597000000,2327.17,2327.29,2322.0,2326.27,17252.283
1776597300000,2326.26,2330.97,2323.0,2323.42,30748.613
1776597600000,2323.41,2325.85,2321.19,2323.22,14785.653
1776597900000,2323.22,2324.99,2322.3,2324.06,5625.985
1776598200000,2324.05,2328.0,2324.05,2326.42,7872.397
1776598500000,2326.42,2326.92,2324.58,2324.63,6491.702
1776598800000,2324.64,2326.9,2324.01,2326.35,4403.505
1776599100000,2326.35,2327.98,2326.0,2326.99,6118.129
1776599400000,2326.99,2328.85,2325.82,2328.02,6632.203
1776599700000,2328.02,2329.0,2326.24,2327.73,6775.531
1776600000000,2327.74,2331.91,2326.27,2330.15,13514.122
1776600300000,2330.15,2333.0,2327.87,2330.96,13046.582
1776600600000,2330.95,2334.74,2327.75,2331.98,29139.026
1776600900000,2331.99,2332.22,2330.08,2330.75,7387.064
1776601200000,2330.75,2330.91,2328.16,2328.16,6355.154
1776601500000,2328.16,2328.17,2325.72,2326.79,8171.061
1776601800000,2326.78,2327.74,2325.38,2327.41,5768.217
1776602100000,2327.4,2327.8,2323.93,2324.42,9800.962
1776602400000,2324.41,2325.4,2322.61,2324.44,7997.361
1776602700000,2324.44,2325.5,2323.11,2324.82,4509.942
1776603000000,2324.81,2328.24,2324.81,2327.98,6012.196
1776603300000,2327.99,2335.99,2327.85,2329.37,38614.759
1776603600000,2329.37,2335.0,2328.46,2334.97,12497.109
1776603900000,2334.98,2337.91,2333.74,2336.8,21411.471
1776604200000,2336.79,2336.8,2332.51,2334.46,10571.998
1776604500000,2334.47,2342.23,2333.55,2340.11,38450.614
1776604800000,2340.11,2348.82,2337.18,2342.0,62403.879
1776605100000,2341.99,2344.0,2337.84,2340.29,17563.316
1776605400000,2340.3,2342.99,2338.0,2339.51,14212.175
1776605700000,2339.51,2340.58,2336.14,2339.83,7922.92
1776606000000,2339.84,2340.59,2337.77,2340.59,8047.765
1776606300000,2340.59,2340.91,2335.0,2337.3,10272.208
1776606600000,2337.3,2338.22,2335.5,2336.75,6653.86
1776606900000,2336.75,2337.76,2335.02,2337.19,4719.756
1776607200000,2337.2,2339.44,2329.01,2331.54,21107.972
1776607500000,2331.53,2331.66,2325.5,2327.88,29838.295
1776607800000,2327.88,2330.8,2327.4,2330.01,5683.531
1776608100000,2330.01,2334.49,2328.8,2332.21,9656.279
1776608400000,2332.22,2334.35,2330.75,2333.26,4364.472
1776608700000,2333.26,2341.6,2333.26,2337.48,16826.8
1776609000000,2337.49,2338.7,2332.39,2335.15,7864.181
1776609300000,2335.15,2336.35,2333.33,2335.16,4679.784
1776609600000,2335.16,2338.0,2334.32,2336.65,5566.596
1776609900000,2336.66,2341.95,2335.51,2340.31,9520.876
1776610200000,2340.31,2341.73,2336.01,2336.01,9054.95
1776610500000,2336.01,2338.33,2335.51,2336.57,4104.959
1776610800000,2336.58,2337.0,2331.1,2337.0,9507.449
1776611100000,2336.99,2337.0,2333.42,2333.87,3247.597
1776611400000,2333.88,2335.89,2333.78,2334.77,3366.603
1776611700000,2334.77,2340.43,2334.65,2337.39,5314.109
1776612000000,2337.38,2337.88,2331.16,2334.14,11216.259
1776612300000,2334.14,2334.45,2332.29,2333.76,3600.876
1776612600000,2333.76,2334.5,2323.29,2323.86,21519.057
1776612900000,2323.87,2325.08,2313.41,2323.06,60164.518
1776613200000,2323.07,2326.07,2321.16,2323.65,9264.782
1776613500000,2323.65,2328.23,2322.28,2328.0,10729.462
1776613800000,2328.0,2331.13,2324.0,2328.73,10137.886
1776614100000,2328.73,2330.0,2327.57,2329.5,5479.162
1776614400000,2329.49,2330.32,2323.08,2329.4,13504.802
1776614700000,2329.39,2329.65,2324.0,2325.0,8207.525
1776615000000,2324.99,2326.83,2322.98,2324.53,7376.5
1776615300000,2324.53,2326.9,2319.6,2320.52,11585.639
1776615600000,2320.53,2322.15,2317.16,2320.37,14836.399
1776615900000,2320.37,2324.22,2317.7,2319.16,8287.475
1776616200000,2319.17,2324.96,2317.33,2323.07,8874.85
1776616500000,2323.06,2324.32,2321.26,2321.81,4274.75
1776616800000,2321.81,2322.59,2316.11,2318.11,8218.153
1776617100000,2318.11,2321.57,2317.66,2320.15,6783.342
1776617400000,2320.14,2320.66,2305.93,2307.74,48063.236
1776617700000,2307.73,2312.74,2303.02,2310.44,42300.416
1776618000000,2310.45,2311.22,2301.78,2302.86,30337.161
1776618300000,2302.85,2304.89,2293.65,2301.52,57134.612
1776618600000,2301.53,2306.65,2300.01,2306.44,14577.833
1776618900000,2306.43,2311.11,2306.0,2309.99,11312.02
1776619200000,2310.0,2316.4,2309.0,2309.04,21825.665
1776619500000,2309.04,2311.22,2306.87,2311.22,8349.539
1776619800000,2311.23,2314.88,2304.8,2305.62,10784.563
1776620100000,2305.62,2310.35,2302.16,2310.35,15200.595
1776620400000,2310.35,2310.35,2306.96,2308.14,3344.974
1776620700000,2308.14,2309.94,2304.65,2304.69,6430.515
1776621000000,2304.7,2305.12,2291.87,2298.07,46106.665
1776621300000,2298.06,2299.67,2294.6,2295.36,14265.478
1776621600000,2295.37,2299.69,2288.0,2291.64,54913.876
1776621900000,2291.64,2298.96,2291.09,2298.75,13261.579
1776622200000,2298.75,2299.77,2294.11,2296.5,10846.058
1776622500000,2296.49,2298.5,2294.66,2295.02,5244.114
1776622800000,2295.02,2296.17,2290.52,2290.96,12591.247
1776623100000,2290.96,2301.19,2289.0,2297.1,21317.221
1776623400000,2297.1,2298.49,2291.54,2292.64,7414.264
1776623700000,2292.65,2294.37,2291.12,2293.92,9445.915
1776624000000,2293.91,2293.99,2289.64,2291.33,7601.005
1776624300000,2291.33,2293.61,2286.76,2293.61,15324.362
1776624600000,2293.6,2296.0,2291.6,2292.39,9926.542
1776624900000,2292.38,2295.29,2292.0,2295.03,2662.093
1776625200000,2295.03,2301.18,2295.03,2297.14,25242.193
1776625500000,2297.14,2300.45,2297.01,2299.63,10696.499
1776625800000,2299.62,2300.72,2296.6,2299.06,6132.114
1776626100000,2299.07,2304.44,2297.66,2304.18,9193.325
1776626400000,2304.17,2304.18,2294.07,2294.57,11836.413
1776626700000,2294.57,2300.0,2293.51,2298.51,7568.86
1776627000000,2298.51,2302.19,2296.0,2296.47,5408.856
1776627300000,2296.48,2297.9,2295.0,2297.49,2831.346
1776627600000,2297.49,2298.91,2296.21,2296.21,2384.467
1776627900000,2296.21,2299.52,2296.0,2297.72,3602.689
1776628200000,2297.72,2298.99,2296.61,2298.04,2786.129
1776628500000,2298.04,2300.02,2296.85,2299.01,3366.913
1776628800000,2299.01,2299.84,2289.71,2292.28,15242.34
1776629100000,2292.28,2293.86,2289.74,2293.22,9825.492
1776629400000,2293.22,2295.3,2291.51,2294.31,4255.628
1776629700000,2294.31,2294.31,2288.53,2289.37,6208.859
1776630000000,2289.37,2291.0,2287.48,2289.76,7295.67
1776630300000,2289.76,2292.75,2288.76,2291.84,2668.262
1776630600000,2291.84,2296.38,2290.82,2295.85,5765.755
1776630900000,2295.85,2295.96,2291.26,2291.26,2722.244
1776631200000,2291.26,2291.27,2276.12,2281.0,58197.983
1776631500000,2280.99,2284.36,2271.33,2277.29,37689.365
1776631800000,2277.3,2285.0,2274.85,2284.27,16108.966
1776632100000,2284.27,2284.9,2278.98,2279.41,6550.566
1776632400000,2279.41,2282.61,2278.0,2280.23,11757.126
1776632700000,2280.23,2283.59,2279.81,2283.18,5917.718
1776633000000,2283.17,2285.0,2280.33,2284.18,5623.223
1776633300000,2284.18,2284.19,2278.47,2280.79,5451.809
1776633600000,2280.8,2283.28,2280.79,2282.66,4941.429
1776633900000,2282.65,2286.79,2282.0,2285.26,6885.253
1776634200000,2285.26,2287.88,2284.57,2285.22,6048.135
1776634500000,2285.22,2289.36,2285.22,2287.78,5456.008
1776634800000,2287.77,2288.72,2286.17,2286.57,3619.365
1776635100000,2286.57,2289.17,2281.87,2283.67,6223.089
1776635400000,2283.67,2283.85,2274.0,2274.71,15244.729
1776635700000,2274.7,2278.88,2273.35,2275.01,12614.277
1776636000000,2275.0,2275.0,2251.05,2256.97,124036.301
1776636300000,2256.97,2270.38,2256.03,2267.29,35692.017
1776636600000,2267.29,2267.94,2258.35,2258.89,22890.281
1776636900000,2258.89,2261.36,2251.06,2260.66,33322.788
1776637200000,2260.67,2260.67,2253.0,2260.39,23861.925
1776637500000,2260.4,2265.56,2255.73,2262.25,16571.607
1776637800000,2262.24,2269.83,2261.29,2266.34,18947.138
1776638100000,2266.34,2271.92,2265.83,2270.02,16483.412
1776638400000,2270.02,2272.35,2268.81,2272.21,10969.93
1776638700000,2272.21,2273.3,2269.0,2269.74,8464.586
1776639000000,2269.73,2274.3,2269.73,2272.64,7076.598
1776639300000,2272.64,2274.81,2268.02,2268.45,7813.717
1776639600000,2268.46,2268.46,2258.53,2261.41,24360.479
1776639900000,2261.41,2263.39,2259.38,2261.88,10385.562
1776640200000,2261.87,2264.29,2259.3,2264.0,11061.585
1776640500000,2263.99,2264.69,2255.54,2264.0,15689.297
1776640800000,2264.0,2265.0,2260.5,2261.61,9270.054
1776641100000,2261.61,2264.62,2261.49,2263.54,5654.748
1776641400000,2263.54,2265.48,2261.61,2262.99,5042.729
1776641700000,2262.99,2267.94,2262.11,2266.22,8071.979
1776642000000,2266.22,2267.32,2264.02,2266.67,4779.33
1776642300000,2266.68,2266.68,2263.29,2264.88,5928.094
1776642600000,2264.87,2269.98,2263.6,2266.4,8758.224
1776642900000,2266.4,2266.4,2261.0,2262.48,5619.129
1776643200000,2262.49,2274.47,2258.51,2270.69,26297.327
1776643500000,2270.68,2270.87,2265.12,2269.01,16012.408
1776643800000,2269.0,2270.92,2267.5,2268.1,6485.627
1776644100000,2268.1,2274.25,2268.1,2270.41,14837.952
1776644400000,2270.4,2277.86,2269.3,2276.08,17278.398
1776644700000,2276.08,2277.0,2272.4,2275.11,11084.108
1776645000000,2275.1,2278.35,2273.69,2277.18,11207.516
1776645300000,2277.19,2277.19,2272.5,2273.45,6129.538
1776645600000,2273.45,2276.8,2273.44,2274.42,5208.555
1776645900000,2274.42,2279.0,2273.4,2278.2,4683.084
1776646200000,2278.19,2282.13,2278.03,2279.26,11819.471
1776646500000,2279.25,2281.76,2277.6,2278.5,8515.419
1776646800000,2278.49,2282.1,2278.0,2279.47,7699.043
1776647100000,2279.46,2283.9,2277.63,2280.67,12733.472
1776647400000,2280.68,2283.8,2279.31,2283.55,6449.329
1776647700000,2283.55,2283.95,2278.48,2280.04,5914.579
1776648000000,2280.03,2280.23,2276.52,2276.77,7526.846
1776648300000,2276.77,2279.66,2276.77,2279.65,2146.276
1776648600000,2279.65,2293.32,2279.31,2292.75,36556.713
1776648900000,2292.75,2292.9,2287.34,2288.68,10904.266
1776649200000,2288.68,2291.91,2287.39,2290.54,8522.739
1776649500000,2290.54,2291.8,2288.88,2289.93,6001.151
1776649800000,2289.93,2290.48,2287.86,2289.04,7370.247
1776650100000,2289.04,2289.05,2283.99,2284.85,14319.17
1776650400000,2284.84,2285.93,2280.17,2282.42,10902.625
1776650700000,2282.41,2282.78,2280.29,2282.55,4689.643
1776651000000,2282.54,2283.27,2271.01,2274.43,20866.779
1776651300000,2274.43,2277.99,2270.48,2275.1,12215.943
1776651600000,2275.1,2277.58,2274.19,2276.98,10276.386
1776651900000,2276.98,2277.99,2275.08,2276.47,6622.095
1776652200000,2276.47,2278.11,2274.4,2276.84,5355.016
1776652500000,2276.84,2278.47,2275.48,2276.81,4036.739
1776652800000,2276.81,2277.49,2274.4,2277.48,4788.574
1776653100000,2277.49,2280.26,2274.81,2280.0,9319.161
1776653400000,2280.0,2280.48,2277.22,2278.3,5443.421
1776653700000,2278.29,2278.88,2276.2,2276.3,3441.186
1776654000000,2276.3,2277.19,2274.79,2275.29,3488.928
1776654300000,2275.29,2277.29,2274.72,2276.75,4304.559
1776654600000,2276.76,2281.0,2276.51,2281.0,9119.038
1776654900000,2280.99,2282.66,2277.58,2278.32,6126.218
1776655200000,2278.32,2281.87,2277.54,2280.04,6260.862
1776655500000,2280.04,2281.22,2278.73,2278.93,2809.506
1776655800000,2278.94,2280.2,2277.73,2280.04,5228.136
1776656100000,2280.03,2280.23,2277.95,2280.0,2393.771
1776656400000,2279.99,2280.61,2279.13,2280.25,2567.219
1776656700000,2280.25,2280.67,2278.61,2280.11,3432.075
1776657000000,2280.12,2286.7,2279.09,2285.86,9268.307
1776657300000,2285.84,2287.67,2284.35,2285.03,6704.431
1776657600000,2285.04,2285.04,2282.31,2282.32,5444.203
1776657900000,2282.32,2283.72,2280.57,2282.36,6664.399
1776658200000,2282.37,2283.65,2281.9,2282.21,2763.633
1776658500000,2282.21,2283.68,2279.57,2279.76,4298.673
1776658800000,2279.76,2280.96,2278.28,2280.45,3886.353
1776659100000,2280.45,2281.0,2279.9,2280.59,1612.202
1776659400000,2280.58,2280.59,2278.58,2279.51,3019.42
1776659700000,2279.51,2279.97,2278.16,2278.96,3099.971
1776660000000,2278.97,2278.97,2277.21,2278.45,4089.171
1776660300000,2278.45,2283.4,2278.45,2282.1,5012.476
1776660600000,2282.09,2284.0,2281.46,2282.2,4244.479
1776660900000,2282.2,2282.85,2281.02,2282.0,2798.151
1776661200000,2282.01,2282.01,2276.66,2278.09,4961.604
1776661500000,2278.09,2278.1,2272.0,2272.68,19289.171
1776661800000,2272.68,2272.69,2267.8,2272.15,25712.411
1776662100000,2272.15,2272.15,2266.08,2267.34,10273.823
1776662400000,2267.34,2268.0,2264.14,2264.4,15023.599
1776662700000,2264.4,2266.7,2263.0,2264.98,11044.317
1776663000000,2264.99,2267.24,2263.23,2267.23,9049.364
1776663300000,2267.23,2268.6,2265.05,2265.89,5777.471
1776663600000,2265.9,2267.31,2263.33,2263.34,7377.035
1776663900000,2263.33,2267.27,2261.68,2266.26,10789.862
1776664200000,2266.26,2270.66,2266.25,2270.36,7248.735
1776664500000,2270.36,2271.57,2268.79,2269.16,4041.829
1776664800000,2269.17,2276.0,2269.04,2273.7,14470.111
1776665100000,2273.69,2274.51,2272.13,2272.69,5874.099
1776665400000,2272.69,2272.69,2269.29,2269.79,4718.796
1776665700000,2269.78,2272.73,2267.37,2272.73,7258.605
1776666000000,2272.73,2273.22,2270.8,2272.45,3032.969
1776666300000,2272.45,2274.36,2271.55,2273.7,4887.647
1776666600000,2273.7,2279.67,2273.7,2277.89,12457.776
1776666900000,2277.88,2278.47,2276.1,2277.99,6284.989
1776667200000,2278.0,2288.31,2277.99,2283.56,32331.282
1776667500000,2283.55,2285.7,2280.91,2283.52,12187.406
1776667800000,2283.51,2283.51,2280.17,2281.29,8469.808
1776668100000,2281.29,2286.46,2279.1,2284.97,13058.545
1776668400000,2284.96,2287.99,2283.44,2284.44,14938.948
1776668700000,2284.43,2285.24,2281.58,2284.37,6194.772
1776669000000,2284.38,2287.5,2283.66,2285.59,13761.98
1776669300000,2285.58,2290.5,2283.9,2289.83,12662.599
1776669600000,2289.8,2333.49,2289.43,2322.66,201610.279
1776669900000,2322.65,2326.4,2310.12,2313.75,72802.88
1776670200000,2313.76,2316.25,2301.11,2306.14,54975.45
1776670500000,2306.14,2306.14,2293.74,2298.41,52779.912
1776670800000,2298.41,2299.92,2295.51,2296.51,18406.661
1776671100000,2296.5,2301.66,2293.47,2294.59,19810.577
1776671400000,2294.6,2294.6,2286.38,2287.15,33969.792
1776671700000,2287.16,2297.33,2285.88,2296.99,27038.828
1776672000000,2296.99,2297.67,2290.7,2290.75,13675.913
1776672300000,2290.75,2294.27,2289.63,2291.29,8393.41
1776672600000,2291.3,2300.63,2291.3,2298.62,14561.277
1776672900000,2298.63,2306.99,2298.14,2306.57,21107.776
1776673200000,2306.57,2306.57,2299.45,2300.46,11995.66
1776673500000,2300.46,2301.03,2292.01,2298.28,19940.005
1776673800000,2298.28,2299.9,2294.71,2296.17,6834.846
1776674100000,2296.17,2297.13,2291.18,2293.99,7284.379
1776674400000,2293.99,2294.95,2292.29,2294.25,4131.754
1776674700000,2294.25,2295.5,2291.2,2293.67,8659.983
1776675000000,2293.68,2294.64,2288.22,2292.21,11372.298
1776675300000,2292.21,2293.89,2291.41,2292.83,2914.646
1776675600000,2292.84,2294.99,2292.17,2293.94,5494.962
1776675900000,2293.94,2305.71,2293.16,2301.61,25265.663
1776676200000,2301.61,2304.87,2297.35,2302.11,10583.936
1776676500000,2302.1,2305.62,2301.28,2302.57,8325.424
1776676800000,2302.58,2306.68,2301.0,2304.32,7960.61
1776677100000,2304.32,2305.43,2302.41,2303.42,4027.05
1776677400000,2303.41,2305.1,2302.57,2303.87,4210.051
1776677700000,2303.87,2311.44,2303.86,2309.27,19067.267
1776678000000,2309.28,2312.8,2308.51,2309.81,13470.199
1776678300000,2309.81,2312.5,2308.26,2308.86,13334.914
1776678600000,2308.85,2310.48,2306.02,2310.34,11108.501
1776678900000,2310.35,2311.9,2304.99,2307.69,22571.359
1776679200000,2307.7,2312.91,2306.92,2311.49,9821.482
1776679500000,2311.49,2314.95,2311.49,2313.5,12625.293
1776679800000,2313.49,2317.72,2312.89,2314.23,14991.041
1776680100000,2314.22,2318.82,2313.78,2318.01,9548.506
1776680400000,2318.01,2318.01,2313.61,2314.6,8652.39
1776680700000,2314.6,2315.21,2313.11,2313.99,5507.724
1776681000000,2313.99,2314.0,2307.5,2307.51,15218.116
1776681300000,2307.5,2308.55,2305.77,2307.8,13234.023
1776681600000,2307.79,2308.59,2305.93,2307.67,3879.562
1776681900000,2307.68,2308.75,2306.16,2306.54,4554.307
1776682200000,2306.54,2307.99,2305.34,2307.12,6240.349
1776682500000,2307.11,2307.11,2301.56,2302.02,12217.989
1776682800000,2302.02,2303.87,2298.25,2302.0,12852.399
1776683100000,2302.0,2307.0,2301.99,2306.32,6245.938
1776683400000,2306.33,2308.13,2303.41,2308.08,5260.04
1776683700000,2308.09,2310.5,2307.5,2308.11,6112.456
1776684000000,2308.1,2308.1,2302.41,2306.56,6354.261
1776684300000,2306.56,2308.0,2305.0,2305.0,4771.357
1776684600000,2305.01,2307.72,2301.13,2305.0,10631.626
1776684900000,2305.0,2308.33,2303.83,2307.11,4391.693
1776685200000,2307.12,2307.99,2305.99,2307.02,3261.361
1776685500000,2307.02,2311.41,2307.0,2309.02,9896.858
1776685800000,2309.01,2309.3,2306.0,2307.4,3254.683
1776686100000,2307.39,2310.0,2306.37,2307.14,3835.368
1776686400000,2307.14,2308.57,2303.14,2307.12,11528.166
1776686700000,2307.12,2312.49,2307.12,2310.46,7181.279
1776687000000,2310.46,2313.37,2310.0,2311.2,7662.19
1776687300000,2311.2,2315.87,2308.53,2315.26,13647.982
1776687600000,2315.26,2322.55,2313.38,2316.09,26583.392
1776687900000,2316.09,2317.24,2313.11,2314.26,6940.609
1776688200000,2314.26,2316.77,2312.72,2313.96,7392.96
1776688500000,2313.95,2315.06,2306.14,2310.13,17400.647
1776688800000,2310.13,2310.99,2305.29,2309.79,10586.894
1776689100000,2309.79,2314.44,2309.79,2313.54,5763.831
1776689400000,2313.54,2316.72,2312.7,2316.27,8947.586
1776689700000,2316.27,2318.56,2314.06,2317.55,8166.14
1776690000000,2317.54,2318.8,2312.04,2315.28,13786.848
1776690300000,2315.29,2325.94,2313.01,2321.12,38218.48
1776690600000,2321.12,2321.94,2316.63,2318.25,13197.615
1776690900000,2318.24,2320.67,2311.45,2313.53,18273.261
1776691200000,2313.52,2314.71,2309.66,2310.22,10396.042
1776691500000,2310.23,2315.49,2308.5,2315.49,11903.768
1776691800000,2315.49,2316.79,2300.15,2315.27,47189.615
1776692100000,2315.27,2318.0,2311.17,2312.35,20563.19
1776692400000,2312.34,2313.0,2308.21,2311.44,13658.302
1776692700000,2311.44,2315.93,2304.04,2305.43,25347.285
1776693000000,2305.42,2306.69,2301.11,2304.46,19798.127
1776693300000,2304.46,2314.75,2303.56,2309.73,22732.441
1776693600000,2309.73,2310.19,2302.0,2305.61,17089.774
1776693900000,2305.62,2310.0,2295.19,2302.26,39433.112
1776694200000,2302.27,2304.19,2296.05,2299.23,16623.338
1776694500000,2299.24,2308.0,2297.44,2304.59,29141.504
1776694800000,2304.6,2318.0,2304.2,2314.44,48358.987
1776695100000,2314.44,2321.29,2306.28,2309.78,29842.478
1776695400000,2309.78,2313.75,2306.67,2309.75,15304.883
1776695700000,2309.75,2311.0,2305.0,2305.49,14983.806
1776696000000,2305.49,2305.93,2293.53,2301.61,41030.894
1776696300000,2301.6,2306.43,2298.24,2305.58,17546.687
1776696600000,2305.58,2306.88,2288.54,2290.67,63094.331
1776696900000,2290.67,2291.18,2280.89,2289.71,66828.772
1776697200000,2289.7,2292.52,2278.0,2283.1,46296.492
1776697500000,2283.09,2285.71,2277.23,2283.81,32132.009
1776697800000,2283.82,2293.42,2283.5,2291.95,26429.079
1776698100000,2291.96,2298.0,2291.26,2296.59,34243.807
1776698400000,2296.6,2312.37,2294.6,2307.5,63163.91
1776698700000,2307.5,2317.88,2306.81,2316.39,50439.182
1776699000000,2316.38,2316.38,2305.59,2308.07,35686.887
1776699300000,2308.06,2311.54,2306.8,2307.32,12143.968
1776699600000,2307.32,2311.99,2305.92,2306.68,10581.284
1776699900000,2306.68,2310.95,2303.85,2305.25,17909.023
1776700200000,2305.24,2309.9,2305.01,2308.46,8531.286
1776700500000,2308.46,2313.29,2308.22,2312.56,11417.437
1776700800000,2312.56,2313.47,2306.2,2306.81,11033.943
1776701100000,2306.82,2309.76,2304.45,2307.4,9751.604
1776701400000,2307.39,2309.25,2306.43,2306.43,6002.169
1776701700000,2306.43,2306.86,2298.52,2303.63,18635.029
1776702000000,2303.64,2307.19,2301.11,2304.9,7913.348
1776702300000,2304.89,2304.9,2301.54,2302.4,8380.068
1776702600000,2302.4,2304.97,2300.31,2302.34,4877.051
1776702900000,2302.33,2302.33,2298.8,2301.65,9877.373
1776703200000,2301.65,2307.6,2299.5,2305.44,12312.163
1776703500000,2305.43,2308.0,2299.0,2299.81,7325.445
1776703800000,2299.8,2302.0,2298.01,2300.1,5936.391
1776704100000,2300.1,2300.5,2296.79,2298.69,8636.492
1776704400000,2298.68,2305.43,2296.5,2303.95,10263.366
1776704700000,2303.95,2312.23,2302.84,2309.11,16287.204
1776705000000,2309.1,2314.73,2309.01,2312.3,14795.868
1776705300000,2312.29,2321.76,2309.41,2319.79,26399.445
1776705600000,2319.79,2320.28,2313.12,2314.66,17393.063
1776705900000,2314.67,2314.85,2312.19,2313.15,6007.372
1776706200000,2313.15,2313.69,2306.4,2309.35,11636.142
1776706500000,2309.34,2314.61,2308.47,2313.03,10750.392
1776706800000,2313.03,2317.72,2311.61,2311.76,9932.288
1776707100000,2311.76,2319.84,2310.04,2318.99,8713.518
1776707400000,2318.99,2320.85,2314.38,2317.6,13631.697
1776707700000,2317.59,2318.23,2314.75,2315.99,7656.699
1776708000000,2316.0,2331.0,2316.0,2322.99,47183.157
1776708300000,2323.0,2329.55,2322.74,2329.54,15498.104
1776708600000,2329.55,2332.46,2327.2,2330.08,24296.299
1776708900000,2330.09,2333.14,2328.32,2332.27,14569.308
1776709200000,2332.28,2335.34,2326.43,2327.87,28780.518
1776709500000,2327.86,2328.99,2325.43,2327.27,8410.545
1776709800000,2327.27,2329.81,2323.94,2329.44,12285.477
1776710100000,2329.45,2330.0,2322.63,2324.35,12937.639
1776710400000,2324.34,2340.95,2324.16,2333.92,66446.544
1776710700000,2333.91,2333.92,2328.1,2329.84,10016.521
1776711000000,2329.84,2336.48,2329.84,2335.21,11177.037
1776711300000,2335.21,2343.68,2332.03,2332.98,39498.803
1776711600000,2332.98,2334.51,2328.71,2332.17,12430.436
1776711900000,2332.17,2334.98,2329.48,2333.63,7339.707
1776712200000,2333.63,2334.48,2330.87,2332.62,6109.417
1776712500000,2332.63,2332.63,2328.0,2328.8,6996.429
1776712800000,2328.8,2329.41,2325.5,2326.89,9074.808
1776713100000,2326.89,2328.77,2325.86,2328.01,4430.718
1776713400000,2328.01,2329.0,2325.84,2327.65,3599.099
1776713700000,2327.64,2329.39,2327.06,2328.72,2711.232
1776714000000,2328.71,2329.0,2326.46,2327.16,2621.596
1776714300000,2327.15,2328.43,2325.84,2328.43,4723.504
1776714600000,2328.43,2330.0,2326.3,2328.71,6154.748
1776714900000,2328.71,2332.82,2327.84,2330.49,5558.285
1776715200000,2330.49,2332.64,2327.37,2332.63,7323.846
1776715500000,2332.64,2332.91,2328.28,2328.7,4029.478
1776715800000,2328.7,2332.14,2328.4,2330.63,2691.889
1776716100000,2330.63,2337.95,2329.28,2335.32,15003.311
1776716400000,2335.32,2339.73,2332.14,2333.36,6673.818
1776716700000,2333.37,2334.13,2329.56,2329.89,3524.974
1776717000000,2329.89,2330.4,2327.39,2329.6,4619.094
1776717300000,2329.6,2330.6,2327.75,2327.75,2773.716
1776717600000,2327.76,2328.16,2326.52,2326.67,2751.467
1776717900000,2326.66,2335.93,2322.54,2335.32,17724.603
1776718200000,2335.33,2335.33,2332.82,2334.36,4083.54
1776718500000,2334.36,2338.29,2334.02,2335.95,7224.159
1776718800000,2335.95,2341.32,2333.5,2340.6,14254.157
1776719100000,2340.61,2345.42,2332.29,2332.47,33049.927
1776719400000,2332.47,2332.47,2317.02,2324.12,34898.781
1776719700000,2324.12,2326.1,2313.0,2318.74,19941.211
1776720000000,2318.75,2321.08,2316.78,2319.64,7491.024
1776720300000,2319.65,2319.89,2316.62,2318.76,4276.951
1776720600000,2318.76,2318.77,2313.85,2318.24,11301.519
1776720900000,2318.25,2321.37,2317.01,2318.01,6987.421
1776721200000,2318.0,2319.0,2316.0,2316.17,3829.107
1776721500000,2316.17,2318.94,2315.36,2318.79,3211.54
1776721800000,2318.8,2321.25,2318.11,2319.38,4302.486
1776722100000,2319.38,2321.43,2318.88,2320.14,2533.691
1776722400000,2320.13,2324.59,2320.13,2323.76,7791.49
1776722700000,2323.75,2327.54,2322.47,2323.4,8055.731
1776723000000,2323.4,2323.99,2321.38,2322.0,3003.9
1776723300000,2322.0,2323.46,2316.13,2316.13,4438.945
1776723600000,2316.13,2318.45,2315.11,2318.45,3459.812
1776723900000,2318.45,2319.4,2317.13,2317.47,1752.303
1776724200000,2317.46,2322.38,2316.48,2322.33,2219.357
1776724500000,2322.32,2324.5,2319.35,2320.74,5833.987
1776724800000,2320.74,2321.13,2316.0,2319.36,7900.164
1776725100000,2319.35,2319.65,2317.0,2317.0,2121.853
1776725400000,2317.01,2318.7,2316.74,2318.3,2789.223
1776725700000,2318.3,2319.07,2316.73,2318.0,2519.982
1776726000000,2317.99,2317.99,2310.6,2311.64,20370.564
1776726300000,2311.64,2311.93,2308.42,2311.06,10400.841
1776726600000,2311.08,2313.31,2309.61,2310.5,3842.015
1776726900000,2310.5,2310.87,2308.15,2309.04,5052.087
1776727200000,2309.04,2311.99,2309.03,2311.29,3477.203
1776727500000,2311.28,2311.29,2305.0,2308.42,9766.149
1776727800000,2308.41,2310.91,2306.61,2310.11,3597.595
1776728100000,2310.11,2312.96,2309.13,2312.01,3053.504
1776728400000,2312.0,2313.64,2311.26,2311.76,4463.413
1776728700000,2311.76,2314.32,2309.41,2312.98,6895.01
1776729000000,2312.97,2313.61,2312.33,2312.87,2448.949
1776729300000,2312.87,2313.9,2312.07,2312.4,2749.711
1776729600000,2312.4,2316.88,2312.33,2313.73,7341.318
1776729900000,2313.72,2315.58,2310.31,2311.4,11052.291
1776730200000,2311.39,2316.0,2311.39,2314.11,4091.203
1776730500000,2314.11,2315.39,2312.77,2314.01,4167.696
1776730800000,2314.01,2316.0,2312.72,2314.58,4011.693
1776731100000,2314.57,2315.57,2311.67,2314.79,6113.118
1776731400000,2314.79,2316.64,2313.01,2315.75,3313.522
1776731700000,2315.75,2317.49,2315.0,2315.02,4184.816
1776732000000,2315.02,2317.7,2315.01,2315.02,3720.068
1776732300000,2315.02,2324.04,2315.01,2319.82,12684.169
1776732600000,2319.81,2319.81,2315.24,2317.21,4651.73
1776732900000,2317.2,2321.0,2317.0,2320.85,5374.747
1776733200000,2320.85,2320.88,2318.1,2319.66,4567.886
1776733500000,2319.65,2326.81,2319.39,2322.12,17994.58
1776733800000,2322.11,2322.62,2319.89,2321.55,2863.717
1776734100000,2321.55,2321.55,2317.15,2318.0,6119.09
1776734400000,2317.99,2319.2,2317.84,2318.27,2170.401
1776734700000,2318.27,2322.01,2317.1,2321.61,4818.0
1776735000000,2321.61,2325.09,2321.52,2322.53,6423.549
1776735300000,2322.53,2322.53,2319.06,2319.81,3909.43
1776735600000,2319.81,2320.91,2318.35,2320.61,3393.527
1776735900000,2320.6,2320.61,2318.21,2319.41,2280.523
1776736200000,2319.41,2320.0,2313.0,2314.27,7822.73
1776736500000,2314.28,2314.31,2311.24,2313.92,6533.226
1776736800000,2313.92,2314.52,2308.36,2309.6,10427.632
1776737100000,2309.61,2311.0,2307.11,2309.0,7033.687
1776737400000,2309.0,2311.28,2308.02,2309.13,6217.104
1776737700000,2309.13,2310.87,2307.77,2309.18,5868.535
1776738000000,2309.17,2310.23,2307.29,2307.51,4142.548
1776738300000,2307.5,2311.69,2305.04,2309.06,8663.29
1776738600000,2309.07,2312.05,2309.07,2309.64,4194.715
1776738900000,2309.66,2310.82,2308.6,2309.01,3576.057
1776739200000,2309.02,2310.71,2306.43,2307.2,4243.201
1776739500000,2307.2,2308.47,2305.67,2306.67,6178.482
1776739800000,2306.67,2308.11,2306.66,2308.11,3557.81
1776740100000,2308.11,2308.99,2307.1,2307.37,2639.879
1776740400000,2307.36,2307.48,2297.0,2304.7,32335.537
1776740700000,2304.7,2305.28,2303.0,2303.28,4597.777
1776741000000,2303.29,2305.15,2301.78,2302.84,4049.163
1776741300000,2302.83,2305.47,2299.71,2300.16,6100.781
1776741600000,2300.16,2301.97,2298.97,2301.4,9961.242
1776741900000,2301.4,2308.8,2301.2,2305.4,7768.42
1776742200000,2305.41,2308.77,2305.4,2307.35,5860.971
1776742500000,2307.35,2307.36,2303.01,2304.09,5483.242
1776742800000,2304.09,2306.24,2303.3,2305.92,2734.601
1776743100000,2305.92,2309.5,2305.58,2308.66,3871.889
1776743400000,2308.66,2311.69,2308.65,2310.4,8702.416
1776743700000,2310.39,2311.24,2309.51,2310.35,4927.892
1776744000000,2310.35,2312.4,2309.38,2310.27,4626.32
1776744300000,2310.27,2310.28,2307.31,2307.32,3733.787
1776744600000,2307.32,2307.87,2305.0,2305.04,6848.46
1776744900000,2305.04,2307.38,2303.88,2304.12,4679.391
1776745200000,2304.11,2305.34,2303.26,2305.3,4367.783
1776745500000,2305.29,2309.64,2304.64,2306.94,6712.603
1776745800000,2306.95,2307.98,2304.0,2304.49,3509.17
1776746100000,2304.48,2308.96,2304.48,2308.2,3988.776
1776746400000,2308.19,2308.72,2306.43,2308.71,2580.062
1776746700000,2308.72,2310.0,2308.37,2310.0,3556.994
1776747000000,2310.0,2313.78,2309.99,2312.04,6906.667
1776747300000,2312.04,2314.97,2311.48,2313.32,7822.128
1776747600000,2313.31,2316.86,2313.01,2315.0,10429.15
1776747900000,2315.0,2319.88,2314.78,2317.71,10327.469
1776748200000,2317.71,2317.71,2314.17,2315.89,15132.858
1776748500000,2315.89,2316.1,2313.57,2313.58,6073.1
1776748800000,2313.58,2318.0,2313.57,2317.59,4908.782
1776749100000,2317.58,2317.97,2314.41,2316.49,5669.349
1776749400000,2316.49,2316.66,2313.51,2314.35,3853.086
1776749700000,2314.34,2315.22,2313.65,2313.68,2648.282
1776750000000,2313.69,2315.0,2313.29,2313.8,1987.922
1776750300000,2313.79,2313.79,2311.74,2312.42,3960.501
1776750600000,2312.41,2313.5,2311.34,2313.5,2804.954
1776750900000,2313.5,2314.12,2312.57,2312.92,1596.785
1776751200000,2312.91,2313.53,2309.0,2309.26,11117.894
1776751500000,2309.26,2310.49,2308.8,2309.67,2472.74
1776751800000,2309.67,2311.21,2309.4,2309.8,3170.314
1776752100000,2309.79,2310.24,2307.35,2307.46,3488.657
1776752400000,2307.47,2310.09,2306.67,2308.0,5767.903
1776752700000,2308.01,2309.62,2308.0,2308.99,1812.704
1776753000000,2308.98,2319.49,2308.97,2319.13,11744.812
1776753300000,2319.13,2326.97,2318.22,2318.78,39284.488
1776753600000,2318.78,2321.89,2318.31,2318.31,7210.52
1776753900000,2318.31,2319.58,2317.1,2318.38,10846.532
1776754200000,2318.38,2319.39,2316.07,2316.43,5546.307
1776754500000,2316.43,2317.56,2316.0,2316.0,2681.122
1776754800000,2316.0,2316.48,2310.03,2312.16,11431.157
1776755100000,2312.17,2313.5,2311.09,2313.05,4723.135
1776755400000,2313.06,2314.98,2312.68,2312.94,3544.954
1776755700000,2312.94,2315.6,2311.52,2315.6,6525.569
1776756000000,2315.6,2317.33,2314.64,2317.19,4432.933
1776756300000,2317.19,2323.11,2317.19,2319.83,23384.174
1776756600000,2319.84,2321.76,2313.99,2315.8,21589.02
1776756900000,2315.8,2320.49,2315.79,2319.11,6318.016
1776757200000,2319.12,2322.0,2319.12,2320.0,7304.414
1776757500000,2320.01,2321.65,2317.73,2321.16,8028.432
1776757800000,2321.16,2323.37,2317.68,2317.91,5672.259
1776758100000,2317.92,2318.33,2316.67,2316.87,4949.496
1776758400000,2316.88,2319.36,2315.57,2318.01,5303.374
1776758700000,2318.01,2320.41,2316.03,2317.85,3925.884
1776759000000,2317.85,2318.23,2312.5,2314.69,8123.81
1776759300000,2314.69,2316.0,2314.0,2315.99,2498.209
1776759600000,2315.99,2321.5,2315.6,2320.49,11379.12
1776759900000,2320.5,2322.52,2319.51,2321.47,7859.325
1776760200000,2321.46,2322.0,2318.0,2320.9,6061.332
1776760500000,2320.9,2320.91,2318.0,2320.09,3704.297
1776760800000,2320.09,2327.9,2319.17,2325.28,17725.801
1776761100000,2325.28,2338.0,2324.29,2327.34,52268.229
1776761400000,2327.34,2327.86,2321.41,2322.19,20269.861
1776761700000,2322.2,2323.36,2319.42,2322.09,13266.374
1776762000000,2322.09,2323.83,2318.5,2320.52,11832.283
1776762300000,2320.52,2321.96,2319.4,2321.06,8237.734
1776762600000,2321.07,2324.01,2321.0,2323.06,7116.016
1776762900000,2323.06,2325.52,2323.05,2324.37,7779.759
1776763200000,2324.37,2326.36,2323.33,2323.33,6492.093
1776763500000,2323.33,2323.92,2316.42,2318.13,15377.888
1776763800000,2318.13,2320.72,2317.0,2319.71,7462.536
1776764100000,2319.71,2322.54,2318.33,2322.43,4162.161
1776764400000,2322.44,2323.93,2322.05,2323.88,3332.76
1776764700000,2323.88,2324.5,2321.22,2323.08,3490.389
1776765000000,2323.07,2323.8,2321.5,2321.5,4090.875
1776765300000,2321.5,2324.8,2321.5,2324.28,3569.399
1776765600000,2324.27,2326.68,2324.09,2325.99,6922.209
1776765900000,2326.0,2329.64,2325.99,2328.09,9754.218
1776766200000,2328.09,2328.1,2325.44,2326.63,6914.873
1776766500000,2326.63,2327.89,2324.0,2325.53,6220.845
1776766800000,2325.53,2329.81,2323.52,2329.06,7928.318
1776767100000,2329.05,2329.06,2326.39,2326.68,7294.203
1776767400000,2326.69,2328.0,2325.91,2327.63,2162.037
1776767700000,2327.62,2327.77,2327.0,2327.6,2233.462
1776768000000,2327.6,2332.8,2326.09,2331.87,12525.516
1776768300000,2331.87,2334.4,2330.11,2333.6,16111.362
1776768600000,2333.6,2335.78,2332.32,2333.17,21966.484
1776768900000,2333.18,2334.2,2329.2,2329.65,8924.563
1776769200000,2329.65,2329.98,2327.28,2328.65,8536.63
1776769500000,2328.66,2329.89,2323.81,2325.32,15340.811
1776769800000,2325.31,2325.58,2314.01,2316.56,64843.859
1776770100000,2316.57,2320.85,2315.49,2320.81,13928.056
1776770400000,2320.81,2328.8,2319.85,2326.94,11393.141
1776770700000,2326.94,2326.95,2324.07,2325.46,7901.992
1776771000000,2325.46,2326.83,2324.2,2324.2,4466.512
1776771300000,2324.2,2325.33,2323.24,2323.97,4910.839
1776771600000,2323.98,2324.0,2320.85,2321.43,5567.473
1776771900000,2321.42,2321.5,2319.59,2320.27,5413.974
1776772200000,2320.26,2321.45,2319.09,2319.13,7312.63
1776772500000,2319.12,2321.1,2316.8,2319.01,14756.564
1776772800000,2319.01,2323.15,2317.5,2318.35,11256.094
1776773100000,2318.35,2320.77,2317.84,2319.32,4867.077
1776773400000,2319.32,2319.32,2313.36,2315.0,16896.172
1776773700000,2315.01,2316.13,2313.0,2314.94,16624.216
1776774000000,2314.94,2316.0,2313.58,2313.88,8574.883
1776774300000,2313.88,2317.18,2313.88,2316.6,5220.84
1776774600000,2316.59,2319.66,2312.96,2319.15,20055.687
1776774900000,2319.16,2319.88,2305.5,2305.5,38149.473
1776775200000,2305.5,2306.4,2292.0,2297.04,89571.397
1776775500000,2297.04,2301.41,2292.59,2297.31,33531.304
1776775800000,2297.32,2306.48,2297.12,2306.43,25314.681
1776776100000,2306.43,2310.9,2304.95,2306.8,21512.263
1776776400000,2306.79,2308.13,2302.15,2302.88,15171.021
1776776700000,2302.88,2307.47,2302.03,2305.31,8533.612
1776777000000,2305.3,2306.0,2303.33,2304.35,5168.864
1776777300000,2304.35,2306.63,2303.33,2305.36,5187.345
1776777600000,2305.36,2306.75,2304.18,2306.0,6060.962
1776777900000,2306.0,2309.8,2305.02,2306.7,8957.244
1776778200000,2306.7,2307.23,2301.12,2305.09,18197.091
1776778500000,2305.08,2307.0,2300.52,2301.37,16615.581
1776778800000,2301.37,2316.79,2299.05,2309.87,40932.307
1776779100000,2309.88,2311.67,2306.67,2308.3,11443.394
1776779400000,2308.3,2312.8,2306.51,2309.47,11341.224
1776779700000,2309.48,2313.62,2309.48,2311.65,8750.789
1776780000000,2311.66,2312.87,2304.0,2307.97,14008.472
1776780300000,2307.97,2308.8,2302.69,2308.31,9803.92
1776780600000,2308.26,2308.48,2303.8,2305.07,7363.815
1776780900000,2305.07,2322.43,2305.07,2313.66,50240.541
1776781200000,2313.66,2316.67,2310.38,2313.0,12748.339
1776781500000,2313.0,2316.99,2311.79,2313.19,7846.025
1776781800000,2313.2,2317.93,2312.38,2316.01,9337.263
1776782100000,2316.01,2321.99,2315.0,2319.36,17848.973
1776782400000,2319.36,2326.67,2318.68,2320.89,26116.201
1776782700000,2320.9,2321.7,2309.52,2312.73,29239.997
1776783000000,2312.73,2314.89,2309.53,2311.05,12885.961
1776783300000,2311.05,2311.05,2293.96,2298.01,67670.265
1776783600000,2298.0,2302.76,2288.22,2297.91,67895.104
1776783900000,2297.91,2300.7,2293.5,2299.55,28377.14
1776784200000,2299.56,2307.0,2299.35,2304.21,33272.376
1776784500000,2304.21,2309.9,2302.55,2309.15,21759.623
1776784800000,2309.13,2309.2,2300.67,2302.21,17071.632
1776785100000,2302.21,2302.21,2295.71,2300.88,32148.376
1776785400000,2300.88,2303.8,2298.34,2300.0,11279.982
1776785700000,2300.01,2306.4,2294.0,2306.39,19336.495
1776786000000,2306.4,2308.86,2301.59,2303.0,13034.818
1776786300000,2303.01,2308.0,2302.23,2306.38,12265.479
1776786600000,2306.37,2307.37,2303.06,2303.07,5999.112
1776786900000,2303.08,2309.21,2301.42,2309.21,10345.452
1776787200000,2309.21,2317.13,2308.59,2308.59,45370.382
1776787500000,2308.59,2314.2,2306.69,2314.2,11688.849
1776787800000,2314.19,2314.49,2309.6,2314.16,7524.401
1776788100000,2314.16,2316.3,2310.59,2314.24,12138.453
1776788400000,2314.24,2314.52,2308.0,2309.99,14516.047
1776788700000,2310.0,2315.52,2310.0,2311.01,7906.059
1776789000000,2311.0,2320.55,2310.13,2320.29,20156.444
1776789300000,2320.29,2323.99,2315.79,2317.19,25232.048
1776789600000,2317.2,2319.69,2311.0,2312.16,9226.37
1776789900000,2312.16,2315.7,2311.96,2315.57,5604.422
1776790200000,2315.57,2315.98,2310.31,2311.19,13573.76
1776790500000,2311.19,2311.38,2305.0,2306.26,9728.659
1776790800000,2306.25,2308.32,2304.04,2307.36,14572.238
1776791100000,2307.36,2307.36,2300.5,2304.09,18905.065
1776791400000,2304.08,2304.08,2294.39,2299.76,27299.359
1776791700000,2299.76,2299.92,2286.0,2286.82,44203.013
1776792000000,2286.83,2295.42,2282.0,2293.34,35816.266
1776792300000,2293.34,2296.76,2289.48,2294.67,15877.976
1776792600000,2294.67,2296.5,2292.12,2295.55,10268.348
1776792900000,2295.55,2308.9,2293.4,2305.99,36370.977
1776793200000,2305.99,2318.88,2305.1,2313.38,53014.421
1776793500000,2313.38,2314.38,2308.26,2310.94,15786.97
1776793800000,2310.94,2314.51,2305.53,2306.0,12040.104
1776794100000,2305.99,2305.99,2301.91,2305.07,11751.01
1776794400000,2305.07,2307.39,2303.87,2304.18,6629.892
1776794700000,2304.19,2306.96,2302.65,2304.49,5874.196
1776795000000,2304.49,2304.92,2300.18,2304.92,6804.988
1776795300000,2304.93,2308.98,2298.95,2303.24,18795.471
1776795600000,2303.24,2305.0,2300.89,2303.16,7758.11
1776795900000,2303.15,2305.0,2301.02,2304.35,3914.559
1776796200000,2304.36,2309.39,2304.35,2308.66,10102.881
1776796500000,2308.66,2309.14,2304.14,2305.86,4106.042
1776796800000,2305.85,2305.98,2302.64,2304.37,2447.865
1776797100000,2304.37,2306.08,2301.2,2301.5,3060.333
1776797400000,2301.51,2307.81,2299.7,2306.52,16361.358
1776797700000,2306.53,2312.33,2304.6,2311.67,18938.107
1776798000000,2311.66,2319.5,2311.39,2318.37,28473.562
1776798300000,2318.36,2321.2,2315.98,2315.99,13927.193
1776798600000,2315.98,2319.46,2312.5,2314.01,17428.095
1776798900000,2314.01,2317.01,2311.04,2315.12,11101.076
1776799200000,2315.12,2328.39,2315.12,2325.65,39519.594
1776799500000,2325.65,2331.31,2322.66,2323.63,29001.865
1776799800000,2323.64,2323.98,2314.25,2314.77,16147.569
1776800100000,2314.78,2314.78,2298.04,2302.11,54912.55
1776800400000,2302.1,2302.4,2286.07,2288.06,55572.127
1776800700000,2288.06,2296.56,2287.16,2295.3,26049.862
1776801000000,2295.29,2298.64,2291.0,2293.8,10640.257
1776801300000,2293.8,2297.87,2293.36,2297.5,11007.005
1776801600000,2297.5,2302.41,2294.55,2300.51,21942.426
1776801900000,2300.51,2318.72,2297.01,2313.4,47139.834
1776802200000,2313.41,2320.97,2311.11,2317.69,59959.906
1776802500000,2317.7,2323.99,2315.89,2316.57,24943.742
1776802800000,2316.56,2320.0,2314.59,2316.84,12118.181
1776803100000,2316.83,2322.91,2315.79,2316.79,18812.572
1776803400000,2316.79,2324.68,2316.6,2322.08,13439.967
1776803700000,2322.08,2322.96,2316.88,2319.42,7795.964
1776804000000,2319.42,2319.42,2314.65,2314.99,6990.47
1776804300000,2314.99,2316.2,2309.38,2315.98,14128.362
1776804600000,2315.98,2316.84,2315.07,2316.34,2345.845
1776804900000,2316.34,2319.83,2313.33,2313.34,5026.751
1776805200000,2313.34,2316.97,2312.45,2314.56,6785.158
1776805500000,2314.57,2314.57,2310.41,2310.99,2434.893
1776805800000,2311.0,2313.22,2308.22,2312.38,5207.287
1776806100000,2312.38,2313.12,2310.6,2312.43,1937.388
1776806400000,2312.43,2316.07,2312.42,2313.75,2742.354
1776806700000,2313.76,2314.18,2310.5,2311.83,1664.213
1776807000000,2311.83,2312.79,2310.63,2312.4,1770.725
1776807300000,2312.4,2314.46,2311.89,2313.06,1861.402
1776807600000,2313.06,2313.8,2309.04,2309.09,1888.622
1776807900000,2309.1,2311.99,2309.0,2310.37,1998.649
1776808200000,2310.36,2311.82,2309.23,2310.24,1860.277
1776808500000,2310.24,2312.86,2310.16,2311.06,2143.095
1776808800000,2311.06,2313.45,2309.09,2310.0,5093.971
1776809100000,2310.0,2313.67,2308.49,2311.0,9694.704
1776809400000,2310.99,2315.89,2310.88,2314.2,2581.913
1776809700000,2314.2,2314.71,2305.96,2305.96,7321.31
1776810000000,2305.97,2308.87,2302.0,2306.1,9098.93
1776810300000,2306.11,2306.94,2304.05,2305.69,2383.821
1776810600000,2305.7,2306.94,2300.0,2303.82,11133.183
1776810900000,2303.81,2307.51,2303.22,2304.58,6495.098
1776811200000,2304.58,2310.94,2304.29,2310.51,4494.81
1776811500000,2310.5,2311.0,2306.38,2306.38,3266.116
1776811800000,2306.39,2309.41,2306.38,2308.99,1783.078
1776812100000,2309.0,2311.0,2309.0,2310.21,3038.194
1776812400000,2310.21,2317.79,2309.7,2316.57,8748.282
1776812700000,2316.56,2320.5,2316.56,2319.38,8933.056
1776813000000,2319.37,2319.37,2315.75,2316.86,3609.023
1776813300000,2316.86,2319.65,2316.4,2318.17,3397.846
1776813600000,2318.17,2318.18,2315.12,2316.01,3094.857
1776813900000,2316.02,2316.02,2313.75,2315.26,2378.98
1776814200000,2315.25,2318.94,2314.33,2318.0,3542.822
1776814500000,2318.0,2321.88,2317.3,2321.8,4707.119
1776814800000,2321.81,2325.0,2319.69,2322.57,20807.066
1776815100000,2322.56,2329.14,2322.5,2326.2,23219.527
1776815400000,2326.2,2328.14,2323.68,2325.64,9372.012
1776815700000,2325.64,2327.42,2324.6,2326.2,6551.626
1776816000000,2326.2,2328.3,2323.91,2323.91,9818.549
1776816300000,2323.92,2329.68,2323.92,2327.39,7237.045
1776816600000,2327.39,2327.7,2323.78,2326.25,4449.749
1776816900000,2326.24,2327.17,2322.28,2326.18,6823.555
1776817200000,2326.17,2328.88,2322.35,2322.35,5253.113
1776817500000,2322.36,2324.98,2321.5,2323.65,4999.975
1776817800000,2323.65,2324.88,2322.0,2322.27,3876.268
1776818100000,2322.27,2325.49,2321.05,2325.36,4123.918
1776818400000,2325.36,2327.8,2323.66,2325.53,3397.039
1776818700000,2325.53,2326.44,2322.91,2322.91,3611.085
1776819000000,2322.91,2323.38,2321.59,2321.93,4380.582
1776819300000,2321.94,2324.36,2321.88,2324.36,4109.854
1776819600000,2324.36,2325.88,2322.56,2324.04,4977.411
1776819900000,2324.04,2324.88,2322.66,2323.51,2179.923
1776820200000,2323.5,2327.55,2321.3,2326.01,5607.083
1776820500000,2326.01,2326.02,2317.14,2317.34,9153.29
1776820800000,2317.33,2319.84,2316.0,2316.0,16275.623
1776821100000,2316.0,2316.76,2313.16,2313.18,16220.188
1776821400000,2313.17,2317.22,2311.9,2315.83,17385.306
1776821700000,2315.82,2320.39,2315.51,2320.34,7338.038
1776822000000,2320.33,2321.0,2318.83,2318.83,3925.634
1776822300000,2318.83,2320.4,2316.66,2320.34,2690.982
1776822600000,2320.34,2325.0,2319.5,2320.55,10207.576
1776822900000,2320.54,2323.18,2320.07,2321.5,2488.461
1776823200000,2321.49,2323.03,2319.0,2320.98,4934.347
1776823500000,2320.98,2322.63,2319.16,2322.28,2385.155
1776823800000,2322.29,2340.9,2322.28,2333.85,67676.327
1776824100000,2333.85,2353.82,2333.84,2344.72,109393.765
1776824400000,2344.72,2346.82,2337.0,2343.01,32070.726
1776824700000,2343.01,2357.59,2343.0,2354.57,45422.15
1776825000000,2354.57,2362.78,2348.2,2351.0,53736.929
1776825300000,2351.0,2359.08,2350.51,2352.83,28202.901
1776825600000,2352.83,2365.98,2351.41,2362.61,45412.142
1776825900000,2362.61,2364.51,2357.05,2359.0,21862.386
1776826200000,2358.99,2370.47,2358.17,2368.41,50576.926
1776826500000,2368.4,2375.0,2365.7,2369.53,71703.627
1776826800000,2369.53,2376.0,2365.58,2373.17,53747.278
1776827100000,2373.17,2378.78,2370.6,2373.43,47878.677
1776827400000,2373.44,2374.33,2368.05,2369.82,15852.344
1776827700000,2369.82,2370.49,2361.67,2362.27,21422.618
1776828000000,2362.27,2365.56,2361.33,2363.86,23556.374
1776828300000,2363.87,2366.39,2363.0,2364.04,9005.356
1776828600000,2364.03,2364.88,2358.0,2358.7,22714.6
1776828900000,2358.7,2359.82,2357.15,2357.58,6771.137
1776829200000,2357.59,2364.0,2357.28,2363.17,14084.421
1776829500000,2363.17,2365.48,2359.77,2362.2,9384.79
1776829800000,2362.2,2365.68,2361.64,2363.38,5966.551
1776830100000,2363.37,2365.1,2362.29,2362.65,5728.659
1776830400000,2362.65,2365.48,2362.48,2364.93,7323.954
1776830700000,2364.94,2365.99,2363.42,2365.31,8345.169
1776831000000,2365.31,2366.3,2361.24,2361.47,17796.029
1776831300000,2361.46,2361.99,2358.89,2359.38,5310.048
1776831600000,2359.38,2361.6,2357.17,2359.2,9819.496
1776831900000,2359.19,2362.4,2358.53,2360.89,9030.837
1776832200000,2360.88,2361.76,2358.52,2359.25,7484.387
1776832500000,2359.25,2365.99,2358.52,2365.46,9367.937
1776832800000,2365.46,2368.86,2363.68,2364.0,18996.472
1776833100000,2364.01,2364.01,2361.68,2361.68,2817.077
1776833400000,2361.69,2363.32,2360.49,2361.19,8946.54
1776833700000,2361.19,2363.0,2360.15,2363.0,5877.448
1776834000000,2363.0,2364.16,2360.77,2363.02,6765.17
1776834300000,2363.02,2367.44,2363.01,2365.73,8291.138
1776834600000,2365.73,2366.21,2364.33,2365.47,4676.689
1776834900000,2365.47,2392.0,2365.0,2388.82,123116.822
1776835200000,2388.82,2395.87,2385.91,2388.54,71131.58
1776835500000,2388.55,2393.55,2384.18,2386.65,40524.73
1776835800000,2386.65,2401.81,2386.64,2393.46,134136.748
1776836100000,2393.45,2399.34,2386.99,2388.35,47450.128
1776836400000,2388.35,2397.01,2385.0,2395.71,30942.232
1776836700000,2395.71,2403.0,2393.13,2399.99,58104.49
1776837000000,2399.99,2413.48,2396.4,2401.09,86584.481
1776837300000,2401.09,2401.9,2395.17,2395.41,23439.347
1776837600000,2395.41,2395.84,2389.0,2393.02,31571.114
1776837900000,2393.02,2393.65,2390.0,2390.99,11758.546
1776838200000,2390.99,2392.57,2389.97,2390.82,12481.992
1776838500000,2390.82,2393.7,2390.78,2391.57,8358.43
1776838800000,2391.56,2392.5,2388.12,2389.26,10861.179
1776839100000,2389.27,2391.0,2388.59,2390.99,7391.276
1776839400000,2390.99,2393.28,2389.0,2389.58,9252.675
1776839700000,2389.57,2391.81,2389.0,2390.17,5964.608
1776840000000,2390.17,2391.91,2389.04,2390.29,4963.235
1776840300000,2390.29,2391.0,2388.3,2389.84,6304.714
1776840600000,2389.83,2392.28,2389.83,2391.74,4518.345
1776840900000,2391.73,2392.3,2390.14,2392.08,3786.558
1776841200000,2392.07,2393.92,2390.7,2392.3,9305.657
1776841500000,2392.3,2393.93,2390.56,2393.44,8490.76
1776841800000,2393.45,2396.47,2392.6,2396.04,12031.353
1776842100000,2396.04,2396.04,2386.1,2389.22,20265.367
1776842400000,2389.23,2389.23,2382.77,2387.78,32979.709
1776842700000,2387.78,2388.41,2385.3,2386.0,7183.055
1776843000000,2386.0,2387.94,2385.1,2386.89,6233.196
1776843300000,2386.89,2388.88,2385.49,2386.4,6667.735
1776843600000,2386.4,2393.64,2385.48,2392.89,13694.802
1776843900000,2392.88,2393.4,2389.8,2390.32,7993.299
1776844200000,2390.31,2391.24,2387.68,2388.71,5332.416
1776844500000,2388.71,2390.22,2388.29,2388.9,2822.57
1776844800000,2388.89,2392.64,2387.83,2388.06,7974.655
1776845100000,2388.06,2390.99,2388.05,2389.64,3668.993
1776845400000,2389.65,2391.0,2388.78,2389.7,2785.737
1776845700000,2389.71,2390.78,2388.62,2389.46,5117.739
1776846000000,2389.46,2391.0,2384.55,2385.05,8773.374
1776846300000,2385.04,2388.11,2384.47,2384.57,13746.647
1776846600000,2384.56,2385.77,2382.94,2383.92,9589.813
1776846900000,2383.92,2386.8,2383.43,2383.67,7743.93
1776847200000,2383.66,2384.65,2382.44,2382.57,6341.073
1776847500000,2382.58,2384.44,2382.0,2383.22,5520.959
1776847800000,2383.22,2388.37,2383.22,2388.22,7472.806
1776848100000,2388.21,2389.0,2385.64,2387.03,9588.355
1776848400000,2387.03,2389.69,2386.2,2386.86,7931.084
1776848700000,2386.87,2391.69,2385.57,2390.81,8970.182
1776849000000,2390.8,2392.54,2390.0,2390.89,7978.745
1776849300000,2390.88,2391.82,2388.0,2389.31,3573.915
1776849600000,2389.31,2391.5,2389.0,2389.8,4064.102
1776849900000,2389.81,2392.97,2389.45,2392.35,4500.584
1776850200000,2392.35,2392.4,2389.98,2389.99,4620.363
1776850500000,2389.99,2390.5,2388.21,2390.35,3247.827
1776850800000,2390.34,2392.69,2390.34,2390.87,3264.405
1776851100000,2390.87,2390.87,2388.3,2389.2,3414.724
1776851400000,2389.2,2390.0,2383.6,2384.55,11775.907
1776851700000,2384.55,2387.0,2383.75,2386.63,5641.134
1776852000000,2386.62,2388.94,2383.8,2385.09,5527.491
1776852300000,2385.09,2388.95,2385.08,2385.9,3133.075
1776852600000,2385.89,2389.33,2385.89,2389.14,3520.659
1776852900000,2389.13,2389.54,2386.73,2389.45,3637.786
1776853200000,2389.46,2390.0,2387.64,2388.4,2293.951
1776853500000,2388.41,2390.86,2387.5,2389.65,3934.732
1776853800000,2389.65,2392.0,2389.53,2391.77,3902.582
1776854100000,2391.77,2392.49,2389.49,2389.7,4006.345
1776854400000,2389.71,2390.78,2388.61,2389.0,2182.414
1776854700000,2388.99,2389.95,2388.34,2389.64,1577.347
1776855000000,2389.64,2390.5,2388.86,2388.87,1461.291
1776855300000,2388.87,2389.79,2387.54,2389.09,2722.984
1776855600000,2389.08,2392.49,2388.34,2389.41,8018.44
1776855900000,2389.4,2390.42,2385.3,2386.42,6385.256
1776856200000,2386.41,2389.44,2386.34,2388.43,3763.41
1776856500000,2388.44,2391.64,2388.43,2389.97,3626.584
1776856800000,2389.96,2391.5,2389.63,2390.87,3668.441
1776857100000,2390.87,2391.84,2390.32,2391.35,3439.261
1776857400000,2391.36,2392.95,2390.23,2391.7,5236.707
1776857700000,2391.7,2397.89,2387.56,2390.32,20141.415
1776858000000,2390.32,2393.48,2389.43,2391.32,6967.595
1776858300000,2391.33,2395.0,2391.3,2394.58,7628.762
1776858600000,2394.58,2399.6,2393.3,2396.7,17692.551
1776858900000,2396.71,2397.48,2395.36,2397.39,8940.558
1776859200000,2397.4,2402.39,2395.19,2398.91,22110.4
1776859500000,2398.91,2399.71,2395.14,2399.0,9392.081
1776859800000,2399.0,2403.96,2398.15,2400.93,18114.423
1776860100000,2400.93,2405.0,2399.05,2400.15,20944.171
1776860400000,2400.14,2401.18,2398.2,2398.32,11408.337
1776860700000,2398.32,2401.24,2395.08,2396.89,13660.695
1776861000000,2396.88,2401.7,2394.76,2401.18,14708.487
1776861300000,2401.18,2401.19,2397.35,2397.36,7604.013
1776861600000,2397.36,2400.25,2396.58,2399.1,6069.63
1776861900000,2399.11,2406.14,2399.1,2400.38,20103.969
1776862200000,2400.35,2403.47,2400.32,2402.76,6684.931
1776862500000,2402.77,2405.67,2402.3,2403.62,9875.997
1776862800000,2403.63,2408.34,2400.74,2406.47,20915.154
1776863100000,2406.48,2413.42,2404.06,2405.91,34183.508
1776863400000,2405.91,2408.72,2404.66,2407.7,8492.308
1776863700000,2407.69,2412.66,2405.12,2412.0,22098.996
1776864000000,2411.99,2414.99,2406.62,2410.78,27033.22
1776864300000,2410.79,2410.97,2407.0,2408.46,10911.967
1776864600000,2408.46,2417.0,2403.22,2406.43,51101.518
1776864900000,2406.44,2409.53,2399.14,2407.44,31907.967
1776865200000,2407.44,2413.8,2406.44,2412.12,21790.819
1776865500000,2412.11,2422.45,2410.07,2411.79,75039.797
1776865800000,2411.78,2414.33,2407.51,2412.38,27482.361
1776866100000,2412.39,2416.17,2411.07,2415.95,10764.393
1776866400000,2415.95,2422.0,2414.05,2417.21,31351.24
1776866700000,2417.2,2417.21,2410.42,2413.92,19819.241
1776867000000,2413.92,2422.79,2413.78,2421.68,21994.18
1776867300000,2421.68,2421.8,2409.45,2409.62,37437.645
1776867600000,2409.63,2418.66,2408.58,2414.07,27743.904
1776867900000,2414.07,2415.57,2409.43,2410.16,12197.833
1776868200000,2410.16,2411.04,2390.5,2398.62,89223.349
1776868500000,2398.63,2403.66,2396.55,2403.65,21996.628
1776868800000,2403.66,2405.78,2393.64,2394.68,26538.36
1776869100000,2394.69,2400.3,2394.0,2400.19,19920.592
1776869400000,2400.2,2403.33,2397.2,2400.23,11800.122
1776869700000,2400.24,2404.58,2396.25,2401.8,12709.442
1776870000000,2401.8,2402.61,2394.07,2395.99,32326.433
1776870300000,2396.0,2401.67,2393.57,2397.67,16444.199
1776870600000,2397.67,2402.17,2396.34,2396.97,8188.777
1776870900000,2396.99,2398.2,2393.88,2396.51,12118.304
1776871200000,2396.5,2399.46,2395.59,2395.83,10657.528
1776871500000,2395.82,2398.9,2388.88,2397.99,37253.404
1776871800000,2397.99,2403.33,2395.59,2397.34,18429.282
1776872100000,2397.34,2409.88,2393.54,2408.33,46873.209
1776872400000,2408.33,2411.99,2406.45,2410.62,28004.279
1776872700000,2410.62,2412.75,2408.48,2408.85,13173.156
1776873000000,2408.85,2409.28,2406.0,2409.24,7729.292
1776873300000,2409.24,2410.0,2401.74,2402.76,10654.761
1776873600000,2402.76,2411.72,2402.76,2410.82,19659.958
1776873900000,2410.81,2412.73,2406.11,2406.11,15850.926
1776874200000,2406.11,2406.12,2399.76,2403.54,14044.867
1776874500000,2403.53,2404.15,2398.57,2399.6,9171.82
1776874800000,2399.59,2401.76,2394.32,2396.0,13312.326
1776875100000,2396.0,2396.76,2391.47,2392.89,25210.83
1776875400000,2392.89,2394.74,2388.47,2393.07,25305.062
1776875700000,2393.07,2395.29,2391.55,2393.68,15491.907
1776876000000,2393.68,2394.16,2386.67,2389.36,27337.155
1776876300000,2389.37,2390.98,2385.39,2390.31,11700.719
1776876600000,2390.32,2390.6,2384.62,2385.16,16208.986
1776876900000,2385.16,2387.9,2383.14,2385.47,14441.403
1776877200000,2385.48,2395.0,2385.47,2390.71,18314.71
1776877500000,2390.7,2393.23,2389.6,2393.23,5734.289
1776877800000,2393.23,2397.0,2391.46,2392.66,19961.844
1776878100000,2392.66,2393.0,2385.83,2388.87,12893.262
1776878400000,2388.87,2391.68,2387.0,2387.94,5405.039
1776878700000,2387.95,2394.67,2387.02,2391.31,6300.717
1776879000000,2391.31,2394.66,2390.32,2391.68,6998.633
1776879300000,2391.68,2397.46,2391.08,2397.35,9670.135
1776879600000,2397.35,2399.26,2395.8,2396.24,10274.905
1776879900000,2396.23,2400.58,2390.82,2398.82,17771.057
1776880200000,2398.83,2401.65,2397.86,2400.88,10422.022
1776880500000,2400.88,2401.46,2397.25,2398.02,5166.935
1776880800000,2398.01,2403.6,2397.47,2400.72,7306.84
1776881100000,2400.72,2401.93,2396.91,2398.76,7778.744
1776881400000,2398.76,2403.51,2397.6,2400.97,8060.269
1776881700000,2400.97,2401.37,2398.34,2399.22,3963.345
1776882000000,2399.22,2400.71,2395.32,2400.19,8355.008
1776882300000,2400.19,2400.37,2396.49,2396.94,3964.571
1776882600000,2396.94,2397.65,2394.0,2395.67,5049.611
1776882900000,2395.66,2398.5,2395.51,2397.01,1924.432
1776883200000,2397.0,2402.93,2397.0,2397.26,8266.278
1776883500000,2397.26,2402.56,2396.56,2401.7,2784.864
1776883800000,2401.7,2403.39,2398.88,2399.36,6104.083
1776884100000,2399.36,2399.36,2395.33,2396.07,4973.228
1776884400000,2396.08,2396.76,2388.63,2390.31,18298.05
1776884700000,2390.31,2392.22,2387.68,2391.92,5281.597
1776885000000,2391.92,2394.4,2391.04,2393.65,5467.757
1776885300000,2393.65,2401.0,2392.74,2400.32,10000.183
1776885600000,2400.33,2405.17,2400.04,2404.2,16176.953
1776885900000,2404.32,2406.0,2402.5,2403.73,7581.601
1776886200000,2403.72,2404.53,2398.07,2398.07,7786.643
1776886500000,2398.07,2398.07,2391.09,2395.42,13769.574
1776886800000,2395.42,2395.42,2393.65,2394.6,3800.511
1776887100000,2394.6,2396.93,2392.64,2395.56,9905.067
1776887400000,2395.56,2397.5,2392.8,2397.37,9006.186
1776887700000,2397.38,2399.34,2394.56,2396.53,4806.759
1776888000000,2396.53,2400.57,2395.55,2400.31,9520.228
1776888300000,2400.31,2401.45,2397.41,2398.08,7656.418
1776888600000,2398.08,2400.11,2396.57,2398.41,3627.125
1776888900000,2398.42,2398.6,2394.34,2395.55,3743.857
1776889200000,2395.56,2396.43,2390.31,2394.25,12572.769
1776889500000,2394.25,2397.65,2394.1,2396.63,4220.445
1776889800000,2396.62,2398.34,2396.03,2396.15,2384.336
1776890100000,2396.14,2396.19,2391.52,2393.45,5662.077
1776890400000,2393.45,2394.99,2392.59,2392.6,2245.619
1776890700000,2392.6,2394.39,2392.2,2393.08,4165.962
1776891000000,2393.07,2393.51,2390.1,2390.27,4390.805
1776891300000,2390.27,2391.92,2389.66,2390.79,5031.15
1776891600000,2390.78,2394.25,2390.58,2393.5,3407.534
1776891900000,2393.49,2394.97,2393.23,2393.84,2062.21
1776892200000,2393.84,2393.99,2391.71,2392.88,4172.888
1776892500000,2392.87,2394.24,2392.37,2392.98,1271.186
1776892800000,2392.98,2396.36,2392.57,2396.19,2663.809
1776893100000,2396.2,2397.44,2395.61,2395.61,1664.705
1776893400000,2395.61,2399.26,2395.61,2399.26,4582.598
1776893700000,2399.26,2402.78,2398.21,2402.78,4286.303
1776894000000,2402.78,2405.0,2400.55,2404.89,6075.215
1776894300000,2404.89,2404.9,2401.55,2402.51,3247.926
1776894600000,2402.5,2403.22,2400.0,2401.05,2383.108
1776894900000,2401.05,2403.0,2400.28,2401.12,1843.413
1776895200000,2401.13,2403.75,2398.6,2400.64,3466.497
1776895500000,2400.64,2404.13,2399.0,2404.0,4159.601
1776895800000,2403.99,2404.0,2401.0,2401.21,3743.664
1776896100000,2401.21,2402.13,2397.8,2399.23,4075.314
1776896400000,2399.23,2399.23,2397.0,2397.14,2088.399
1776896700000,2397.15,2397.17,2395.0,2395.95,3598.991
1776897000000,2395.96,2398.53,2394.56,2394.89,4773.298
1776897300000,2394.88,2396.47,2393.0,2394.19,3414.677
1776897600000,2394.2,2396.09,2393.75,2394.71,2879.204
1776897900000,2394.72,2396.45,2393.0,2394.29,4096.263
1776898200000,2394.3,2396.2,2393.76,2395.67,2255.055
1776898500000,2395.68,2399.27,2394.94,2398.61,3382.581
1776898800000,2398.62,2399.35,2392.2,2393.86,8625.691
1776899100000,2393.86,2395.59,2391.4,2395.58,4447.736
1776899400000,2395.59,2398.61,2395.58,2396.29,3714.689
1776899700000,2396.28,2397.2,2395.14,2395.2,1980.12
1776900000000,2395.2,2395.2,2377.2,2379.6,50730.709
1776900300000,2379.6,2385.69,2379.11,2385.02,24805.647
1776900600000,2385.03,2385.03,2374.03,2375.83,29176.804
1776900900000,2375.83,2379.12,2374.75,2376.61,10964.434
1776901200000,2376.61,2377.89,2374.12,2376.15,8210.981
1776901500000,2376.15,2379.61,2375.56,2377.85,7213.093
1776901800000,2377.85,2378.71,2375.0,2375.85,6627.009
1776902100000,2375.85,2376.95,2372.03,2372.93,14663.574
1776902400000,2372.94,2377.75,2372.69,2374.76,14807.395
1776902700000,2374.76,2374.76,2365.01,2365.36,35168.301
1776903000000,2365.36,2365.78,2358.0,2359.6,58629.961
1776903300000,2359.61,2374.32,2342.5,2372.54,118265.986
1776903600000,2372.54,2372.69,2363.05,2366.01,26666.593
1776903900000,2366.01,2372.56,2364.14,2372.41,19102.177
1776904200000,2372.41,2377.5,2367.25,2371.16,23203.348
1776904500000,2371.14,2382.19,2369.7,2376.11,29906.742
1776904800000,2376.11,2376.51,2371.36,2372.92,8396.47
1776905100000,2372.91,2375.18,2366.78,2371.33,9473.056
1776905400000,2371.33,2372.77,2368.21,2369.7,4962.076
1776905700000,2369.69,2371.93,2369.48,2371.92,3090.766
1776906000000,2371.93,2372.0,2366.36,2367.0,7058.243
1776906300000,2367.0,2371.69,2366.72,2367.47,5867.343
1776906600000,2367.47,2368.17,2363.14,2366.52,11912.797
1776906900000,2366.52,2366.6,2362.0,2364.01,15462.86
1776907200000,2364.0,2365.24,2359.16,2360.42,10738.447
1776907500000,2360.42,2368.8,2360.35,2362.0,10512.934
1776907800000,2362.0,2365.74,2360.0,2361.88,8060.742
1776908100000,2361.88,2364.8,2361.72,2363.8,6705.654
1776908400000,2363.8,2368.81,2363.8,2365.82,8721.428
1776908700000,2365.82,2368.57,2363.68,2368.17,4853.961
1776909000000,2368.17,2368.88,2365.0,2365.42,5035.42
1776909300000,2365.42,2366.75,2364.73,2365.93,3141.228
1776909600000,2365.94,2366.45,2361.21,2361.9,7044.248
1776909900000,2361.89,2364.72,2360.77,2363.1,7151.369
1776910200000,2363.11,2364.14,2359.48,2359.54,6411.848
1776910500000,2359.54,2362.33,2356.2,2358.96,14449.237
1776910800000,2358.96,2363.66,2356.2,2356.91,14735.234
1776911100000,2356.91,2358.22,2347.0,2354.47,52518.114
1776911400000,2354.47,2355.84,2351.49,2353.48,12258.166
1776911700000,2353.47,2356.88,2343.0,2348.98,58233.766
1776912000000,2348.97,2349.44,2343.0,2348.08,26095.236
1776912300000,2348.07,2352.57,2345.64,2348.62,20829.489
1776912600000,2348.62,2354.48,2348.56,2351.28,14402.715
1776912900000,2351.27,2353.14,2349.55,2351.16,9830.355
1776913200000,2351.15,2352.23,2347.86,2349.6,35693.367
1776913500000,2349.6,2349.6,2343.82,2344.87,16370.02
1776913800000,2344.86,2346.33,2340.0,2340.0,32761.091
1776914100000,2340.01,2343.27,2335.8,2337.2,37134.888
1776914400000,2337.2,2340.0,2335.44,2337.22,15246.362
1776914700000,2337.23,2339.25,2335.8,2338.01,15328.907
1776915000000,2338.01,2339.84,2333.28,2333.88,20047.849
1776915300000,2333.89,2335.3,2330.13,2335.04,21359.93
1776915600000,2335.03,2337.45,2331.0,2337.45,16005.754
1776915900000,2337.44,2338.94,2334.0,2335.79,15105.751
1776916200000,2335.79,2339.38,2335.41,2338.95,10456.667
1776916500000,2338.95,2341.99,2336.0,2339.83,14483.554
1776916800000,2339.83,2339.83,2336.33,2337.82,12350.141
1776917100000,2337.83,2341.25,2336.25,2340.48,10072.297
1776917400000,2340.48,2343.73,2340.47,2342.45,14472.735
1776917700000,2342.46,2343.5,2340.08,2341.77,7560.127
1776918000000,2341.77,2343.99,2341.3,2341.68,10366.521
1776918300000,2341.68,2343.2,2340.66,2342.26,4197.697
1776918600000,2342.25,2347.13,2342.11,2346.86,10992.468
1776918900000,2346.86,2346.95,2344.73,2344.79,5473.076
1776919200000,2344.79,2345.3,2344.19,2344.66,4061.588
1776919500000,2344.67,2346.73,2343.66,2344.54,4100.945
1776919800000,2344.54,2347.28,2343.78,2346.41,4356.349
1776920100000,2346.42,2347.5,2345.71,2346.56,3991.719
1776920400000,2346.57,2351.68,2346.43,2350.82,21833.7
1776920700000,2350.83,2350.83,2349.0,2350.42,7581.193
1776921000000,2350.43,2350.43,2349.12,2349.71,3839.236
1776921300000,2349.71,2350.38,2346.92,2348.76,6263.505
1776921600000,2348.75,2349.46,2346.69,2346.85,4855.913
1776921900000,2346.84,2346.85,2344.43,2345.14,7206.204
1776922200000,2345.15,2345.45,2340.38,2343.17,11239.541
1776922500000,2343.17,2343.58,2339.2,2340.31,14938.997
1776922800000,2340.31,2343.81,2340.23,2343.68,3137.873
1776923100000,2343.68,2346.85,2343.35,2346.44,5424.468
1776923400000,2346.43,2351.19,2346.43,2347.35,11032.46
1776923700000,2347.36,2350.0,2346.48,2347.78,6535.087
1776924000000,2347.77,2351.0,2347.77,2351.0,7543.334
1776924300000,2350.99,2355.74,2350.86,2352.6,22824.244
1776924600000,2352.61,2353.49,2349.68,2350.1,7135.26
1776924900000,2350.09,2352.49,2349.0,2350.71,5949.286
1776925200000,2350.7,2358.0,2350.5,2354.75,17883.495
1776925500000,2354.75,2356.22,2354.38,2355.22,8873.856
1776925800000,2355.22,2357.25,2355.0,2355.0,7122.821
1776926100000,2355.0,2355.01,2352.31,2353.04,13473.087
1776926400000,2353.05,2353.47,2351.31,2352.0,3423.398
1776926700000,2351.99,2352.48,2347.78,2347.9,7500.577
1776927000000,2347.91,2353.7,2347.9,2353.38,7743.955
1776927300000,2353.38,2354.28,2352.36,2353.22,3881.676
1776927600000,2353.22,2355.51,2352.56,2353.6,5017.388
1776927900000,2353.59,2355.5,2353.0,2353.01,3387.877
1776928200000,2353.01,2355.25,2351.09,2352.2,5617.982
1776928500000,2352.21,2352.74,2348.3,2349.0,15866.841
1776928800000,2348.99,2350.4,2347.11,2349.62,6255.24
1776929100000,2349.62,2350.84,2348.64,2349.47,5449.105
1776929400000,2349.46,2351.14,2348.0,2351.0,3111.1
1776929700000,2351.0,2351.2,2346.05,2349.85,5568.826
1776930000000,2349.85,2350.8,2348.44,2350.69,2608.621
1776930300000,2350.69,2351.5,2348.04,2351.5,4745.794
1776930600000,2351.5,2352.48,2339.53,2340.28,34959.05
1776930900000,2340.28,2343.99,2340.28,2343.17,11839.003
1776931200000,2343.16,2343.51,2338.51,2338.55,14391.361
1776931500000,2338.55,2341.76,2337.15,2341.76,16860.941
1776931800000,2341.76,2343.48,2339.69,2342.11,9189.032
1776932100000,2342.11,2343.22,2340.35,2343.22,5402.531
1776932400000,2343.22,2343.97,2337.55,2338.29,10512.973
1776932700000,2338.3,2339.9,2335.56,2338.14,14085.241
1776933000000,2338.14,2338.55,2334.5,2336.45,15020.084
1776933300000,2336.44,2338.44,2334.89,2335.44,9508.248
1776933600000,2335.45,2337.79,2334.0,2334.95,11925.071
1776933900000,2334.95,2337.6,2334.7,2336.87,7324.539
1776934200000,2336.87,2338.69,2336.87,2338.29,8807.842
1776934500000,2338.29,2340.48,2338.07,2339.1,5481.262
1776934800000,2339.1,2339.1,2327.31,2328.04,36368.58
1776935100000,2328.05,2330.03,2312.0,2320.45,97577.87
1776935400000,2320.45,2321.69,2315.0,2321.46,36513.165
1776935700000,2321.46,2327.16,2321.0,2325.36,19923.404
1776936000000,2325.37,2325.78,2318.65,2319.42,19760.98
1776936300000,2319.42,2320.99,2319.41,2320.81,10111.415
1776936600000,2320.81,2322.0,2320.73,2321.64,10864.958
1776936900000,2321.65,2322.85,2320.19,2322.84,5664.883
1776937200000,2322.85,2325.84,2322.84,2324.16,8518.831
1776937500000,2324.16,2324.76,2313.25,2315.53,30242.752
1776937800000,2315.53,2317.26,2315.0,2315.51,15048.752
1776938100000,2315.51,2317.33,2314.7,2315.43,9792.02
1776938400000,2315.43,2318.54,2314.71,2316.03,10965.453
1776938700000,2316.03,2316.04,2303.01,2309.22,83244.372
1776939000000,2309.21,2310.83,2306.33,2307.39,25518.349
1776939300000,2307.38,2312.13,2306.8,2311.55,14611.299
1776939600000,2311.54,2313.23,2309.69,2311.39,9595.884
1776939900000,2311.38,2313.33,2311.38,2313.01,7517.217
1776940200000,2313.0,2315.35,2311.06,2313.59,15451.911
1776940500000,2313.6,2313.95,2311.0,2313.13,6135.861
1776940800000,2313.13,2313.72,2310.68,2311.82,6174.835
1776941100000,2311.82,2315.45,2310.72,2311.66,7272.089
1776941400000,2311.66,2313.86,2310.69,2311.36,5739.849
1776941700000,2311.35,2314.31,2310.7,2313.35,5798.391
1776942000000,2313.35,2317.7,2313.35,2316.9,11814.523
1776942300000,2316.9,2317.5,2314.53,2315.4,8761.481
1776942600000,2315.4,2317.0,2313.5,2316.46,6796.368
1776942900000,2316.46,2319.56,2315.5,2318.57,8312.413
1776943200000,2318.57,2320.51,2318.5,2319.93,9610.187
1776943500000,2319.93,2320.66,2317.76,2319.28,6130.136
1776943800000,2319.28,2319.89,2315.74,2316.04,4451.836
1776944100000,2316.04,2324.42,2316.04,2322.58,22242.639
1776944400000,2322.59,2325.6,2321.23,2324.38,15662.843
1776944700000,2324.37,2328.5,2324.04,2325.05,21912.605
1776945000000,2325.05,2331.46,2324.5,2329.82,17711.757
1776945300000,2329.82,2330.94,2327.01,2327.94,13870.923
1776945600000,2327.93,2330.42,2327.16,2329.05,13441.828
1776945900000,2329.05,2333.49,2328.2,2329.09,13221.697
1776946200000,2329.09,2334.57,2328.85,2330.97,10859.693
1776946500000,2330.97,2331.53,2326.68,2326.75,10545.457
1776946800000,2326.75,2329.41,2324.04,2329.17,12588.247
1776947100000,2329.17,2329.81,2327.59,2328.99,3882.896
1776947400000,2329.0,2330.68,2327.29,2328.16,5219.369
1776947700000,2328.15,2329.82,2327.91,2328.35,2570.118
1776948000000,2328.35,2331.24,2327.61,2327.71,5130.224
1776948300000,2327.72,2330.19,2318.74,2324.21,43746.612
1776948600000,2324.22,2327.07,2322.19,2325.5,8044.33
1776948900000,2325.5,2327.65,2325.49,2327.48,6038.981
1776949200000,2327.49,2331.25,2325.82,2328.87,9293.667
1776949500000,2328.87,2329.47,2326.54,2328.45,4257.438
1776949800000,2328.45,2329.0,2321.36,2323.18,12480.178
1776950100000,2323.19,2325.0,2319.15,2322.88,13282.567
1776950400000,2322.87,2324.52,2322.35,2323.05,6482.964
1776950700000,2323.05,2324.2,2320.31,2321.78,6519.01
1776951000000,2321.78,2324.9,2318.18,2322.06,18007.78
1776951300000,2322.06,2324.82,2320.21,2320.28,8882.978
1776951600000,2320.29,2321.45,2318.73,2319.39,9030.748
1776951900000,2319.4,2322.72,2315.28,2319.9,26289.831
1776952200000,2319.9,2320.06,2314.08,2315.11,17467.291
1776952500000,2315.1,2319.85,2314.13,2318.6,7855.013
1776952800000,2318.6,2323.73,2314.81,2322.52,19322.492
1776953100000,2322.51,2323.49,2316.57,2320.66,10441.641
1776953400000,2320.67,2321.13,2317.0,2318.72,5187.916
1776953700000,2318.73,2322.4,2318.13,2318.21,7487.362
1776954000000,2318.21,2328.56,2317.76,2326.25,15247.024
1776954300000,2326.25,2334.11,2325.0,2325.97,30152.437
1776954600000,2325.98,2330.21,2325.97,2326.17,10121.369
1776954900000,2326.16,2330.89,2324.3,2326.75,13052.651
1776955200000,2326.74,2330.0,2325.44,2329.16,8068.824
1776955500000,2329.16,2332.97,2327.93,2327.94,13373.478
1776955800000,2327.93,2332.49,2327.14,2331.01,7080.049
1776956100000,2331.01,2333.67,2331.0,2332.77,14738.982
1776956400000,2332.77,2333.6,2324.23,2324.71,14182.823
1776956700000,2324.72,2326.42,2322.52,2325.5,11978.368
1776957000000,2325.51,2329.0,2325.51,2328.11,5174.7
1776957300000,2328.11,2338.84,2326.83,2336.1,39690.151
1776957600000,2336.1,2343.0,2334.69,2339.85,38562.437
1776957900000,2339.84,2339.99,2330.28,2331.0,16123.034
1776958200000,2331.0,2334.93,2327.0,2333.88,19177.848
1776958500000,2333.88,2337.55,2331.58,2337.38,11197.652
1776958800000,2337.38,2338.76,2334.76,2335.07,11116.632
1776959100000,2335.06,2335.19,2328.89,2333.0,15829.523
1776959400000,2332.99,2333.12,2326.77,2327.21,15253.359
1776959700000,2327.2,2332.0,2326.56,2332.0,8366.599
1776960000000,2331.99,2332.74,2327.28,2327.39,12793.222
1776960300000,2327.38,2333.0,2327.05,2330.19,6744.543
1776960600000,2330.19,2333.0,2329.14,2329.26,4121.407
1776960900000,2329.26,2331.69,2328.05,2331.68,5073.706
1776961200000,2331.69,2332.45,2327.19,2332.14,7748.196
1776961500000,2332.14,2334.27,2328.5,2328.5,7301.437
1776961800000,2328.51,2332.23,2327.59,2331.61,4823.361
1776962100000,2331.62,2333.0,2328.69,2328.7,3783.902
1776962400000,2328.7,2331.28,2328.23,2329.7,2826.6
1776962700000,2329.71,2331.0,2327.8,2328.38,5547.536
1776963000000,2328.38,2330.0,2323.14,2323.49,15352.048
1776963300000,2323.5,2326.84,2321.43,2324.96,10523.168
1776963600000,2324.96,2328.28,2317.04,2318.26,55909.161
1776963900000,2318.25,2319.0,2311.37,2312.52,33463.034
1776964200000,2312.51,2318.76,2310.5,2317.27,19454.828
1776964500000,2317.27,2317.3,2303.5,2309.72,51789.554
1776964800000,2309.72,2312.08,2306.0,2310.0,14383.896
1776965100000,2310.0,2316.19,2307.31,2308.1,17845.218
1776965400000,2308.11,2310.04,2304.72,2308.79,28130.76
1776965700000,2308.8,2311.21,2292.51,2295.17,79409.124
1776966000000,2295.16,2295.57,2286.37,2293.09,67155.859
1776966300000,2293.09,2295.17,2283.59,2293.39,51816.674
1776966600000,2293.39,2309.57,2289.17,2305.1,50632.726
1776966900000,2305.11,2311.11,2302.99,2308.95,33523.381
1776967200000,2308.94,2314.33,2308.0,2308.81,30630.028
1776967500000,2308.8,2316.96,2306.56,2312.34,26936.785
1776967800000,2312.34,2318.15,2311.83,2311.83,21348.633
1776968100000,2311.84,2315.77,2310.56,2310.97,11714.22
1776968400000,2310.97,2312.83,2307.5,2310.32,15826.141
1776968700000,2310.32,2310.47,2307.2,2308.92,10138.778
1776969000000,2308.91,2313.04,2308.91,2311.21,7143.082
1776969300000,2311.21,2315.64,2310.61,2313.14,11352.135
1776969600000,2313.14,2314.0,2311.0,2312.51,7122.905
1776969900000,2312.5,2312.97,2309.33,2309.72,6514.918
1776970200000,2309.72,2311.55,2307.0,2310.51,5231.718
1776970500000,2310.51,2310.51,2303.01,2303.93,12873.92
1776970800000,2303.94,2305.93,2298.34,2301.26,23240.831
1776971100000,2301.27,2308.99,2301.27,2306.79,8666.387
1776971400000,2306.79,2308.44,2305.01,2307.37,2891.188
1776971700000,2307.37,2312.63,2307.37,2311.05,5777.269
1776972000000,2311.06,2312.83,2310.64,2311.47,3613.615
1776972300000,2311.46,2313.26,2311.0,2312.23,3480.475
1776972600000,2312.23,2313.76,2308.06,2309.28,4605.609
1776972900000,2309.29,2310.99,2306.62,2308.93,3755.472
1776973200000,2308.92,2310.88,2308.92,2309.0,1986.693
1776973500000,2309.0,2315.0,2309.0,2314.75,4349.305
1776973800000,2314.75,2316.5,2308.18,2314.52,18126.158
1776974100000,2314.52,2317.86,2311.04,2311.89,11848.892
1776974400000,2311.88,2322.4,2311.57,2322.39,14054.369
1776974700000,2322.39,2324.43,2321.33,2323.66,12252.304
1776975000000,2323.65,2324.11,2319.32,2319.72,4774.169
1776975300000,2319.71,2322.33,2318.07,2320.84,11177.994
1776975600000,2320.83,2321.54,2317.63,2319.25,5162.481
1776975900000,2319.25,2319.7,2316.64,2317.74,3483.586
1776976200000,2317.73,2322.0,2316.65,2321.0,2924.529
1776976500000,2321.0,2324.8,2319.33,2324.3,6888.61
1776976800000,2324.31,2328.84,2323.37,2326.52,22057.132
1776977100000,2326.52,2327.59,2324.7,2325.28,6386.344
1776977400000,2325.29,2326.0,2323.0,2323.0,1788.409
1776977700000,2323.0,2325.5,2321.13,2324.22,6079.28
1776978000000,2324.22,2324.99,2322.17,2323.75,5057.794
1776978300000,2323.75,2325.0,2323.39,2323.65,2728.817
1776978600000,2323.66,2324.09,2319.74,2319.83,6467.686
1776978900000,2319.81,2321.61,2319.81,2321.25,2029.791
1776979200000,2321.24,2322.49,2319.61,2322.49,2150.385
1776979500000,2322.48,2323.59,2322.07,2323.59,2113.426
1776979800000,2323.59,2326.0,2323.58,2326.0,2876.573
1776980100000,2325.99,2327.5,2325.65,2325.86,3384.99
1776980400000,2325.87,2327.51,2325.44,2326.99,2404.293
1776980700000,2327.0,2327.41,2325.82,2326.49,2507.672
1776981000000,2326.5,2327.27,2324.85,2326.99,3000.499
1776981300000,2326.99,2327.0,2320.15,2320.16,7978.803
1776981600000,2320.16,2326.0,2320.15,2324.37,3480.945
1776981900000,2324.38,2331.78,2324.29,2327.44,11677.332
1776982200000,2327.44,2330.52,2327.44,2328.88,4039.619
1776982500000,2328.89,2338.81,2327.67,2336.67,30593.087
1776982800000,2336.67,2337.76,2332.4,2334.89,6847.14
1776983100000,2334.89,2334.9,2329.46,2329.63,8645.448
1776983400000,2329.62,2332.83,2329.62,2330.71,5611.6
1776983700000,2330.72,2333.99,2330.71,2332.39,2458.226
1776984000000,2332.39,2334.82,2332.23,2334.82,2638.679
1776984300000,2334.82,2336.0,2333.0,2333.38,4601.916
1776984600000,2333.39,2334.14,2332.21,2333.08,1959.524
1776984900000,2333.09,2333.09,2328.59,2330.55,8440.259
1776985200000,2330.55,2332.2,2329.2,2329.56,4659.047
1776985500000,2329.56,2331.0,2328.14,2328.14,3019.464
1776985800000,2328.14,2328.14,2325.6,2325.94,4866.787
1776986100000,2325.94,2326.12,2322.3,2324.77,7303.446
1776986400000,2324.77,2327.98,2324.02,2327.63,6235.427
1776986700000,2327.63,2327.78,2325.44,2326.0,3114.966
1776987000000,2326.0,2327.0,2325.75,2326.82,1566.064
1776987300000,2326.82,2327.75,2326.01,2327.48,1691.392
1776987600000,2327.47,2330.49,2327.47,2329.68,4544.036
1776987900000,2329.68,2331.81,2329.05,2329.8,5009.719
1776988200000,2329.8,2330.58,2329.21,2329.77,2134.052
1776988500000,2329.77,2330.0,2328.37,2328.97,2623.891
1776988800000,2328.98,2330.34,2326.26,2326.26,6420.303
1776989100000,2326.27,2331.0,2325.48,2330.37,5044.773
1776989400000,2330.37,2331.47,2329.55,2330.17,2220.779
1776989700000,2330.17,2332.6,2328.44,2332.04,5107.95
1776990000000,2332.04,2336.4,2331.0,2331.0,15070.084
1776990300000,2331.0,2334.51,2331.0,2332.6,4339.284
1776990600000,2332.61,2335.32,2332.3,2333.5,3841.221
1776990900000,2333.5,2335.77,2332.59,2333.91,4705.794
1776991200000,2333.91,2334.0,2331.11,2331.11,2580.123
1776991500000,2331.11,2334.67,2331.11,2333.71,2055.956
1776991800000,2333.71,2334.5,2331.0,2331.62,2433.275
1776992100000,2331.62,2331.74,2328.71,2331.27,6963.903
1776992400000,2331.27,2331.56,2325.53,2326.01,6804.329
1776992700000,2326.0,2326.3,2322.45,2324.12,14330.825
1776993000000,2324.13,2326.0,2323.86,2324.68,3662.141
1776993300000,2324.68,2325.46,2321.41,2322.09,6541.517
1776993600000,2322.06,2322.5,2319.5,2321.52,10073.623
1776993900000,2321.52,2322.5,2320.0,2320.51,4258.151
1776994200000,2320.5,2321.47,2317.04,2321.11,10403.785
1776994500000,2321.1,2324.19,2320.04,2322.91,4526.848
1776994800000,2322.91,2324.78,2319.29,2320.51,6213.196
1776995100000,2320.51,2329.3,2320.0,2329.25,13086.448
1776995400000,2329.26,2333.62,2328.57,2330.11,13931.79
1776995700000,2330.12,2332.0,2330.0,2331.59,6215.727
1776996000000,2331.59,2334.46,2330.15,2331.0,10311.045
1776996300000,2331.0,2331.0,2327.74,2328.03,6494.002
1776996600000,2328.0,2329.23,2325.66,2328.0,6474.715
1776996900000,2328.0,2328.2,2327.0,2327.52,2268.566
1776997200000,2327.51,2328.52,2323.8,2323.81,6796.646
1776997500000,2323.8,2324.94,2323.33,2324.03,2408.476
1776997800000,2324.03,2327.32,2324.02,2327.32,3185.511
1776998100000,2327.32,2328.41,2325.5,2326.01,1836.991
1776998400000,2326.01,2328.43,2324.69,2328.43,3008.474
1776998700000,2328.43,2329.28,2326.29,2326.97,3248.462
1776999000000,2326.98,2328.44,2313.72,2318.5,38990.949
1776999300000,2318.5,2319.76,2317.0,2318.61,9714.13
1776999600000,2318.6,2319.77,2315.6,2318.0,6167.84
1776999900000,2317.99,2319.94,2316.3,2319.24,8129.664
1777000200000,2319.24,2321.17,2317.17,2318.56,7806.179
1777000500000,2318.56,2318.56,2314.67,2316.74,7545.53
1777000800000,2316.75,2316.75,2307.35,2308.54,27108.358
1777001100000,2308.53,2313.0,2308.53,2309.6,9417.08
1777001400000,2309.6,2310.08,2298.53,2300.7,72227.964
1777001700000,2300.7,2305.3,2300.01,2303.61,13406.425
1777002000000,2303.61,2304.3,2302.34,2303.91,7055.124
1777002300000,2303.91,2307.4,2303.71,2305.65,10930.918
1777002600000,2305.65,2307.72,2305.11,2306.98,4357.563
1777002900000,2306.99,2307.77,2305.43,2307.19,5115.972
1777003200000,2307.2,2307.2,2305.32,2305.66,10329.595
1777003500000,2305.66,2308.83,2305.2,2307.01,6670.766
1777003800000,2307.0,2309.24,2306.27,2308.01,5892.332
1777004100000,2308.0,2309.15,2306.58,2308.84,4500.843
1777004400000,2308.85,2310.81,2308.5,2308.51,8830.722
1777004700000,2308.5,2308.5,2302.92,2303.46,7225.629
1777005000000,2303.45,2305.6,2303.0,2303.32,6069.565
1777005300000,2303.33,2306.08,2298.2,2301.6,15363.192
1777005600000,2301.6,2303.99,2300.84,2303.78,5976.573
1777005900000,2303.78,2307.5,2303.65,2306.55,6491.586
1777006200000,2306.54,2307.31,2305.56,2306.01,3813.952
1777006500000,2306.0,2306.28,2304.91,2305.11,2389.857
1777006800000,2305.1,2305.72,2303.76,2304.19,6334.829
1777007100000,2304.18,2304.71,2301.59,2304.12,7509.041
1777007400000,2304.13,2304.57,2301.2,2301.97,9481.486
1777007700000,2301.98,2303.69,2298.88,2301.77,7414.188
1777008000000,2301.78,2302.94,2298.82,2301.96,5356.561
1777008300000,2301.96,2304.38,2301.35,2304.11,5623.077
1777008600000,2304.11,2307.92,2304.11,2306.55,8899.659
1777008900000,2306.54,2307.75,2305.42,2307.24,5449.85
1777009200000,2307.25,2309.57,2307.2,2307.86,7631.134
1777009500000,2307.87,2311.72,2307.87,2311.27,10854.521
1777009800000,2311.27,2313.63,2311.05,2311.19,8849.451
1777010100000,2311.18,2316.4,2311.0,2313.76,14772.658
1777010400000,2313.77,2314.41,2311.91,2312.31,9028.725
1777010700000,2312.3,2314.21,2311.1,2313.52,5303.294
1777011000000,2313.53,2314.3,2311.06,2313.91,8099.585
1777011300000,2313.91,2315.46,2312.26,2315.46,7285.369
1777011600000,2315.47,2315.9,2313.76,2315.29,3471.14
1777011900000,2315.29,2315.29,2311.36,2312.03,4640.587
1777012200000,2312.04,2312.85,2307.56,2309.89,9456.709
1777012500000,2309.9,2310.32,2308.16,2310.0,4327.735
1777012800000,2310.0,2312.0,2308.55,2308.56,4462.832
1777013100000,2308.55,2310.5,2307.6,2310.5,3766.466
1777013400000,2310.5,2311.87,2309.29,2309.89,4124.947
1777013700000,2309.89,2310.22,2307.14,2308.11,3476.096
1777014000000,2308.11,2310.79,2307.41,2310.64,3437.846
1777014300000,2310.65,2314.14,2310.48,2313.72,4745.708
1777014600000,2313.73,2315.41,2312.02,2312.56,4935.779
1777014900000,2312.56,2312.78,2311.0,2312.13,4775.235
1777015200000,2312.13,2313.27,2311.61,2312.36,2000.778
1777015500000,2312.36,2313.76,2310.07,2313.08,6577.805
1777015800000,2313.09,2314.15,2312.08,2314.15,4767.611
1777016100000,2314.15,2314.15,2310.71,2312.18,10719.898
1777016400000,2312.17,2312.51,2310.67,2311.51,8682.923
1777016700000,2311.51,2313.81,2311.51,2313.27,8239.67
1777017000000,2313.28,2313.28,2310.5,2310.5,5537.636
1777017300000,2310.51,2310.65,2307.22,2310.64,14339.363
1777017600000,2310.64,2311.49,2307.0,2307.36,6512.113
1777017900000,2307.36,2309.02,2306.38,2307.08,5263.611
1777018200000,2307.07,2310.0,2306.25,2309.64,3801.737
1777018500000,2309.64,2317.96,2309.64,2316.6,20866.591
1777018800000,2316.6,2322.45,2315.65,2317.23,33309.595
1777019100000,2317.23,2317.41,2315.0,2315.0,5362.711
1777019400000,2315.0,2315.47,2312.5,2312.83,8911.034
1777019700000,2312.83,2314.0,2311.01,2313.94,8839.078
1777020000000,2313.93,2314.31,2311.6,2311.81,4107.844
1777020300000,2311.8,2315.48,2311.8,2315.05,4367.764
1777020600000,2315.06,2316.7,2314.33,2316.57,6247.959
1777020900000,2316.56,2316.78,2312.95,2313.76,6474.375
1777021200000,2313.77,2314.43,2310.34,2311.48,6700.239
1777021500000,2311.48,2311.48,2302.5,2303.95,30136.015
1777021800000,2303.95,2307.49,2302.12,2307.29,17095.672
1777022100000,2307.29,2309.18,2305.56,2308.36,6723.366
1777022400000,2308.37,2309.98,2304.88,2307.21,12383.496
1777022700000,2307.21,2308.19,2306.38,2307.16,4348.689
1777023000000,2307.15,2309.0,2306.27,2308.12,4264.059
1777023300000,2308.13,2309.5,2307.36,2308.37,2738.229
1777023600000,2308.37,2310.37,2308.36,2310.11,3658.225
1777023900000,2310.11,2310.12,2306.79,2306.88,4729.233
1777024200000,2306.88,2309.44,2305.48,2309.44,4075.115
1777024500000,2309.44,2309.67,2307.5,2308.74,2387.178
1777024800000,2308.74,2309.15,2306.33,2307.78,5094.072
1777025100000,2307.78,2307.78,2304.7,2307.3,6375.858
1777025400000,2307.29,2308.25,2305.81,2307.69,2342.615
1777025700000,2307.68,2309.47,2307.3,2308.78,2962.192
1777026000000,2308.78,2312.56,2308.28,2312.34,7233.605
1777026300000,2312.33,2315.0,2312.29,2312.49,10988.061
1777026600000,2312.49,2313.54,2311.77,2313.38,6613.272
1777026900000,2313.38,2315.88,2311.4,2311.96,7918.931
1777027200000,2311.95,2313.63,2311.66,2312.52,2572.977
1777027500000,2312.52,2315.14,2311.09,2313.34,3976.868
1777027800000,2313.35,2315.88,2313.35,2315.73,6766.401
1777028100000,2315.74,2317.95,2314.3,2314.59,12633.004
1777028400000,2314.6,2323.93,2314.53,2320.32,29598.445
1777028700000,2320.33,2329.9,2319.21,2324.14,57114.77
1777029000000,2324.14,2327.79,2323.36,2326.89,15687.751
1777029300000,2326.9,2327.44,2323.24,2323.86,12071.213
1777029600000,2323.86,2330.52,2323.65,2327.37,26433.567
1777029900000,2327.38,2330.32,2325.76,2330.11,17928.746
1777030200000,2330.11,2331.2,2327.48,2329.54,13781.051
1777030500000,2329.53,2329.56,2326.0,2327.72,9692.413
1777030800000,2327.71,2330.35,2327.18,2329.54,10136.208
1777031100000,2329.54,2329.54,2326.22,2328.39,8685.498
1777031400000,2328.39,2329.27,2327.21,2327.22,6661.439
1777031700000,2327.22,2328.28,2325.13,2326.61,6842.463
1777032000000,2326.61,2329.96,2326.59,2326.77,9067.539
1777032300000,2326.78,2329.23,2325.56,2326.99,8192.778
1777032600000,2326.98,2330.84,2326.98,2329.68,13406.116
1777032900000,2329.67,2330.5,2324.68,2327.34,10085.959
1777033200000,2327.34,2329.56,2323.51,2329.07,5867.946
1777033500000,2329.06,2329.06,2325.62,2327.0,3677.615
1777033800000,2326.99,2327.0,2321.67,2323.32,12986.788
1777034100000,2323.32,2325.01,2321.79,2323.7,9393.007
1777034400000,2323.71,2326.0,2322.5,2322.69,6459.162
1777034700000,2322.68,2325.87,2320.19,2320.39,10223.583
1777035000000,2320.39,2320.56,2316.27,2317.53,23091.388
1777035300000,2317.53,2324.35,2317.52,2324.01,10803.556
1777035600000,2324.01,2328.93,2324.0,2327.39,15523.276
1777035900000,2327.39,2329.19,2326.62,2326.89,11281.324
1777036200000,2326.9,2330.96,2326.02,2326.02,10819.578
1777036500000,2326.02,2327.3,2323.68,2327.3,6719.365
1777036800000,2327.29,2327.95,2322.67,2324.25,6573.05
1777037100000,2324.25,2324.25,2321.5,2322.21,6636.055
1777037400000,2322.15,2325.0,2318.1,2323.6,22898.744
1777037700000,2323.6,2324.2,2319.26,2323.07,10078.645
1777038000000,2323.07,2324.24,2318.02,2319.19,8761.561
1777038300000,2319.2,2320.77,2312.19,2315.77,31658.274
1777038600000,2315.77,2317.0,2310.42,2311.71,19925.904
1777038900000,2311.71,2317.69,2309.03,2316.2,34500.303
1777039200000,2316.19,2316.19,2306.68,2310.73,32306.0
1777039500000,2310.73,2313.0,2307.36,2312.0,17479.711
1777039800000,2312.0,2314.3,2308.58,2309.86,10933.521
1777040100000,2309.86,2314.97,2308.92,2312.25,19689.525
1777040400000,2312.24,2313.83,2307.07,2308.01,17230.702
1777040700000,2308.0,2308.23,2303.0,2305.76,30834.958
1777041000000,2305.76,2311.06,2304.61,2310.53,18402.767
1777041300000,2310.53,2315.6,2310.15,2314.24,19120.885
1777041600000,2314.25,2315.99,2311.55,2315.0,15250.276
1777041900000,2315.01,2317.36,2309.76,2312.51,12192.13
1777042200000,2312.51,2314.67,2311.64,2312.69,4232.394
1777042500000,2312.69,2314.45,2311.54,2312.63,4794.056
1777042800000,2312.63,2312.81,2308.66,2308.79,7611.257
1777043100000,2308.79,2308.8,2300.01,2305.26,43136.898
1777043400000,2305.25,2309.0,2305.25,2307.38,12026.411
1777043700000,2307.38,2308.69,2305.46,2306.08,8900.935
1777044000000,2306.09,2313.88,2306.0,2311.78,11631.345
1777044300000,2311.79,2312.81,2310.2,2311.41,5065.587
1777044600000,2311.41,2316.52,2311.08,2314.2,13848.114
1777044900000,2314.19,2315.0,2312.0,2312.76,8237.597
1777045200000,2312.76,2325.42,2312.41,2324.31,36023.176
1777045500000,2324.31,2329.45,2318.01,2320.19,44701.386
1777045800000,2320.19,2323.8,2319.38,2320.75,11258.099
1777046100000,2320.74,2323.28,2319.6,2323.0,4449.284
1777046400000,2323.0,2323.28,2318.6,2321.0,11021.743
1777046700000,2321.01,2322.47,2316.47,2317.82,8524.227
1777047000000,2317.82,2320.99,2316.0,2316.0,5229.225
1777047300000,2316.0,2316.36,2312.0,2312.56,11132.458
1777047600000,2312.55,2314.81,2311.0,2314.8,7979.766
1777047900000,2314.8,2315.66,2312.92,2314.68,3734.918
1777048200000,2314.68,2319.86,2314.67,2319.51,8351.23
1777048500000,2319.5,2320.85,2317.51,2317.94,4907.283
1777048800000,2317.94,2318.14,2309.0,2312.67,13662.407
1777049100000,2312.67,2314.79,2310.62,2310.99,3705.082
1777049400000,2311.0,2313.6,2310.99,2313.42,4543.83
1777049700000,2313.41,2316.0,2311.72,2315.76,5067.669
1777050000000,2315.77,2316.52,2312.64,2314.21,4309.816
1777050300000,2314.21,2314.86,2311.91,2313.93,2863.621
1777050600000,2313.93,2318.75,2313.93,2318.31,4822.039
1777050900000,2318.31,2318.42,2313.7,2314.57,2930.886
1777051200000,2314.57,2315.41,2312.91,2313.72,2665.353
1777051500000,2313.72,2316.36,2313.0,2314.35,4200.34
1777051800000,2314.34,2315.45,2307.6,2309.46,13612.47
1777052100000,2309.45,2313.69,2309.15,2311.03,5452.789
1777052400000,2311.03,2313.87,2310.76,2313.46,2223.04
1777052700000,2313.45,2317.08,2311.54,2313.81,7530.916
1777053000000,2313.8,2321.6,2313.68,2318.23,10344.92
1777053300000,2318.23,2320.19,2317.64,2318.93,11577.279
1777053600000,2318.93,2320.31,2317.34,2318.11,5384.724
1777053900000,2318.12,2318.12,2315.79,2317.68,2975.975
1777054200000,2317.68,2318.78,2313.26,2313.37,6674.767
1777054500000,2313.37,2313.69,2309.0,2310.33,10630.656
1777054800000,2310.32,2314.54,2309.57,2314.12,4556.273
1777055100000,2314.1,2316.1,2313.2,2313.83,4239.522
1777055400000,2313.84,2317.67,2313.41,2317.17,3271.402
1777055700000,2317.16,2319.71,2316.6,2316.6,6385.977
1777056000000,2316.61,2317.75,2315.34,2317.27,2825.057
1777056300000,2317.26,2319.0,2315.99,2316.88,2418.304
1777056600000,2316.87,2319.0,2316.44,2318.56,2455.146
1777056900000,2318.56,2319.61,2316.76,2318.84,2498.012
1777057200000,2318.84,2324.5,2318.84,2320.44,11097.061
1777057500000,2320.43,2321.3,2318.4,2319.98,4647.275
1777057800000,2319.97,2320.8,2318.52,2320.61,2470.385
1777058100000,2320.6,2322.54,2320.59,2321.14,3717.647
1777058400000,2321.14,2321.98,2318.0,2318.01,1965.598
1777058700000,2318.01,2320.0,2318.0,2319.75,1251.558
1777059000000,2319.76,2321.91,2318.58,2321.2,2515.218
1777059300000,2321.2,2321.75,2319.0,2321.17,2430.598
1777059600000,2321.16,2322.0,2320.32,2320.55,1158.591
1777059900000,2320.54,2320.77,2319.3,2319.56,1091.542
1777060200000,2319.56,2321.33,2318.76,2320.77,3550.572
1777060500000,2320.77,2321.33,2319.6,2320.48,2651.915
1777060800000,2320.48,2320.65,2318.39,2320.26,3084.049
1777061100000,2320.26,2320.65,2316.11,2317.48,6264.608
1777061400000,2317.47,2319.25,2317.28,2319.25,1601.689
1777061700000,2319.24,2319.25,2315.84,2316.27,2724.137
1777062000000,2316.27,2317.89,2315.79,2316.07,2835.357
1777062300000,2316.06,2316.47,2313.5,2315.84,5038.025
1777062600000,2315.84,2319.48,2315.83,2319.36,2470.662
1777062900000,2319.36,2325.53,2319.09,2325.0,20932.376
1777063200000,2325.0,2325.01,2322.97,2323.82,6454.451
1777063500000,2323.81,2325.0,2323.81,2323.81,3854.371
1777063800000,2323.81,2324.82,2323.81,2324.81,2296.561
1777064100000,2324.82,2328.0,2324.42,2325.74,14858.245
1777064400000,2325.73,2325.73,2323.26,2324.31,3575.135
1777064700000,2324.31,2326.0,2324.16,2325.54,3117.108
1777065000000,2325.54,2326.67,2314.41,2314.89,17159.533
1777065300000,2314.89,2319.36,2314.26,2319.11,7616.068
1777065600000,2319.11,2319.11,2315.71,2316.83,4027.993
1777065900000,2316.82,2317.17,2315.6,2316.53,2316.143
1777066200000,2316.52,2317.97,2315.69,2317.47,1798.791
1777066500000,2317.47,2317.47,2311.11,2314.83,7085.096
1777066800000,2314.82,2315.49,2313.38,2314.17,1735.875
1777067100000,2314.16,2315.44,2313.08,2315.38,1936.238
1777067400000,2315.37,2316.33,2314.56,2315.5,1977.343
1777067700000,2315.51,2317.0,2314.0,2314.32,3876.143
1777068000000,2314.32,2315.15,2312.77,2312.82,3030.628
1777068300000,2312.82,2314.53,2312.7,2312.93,1842.219
1777068600000,2312.93,2314.09,2312.92,2314.09,1055.887
1777068900000,2314.08,2314.55,2313.47,2314.07,1719.632
1777069200000,2314.07,2314.5,2313.2,2313.37,1285.136
1777069500000,2313.37,2313.49,2312.03,2312.17,7152.13
1777069800000,2312.17,2312.35,2310.0,2310.5,4500.727
1777070100000,2310.49,2311.63,2305.78,2306.9,9465.748
1777070400000,2306.9,2309.09,2306.63,2309.0,5798.577
1777070700000,2309.01,2312.04,2309.0,2310.01,4536.151
1777071000000,2310.0,2311.73,2310.0,2311.01,3472.933
1777071300000,2311.01,2311.54,2310.67,2311.08,2172.671
1777071600000,2311.08,2312.8,2311.08,2312.0,2108.86
1777071900000,2311.99,2313.0,2311.96,2313.0,1473.939
1777072200000,2313.0,2314.11,2312.99,2314.11,2941.748
1777072500000,2314.1,2314.1,2312.5,2312.89,1745.261
1777072800000,2312.89,2313.13,2311.56,2312.96,1335.373
1777073100000,2312.96,2314.16,2312.94,2313.87,1378.485
1777073400000,2313.87,2315.38,2313.8,2315.04,3102.427
1777073700000,2315.05,2315.15,2314.26,2314.3,2182.042
1777074000000,2314.3,2314.3,2314.0,2314.0,787.413
1777074300000,2314.0,2314.05,2313.06,2314.05,1245.466
1777074600000,2314.04,2314.66,2314.04,2314.07,1004.891
1777074900000,2314.07,2314.38,2313.86,2314.05,749.209
1777075200000,2314.05,2314.65,2313.0,2313.0,1694.33
1777075500000,2313.0,2313.69,2312.75,2313.0,697.272
1777075800000,2313.0,2313.0,2311.65,2311.85,2256.553
1777076100000,2311.85,2312.66,2310.88,2311.27,1894.897
1777076400000,2311.27,2312.12,2311.27,2311.68,1175.612
1777076700000,2311.69,2312.4,2310.7,2310.96,1436.512
1777077000000,2310.96,2311.76,2310.36,2311.75,2873.411
1777077300000,2311.75,2312.64,2311.15,2312.64,2051.711
1777077600000,2312.63,2313.82,2312.32,2312.74,1684.523
1777077900000,2312.74,2314.65,2312.73,2314.39,1598.354
1777078200000,2314.39,2314.81,2314.2,2314.21,1005.707
1777078500000,2314.21,2315.23,2314.21,2315.0,2202.559
1777078800000,2315.0,2316.42,2314.99,2315.22,3050.132
1777079100000,2315.22,2315.49,2314.55,2315.34,1687.409
1777079400000,2315.34,2317.74,2315.33,2317.13,2824.221
1777079700000,2317.14,2319.74,2317.14,2318.14,6537.123
1777080000000,2318.14,2318.14,2316.4,2316.8,2520.466
1777080300000,2316.8,2317.1,2316.38,2316.71,3070.901
1777080600000,2316.71,2318.52,2316.44,2318.51,1595.603
1777080900000,2318.51,2318.52,2317.45,2317.99,1115.166
1777081200000,2318.0,2318.71,2317.99,2318.46,1373.515
1777081500000,2318.47,2320.32,2318.46,2318.8,4061.777
1777081800000,2318.81,2318.81,2317.86,2318.15,3872.104
1777082100000,2318.15,2318.16,2316.77,2316.78,2438.081
1777082400000,2316.77,2317.39,2313.1,2313.99,8906.98
1777082700000,2313.98,2316.14,2313.98,2315.21,3023.951
1777083000000,2315.2,2318.28,2315.2,2316.29,3643.347
1777083300000,2316.29,2316.86,2316.0,2316.37,638.24
1777083600000,2316.37,2316.65,2315.28,2316.59,1506.061
1777083900000,2316.59,2317.77,2315.77,2317.26,2351.279
1777084200000,2317.27,2317.63,2316.8,2317.08,1226.973
1777084500000,2317.09,2317.09,2316.5,2316.93,2101.715
1777084800000,2316.93,2316.93,2315.4,2316.19,1709.931
1777085100000,2316.19,2316.2,2315.6,2315.83,901.503
1777085400000,2315.84,2316.15,2315.68,2316.14,1044.47
1777085700000,2316.14,2316.97,2315.5,2316.35,2660.106
1777086000000,2316.35,2318.0,2316.24,2318.0,1906.977
1777086300000,2317.99,2319.8,2316.31,2316.57,3615.862
1777086600000,2316.56,2316.75,2316.22,2316.73,767.199
1777086900000,2316.72,2317.8,2316.24,2317.8,855.048
1777087200000,2317.8,2317.8,2316.46,2316.88,1567.414
1777087500000,2316.88,2316.89,2314.54,2315.3,3666.602
1777087800000,2315.3,2316.0,2315.25,2315.99,1382.09
1777088100000,2316.0,2316.6,2315.25,2315.96,1874.088
1777088400000,2315.95,2317.4,2315.95,2317.02,1504.398
1777088700000,2317.02,2318.34,2317.02,2317.93,2139.72
1777089000000,2317.92,2318.34,2317.1,2317.57,1379.662
1777089300000,2317.57,2317.58,2316.71,2317.54,1218.932
1777089600000,2317.54,2317.89,2316.85,2317.15,1361.931
1777089900000,2317.14,2317.81,2316.17,2317.8,1202.515
1777090200000,2317.81,2318.08,2317.62,2317.76,1040.559
1777090500000,2317.75,2317.97,2317.3,2317.43,891.884
1777090800000,2317.44,2317.44,2316.48,2316.94,1408.149
1777091100000,2316.94,2317.41,2316.34,2316.66,795.767
1777091400000,2316.66,2316.67,2316.0,2316.11,2457.874
1777091700000,2316.11,2316.12,2315.0,2315.79,2847.722
1777092000000,2315.8,2316.33,2315.39,2315.73,1136.977
1777092300000,2315.73,2316.15,2315.62,2315.83,452.35
1777092600000,2315.83,2316.35,2315.6,2315.99,1929.183
1777092900000,2315.98,2316.26,2315.5,2315.5,774.784
1777093200000,2315.51,2315.51,2312.1,2312.22,7045.366
1777093500000,2312.22,2313.8,2312.22,2313.8,2840.586
1777093800000,2313.8,2314.0,2312.52,2313.28,1676.478
1777094100000,2313.28,2313.4,2312.24,2313.12,3452.89
1777094400000,2313.13,2314.24,2313.12,2313.48,1646.825
1777094700000,2313.48,2314.1,2313.48,2313.49,1671.346
1777095000000,2313.49,2314.68,2313.4,2314.68,1479.38
1777095300000,2314.68,2315.12,2314.68,2314.98,1894.119
1777095600000,2314.98,2315.29,2314.68,2314.68,1193.316
1777095900000,2314.68,2314.71,2314.27,2314.29,1152.353
1777096200000,2314.29,2314.77,2314.12,2314.76,836.821
1777096500000,2314.76,2315.17,2314.64,2315.16,1602.195
1777096800000,2315.15,2316.0,2315.15,2315.98,1636.637
1777097100000,2315.98,2316.62,2315.9,2316.58,1870.011
1777097400000,2316.58,2316.58,2315.38,2315.87,901.674
1777097700000,2315.86,2315.87,2314.67,2314.67,818.319
1777098000000,2314.67,2314.67,2313.78,2313.95,1622.839
1777098300000,2313.95,2314.45,2313.94,2314.17,1650.787
1777098600000,2314.17,2315.6,2314.17,2315.34,787.02
1777098900000,2315.35,2315.78,2314.42,2315.77,945.289
1777099200000,2315.77,2315.94,2315.01,2315.04,1587.944
1777099500000,2315.04,2315.68,2314.31,2315.68,1201.492
1777099800000,2315.68,2316.58,2315.09,2315.1,2773.771
1777100100000,2315.1,2315.92,2315.06,2315.06,516.537
1777100400000,2315.07,2315.07,2313.27,2313.81,2795.476
1777100700000,2313.81,2313.82,2313.23,2313.23,1794.947
1777101000000,2313.23,2313.85,2313.23,2313.54,1020.496
1777101300000,2313.54,2314.39,2313.2,2314.39,1004.978
1777101600000,2314.39,2314.88,2314.06,2314.87,952.159
1777101900000,2314.87,2314.99,2314.01,2314.99,1145.026
1777102200000,2314.99,2315.96,2314.34,2315.95,824.814
1777102500000,2315.95,2316.2,2315.0,2315.58,1520.689
1777102800000,2315.58,2315.69,2315.01,2315.53,1241.403
1777103100000,2315.53,2315.54,2314.88,2315.2,954.118
1777103400000,2315.2,2315.5,2315.04,2315.5,675.892
1777103700000,2315.51,2317.82,2315.45,2315.46,6730.791
1777104000000,2315.45,2316.42,2314.9,2316.21,1707.441
1777104300000,2316.21,2317.49,2316.21,2317.19,1927.471
1777104600000,2317.2,2317.2,2316.44,2316.68,1167.36
1777104900000,2316.67,2317.46,2316.46,2316.46,1371.764
1777105200000,2316.46,2317.45,2316.38,2316.99,1567.021
1777105500000,2316.99,2317.66,2316.99,2317.34,3039.024
1777105800000,2317.34,2319.23,2317.33,2317.99,3954.271
1777106100000,2317.99,2319.6,2317.99,2319.08,5466.144
1777106400000,2319.08,2319.88,2318.25,2318.39,6994.107
1777106700000,2318.39,2318.5,2317.8,2318.0,3457.623
1777107000000,2318.01,2318.28,2317.6,2318.15,1828.645
1777107300000,2318.15,2318.39,2317.61,2318.1,1270.173
1777107600000,2318.11,2318.5,2317.09,2317.47,2130.947
1777107900000,2317.47,2317.97,2317.23,2317.96,1017.266
1777108200000,2317.97,2318.3,2316.95,2318.27,3513.956
1777108500000,2318.27,2318.8,2317.78,2317.78,1172.303
1777108800000,2317.78,2318.2,2315.48,2316.98,4658.891
1777109100000,2316.98,2317.23,2315.9,2315.91,1964.933
1777109400000,2315.9,2316.56,2315.8,2316.31,1957.703
1777109700000,2316.32,2321.86,2316.31,2319.89,7609.567
1777110000000,2319.89,2320.35,2318.53,2320.34,6272.792
1777110300000,2320.35,2321.65,2319.76,2320.86,5722.763
1777110600000,2320.86,2321.67,2319.93,2321.67,4023.96
1777110900000,2321.66,2321.85,2317.41,2317.8,7511.611
1777111200000,2317.8,2320.14,2317.32,2317.67,4948.454
1777111500000,2317.66,2318.59,2317.6,2318.01,3285.801
1777111800000,2318.0,2318.62,2317.86,2318.52,934.259
1777112100000,2318.52,2319.4,2318.52,2318.57,3412.067
1777112400000,2318.56,2319.99,2318.46,2319.98,1712.243
1777112700000,2319.99,2320.87,2319.21,2319.68,1907.071
1777113000000,2319.68,2321.49,2319.67,2320.89,3019.958
1777113300000,2320.89,2320.9,2319.85,2320.01,2031.785
1777113600000,2320.0,2320.01,2318.51,2319.12,1671.812
1777113900000,2319.12,2319.31,2318.19,2318.35,1130.318
1777114200000,2318.35,2319.0,2318.35,2318.81,3102.954
1777114500000,2318.81,2319.38,2317.87,2319.0,4241.428
1777114800000,2319.0,2319.0,2317.33,2317.33,2089.771
1777115100000,2317.33,2317.49,2315.6,2315.99,4859.546
1777115400000,2315.99,2316.5,2315.74,2316.0,2610.589
1777115700000,2316.01,2316.62,2316.0,2316.2,1983.324
1777116000000,2316.21,2316.21,2312.29,2313.49,20730.467
1777116300000,2313.49,2314.44,2313.48,2313.81,4304.268
1777116600000,2313.81,2314.11,2313.66,2313.76,2607.313
1777116900000,2313.76,2314.0,2312.41,2313.48,4343.248
1777117200000,2313.48,2314.37,2311.58,2311.8,6369.948
1777117500000,2311.8,2312.64,2310.05,2312.63,9031.423
1777117800000,2312.64,2313.49,2311.34,2311.34,4519.374
1777118100000,2311.34,2312.97,2311.3,2312.97,3936.775
1777118400000,2312.97,2313.35,2311.0,2312.49,5650.211
1777118700000,2312.49,2316.92,2312.49,2314.2,8301.116
1777119000000,2314.2,2315.01,2314.2,2314.71,1734.382
1777119300000,2314.72,2315.5,2314.21,2314.45,2587.348
1777119600000,2314.45,2316.14,2314.44,2315.86,2045.004
1777119900000,2315.88,2315.88,2313.13,2313.13,3161.171
1777120200000,2313.14,2313.94,2311.6,2313.73,4493.78
1777120500000,2313.73,2313.75,2312.62,2312.67,2492.303
1777120800000,2312.68,2312.68,2310.32,2312.19,9449.338
1777121100000,2312.2,2313.28,2312.19,2312.74,1423.84
1777121400000,2312.75,2313.9,2312.74,2313.19,2381.438
1777121700000,2313.19,2313.2,2312.35,2312.35,1250.194
1777122000000,2312.36,2313.93,2312.36,2313.93,1348.975
1777122300000,2313.92,2316.32,2313.73,2315.71,7939.224
1777122600000,2315.71,2316.0,2315.15,2315.99,1815.711
1777122900000,2315.99,2316.0,2314.79,2315.47,1743.73
1777123200000,2315.47,2316.3,2315.46,2315.85,1969.445
1777123500000,2315.86,2315.86,2315.25,2315.35,793.024
1777123800000,2315.34,2315.35,2314.7,2314.79,1069.64
1777124100000,2314.79,2315.85,2314.55,2315.66,1384.888
1777124400000,2315.65,2316.41,2315.39,2316.2,2376.746
1777124700000,2316.21,2316.8,2315.61,2315.98,2619.763
1777125000000,2315.99,2316.61,2315.61,2316.49,1480.646
1777125300000,2316.49,2316.89,2315.13,2315.13,2338.208
1777125600000,2315.13,2318.0,2314.0,2314.15,5849.424
1777125900000,2314.16,2316.6,2314.0,2316.53,2300.738
1777126200000,2316.53,2317.08,2315.13,2317.08,2052.559
1777126500000,2317.08,2317.11,2314.14,2315.04,6310.319
1777126800000,2315.03,2316.39,2314.55,2314.56,2346.35
1777127100000,2314.56,2317.0,2314.56,2316.24,1773.505
1777127400000,2316.23,2316.89,2316.15,2316.15,1397.881
1777127700000,2316.15,2316.45,2315.69,2316.45,1327.411
1777128000000,2316.45,2316.95,2316.01,2316.03,1313.299
1777128300000,2316.04,2317.2,2316.03,2316.33,1521.684
1777128600000,2316.32,2316.32,2315.23,2315.56,3077.469
1777128900000,2315.57,2315.57,2314.6,2314.68,4430.545
1777129200000,2314.68,2314.77,2314.0,2314.76,2201.21
1777129500000,2314.77,2316.03,2314.64,2315.05,2299.122
1777129800000,2315.05,2315.55,2314.7,2315.33,1756.911
1777130100000,2315.33,2315.7,2315.05,2315.19,976.224
1777130400000,2315.19,2316.72,2315.18,2316.72,2089.368
1777130700000,2316.71,2316.94,2316.17,2316.6,1851.037
1777131000000,2316.59,2317.34,2316.04,2317.2,3234.37
1777131300000,2317.2,2317.42,2316.45,2316.64,2667.706
1777131600000,2316.63,2317.0,2315.42,2315.56,2696.05
1777131900000,2315.55,2315.56,2308.89,2309.2,18522.243
1777132200000,2309.21,2310.0,2301.0,2305.08,42941.912
1777132500000,2305.08,2308.5,2304.84,2306.93,17919.045
1777132800000,2306.93,2309.0,2304.03,2307.16,15685.207
1777133100000,2307.16,2310.0,2305.37,2308.57,19948.836
1777133400000,2308.57,2310.0,2307.5,2309.4,5343.095
1777133700000,2309.4,2310.23,2308.23,2308.23,4515.012
1777134000000,2308.24,2309.02,2308.23,2308.63,1776.01
1777134300000,2308.62,2308.63,2305.08,2307.75,8738.534
1777134600000,2307.76,2308.27,2305.13,2306.0,7184.25
1777134900000,2306.0,2307.0,2298.64,2305.05,28920.895
1777135200000,2305.05,2308.0,2304.94,2307.7,7136.912
1777135500000,2307.71,2310.63,2307.44,2309.0,8565.18
1777135800000,2308.99,2309.42,2308.29,2308.3,2070.407
1777136100000,2308.31,2309.13,2307.78,2308.83,2276.604
1777136400000,2308.83,2308.83,2308.0,2308.2,1651.053
1777136700000,2308.19,2308.2,2307.34,2308.0,1172.635
1777137000000,2308.0,2308.0,2307.06,2307.67,1610.515
1777137300000,2307.67,2307.67,2306.38,2306.96,2410.21
1777137600000,2306.97,2312.0,2306.6,2310.26,12339.397
1777137900000,2310.27,2313.0,2308.19,2308.2,5558.433
1777138200000,2308.21,2309.59,2307.03,2308.61,3142.391
1777138500000,2308.6,2310.82,2308.6,2310.59,2550.197
1777138800000,2310.59,2311.26,2310.29,2310.29,3544.557
1777139100000,2310.29,2310.57,2308.6,2308.6,3811.165
1777139400000,2308.6,2309.24,2308.26,2308.36,1909.315
1777139700000,2308.36,2309.3,2308.0,2308.42,1233.298
1777140000000,2308.42,2311.5,2307.55,2310.46,3673.765
1777140300000,2310.46,2310.47,2309.02,2310.1,1773.695
1777140600000,2310.09,2310.52,2309.5,2309.51,2154.562
1777140900000,2309.51,2309.83,2309.3,2309.57,1042.691
1777141200000,2309.57,2310.28,2308.23,2309.42,4681.949
1777141500000,2309.41,2311.5,2309.41,2311.33,2726.535
1777141800000,2311.35,2313.18,2311.34,2312.6,3414.338
1777142100000,2312.59,2313.6,2311.56,2311.57,2629.897
1777142400000,2311.56,2311.98,2311.08,2311.08,661.224
1777142700000,2311.07,2312.68,2310.84,2311.6,1685.818
1777143000000,2311.61,2311.61,2310.49,2310.64,1124.167
1777143300000,2310.64,2311.31,2310.6,2310.82,1497.924
1777143600000,2310.83,2310.93,2310.5,2310.82,879.225
1777143900000,2310.82,2311.02,2309.4,2310.22,2063.044
1777144200000,2310.21,2311.32,2309.76,2311.2,2187.889
1777144500000,2311.19,2311.2,2310.2,2311.1,1150.731
1777144800000,2311.1,2311.53,2310.53,2311.53,603.734
1777145100000,2311.52,2311.52,2308.2,2308.2,3235.957
1777145400000,2308.2,2308.54,2306.77,2307.76,3593.879
1777145700000,2307.77,2308.45,2307.46,2307.71,844.681
1777146000000,2307.71,2308.6,2306.25,2306.35,2980.486
1777146300000,2306.35,2307.75,2306.34,2307.54,4201.667
1777146600000,2307.54,2309.2,2307.53,2309.2,1767.554
1777146900000,2309.2,2310.12,2309.05,2309.19,3336.003
1777147200000,2309.2,2311.07,2308.23,2308.57,7003.928
1777147500000,2308.57,2309.57,2308.17,2309.56,1090.993
1777147800000,2309.57,2310.05,2309.47,2309.56,516.029
1777148100000,2309.56,2310.21,2308.98,2310.15,1928.755
1777148400000,2310.15,2311.43,2310.14,2310.19,1279.315
1777148700000,2310.19,2310.83,2309.78,2310.69,759.857
1777149000000,2310.68,2311.02,2310.16,2310.71,871.678
1777149300000,2310.7,2311.25,2310.41,2310.41,1127.676
1777149600000,2310.42,2310.97,2310.37,2310.38,511.115
1777149900000,2310.37,2310.97,2310.0,2310.01,1122.897
1777150200000,2310.01,2311.22,2310.0,2311.21,773.577
1777150500000,2311.22,2312.43,2311.21,2312.07,1357.057
1777150800000,2312.07,2316.8,2312.07,2314.0,10983.218
1777151100000,2314.01,2315.16,2313.75,2314.44,2255.15
1777151400000,2314.43,2316.51,2314.43,2315.53,6581.178
1777151700000,2315.52,2316.42,2314.62,2315.13,3817.199
1777152000000,2315.13,2315.68,2315.0,2315.27,1598.177
1777152300000,2315.27,2315.39,2314.29,2315.06,1793.547
1777152600000,2315.06,2315.25,2313.45,2313.59,1181.386
1777152900000,2313.59,2314.0,2313.26,2313.48,684.924
1777153200000,2313.48,2313.6,2311.85,2313.6,1635.25
1777153500000,2313.59,2314.13,2313.59,2314.04,414.636
1777153800000,2314.03,2315.09,2313.59,2314.88,1223.337
1777154100000,2314.89,2315.3,2314.06,2314.97,969.977
1777154400000,2314.97,2315.83,2314.11,2315.67,2497.89
1777154700000,2315.66,2316.85,2314.91,2315.46,2715.47
1777155000000,2315.46,2315.47,2314.5,2315.06,800.207
1777155300000,2315.0,2315.5,2314.54,2314.71,1332.801
1777155600000,2314.71,2316.0,2314.7,2315.49,545.419
1777155900000,2315.49,2316.63,2315.45,2315.78,1726.277
1777156200000,2315.77,2319.67,2315.77,2319.05,12011.048
1777156500000,2319.05,2319.51,2318.07,2318.37,3556.367
1777156800000,2318.38,2318.54,2317.32,2317.92,1209.363
1777157100000,2317.92,2318.1,2316.94,2317.07,2522.337
1777157400000,2317.07,2317.08,2316.39,2316.86,1838.882
1777157700000,2316.86,2317.7,2316.76,2317.02,1536.306
1777158000000,2317.02,2318.13,2315.47,2317.32,4643.573
1777158300000,2317.33,2318.89,2316.72,2317.85,2089.911
1777158600000,2317.85,2318.18,2317.15,2317.73,2992.007
1777158900000,2317.72,2317.73,2317.08,2317.73,1160.179
1777159200000,2317.73,2318.01,2316.9,2317.99,1829.239
1777159500000,2317.99,2318.65,2316.68,2318.31,1970.764
1777159800000,2318.32,2318.5,2317.14,2318.3,1807.292
1777160100000,2318.31,2318.5,2317.82,2317.83,708.147
1777160400000,2317.83,2318.65,2317.8,2317.96,2121.974
1777160700000,2317.96,2318.76,2317.52,2317.99,2459.988
1777161000000,2317.99,2317.99,2317.23,2317.79,1169.088
1777161300000,2317.78,2318.43,2316.82,2318.42,1958.242
1777161600000,2318.43,2318.75,2317.12,2318.29,3150.737
1777161900000,2318.29,2318.49,2315.39,2316.24,3047.702
1777162200000,2316.24,2316.25,2314.73,2315.58,2912.028
1777162500000,2315.57,2315.57,2313.34,2314.11,4512.247
1777162800000,2314.12,2314.3,2313.36,2313.94,3039.436
1777163100000,2313.95,2314.75,2313.95,2314.3,1997.84
1777163400000,2314.31,2315.37,2313.5,2315.24,2126.283
1777163700000,2315.25,2315.25,2314.27,2314.73,1037.205
1777164000000,2314.74,2316.49,2314.74,2316.49,2448.453
1777164300000,2316.49,2317.17,2315.69,2315.7,2800.635
1777164600000,2315.71,2316.22,2314.76,2314.76,1631.054
1777164900000,2314.75,2314.76,2310.05,2314.19,7203.576
1777165200000,2314.19,2314.64,2312.33,2312.77,3788.215
1777165500000,2312.77,2313.71,2312.46,2313.69,1498.942
1777165800000,2313.7,2314.55,2312.91,2313.94,4079.738
1777166100000,2313.93,2315.74,2313.93,2314.32,3707.027
1777166400000,2314.31,2315.39,2314.19,2314.85,777.759
1777166700000,2314.85,2315.44,2314.42,2314.86,1416.232
1777167000000,2314.86,2316.0,2314.74,2315.99,1485.663
1777167300000,2316.0,2316.83,2315.98,2316.82,2400.485
1777167600000,2316.82,2317.17,2314.19,2314.93,4976.96
1777167900000,2314.92,2315.04,2314.0,2314.23,1490.92
1777168200000,2314.23,2315.63,2314.23,2315.01,449.418
1777168500000,2315.0,2315.0,2312.36,2312.97,5205.025
1777168800000,2312.97,2314.89,2312.55,2314.6,2112.661
1777169100000,2314.61,2315.23,2314.46,2315.23,882.616
1777169400000,2315.23,2317.32,2315.1,2316.69,2377.882
1777169700000,2316.69,2317.34,2315.8,2315.81,2536.163
1777170000000,2315.81,2316.67,2315.42,2316.49,2443.926
1777170300000,2316.48,2316.95,2316.35,2316.42,1768.61
1777170600000,2316.41,2317.6,2316.34,2316.64,2075.972
1777170900000,2316.64,2316.64,2316.1,2316.11,1331.016
1777171200000,2316.11,2316.11,2314.36,2314.36,2416.994
1777171500000,2314.36,2314.71,2313.27,2314.41,2958.822
1777171800000,2314.41,2315.0,2314.32,2314.4,1772.93
1777172100000,2314.41,2314.53,2313.63,2314.26,1825.793
1777172400000,2314.26,2314.31,2313.0,2313.66,2823.356
1777172700000,2313.65,2314.54,2313.5,2313.86,2615.089
1777173000000,2313.85,2315.11,2313.85,2315.11,1267.989
1777173300000,2315.11,2315.63,2315.1,2315.13,1199.127
1777173600000,2315.13,2315.39,2314.99,2315.25,1024.767
1777173900000,2315.26,2315.26,2311.02,2311.43,4584.415
1777174200000,2311.44,2311.81,2309.69,2310.09,5712.33
1777174500000,2310.09,2310.09,2305.63,2307.2,19744.102
1777174800000,2307.21,2308.55,2307.2,2308.37,4629.729
1777175100000,2308.36,2309.05,2307.38,2308.8,3033.952
1777175400000,2308.81,2309.1,2308.25,2308.82,2271.596
1777175700000,2308.82,2309.64,2308.42,2309.23,1524.714
1777176000000,2309.24,2310.48,2308.11,2308.23,4516.043
1777176300000,2308.22,2310.44,2308.22,2310.44,1904.22
1777176600000,2310.44,2311.75,2310.2,2310.2,1844.992
1777176900000,2310.2,2311.1,2310.0,2310.39,1942.7
1777177200000,2310.39,2310.68,2310.13,2310.36,997.381
1777177500000,2310.37,2310.37,2309.51,2309.94,1203.251
1777177800000,2309.94,2310.22,2309.25,2310.11,1607.378
1777178100000,2310.1,2310.9,2310.1,2310.9,1015.284
1777178400000,2310.9,2312.42,2310.89,2311.78,2440.864
1777178700000,2311.78,2318.75,2311.78,2316.98,17864.765
1777179000000,2316.98,2318.76,2316.0,2317.08,13223.913
1777179300000,2317.07,2317.46,2316.01,2316.43,4838.732
1777179600000,2316.4,2317.27,2316.28,2316.84,3585.806
1777179900000,2316.83,2318.68,2316.5,2318.0,3886.608
1777180200000,2318.0,2332.32,2317.18,2327.52,98868.095
1777180500000,2327.52,2333.84,2325.26,2329.44,50809.353
1777180800000,2329.44,2330.92,2328.3,2328.31,13595.294
1777181100000,2328.3,2337.75,2327.35,2329.74,29335.813
1777181400000,2329.73,2333.45,2327.62,2329.06,15598.6
1777181700000,2329.06,2329.3,2326.84,2328.39,6021.424
1777182000000,2328.39,2328.82,2327.11,2327.9,4996.4
1777182300000,2327.9,2329.0,2326.01,2328.83,7210.643
1777182600000,2328.84,2328.84,2326.37,2326.37,6381.615
1777182900000,2326.38,2327.32,2325.81,2326.7,3672.057
1777183200000,2326.7,2330.65,2326.7,2329.99,8693.522
1777183500000,2330.0,2331.0,2328.27,2328.43,5259.006
1777183800000,2328.43,2330.0,2328.43,2329.01,2673.993
1777184100000,2329.01,2329.77,2326.77,2327.04,4505.477
1777184400000,2327.03,2327.96,2326.72,2327.32,3242.977
1777184700000,2327.32,2329.16,2327.31,2328.42,3717.289
1777185000000,2328.43,2328.43,2327.72,2328.22,1694.459
1777185300000,2328.22,2329.9,2328.21,2329.85,2647.682
1777185600000,2329.86,2332.2,2329.86,2330.55,7523.074
1777185900000,2330.54,2330.93,2328.27,2328.27,2760.703
1777186200000,2328.28,2328.52,2326.04,2328.06,9660.631
1777186500000,2328.05,2328.97,2328.05,2328.96,1680.288
1777186800000,2328.97,2329.58,2327.03,2327.57,3062.378
1777187100000,2327.57,2328.68,2327.35,2328.15,3996.288
1777187400000,2328.14,2328.72,2328.04,2328.32,1763.535
1777187700000,2328.32,2329.58,2328.23,2329.12,2685.002
1777188000000,2329.12,2330.18,2329.0,2329.19,4555.988
1777188300000,2329.2,2329.68,2328.51,2328.75,2085.458
1777188600000,2328.75,2329.15,2327.6,2327.88,2868.273
1777188900000,2327.87,2328.35,2327.6,2327.67,1326.867
1777189200000,2327.67,2327.9,2327.48,2327.49,1152.259
1777189500000,2327.49,2328.0,2327.48,2327.99,1505.087
1777189800000,2327.99,2330.46,2327.8,2329.21,4725.192
1777190100000,2329.22,2331.13,2329.22,2330.05,5114.347
1777190400000,2330.05,2332.96,2330.05,2331.16,8685.782
1777190700000,2331.17,2331.98,2330.68,2331.43,3007.083
1777191000000,2331.43,2332.1,2330.0,2331.6,5525.449
1777191300000,2331.6,2332.22,2329.95,2329.95,3080.191
1777191600000,2329.96,2330.1,2329.01,2329.99,3482.77
1777191900000,2329.99,2331.0,2329.99,2330.54,2040.51
1777192200000,2330.54,2332.56,2330.14,2332.5,3623.205
1777192500000,2332.5,2336.76,2332.5,2333.29,20211.731
1777192800000,2333.29,2334.2,2330.29,2330.55,10037.252
1777193100000,2330.55,2331.38,2330.44,2330.74,2901.256
1777193400000,2330.73,2332.69,2330.65,2332.34,4819.865
1777193700000,2332.35,2332.46,2330.95,2331.29,1915.94
1777194000000,2331.29,2331.3,2329.04,2329.69,6375.526
1777194300000,2329.68,2330.1,2328.5,2329.1,2978.61
1777194600000,2329.1,2329.99,2328.21,2329.99,2859.186
1777194900000,2329.98,2330.5,2329.23,2329.59,2459.862
1777195200000,2329.59,2331.86,2329.58,2331.47,2378.644
1777195500000,2331.48,2332.65,2330.71,2330.9,2606.886
1777195800000,2330.9,2330.9,2330.01,2330.42,1794.765
1777196100000,2330.42,2330.9,2330.29,2330.41,2422.963
1777196400000,2330.42,2333.0,2330.23,2332.1,7642.521
1777196700000,2332.1,2332.42,2330.96,2331.87,3504.055
1777197000000,2331.88,2334.26,2331.87,2333.06,5979.335
1777197300000,2333.06,2333.5,2332.71,2333.36,2136.612
1777197600000,2333.35,2333.36,2331.33,2331.8,2325.232
1777197900000,2331.8,2335.5,2331.6,2333.44,6550.627
1777198200000,2333.43,2333.93,2333.2,2333.6,1724.884
1777198500000,2333.59,2334.2,2333.11,2334.07,5365.005
1777198800000,2334.06,2334.07,2332.38,2332.52,2609.045
1777199100000,2332.52,2333.37,2331.12,2331.96,2862.871
1777199400000,2331.97,2331.97,2331.39,2331.75,2329.415
1777199700000,2331.75,2332.15,2331.41,2331.45,2490.867
1777200000000,2331.46,2331.92,2330.51,2331.33,4493.028
1777200300000,2331.33,2331.75,2330.76,2330.77,3265.344
1777200600000,2330.77,2330.98,2330.1,2330.81,1909.646
1777200900000,2330.8,2331.76,2330.8,2331.64,1600.235
1777201200000,2331.63,2333.6,2331.19,2331.8,2512.573
1777201500000,2331.79,2333.38,2331.79,2332.86,2124.22
1777201800000,2332.87,2334.2,2332.85,2332.85,4495.947
1777202100000,2332.85,2333.18,2331.9,2332.46,1610.439
1777202400000,2332.46,2335.39,2332.21,2335.33,4968.473
1777202700000,2335.33,2336.42,2334.69,2334.97,8611.279
1777203000000,2334.97,2336.28,2334.8,2335.5,5249.962
1777203300000,2335.49,2335.49,2333.7,2333.7,3004.338
1777203600000,2333.7,2334.8,2333.7,2333.87,2218.474
1777203900000,2333.86,2333.98,2332.25,2333.42,5722.851
1777204200000,2333.42,2335.0,2333.42,2334.99,2887.308
1777204500000,2335.0,2335.62,2334.72,2334.74,2611.039
1777204800000,2334.74,2335.13,2333.5,2333.51,4870.427
1777205100000,2333.5,2333.86,2332.43,2332.44,2724.139
1777205400000,2332.43,2332.44,2327.61,2329.32,20061.433
1777205700000,2329.32,2330.34,2328.1,2329.5,8083.96
1777206000000,2329.49,2333.35,2329.33,2330.59,8118.59
1777206300000,2330.58,2331.45,2329.56,2330.12,2578.161
1777206600000,2330.12,2330.13,2329.43,2329.69,2488.753
1777206900000,2329.69,2331.4,2329.62,2331.4,2670.053
1777207200000,2331.4,2331.4,2329.5,2329.51,1720.723
1777207500000,2329.5,2329.51,2323.0,2327.14,26982.166
1777207800000,2327.14,2328.08,2327.12,2327.41,4342.503
1777208100000,2327.41,2328.32,2326.55,2327.88,5389.193
1777208400000,2327.89,2329.56,2326.83,2328.07,4912.974
1777208700000,2328.08,2330.56,2328.05,2330.13,3488.174
1777209000000,2330.14,2331.45,2329.62,2330.0,4503.404
1777209300000,2330.01,2331.0,2328.63,2329.7,2211.063
1777209600000,2329.7,2330.0,2329.0,2329.01,2383.164
1777209900000,2329.01,2329.29,2327.73,2329.25,3295.685
1777210200000,2329.24,2332.78,2329.05,2332.66,5742.084
1777210500000,2332.67,2333.5,2331.13,2333.49,5445.685
1777210800000,2333.5,2334.0,2332.49,2333.71,6267.11
1777211100000,2333.72,2334.2,2332.6,2333.5,5710.727
1777211400000,2333.51,2334.73,2333.13,2334.06,5428.621
1777211700000,2334.06,2334.07,2332.3,2333.99,3099.026
1777212000000,2333.98,2333.98,2332.3,2333.69,2224.485
1777212300000,2333.69,2334.94,2332.42,2334.91,2719.076
1777212600000,2334.91,2335.0,2333.82,2334.31,4503.999
1777212900000,2334.31,2341.92,2333.28,2339.66,34341.825
1777213200000,2339.65,2354.0,2339.3,2345.87,98501.803
1777213500000,2345.86,2349.59,2345.42,2349.13,24010.764
1777213800000,2349.13,2351.26,2345.34,2346.91,35029.064
1777214100000,2346.91,2347.74,2344.08,2346.74,10844.331
1777214400000,2346.73,2349.0,2345.43,2345.99,10239.594
1777214700000,2345.99,2346.0,2343.42,2345.16,9886.366
1777215000000,2345.15,2349.27,2345.15,2348.08,14024.183
1777215300000,2348.07,2348.8,2345.05,2345.4,9220.554
1777215600000,2345.39,2347.24,2345.2,2346.21,5312.106
1777215900000,2346.2,2346.73,2343.83,2345.61,5898.142
1777216200000,2345.6,2345.73,2345.0,2345.12,2848.425
1777216500000,2345.13,2346.97,2345.0,2346.32,4103.19
1777216800000,2346.32,2346.84,2343.68,2343.75,4369.556
1777217100000,2343.75,2347.57,2343.6,2347.56,6579.57
1777217400000,2347.57,2348.09,2343.94,2344.63,7545.79
1777217700000,2344.64,2346.74,2344.63,2345.85,3149.904
1777218000000,2345.86,2345.86,2344.51,2344.56,2946.453
1777218300000,2344.57,2346.0,2343.04,2343.66,11059.714
1777218600000,2343.66,2345.65,2343.66,2345.65,2948.904
1777218900000,2345.65,2347.94,2344.93,2347.55,9449.238
1777219200000,2347.56,2349.18,2345.08,2346.85,12678.168
1777219500000,2346.84,2347.55,2343.51,2344.93,7231.886
1777219800000,2344.94,2346.26,2343.88,2344.32,3423.922
1777220100000,2344.32,2345.85,2344.32,2345.56,2208.35
1777220400000,2345.57,2346.4,2344.74,2346.39,2535.394
1777220700000,2346.39,2348.06,2345.41,2345.98,7235.351
1777221000000,2345.98,2347.0,2345.19,2346.3,5107.165
1777221300000,2346.3,2347.1,2344.0,2344.63,8291.923
1777221600000,2344.63,2344.9,2344.08,2344.09,2103.06
1777221900000,2344.08,2345.96,2342.58,2345.85,5473.153
1777222200000,2345.85,2346.32,2344.75,2344.76,6221.819
1777222500000,2344.75,2345.0,2341.68,2341.89,6530.262
1777222800000,2341.89,2342.7,2339.04,2342.69,16743.953
1777223100000,2342.69,2344.8,2342.56,2343.86,4404.663
1777223400000,2343.87,2344.59,2343.73,2344.32,2831.951
1777223700000,2344.32,2345.55,2344.15,2345.31,2061.576
1777224000000,2345.31,2346.05,2344.5,2345.43,4157.343
1777224300000,2345.44,2346.66,2345.05,2345.37,1841.578
1777224600000,2345.37,2345.37,2343.18,2343.99,2448.952
1777224900000,2343.99,2344.77,2343.72,2343.97,933.367
1777225200000,2343.96,2346.5,2343.96,2346.22,1873.513
1777225500000,2346.21,2348.66,2345.77,2347.15,3548.432
1777225800000,2347.14,2348.21,2346.0,2346.82,3951.656
1777226100000,2346.82,2350.22,2346.82,2348.41,9775.61
1777226400000,2348.4,2349.78,2347.43,2347.55,6085.041
1777226700000,2347.55,2354.88,2346.54,2353.63,30995.761
1777227000000,2353.63,2367.43,2352.0,2361.99,80340.858
1777227300000,2361.98,2367.89,2361.8,2363.16,26386.449
1777227600000,2363.16,2363.45,2361.16,2361.99,9265.175
1777227900000,2362.0,2362.34,2358.86,2359.8,10442.507
1777228200000,2359.81,2361.0,2356.83,2356.83,8197.454
1777228500000,2356.83,2359.34,2356.83,2358.29,7194.52
1777228800000,2358.29,2360.68,2357.83,2359.24,4510.598
1777229100000,2359.23,2361.29,2357.91,2360.58,5244.07
1777229400000,2360.58,2361.15,2359.75,2360.82,5270.108
1777229700000,2360.83,2361.4,2359.51,2360.58,4170.497
1777230000000,2360.58,2361.45,2358.44,2359.55,5503.234
1777230300000,2359.54,2362.03,2358.34,2361.32,3992.881
1777230600000,2361.33,2365.99,2361.19,2364.59,12036.122
1777230900000,2364.59,2375.75,2364.59,2368.73,70096.331
1777231200000,2368.74,2371.82,2367.01,2367.01,11902.753
1777231500000,2367.0,2368.17,2362.13,2364.69,14115.623
1777231800000,2364.69,2365.24,2362.53,2364.21,5713.91
1777232100000,2364.22,2365.29,2362.24,2362.89,6573.72
1777232400000,2362.9,2365.21,2362.89,2364.53,4183.415
1777232700000,2364.52,2365.2,2364.13,2365.2,2122.307
1777233000000,2365.2,2369.21,2365.2,2368.33,8673.527
1777233300000,2368.34,2370.19,2365.84,2366.48,10959.082
1777233600000,2366.48,2367.75,2364.61,2366.69,5707.685
1777233900000,2366.69,2367.84,2366.0,2366.0,2263.288
1777234200000,2366.0,2366.01,2364.11,2364.12,3116.488
1777234500000,2364.12,2365.0,2363.17,2363.83,3362.355
1777234800000,2363.83,2366.0,2363.83,2365.62,4141.184
1777235100000,2365.61,2366.5,2365.19,2365.3,2640.072
1777235400000,2365.29,2371.95,2365.29,2370.25,16852.093
1777235700000,2370.24,2370.91,2365.47,2365.47,6380.016
1777236000000,2365.47,2365.72,2364.29,2365.29,3775.452
1777236300000,2365.28,2366.2,2363.75,2364.27,2700.209
1777236600000,2364.27,2364.38,2362.77,2362.89,3892.834
1777236900000,2362.89,2363.16,2361.08,2361.24,5696.023
1777237200000,2361.25,2365.19,2361.11,2365.13,9531.581
1777237500000,2365.13,2365.4,2364.62,2364.81,1564.847
1777237800000,2364.81,2368.27,2364.81,2365.32,4791.407
1777238100000,2365.32,2367.03,2364.74,2365.16,2143.224
1777238400000,2365.16,2366.75,2365.16,2366.15,1753.883
1777238700000,2366.15,2367.04,2364.32,2364.32,2095.299
1777239000000,2364.32,2364.33,2350.55,2354.27,30037.238
1777239300000,2354.28,2358.32,2353.31,2357.0,13343.218
1777239600000,2357.0,2359.09,2355.1,2356.32,7291.879
1777239900000,2356.32,2356.32,2350.92,2354.76,8903.864
1777240200000,2354.77,2359.1,2345.01,2359.1,22665.261
1777240500000,2359.1,2369.87,2357.03,2363.09,37565.309
1777240800000,2363.09,2369.98,2361.12,2363.99,22298.324
1777241100000,2363.99,2370.61,2363.25,2368.59,10751.972
1777241400000,2368.59,2369.37,2364.56,2369.25,5294.904
1777241700000,2369.25,2379.99,2368.78,2375.34,40604.115
1777242000000,2375.34,2375.66,2370.78,2372.04,13062.348
1777242300000,2372.04,2372.05,2365.75,2366.36,8634.919
1777242600000,2366.35,2366.35,2351.62,2353.32,29832.013
1777242900000,2353.33,2358.23,2352.26,2357.21,23618.137
1777243200000,2357.2,2359.6,2356.99,2359.2,5854.44
1777243500000,2359.19,2365.95,2358.61,2363.61,9024.473
1777243800000,2363.6,2364.23,2360.47,2362.16,5534.259
1777244100000,2362.15,2362.16,2359.51,2360.26,3666.15
1777244400000,2360.25,2360.59,2357.37,2357.65,11711.793
1777244700000,2357.65,2358.05,2355.5,2356.88,4680.763
1777245000000,2356.88,2361.0,2356.87,2360.0,3789.404
1777245300000,2360.0,2361.26,2357.88,2358.99,3314.961
1777245600000,2358.99,2366.49,2358.99,2365.32,6571.346
1777245900000,2365.31,2367.45,2360.0,2360.01,9531.726
1777246200000,2360.01,2364.78,2357.29,2362.51,8803.057
1777246500000,2362.5,2366.0,2362.02,2365.19,4613.308
1777246800000,2365.18,2371.75,2364.86,2371.28,14834.055
1777247100000,2371.28,2378.68,2370.0,2373.03,32562.173
1777247400000,2373.02,2375.0,2367.4,2367.95,22726.485
1777247700000,2367.95,2369.51,2366.63,2368.22,5137.318
1777248000000,2368.23,2374.5,2368.23,2371.5,11436.818
1777248300000,2371.5,2372.77,2368.47,2368.47,6346.719
1777248600000,2368.48,2369.28,2364.27,2365.4,14451.278
1777248900000,2365.39,2366.42,2363.55,2365.83,5854.553
1777249200000,2365.84,2366.66,2363.0,2363.52,4957.642
1777249500000,2363.53,2363.83,2356.32,2361.79,17067.262
1777249800000,2361.78,2363.51,2359.33,2362.85,5318.937
1777250100000,2362.86,2368.0,2362.27,2367.85,7683.125
1777250400000,2367.85,2373.62,2367.84,2371.01,19484.985
1777250700000,2371.0,2374.0,2371.0,2371.27,7425.391
1777251000000,2371.26,2377.67,2369.48,2375.75,15070.839
1777251300000,2375.75,2392.0,2375.75,2389.0,102851.101
1777251600000,2389.0,2404.0,2388.41,2395.16,84298.499
1777251900000,2395.17,2398.0,2385.33,2385.82,32722.399
1777252200000,2385.83,2389.62,2385.25,2385.99,14191.402
1777252500000,2385.99,2386.2,2380.33,2381.77,18715.937
1777252800000,2381.77,2385.7,2381.4,2382.06,18396.37
1777253100000,2382.07,2384.5,2376.25,2381.55,29380.335
1777253400000,2381.55,2383.92,2378.53,2379.42,7690.45
1777253700000,2379.43,2388.62,2379.01,2385.82,10186.406
1777254000000,2385.81,2388.36,2383.62,2385.69,9238.319
1777254300000,2385.69,2396.92,2385.69,2395.19,39333.052
1777254600000,2395.18,2396.08,2388.77,2390.66,14075.329
1777254900000,2390.67,2393.86,2387.55,2393.62,14367.663
1777255200000,2393.62,2394.69,2387.67,2389.52,9324.76
1777255500000,2389.52,2389.52,2386.76,2387.91,9252.805
1777255800000,2387.92,2390.02,2385.56,2388.74,5474.71
1777256100000,2388.74,2393.0,2388.43,2391.21,6840.153
1777256400000,2391.21,2391.72,2388.42,2388.6,5550.859
1777256700000,2388.59,2391.87,2386.42,2391.84,8552.562
1777257000000,2391.84,2395.77,2389.51,2391.0,15545.141
1777257300000,2390.99,2392.44,2389.52,2390.82,5032.053
1777257600000,2390.82,2391.0,2389.5,2390.67,2816.611
1777257900000,2390.67,2392.2,2390.5,2391.18,4166.423
1777258200000,2391.18,2394.8,2390.22,2394.22,5651.299
1777258500000,2394.22,2394.62,2390.87,2390.88,5564.474
1777258800000,2390.88,2392.95,2389.22,2391.07,7423.848
1777259100000,2391.07,2392.0,2390.23,2392.0,4311.783
1777259400000,2392.0,2397.36,2391.86,2394.69,14558.388
1777259700000,2394.68,2395.8,2392.23,2394.63,7332.572
1777260000000,2394.63,2398.0,2394.43,2396.4,10232.866
1777260300000,2396.4,2396.83,2395.0,2396.73,3268.175
1777260600000,2396.73,2399.99,2395.54,2396.06,14050.573
1777260900000,2396.06,2397.03,2393.7,2394.43,8865.501
1777261200000,2394.43,2399.16,2394.1,2398.84,13055.243
1777261500000,2398.84,2399.28,2395.32,2397.32,7218.316
1777261800000,2397.33,2398.0,2395.0,2395.42,3243.95
1777262100000,2395.42,2396.0,2393.17,2393.56,8280.657
1777262400000,2393.57,2394.92,2391.71,2392.93,10305.569
1777262700000,2392.92,2392.93,2390.33,2391.82,6522.139
1777263000000,2391.81,2391.82,2388.6,2389.74,9005.635
1777263300000,2389.75,2391.29,2388.04,2389.03,6321.639
1777263600000,2389.03,2390.51,2386.75,2388.66,10672.917
1777263900000,2388.65,2390.55,2388.06,2390.55,4965.588
1777264200000,2390.54,2391.41,2386.09,2386.09,8261.013
1777264500000,2386.09,2388.36,2385.78,2387.2,7413.479
1777264800000,2387.2,2387.69,2386.26,2386.56,3955.089
1777265100000,2386.56,2387.86,2382.0,2382.36,23326.876
1777265400000,2382.35,2383.74,2381.41,2382.65,10983.137
1777265700000,2382.64,2382.67,2379.59,2382.05,18998.437
1777266000000,2382.06,2382.71,2375.01,2375.19,17962.764
1777266300000,2375.19,2375.2,2364.67,2369.37,59241.63
1777266600000,2369.37,2369.38,2361.92,2362.1,41734.592
1777266900000,2362.1,2362.44,2340.49,2344.18,180687.365
1777267200000,2344.18,2344.18,2327.09,2335.34,153447.251
1777267500000,2335.35,2338.39,2329.0,2333.22,50214.619
1777267800000,2333.23,2335.25,2328.34,2330.3,63975.261
1777268100000,2330.3,2330.3,2316.84,2328.6,102277.909
1777268400000,2328.6,2328.9,2323.35,2324.35,37529.835
1777268700000,2324.35,2326.0,2317.49,2320.19,44090.748
1777269000000,2320.2,2324.6,2318.79,2323.91,19994.306
1777269300000,2323.92,2325.36,2321.57,2321.94,14361.87
1777269600000,2321.93,2322.67,2318.81,2318.91,19769.471
1777269900000,2318.91,2321.8,2315.24,2320.81,36787.694
1777270200000,2320.82,2322.25,2320.47,2322.11,8941.074
1777270500000,2322.11,2326.85,2320.2,2326.31,28545.292
1777270800000,2326.31,2327.78,2324.76,2326.38,14861.765
1777271100000,2326.37,2326.38,2324.01,2324.4,8795.789
1777271400000,2324.41,2324.41,2310.57,2316.97,44338.722
1777271700000,2316.96,2318.88,2315.0,2317.38,12634.576
1777272000000,2317.38,2318.93,2316.52,2317.78,5703.851
1777272300000,2317.78,2321.88,2317.25,2321.33,11880.39
1777272600000,2321.34,2322.67,2320.02,2321.94,5964.172
1777272900000,2321.95,2322.85,2319.13,2319.45,8067.283
1777273200000,2319.45,2322.28,2318.03,2320.45,13696.509
1777273500000,2320.45,2320.45,2317.06,2318.56,6782.142
1777273800000,2318.56,2318.56,2316.0,2316.9,12751.515
1777274100000,2316.9,2318.37,2313.48,2318.0,13598.027
1777274400000,2318.0,2320.2,2317.1,2318.74,5787.933
1777274700000,2318.75,2319.48,2317.36,2318.51,3136.964
1777275000000,2318.5,2318.51,2314.47,2315.44,6893.342
1777275300000,2315.44,2318.66,2314.32,2317.82,7007.179
1777275600000,2317.82,2319.99,2317.32,2319.13,4895.917
1777275900000,2319.13,2319.89,2316.57,2318.29,5227.275
1777276200000,2318.29,2319.99,2317.79,2318.11,4984.604
1777276500000,2318.11,2318.72,2314.57,2314.58,6445.645
1777276800000,2314.57,2318.49,2313.03,2318.3,11885.735
1777277100000,2318.29,2318.49,2313.32,2314.01,9707.448
1777277400000,2314.01,2315.1,2313.0,2315.0,7868.456
1777277700000,2314.99,2316.6,2314.89,2315.17,4685.759
1777278000000,2315.17,2315.93,2310.73,2313.48,20071.104
1777278300000,2313.49,2313.75,2308.41,2309.39,25752.145
1777278600000,2309.39,2311.63,2307.47,2311.25,19745.831
1777278900000,2311.26,2312.93,2311.0,2311.92,8289.395
1777279200000,2311.91,2311.91,2309.53,2311.34,3594.912
1777279500000,2311.33,2314.9,2311.33,2314.59,8457.851
1777279800000,2314.59,2317.32,2313.8,2316.01,13165.309
1777280100000,2316.0,2318.58,2316.0,2318.57,9964.584
1777280400000,2318.58,2318.8,2317.45,2318.74,7297.954
1777280700000,2318.74,2319.52,2317.56,2318.0,5278.611
1777281000000,2318.01,2320.68,2317.4,2320.16,6050.783
1777281300000,2320.17,2320.8,2316.5,2317.17,6607.032
1777281600000,2317.17,2318.12,2314.0,2314.73,8290.656
1777281900000,2314.72,2318.46,2314.37,2317.84,4857.827
1777282200000,2317.83,2323.8,2317.12,2322.2,15833.997
1777282500000,2322.21,2322.24,2320.0,2321.45,10002.794
1777282800000,2321.46,2323.67,2320.7,2322.28,6286.833
1777283100000,2322.28,2324.43,2320.59,2320.89,7633.745
1777283400000,2320.89,2322.9,2320.16,2322.9,4763.135
1777283700000,2322.9,2323.23,2320.73,2320.73,3815.935
1777284000000,2320.73,2322.92,2320.17,2321.0,4320.936
1777284300000,2321.01,2321.01,2319.0,2320.91,3936.909
1777284600000,2320.91,2321.6,2319.66,2320.1,1891.062
1777284900000,2320.1,2320.73,2319.0,2320.41,3327.547
1777285200000,2320.4,2320.94,2317.75,2318.33,4591.622
1777285500000,2318.32,2318.6,2316.83,2318.6,5280.796
1777285800000,2318.6,2320.04,2318.0,2318.84,4192.527
1777286100000,2318.83,2319.74,2318.27,2319.01,2171.419
1777286400000,2319.0,2319.78,2317.78,2318.12,1818.016
1777286700000,2318.13,2319.55,2318.0,2318.66,2490.303
1777287000000,2318.66,2321.36,2318.51,2319.51,4341.15
1777287300000,2319.51,2320.38,2318.5,2318.51,2315.137
1777287600000,2318.5,2320.62,2317.09,2317.19,4154.811
1777287900000,2317.2,2319.06,2315.78,2316.19,4846.659
1777288200000,2316.19,2317.62,2315.35,2316.99,4931.245
1777288500000,2316.99,2319.0,2316.31,2319.0,2339.15
1777288800000,2319.0,2320.25,2318.47,2320.05,2759.382
1777289100000,2320.05,2320.8,2319.18,2320.01,2486.309
1777289400000,2320.02,2321.3,2318.81,2318.81,3278.094
1777289700000,2318.82,2319.32,2317.0,2318.24,2105.031
1777290000000,2318.24,2319.0,2318.12,2318.27,1538.969
1777290300000,2318.27,2318.72,2317.4,2317.65,1607.204
1777290600000,2317.66,2318.8,2317.0,2318.45,2669.174
1777290900000,2318.46,2319.39,2318.45,2318.76,1509.326
1777291200000,2318.75,2318.8,2315.1,2315.83,7109.126
1777291500000,2315.84,2316.91,2315.7,2316.81,2158.714
1777291800000,2316.8,2319.64,2316.8,2318.48,3973.256
1777292100000,2318.48,2319.47,2317.92,2318.07,3279.354
1777292400000,2318.08,2318.49,2315.2,2315.5,4261.85
1777292700000,2315.49,2316.92,2313.25,2315.18,9262.266
1777293000000,2315.18,2316.26,2314.31,2314.45,3988.406
1777293300000,2314.45,2315.18,2311.4,2311.79,10285.947
1777293600000,2311.78,2315.42,2311.32,2314.32,8573.532
1777293900000,2314.32,2316.5,2313.01,2316.3,6676.246
1777294200000,2316.3,2316.32,2313.03,2313.38,5532.609
1777294500000,2313.39,2314.0,2311.28,2313.08,5755.122
1777294800000,2313.08,2314.46,2312.15,2313.31,6203.773
1777295100000,2313.31,2314.5,2312.5,2314.49,3465.425
1777295400000,2314.49,2316.24,2313.34,2313.34,7042.085
1777295700000,2313.34,2316.29,2313.0,2314.76,4603.288
1777296000000,2314.77,2316.0,2314.22,2315.7,2047.717
1777296300000,2315.69,2315.69,2312.6,2314.16,4363.74
1777296600000,2314.16,2315.86,2310.24,2312.57,15373.389
1777296900000,2312.57,2317.48,2311.67,2316.16,11579.427
1777297200000,2316.16,2319.9,2312.5,2315.05,15453.255
1777297500000,2315.05,2315.79,2301.32,2305.13,72444.927
1777297800000,2305.14,2310.5,2302.27,2310.5,40481.094
1777298100000,2310.5,2312.8,2308.84,2311.22,15752.913
1777298400000,2311.22,2313.0,2309.51,2309.8,12871.327
1777298700000,2309.8,2316.2,2307.45,2311.37,20945.384
1777299000000,2311.38,2314.18,2309.4,2313.19,9508.976
1777299300000,2313.19,2314.74,2310.0,2313.25,6943.578
1777299600000,2313.25,2313.88,2310.75,2313.76,4595.746
1777299900000,2313.76,2314.37,2311.67,2312.23,3905.423
1777300200000,2312.23,2315.28,2310.43,2314.23,7183.929
1777300500000,2314.24,2326.49,2314.17,2324.48,69566.334
1777300800000,2324.47,2325.5,2319.55,2324.88,18439.924
1777301100000,2324.89,2329.0,2322.53,2327.58,28104.028
1777301400000,2327.57,2328.03,2314.0,2317.92,36439.257
1777301700000,2317.92,2317.98,2310.82,2313.94,21452.367
1777302000000,2313.94,2314.14,2291.42,2295.08,135908.379
1777302300000,2295.08,2301.01,2291.41,2295.51,72560.712
1777302600000,2295.51,2299.77,2292.01,2293.61,37754.325
1777302900000,2293.61,2293.65,2278.02,2281.14,142992.739
1777303200000,2281.14,2284.5,2263.25,2267.45,146141.168
1777303500000,2267.44,2275.83,2264.35,2275.51,52597.895
1777303800000,2275.51,2282.89,2274.3,2280.58,54533.914
1777304100000,2280.57,2281.75,2278.31,2280.93,18960.826
1777304400000,2280.94,2283.18,2279.32,2281.29,17767.375
1777304700000,2281.3,2281.3,2272.55,2272.71,26307.403
1777305000000,2272.71,2276.62,2271.47,2275.56,17130.404
1777305300000,2275.57,2276.13,2272.15,2273.75,11202.879
1777305600000,2273.75,2274.96,2268.88,2273.24,30886.05
1777305900000,2273.23,2276.75,2272.36,2275.3,20778.165
1777306200000,2275.31,2277.23,2273.92,2276.76,10352.41
1777306500000,2276.75,2279.42,2276.56,2277.76,12575.694
1777306800000,2277.77,2278.29,2274.67,2275.25,8228.304
1777307100000,2275.24,2277.0,2275.0,2275.17,4629.547
1777307400000,2275.16,2278.45,2275.16,2275.8,11419.285
1777307700000,2275.8,2276.91,2273.02,2275.14,5847.951
1777308000000,2275.14,2275.14,2272.59,2274.03,6480.45
1777308300000,2274.03,2277.92,2273.7,2276.01,6936.23
1777308600000,2276.01,2277.92,2275.57,2276.53,3612.917
1777308900000,2276.53,2277.12,2273.0,2276.56,7948.905
1777309200000,2276.57,2282.39,2276.56,2281.58,14517.004
1777309500000,2281.57,2281.67,2278.42,2279.5,10246.677
1777309800000,2279.5,2281.0,2278.21,2280.01,3299.52
1777310100000,2280.01,2281.72,2278.14,2280.2,6388.99
1777310400000,2280.21,2285.68,2279.0,2284.32,17738.394
1777310700000,2284.32,2288.88,2284.09,2286.47,18352.936
1777311000000,2286.47,2291.28,2286.46,2290.19,17564.659
1777311300000,2290.19,2291.09,2288.31,2289.16,6993.759
1777311600000,2289.15,2289.73,2285.0,2289.21,11776.484
1777311900000,2289.2,2290.0,2287.71,2288.67,6918.498
1777312200000,2288.66,2288.69,2285.1,2286.82,7183.823
1777312500000,2286.81,2287.25,2285.33,2285.53,4133.186
1777312800000,2285.52,2288.2,2284.05,2286.61,4384.19
1777313100000,2286.62,2287.76,2284.05,2284.26,4462.311
1777313400000,2284.25,2286.98,2284.09,2286.8,5063.85
1777313700000,2286.8,2290.63,2286.61,2287.63,3870.968
1777314000000,2287.63,2289.16,2285.34,2287.77,2087.05
1777314300000,2287.76,2287.76,2283.15,2284.5,6297.232
1777314600000,2284.5,2287.13,2283.57,2286.36,4987.296
1777314900000,2286.35,2288.38,2285.82,2287.27,2873.073
1777315200000,2287.27,2288.5,2287.0,2287.93,2331.264
1777315500000,2287.93,2289.99,2286.69,2288.44,4006.649
1777315800000,2288.44,2289.5,2287.51,2288.29,2482.486
1777316100000,2288.29,2289.0,2286.9,2287.24,2042.656
1777316400000,2287.23,2288.68,2285.25,2285.65,3098.909
1777316700000,2285.65,2286.32,2284.0,2286.26,2895.728
1777317000000,2286.27,2289.94,2286.04,2289.1,2327.448
1777317300000,2289.1,2289.64,2286.65,2286.72,4064.731
1777317600000,2286.71,2286.94,2284.5,2284.5,4034.301
1777317900000,2284.5,2284.6,2277.59,2279.07,19069.418
1777318200000,2279.07,2280.71,2273.03,2280.43,22122.457
1777318500000,2280.42,2282.79,2280.04,2282.26,8227.106
1777318800000,2282.27,2286.78,2282.26,2285.79,5576.602
1777319100000,2285.79,2287.6,2285.12,2286.59,3885.702
1777319400000,2286.59,2286.97,2285.24,2286.07,4432.8
1777319700000,2286.07,2287.86,2285.41,2287.86,4214.706
1777320000000,2287.86,2292.6,2287.79,2292.59,15135.672
1777320300000,2292.6,2295.6,2291.01,2292.75,11663.831
1777320600000,2292.75,2293.59,2289.34,2289.96,6315.139
1777320900000,2289.96,2291.91,2289.96,2290.95,2284.207
1777321200000,2290.96,2292.0,2289.99,2291.63,908.146
1777321500000,2291.62,2291.98,2290.41,2291.64,1894.542
1777321800000,2291.63,2293.0,2291.28,2292.03,3308.77
1777322100000,2292.03,2294.42,2291.77,2292.22,4556.155
1777322400000,2292.22,2292.28,2290.38,2291.25,1406.124
1777322700000,2291.25,2291.48,2289.7,2290.35,1908.581
1777323000000,2290.35,2291.0,2290.1,2290.5,1399.032
1777323300000,2290.5,2291.44,2290.12,2290.23,2829.256
1777323600000,2290.23,2290.23,2287.0,2288.21,3048.18
1777323900000,2288.2,2288.3,2287.12,2287.13,1427.307
1777324200000,2287.13,2288.69,2285.6,2287.76,4332.051
1777324500000,2287.76,2289.64,2287.21,2287.54,1191.882
1777324800000,2287.53,2287.78,2286.99,2286.99,2249.295
1777325100000,2286.99,2289.21,2286.27,2288.17,1342.217
1777325400000,2288.17,2290.62,2288.16,2290.29,1545.979
1777325700000,2290.28,2291.0,2289.25,2289.4,2162.841
1777326000000,2289.41,2290.52,2288.57,2289.47,1347.284
1777326300000,2289.47,2289.47,2287.29,2289.0,1305.569
1777326600000,2289.0,2289.69,2287.47,2287.47,1772.775
1777326900000,2287.47,2287.75,2285.91,2286.09,1532.158
1777327200000,2286.09,2287.32,2285.1,2285.1,3958.17
1777327500000,2285.11,2288.76,2283.23,2287.33,5897.807
1777327800000,2287.33,2288.44,2287.0,2287.81,1413.141
1777328100000,2287.81,2288.93,2287.47,2288.02,2346.167
1777328400000,2288.02,2288.76,2287.56,2287.56,1827.638
1777328700000,2287.56,2290.83,2287.34,2290.83,5226.298
1777329000000,2290.83,2293.58,2289.64,2289.65,5783.838
1777329300000,2289.66,2291.41,2289.65,2290.51,2205.922
1777329600000,2290.51,2292.95,2290.39,2292.09,2712.857
1777329900000,2292.09,2294.94,2292.08,2293.81,6221.11
1777330200000,2293.8,2293.81,2291.96,2293.38,3421.518
1777330500000,2293.38,2293.49,2292.51,2293.08,2790.31
1777330800000,2293.08,2293.45,2291.28,2292.06,4216.511
1777331100000,2292.05,2292.09,2290.01,2290.01,2682.833
1777331400000,2290.0,2290.9,2289.73,2289.97,2713.417
1777331700000,2289.98,2295.32,2289.97,2292.99,8590.953
1777332000000,2292.98,2293.84,2292.35,2292.43,2568.648
1777332300000,2292.43,2292.88,2292.11,2292.11,1174.538
1777332600000,2292.12,2295.59,2292.11,2294.99,3342.007
1777332900000,2294.99,2295.64,2294.0,2294.46,2711.688
1777333200000,2294.46,2299.67,2294.1,2298.32,29430.924
1777333500000,2298.32,2299.23,2296.81,2298.58,10138.108
1777333800000,2298.59,2306.87,2297.58,2306.68,36137.717
1777334100000,2306.67,2307.57,2301.55,2302.7,12063.748
1777334400000,2302.7,2303.6,2299.32,2300.29,10014.62
1777334700000,2300.28,2305.0,2299.53,2304.36,6994.416
1777335000000,2304.37,2305.65,2302.0,2302.82,6293.039
1777335300000,2302.82,2305.0,2300.35,2300.35,6530.811
1777335600000,2300.35,2301.96,2298.58,2299.07,7426.271
1777335900000,2299.08,2300.32,2298.01,2298.97,6199.133
1777336200000,2298.97,2301.05,2298.22,2298.52,5395.233
1777336500000,2298.52,2304.99,2298.52,2303.17,4295.384
1777336800000,2303.17,2306.9,2302.88,2305.56,7793.279
1777337100000,2305.56,2309.99,2305.22,2307.36,13528.198
1777337400000,2307.37,2307.84,2304.7,2307.0,6394.481
1777337700000,2307.0,2307.7,2305.33,2305.41,3054.285
1777338000000,2305.4,2306.9,2304.3,2306.44,5439.372
1777338300000,2306.44,2307.6,2305.31,2306.48,3015.478
1777338600000,2306.49,2307.35,2305.75,2306.2,4906.334
1777338900000,2306.2,2306.82,2303.23,2303.23,3917.989
1777339200000,2303.23,2305.68,2303.03,2304.84,4630.019
1777339500000,2304.84,2305.3,2302.44,2303.81,4621.187
1777339800000,2303.82,2303.82,2298.28,2298.4,9061.41
1777340100000,2298.41,2301.95,2298.22,2301.27,7846.725
1777340400000,2301.27,2301.27,2296.4,2297.79,9805.269
1777340700000,2297.78,2300.2,2296.2,2298.91,6795.009
1777341000000,2298.9,2299.2,2297.25,2299.04,3776.959
1777341300000,2299.04,2299.09,2297.07,2297.47,4872.216
1777341600000,2297.47,2299.5,2295.54,2298.56,7920.298
1777341900000,2298.56,2299.7,2297.21,2297.72,3727.55
1777342200000,2297.72,2298.49,2296.21,2297.2,2809.859
1777342500000,2297.2,2299.37,2295.44,2298.63,5194.784
1777342800000,2298.64,2298.97,2296.0,2296.53,4260.625
1777343100000,2296.53,2296.73,2291.35,2292.01,17097.972
1777343400000,2292.01,2293.65,2290.8,2291.83,8229.2
1777343700000,2291.83,2291.89,2280.21,2280.99,46367.885
1777344000000,2280.99,2284.45,2280.09,2280.11,17390.83
1777344300000,2280.11,2282.86,2278.63,2281.75,13294.585
1777344600000,2281.75,2287.77,2281.75,2287.32,18691.664
1777344900000,2287.32,2288.38,2285.97,2287.6,6096.932
1777345200000,2287.59,2288.17,2284.3,2284.31,6907.77
1777345500000,2284.3,2285.85,2280.94,2283.3,13090.906
1777345800000,2283.29,2284.3,2282.72,2283.78,3170.144
1777346100000,2283.77,2285.0,2283.01,2283.01,3414.223
1777346400000,2283.01,2284.7,2281.71,2281.99,7145.187
1777346700000,2281.99,2284.15,2281.99,2283.76,3917.325
1777347000000,2283.76,2287.98,2283.19,2286.9,5324.666
1777347300000,2286.9,2287.35,2285.8,2286.35,2849.584
1777347600000,2286.34,2286.52,2284.45,2285.4,2751.654
1777347900000,2285.4,2287.65,2284.58,2287.6,2972.329
1777348200000,2287.59,2288.28,2286.43,2287.75,2971.534
1777348500000,2287.74,2289.75,2287.74,2289.64,5013.502
1777348800000,2289.64,2289.76,2287.45,2287.64,3167.38
1777349100000,2287.64,2289.0,2287.37,2288.68,2461.01
1777349400000,2288.68,2291.3,2288.52,2291.04,11419.515
1777349700000,2291.02,2293.46,2287.35,2287.36,8462.115
1777350000000,2287.35,2288.0,2283.64,2284.51,9104.432
1777350300000,2284.51,2285.37,2281.8,2285.19,8488.748
1777350600000,2285.2,2286.62,2284.47,2285.35,6678.941
1777350900000,2285.34,2285.34,2282.0,2283.85,7548.058
1777351200000,2283.86,2291.45,2283.85,2287.33,14280.214
1777351500000,2287.34,2289.72,2287.33,2289.72,3292.335
1777351800000,2289.72,2289.98,2288.72,2288.73,2030.288
1777352100000,2288.73,2288.73,2287.2,2287.37,1903.304
1777352400000,2287.37,2291.26,2287.37,2291.26,6485.01
1777352700000,2291.26,2293.0,2289.51,2289.51,10018.64
1777353000000,2289.51,2289.66,2287.51,2288.47,3317.529
1777353300000,2288.47,2288.62,2286.41,2288.49,3598.788
1777353600000,2288.49,2289.82,2287.79,2289.82,2269.958
1777353900000,2289.81,2296.24,2289.52,2293.25,15712.752
1777354200000,2293.25,2293.83,2291.77,2291.86,5531.614
1777354500000,2291.86,2291.9,2287.14,2287.2,7811.808
1777354800000,2287.21,2288.0,2285.2,2287.0,5211.62
1777355100000,2287.0,2288.92,2287.0,2288.36,3339.045
1777355400000,2288.36,2289.46,2287.49,2287.71,4908.68
1777355700000,2287.7,2288.59,2286.68,2286.75,2984.624
1777356000000,2286.76,2288.56,2286.42,2288.42,5471.134
1777356300000,2288.42,2289.67,2288.08,2289.06,5982.662
1777356600000,2289.07,2289.75,2287.95,2288.49,1786.465
1777356900000,2288.49,2288.88,2286.43,2286.66,2317.359
1777357200000,2286.67,2286.78,2283.0,2283.33,8508.704
1777357500000,2283.33,2285.15,2282.21,2284.99,8258.041
1777357800000,2285.0,2285.68,2282.8,2284.1,4284.687
1777358100000,2284.1,2284.78,2276.33,2278.58,41676.876
1777358400000,2278.58,2278.93,2267.25,2270.79,49067.188
1777358700000,2270.78,2273.74,2268.6,2273.35,23129.574
1777359000000,2273.35,2276.16,2273.35,2275.6,14235.579
1777359300000,2275.6,2278.24,2275.0,2276.4,6312.014
1777359600000,2276.4,2277.77,2274.77,2276.5,10512.041
1777359900000,2276.5,2277.77,2274.06,2274.16,4675.396
1777360200000,2274.16,2274.65,2272.0,2273.04,13548.201
1777360500000,2273.05,2273.68,2268.88,2271.59,17852.583
1777360800000,2271.6,2276.78,2271.01,2276.5,17006.225
1777361100000,2276.49,2277.25,2275.0,2276.94,5071.541
1777361400000,2276.94,2279.47,2276.03,2278.16,7804.589
1777361700000,2278.16,2282.33,2278.08,2281.75,10690.807
1777362000000,2281.75,2283.45,2280.69,2281.44,6931.153
1777362300000,2281.45,2282.61,2280.59,2281.84,4416.82
1777362600000,2281.83,2285.91,2281.83,2284.5,12559.96
1777362900000,2284.5,2288.0,2283.91,2286.6,25084.661
1777363200000,2286.61,2286.84,2284.04,2284.21,6999.364
1777363500000,2284.2,2285.0,2283.22,2283.23,4446.364
1777363800000,2283.23,2285.77,2282.31,2285.39,7997.557
1777364100000,2285.38,2289.43,2285.38,2286.08,11180.201
1777364400000,2286.09,2287.8,2284.77,2284.77,5329.443
1777364700000,2284.78,2289.5,2283.76,2289.5,7062.554
1777365000000,2289.5,2290.98,2287.2,2289.22,11443.228
1777365300000,2289.22,2289.22,2286.71,2286.71,4064.716
1777365600000,2286.71,2286.71,2283.4,2284.54,6049.212
1777365900000,2284.54,2285.0,2282.6,2284.11,5663.621
1777366200000,2284.12,2285.37,2282.71,2284.65,4738.167
1777366500000,2284.64,2286.7,2284.64,2286.11,2561.326
1777366800000,2286.1,2286.51,2283.64,2284.47,2714.899
1777367100000,2284.47,2285.87,2283.45,2285.87,2062.234
1777367400000,2285.87,2286.39,2284.62,2286.1,1915.308
1777367700000,2286.1,2287.36,2284.53,2287.36,4461.094
1777368000000,2287.36,2287.36,2285.64,2286.18,2059.939
1777368300000,2286.18,2287.51,2285.22,2287.28,2053.441
1777368600000,2287.28,2287.28,2282.58,2283.24,4410.417
1777368900000,2283.24,2284.01,2281.95,2283.51,6751.427
1777369200000,2283.51,2283.58,2281.9,2281.9,2600.738
1777369500000,2281.91,2282.0,2278.57,2278.79,9998.955
1777369800000,2278.8,2282.29,2275.35,2281.46,17063.743
1777370100000,2281.46,2282.33,2280.62,2281.4,3999.028
1777370400000,2281.4,2285.0,2281.0,2283.71,9823.671
1777370700000,2283.71,2283.71,2281.49,2281.93,3734.686
1777371000000,2281.93,2282.12,2280.67,2280.67,2567.774
1777371300000,2280.67,2282.39,2279.61,2282.18,5313.537
1777371600000,2282.18,2282.65,2280.6,2280.6,3397.94
1777371900000,2280.6,2281.94,2280.5,2281.63,2056.48
1777372200000,2281.63,2284.99,2281.32,2283.88,5331.603
1777372500000,2283.87,2284.0,2282.87,2282.87,1851.833
1777372800000,2282.87,2285.0,2282.87,2284.72,3578.735
1777373100000,2284.72,2285.71,2283.79,2285.58,3693.181
1777373400000,2285.58,2286.35,2285.4,2285.53,3396.603
1777373700000,2285.53,2286.02,2282.14,2283.23,3572.772
1777374000000,2283.24,2284.23,2278.62,2278.89,6572.427
1777374300000,2278.9,2279.45,2276.4,2278.01,8062.201
1777374600000,2278.0,2278.31,2275.79,2276.65,7605.882
1777374900000,2276.64,2276.82,2271.51,2273.58,27440.068
1777375200000,2273.58,2277.77,2273.0,2277.7,8397.346
1777375500000,2277.7,2278.28,2272.26,2275.64,9043.148
1777375800000,2275.64,2275.97,2272.71,2274.97,7082.883
1777376100000,2274.97,2275.13,2270.57,2271.5,11106.317
1777376400000,2271.5,2274.19,2270.35,2274.08,8999.489
1777376700000,2274.09,2274.8,2269.0,2269.7,14051.559
1777377000000,2269.71,2271.94,2269.3,2271.76,14511.359
1777377300000,2271.76,2274.58,2271.76,2274.58,9559.279
1777377600000,2274.58,2276.15,2273.07,2274.42,8399.002
1777377900000,2274.41,2276.67,2274.14,2274.52,6942.514
1777378200000,2274.51,2278.99,2273.14,2276.83,8775.781
1777378500000,2276.84,2277.32,2272.11,2273.19,5260.609
1777378800000,2273.18,2280.25,2272.98,2273.7,25110.811
1777379100000,2273.69,2273.95,2272.0,2272.82,6008.699
1777379400000,2272.8,2274.5,2270.45,2274.04,10811.741
1777379700000,2274.04,2276.15,2273.18,2275.82,8541.558
1777380000000,2275.82,2277.53,2274.33,2276.46,4891.161
1777380300000,2276.46,2278.98,2275.5,2278.2,9699.107
1777380600000,2278.2,2278.5,2276.33,2276.48,4031.127
1777380900000,2276.49,2277.5,2275.66,2277.28,2182.522
1777381200000,2277.27,2277.27,2274.0,2274.0,5289.179
1777381500000,2274.01,2274.07,2261.2,2263.74,82985.911
1777381800000,2263.73,2268.68,2256.3,2266.72,74890.573
1777382100000,2266.73,2268.05,2263.2,2266.39,12903.529
1777382400000,2266.38,2268.48,2266.35,2267.28,8065.898
1777382700000,2267.28,2273.3,2264.34,2270.61,28702.956
1777383000000,2270.61,2272.73,2264.32,2269.76,29674.746
1777383300000,2269.76,2275.32,2269.18,2273.52,28730.909
1777383600000,2273.51,2277.35,2270.51,2275.63,15078.315
1777383900000,2275.63,2285.7,2275.0,2279.52,63703.414
1777384200000,2279.52,2280.3,2274.13,2275.0,20236.662
1777384500000,2275.0,2276.32,2268.63,2275.07,33916.437
1777384800000,2275.08,2275.68,2267.66,2271.28,13492.977
1777385100000,2271.27,2275.26,2271.11,2271.65,6669.821
1777385400000,2271.65,2273.29,2270.16,2271.54,5121.869
1777385700000,2271.53,2272.0,2266.24,2268.57,13858.617
1777386000000,2268.57,2270.76,2265.14,2266.66,12896.893
1777386300000,2266.66,2267.99,2262.19,2265.67,24203.884
1777386600000,2265.68,2269.0,2264.47,2265.33,9710.574
1777386900000,2265.33,2265.34,2258.65,2264.28,29084.003
1777387200000,2264.27,2271.18,2262.15,2270.53,21279.53
1777387500000,2270.53,2271.2,2265.15,2266.0,14608.583
1777387800000,2266.0,2267.55,2263.0,2266.55,10837.098
1777388100000,2266.54,2272.45,2266.0,2272.25,25423.376
1777388400000,2272.24,2277.0,2272.21,2274.08,26200.634
1777388700000,2274.07,2274.8,2268.0,2272.44,10410.173
1777389000000,2272.45,2273.67,2271.1,2272.72,5192.212
1777389300000,2272.71,2273.86,2270.69,2273.55,6802.736
1777389600000,2273.55,2275.24,2272.01,2274.49,8637.567
1777389900000,2274.5,2274.56,2271.38,2272.27,6796.679
1777390200000,2272.27,2272.48,2269.0,2271.09,8577.33
1777390500000,2271.08,2273.9,2269.14,2273.34,6678.666
1777390800000,2273.33,2275.68,2271.69,2272.35,8414.327
1777391100000,2272.34,2275.68,2271.3,2274.78,5822.629
1777391400000,2274.77,2279.68,2274.4,2278.83,22830.386
1777391700000,2278.83,2279.3,2276.68,2278.27,8920.71
1777392000000,2278.27,2280.95,2276.12,2277.66,17001.349
1777392300000,2277.66,2279.2,2275.05,2277.64,5733.212
1777392600000,2277.64,2277.88,2274.19,2277.0,6160.54
1777392900000,2277.01,2277.5,2274.36,2276.92,3712.084
1777393200000,2276.92,2279.5,2276.92,2277.24,5103.139
1777393500000,2277.24,2278.01,2276.0,2276.13,3422.51
1777393800000,2276.13,2277.99,2274.3,2274.43,4152.149
1777394100000,2274.42,2275.22,2273.0,2274.29,5010.635
1777394400000,2274.29,2275.22,2273.02,2274.0,2967.0
1777394700000,2274.0,2276.32,2273.7,2275.13,3411.538
1777395000000,2275.13,2287.42,2275.01,2285.55,49304.413
1777395300000,2285.56,2286.44,2283.65,2284.76,15007.44
1777395600000,2284.76,2287.1,2281.2,2282.99,17780.543
1777395900000,2282.99,2283.0,2280.3,2282.44,6890.915
1777396200000,2282.44,2282.44,2279.45,2280.74,5271.516
1777396500000,2280.74,2280.89,2277.53,2277.75,6949.42
1777396800000,2277.73,2283.88,2277.73,2283.44,6750.746
1777397100000,2283.44,2285.44,2282.15,2284.01,6351.228
1777397400000,2284.0,2288.99,2283.93,2288.55,11450.525
1777397700000,2288.55,2292.2,2288.55,2289.75,24520.491
1777398000000,2289.75,2291.24,2288.34,2289.99,6547.302
1777398300000,2290.0,2291.54,2288.73,2289.98,5327.367
1777398600000,2289.98,2291.16,2286.3,2286.57,6275.241
1777398900000,2286.56,2290.0,2286.56,2289.17,4123.135
1777399200000,2289.17,2292.19,2287.79,2292.01,19441.143
1777399500000,2292.0,2293.89,2286.33,2288.11,17300.913
1777399800000,2288.1,2289.43,2286.39,2287.61,7009.554
1777400100000,2287.61,2292.64,2287.6,2292.06,14841.965
1777400400000,2292.06,2293.88,2291.02,2293.67,7562.551
1777400700000,2293.67,2294.79,2292.29,2292.99,7023.392
1777401000000,2292.99,2294.4,2291.17,2291.17,16066.037
1777401300000,2291.17,2293.2,2290.88,2291.82,5767.895
1777401600000,2291.81,2291.82,2289.6,2289.6,6933.191
1777401900000,2289.6,2290.12,2286.87,2287.97,19070.678
1777402200000,2287.97,2292.79,2287.23,2291.37,7977.891
1777402500000,2291.37,2297.66,2291.0,2295.84,23409.64
1777402800000,2295.85,2295.94,2292.28,2292.35,6910.312
1777403100000,2292.35,2294.88,2291.6,2292.7,4592.751
1777403400000,2292.7,2293.26,2290.56,2290.99,3525.468
1777403700000,2290.99,2291.36,2289.51,2290.17,3746.786
1777404000000,2290.17,2291.24,2289.01,2290.87,4434.187
1777404300000,2290.87,2292.41,2290.17,2290.86,4265.943
1777404600000,2290.86,2291.59,2290.0,2290.65,1491.14
1777404900000,2290.66,2293.68,2290.42,2293.67,2583.835
1777405200000,2293.67,2298.5,2292.87,2297.99,13011.422
1777405500000,2297.98,2302.53,2296.46,2297.82,26624.81
1777405800000,2297.81,2303.69,2296.71,2302.54,19908.643
1777406100000,2302.55,2304.85,2299.17,2300.87,25542.877
1777406400000,2300.87,2304.0,2300.54,2303.99,7526.85
1777406700000,2304.0,2304.8,2299.07,2299.99,8295.474
1777407000000,2299.99,2300.99,2297.99,2299.52,8499.767
1777407300000,2299.51,2299.61,2297.67,2298.59,4802.43
1777407600000,2298.58,2298.99,2297.41,2297.99,3699.91
1777407900000,2297.99,2298.23,2296.0,2296.19,4815.771
1777408200000,2296.18,2298.3,2295.83,2297.0,4287.482
1777408500000,2297.0,2297.01,2295.84,2296.36,3064.408
1777408800000,2296.37,2296.69,2294.75,2295.05,3809.223
1777409100000,2295.04,2297.6,2295.04,2297.59,2507.538
1777409400000,2297.6,2298.0,2295.84,2295.84,3506.85
1777409700000,2295.84,2295.84,2294.34,2294.34,3053.376
1777410000000,2294.34,2296.33,2294.34,2295.56,4136.173
1777410300000,2295.57,2295.57,2291.03,2291.69,8179.864
1777410600000,2291.7,2292.12,2288.59,2290.41,8169.855
1777410900000,2290.41,2291.23,2288.9,2289.35,4612.252
1777411200000,2289.36,2289.85,2288.11,2288.6,3871.092
1777411500000,2288.6,2289.0,2286.35,2286.87,3922.235
1777411800000,2286.86,2289.52,2286.6,2287.7,3371.784
1777412100000,2287.7,2289.56,2287.0,2288.31,4367.377
1777412400000,2288.32,2289.63,2285.2,2286.64,6248.708
1777412700000,2286.63,2288.45,2285.31,2287.2,4775.173
1777413000000,2287.19,2288.11,2283.5,2286.95,6654.45
1777413300000,2286.95,2291.0,2286.36,2289.31,6976.363
1777413600000,2289.3,2291.0,2289.0,2290.61,4006.976
1777413900000,2290.61,2293.62,2290.61,2293.1,6415.735
1777414200000,2293.11,2293.11,2288.67,2289.01,2471.653
1777414500000,2289.01,2289.95,2288.11,2288.11,2004.315
1777414800000,2288.11,2288.81,2287.44,2288.66,2572.324
1777415100000,2288.66,2288.8,2288.1,2288.4,2058.716
1777415400000,2288.4,2288.93,2287.5,2288.36,2134.595
1777415700000,2288.36,2288.95,2286.84,2286.84,1867.701
1777416000000,2286.85,2286.85,2285.6,2286.05,3206.401
1777416300000,2286.04,2286.23,2285.31,2285.85,3475.999
1777416600000,2285.84,2285.85,2284.03,2284.16,5101.876
1777416900000,2284.15,2285.29,2284.15,2285.28,2751.475
1777417200000,2285.28,2285.36,2282.15,2285.36,6918.439
1777417500000,2285.36,2286.98,2285.08,2286.36,3657.943
1777417800000,2286.35,2287.65,2286.12,2287.03,1263.516
1777418100000,2287.03,2288.06,2285.36,2285.73,4000.944
1777418400000,2285.74,2286.54,2285.37,2286.53,1275.282
1777418700000,2286.53,2286.72,2283.84,2285.04,4468.627
1777419000000,2285.04,2285.86,2284.02,2284.02,2156.877
1777419300000,2284.03,2285.6,2284.0,2285.59,3102.887
1777419600000,2285.58,2286.24,2285.2,2286.01,1315.075
1777419900000,2286.0,2288.65,2285.77,2287.42,2667.507
1777420200000,2287.42,2288.29,2286.67,2288.29,1973.997
1777420500000,2288.28,2289.41,2287.08,2288.27,2739.623
1777420800000,2288.26,2289.94,2287.12,2288.55,5659.245
1777421100000,2288.54,2289.26,2286.84,2287.99,2185.26
1777421400000,2287.99,2288.0,2286.2,2287.55,3309.851
1777421700000,2287.55,2288.0,2285.69,2287.99,3433.726
1777422000000,2288.0,2288.0,2286.09,2286.82,1697.091
1777422300000,2286.83,2286.83,2285.0,2285.77,2957.811
1777422600000,2285.78,2286.78,2284.35,2284.56,2332.398
1777422900000,2284.55,2285.83,2284.32,2285.83,2001.632
1777423200000,2285.83,2289.0,2285.82,2288.01,4153.661
1777423500000,2288.02,2289.52,2287.43,2288.24,4458.661
1777423800000,2288.23,2292.62,2287.46,2291.95,8617.203
1777424100000,2291.95,2293.96,2291.0,2291.5,10024.41
1777424400000,2291.5,2291.5,2288.2,2289.88,6561.35
1777424700000,2289.88,2290.27,2280.6,2283.6,18828.685
1777425000000,2283.6,2285.64,2282.6,2283.25,11386.685
1777425300000,2283.26,2287.06,2278.06,2281.93,40319.919
1777425600000,2281.93,2282.79,2279.6,2281.65,9476.761
1777425900000,2281.65,2282.4,2281.0,2281.01,3238.76
1777426200000,2281.0,2281.62,2278.01,2281.34,9872.251
1777426500000,2281.34,2284.5,2281.33,2282.43,7766.266
1777426800000,2282.43,2286.24,2282.43,2285.88,5614.94
1777427100000,2285.87,2295.94,2285.0,2295.07,24652.135
1777427400000,2295.07,2296.37,2291.19,2291.27,15530.931
1777427700000,2291.27,2292.06,2290.45,2291.56,4763.479
1777428000000,2291.57,2294.8,2290.16,2290.71,10452.438
1777428300000,2290.72,2294.22,2290.2,2292.98,5088.682
1777428600000,2292.98,2292.99,2290.54,2291.71,5088.379
1777428900000,2291.7,2292.98,2290.44,2292.41,4867.39
1777429200000,2292.41,2292.41,2289.38,2289.85,4898.743
1777429500000,2289.84,2290.98,2288.55,2288.69,3848.142
1777429800000,2288.69,2288.96,2283.55,2286.0,16112.814
1777430100000,2285.99,2286.26,2285.31,2285.5,2557.251
1777430400000,2285.5,2286.31,2285.48,2285.91,2159.908
1777430700000,2285.9,2287.29,2285.49,2287.02,3173.033
1777431000000,2287.03,2288.3,2286.66,2287.24,4474.695
1777431300000,2287.24,2287.99,2286.66,2287.99,1762.269
1777431600000,2288.0,2290.18,2287.01,2287.01,4707.368
1777431900000,2287.0,2289.5,2287.0,2289.5,1350.45
1777432200000,2289.5,2291.31,2289.31,2290.87,3162.103
1777432500000,2290.87,2301.67,2290.86,2298.95,32411.36
1777432800000,2298.96,2301.26,2297.8,2299.03,45752.029
1777433100000,2299.03,2300.0,2297.81,2299.88,12884.827
1777433400000,2299.88,2300.44,2297.25,2298.0,8167.924
1777433700000,2297.99,2308.96,2297.7,2305.96,60210.183
1777434000000,2305.96,2316.65,2304.0,2313.37,72443.293
1777434300000,2313.37,2314.79,2309.7,2310.53,21594.47
1777434600000,2310.53,2311.66,2308.06,2310.25,12452.0
1777434900000,2310.25,2311.5,2308.5,2310.76,9737.721
1777435200000,2310.76,2311.66,2308.44,2308.8,10845.418
1777435500000,2308.81,2310.25,2308.8,2309.22,6205.576
1777435800000,2309.22,2309.93,2308.39,2308.9,5814.699
1777436100000,2308.9,2312.57,2308.9,2312.56,6883.046
1777436400000,2312.56,2315.53,2311.83,2312.79,15453.724
1777436700000,2312.79,2313.96,2312.18,2313.29,6669.707
1777437000000,2313.29,2326.69,2313.0,2325.52,76211.146
1777437300000,2325.52,2332.72,2323.66,2329.91,82678.408
1777437600000,2329.91,2341.88,2329.9,2333.08,93893.827
1777437900000,2333.08,2335.49,2331.45,2332.52,37765.867
1777438200000,2332.51,2334.8,2328.88,2328.88,19114.333
1777438500000,2328.89,2330.0,2325.22,2326.01,23038.321
1777438800000,2326.0,2327.5,2321.11,2325.77,31572.169
1777439100000,2325.77,2329.1,2325.43,2327.27,14271.242
1777439400000,2327.28,2327.46,2323.75,2324.5,10827.264
1777439700000,2324.51,2325.36,2322.18,2324.49,9083.373
1777440000000,2324.49,2326.19,2324.43,2325.67,8177.79
1777440300000,2325.66,2326.2,2324.01,2326.18,5088.983
1777440600000,2326.18,2326.45,2324.23,2324.23,5405.376
1777440900000,2324.23,2325.59,2323.55,2325.58,5657.673
1777441200000,2325.59,2325.9,2324.1,2325.75,5174.446
1777441500000,2325.75,2331.65,2325.75,2329.54,19955.927
1777441800000,2329.54,2330.59,2327.73,2328.51,10649.23
1777442100000,2328.5,2328.64,2326.59,2327.99,4521.935
1777442400000,2327.99,2329.86,2327.33,2328.79,8202.663
1777442700000,2328.79,2336.0,2328.78,2333.13,35505.749
1777443000000,2333.12,2334.67,2329.06,2330.1,11006.843
1777443300000,2330.09,2331.0,2328.47,2329.79,8753.839
1777443600000,2329.8,2329.96,2326.66,2327.17,5762.818
1777443900000,2327.17,2328.0,2326.29,2327.92,9803.773
1777444200000,2327.91,2328.71,2325.51,2325.92,7655.871
1777444500000,2325.93,2327.0,2322.17,2325.41,13410.188
1777444800000,2325.41,2327.99,2325.3,2325.31,4532.824
1777445100000,2325.31,2326.53,2324.77,2324.77,4511.453
1777445400000,2324.77,2324.78,2319.0,2322.18,27213.238
1777445700000,2322.19,2323.99,2320.65,2323.68,12713.992
1777446000000,2323.69,2324.97,2323.15,2324.16,9458.376
1777446300000,2324.16,2324.91,2322.78,2323.01,6870.126
1777446600000,2323.0,2325.73,2321.81,2325.72,6604.838
1777446900000,2325.72,2326.0,2322.19,2322.61,3985.633
1777447200000,2322.62,2323.44,2322.0,2322.56,3976.408
1777447500000,2322.56,2324.69,2321.57,2322.37,5859.217
1777447800000,2322.36,2328.45,2322.34,2327.12,8833.25
1777448100000,2327.12,2329.8,2326.24,2326.24,8983.159
1777448400000,2326.24,2327.56,2325.26,2326.24,3324.846
1777448700000,2326.24,2326.55,2321.25,2324.7,9409.449
1777449000000,2324.7,2324.95,2322.31,2322.83,3794.23
1777449300000,2322.83,2323.62,2320.79,2322.79,10015.11
1777449600000,2322.79,2324.64,2322.23,2322.73,5432.204
1777449900000,2322.73,2323.06,2320.07,2321.98,11610.948
1777450200000,2321.97,2324.37,2321.28,2323.39,8983.446
1777450500000,2323.39,2327.65,2322.88,2326.97,7892.227
1777450800000,2326.97,2328.0,2324.5,2326.09,6213.339
1777451100000,2326.08,2327.16,2325.01,2325.01,2586.877
1777451400000,2325.01,2325.01,2321.05,2321.59,7843.164
1777451700000,2321.6,2323.52,2320.56,2323.51,6309.216
1777452000000,2323.52,2325.0,2322.06,2324.83,4013.415
1777452300000,2324.84,2325.23,2322.83,2322.83,2443.62
1777452600000,2322.83,2324.53,2322.6,2324.01,2716.705
1777452900000,2324.01,2325.25,2323.0,2324.42,2524.179
1777453200000,2324.41,2325.75,2323.41,2324.01,3180.926
1777453500000,2324.01,2324.01,2322.0,2323.4,3026.726
1777453800000,2323.41,2327.67,2322.73,2326.43,10191.128
1777454100000,2326.44,2328.2,2325.6,2327.65,8254.113
1777454400000,2327.65,2330.0,2326.62,2327.83,9392.716
1777454700000,2327.84,2327.84,2326.49,2326.98,2517.129
1777455000000,2326.99,2331.2,2326.69,2329.55,8866.4
1777455300000,2329.55,2332.33,2327.26,2328.63,14777.077
1777455600000,2328.63,2330.0,2328.0,2329.69,4350.633
1777455900000,2329.69,2344.8,2329.25,2341.67,80095.062
1777456200000,2341.67,2346.27,2338.74,2341.64,53016.393
1777456500000,2341.65,2343.99,2337.51,2338.51,19430.414
1777456800000,2338.51,2342.88,2338.14,2339.73,16256.238
1777457100000,2339.73,2341.93,2338.73,2341.0,10720.238
1777457400000,2340.99,2342.88,2339.56,2342.88,11421.24
1777457700000,2342.87,2346.0,2341.51,2342.62,21931.018
1777458000000,2342.61,2343.98,2339.67,2340.53,12832.512
1777458300000,2340.54,2345.27,2340.54,2344.55,10062.394
1777458600000,2344.54,2345.26,2341.72,2342.0,8403.079
1777458900000,2342.01,2342.01,2336.29,2336.34,19399.048
1777459200000,2336.34,2336.66,2328.23,2330.94,54132.166
1777459500000,2330.95,2335.29,2330.64,2334.95,17512.794
1777459800000,2334.94,2335.53,2332.31,2332.71,7413.505
1777460100000,2332.71,2332.71,2331.15,2332.18,7227.69
1777460400000,2332.17,2334.35,2329.51,2334.19,11877.02
1777460700000,2334.2,2334.37,2327.22,2328.1,12341.293
1777461000000,2328.09,2332.49,2327.84,2332.42,9883.286
1777461300000,2332.42,2334.0,2330.07,2330.15,7815.38
1777461600000,2330.16,2330.23,2328.99,2329.81,5477.476
1777461900000,2329.82,2329.97,2328.03,2328.89,3743.629
1777462200000,2328.89,2332.17,2328.55,2331.79,7982.023
1777462500000,2331.79,2334.86,2330.85,2330.85,9961.832
1777462800000,2330.86,2332.17,2329.11,2329.62,3010.74
1777463100000,2329.62,2332.44,2329.27,2330.0,5440.323
1777463400000,2330.0,2332.49,2329.85,2331.0,3791.642
1777463700000,2331.0,2331.27,2330.16,2330.46,1558.985
1777464000000,2330.46,2330.8,2324.0,2325.0,18960.642
1777464300000,2324.99,2326.73,2324.0,2324.05,25951.322
1777464600000,2324.06,2325.74,2318.27,2319.3,26730.665
1777464900000,2319.3,2324.61,2318.33,2320.99,23791.243
1777465200000,2320.99,2321.0,2306.4,2312.91,99308.116
1777465500000,2312.9,2314.76,2311.0,2313.56,16006.443
1777465800000,2313.56,2313.71,2307.77,2309.92,25485.83
1777466100000,2309.91,2311.0,2307.6,2310.76,18996.009
1777466400000,2310.76,2314.12,2310.75,2313.45,11426.926
1777466700000,2313.45,2313.86,2311.58,2312.41,8625.761
1777467000000,2312.41,2316.42,2312.41,2315.13,16219.146
1777467300000,2315.14,2315.65,2313.51,2315.24,5855.949
1777467600000,2315.23,2317.45,2313.08,2313.08,12274.137
1777467900000,2313.09,2314.2,2311.38,2312.3,8708.951
1777468200000,2312.3,2314.76,2312.05,2314.13,3818.034
1777468500000,2314.12,2315.84,2311.1,2311.13,6086.042
1777468800000,2311.13,2311.92,2304.5,2305.72,20794.731
1777469100000,2305.72,2308.49,2304.28,2306.21,25539.494
1777469400000,2306.21,2306.76,2296.0,2297.15,65755.493
1777469700000,2297.16,2299.92,2292.7,2296.17,61132.044
1777470000000,2296.17,2297.87,2293.22,2293.6,23884.582
1777470300000,2293.61,2297.89,2288.55,2296.57,46945.235
1777470600000,2296.56,2302.54,2296.27,2301.57,35150.241
1777470900000,2301.57,2304.49,2301.33,2302.01,18627.552
1777471200000,2302.0,2302.01,2295.19,2298.01,21008.827
1777471500000,2298.01,2298.02,2292.53,2295.02,14143.548
1777471800000,2295.02,2297.73,2293.6,2296.31,9658.343
1777472100000,2296.3,2300.76,2293.52,2298.2,16129.747
1777472400000,2298.14,2300.63,2296.46,2300.62,7178.235
1777472700000,2300.63,2305.62,2300.17,2303.16,21054.569
1777473000000,2303.17,2303.84,2300.0,2303.33,8959.653
1777473300000,2303.32,2307.78,2301.1,2301.1,15911.677
1777473600000,2301.1,2302.0,2298.69,2299.89,8839.934
1777473900000,2299.89,2300.47,2296.5,2299.52,10104.592
1777474200000,2299.52,2302.88,2297.37,2301.69,6220.388
1777474500000,2301.7,2301.7,2298.4,2298.4,5953.502
1777474800000,2298.41,2300.42,2294.11,2294.11,13876.032
1777475100000,2294.1,2294.65,2290.68,2290.71,24665.343
1777475400000,2290.7,2290.7,2281.19,2284.35,69649.537
1777475700000,2284.34,2290.44,2281.33,2286.61,31195.064
1777476000000,2286.61,2289.18,2284.36,2288.54,15962.489
1777476300000,2288.55,2291.78,2287.02,2289.66,11070.882
1777476600000,2289.65,2292.8,2286.5,2289.1,14311.566
1777476900000,2289.1,2289.76,2274.5,2277.72,67796.165
1777477200000,2277.73,2279.0,2272.65,2272.93,40240.341
1777477500000,2272.93,2275.31,2267.54,2273.01,47338.063
1777477800000,2273.01,2273.28,2261.45,2266.12,70507.943
1777478100000,2266.12,2272.1,2264.4,2271.58,32434.914
1777478400000,2271.58,2276.8,2268.69,2276.58,34345.805
1777478700000,2276.58,2276.8,2273.93,2276.09,17503.024
1777479000000,2276.09,2278.58,2275.06,2275.07,17815.234
1777479300000,2275.07,2277.88,2270.85,2274.99,14555.077
1777479600000,2275.0,2275.68,2269.13,2271.49,14861.665
1777479900000,2271.5,2274.92,2271.39,2273.04,9455.773
1777480200000,2273.03,2274.05,2268.09,2268.39,15151.186
1777480500000,2268.39,2268.83,2261.54,2268.31,36664.94
1777480800000,2268.31,2269.6,2265.37,2266.75,8753.722
1777481100000,2266.74,2268.12,2265.13,2266.33,9373.246
1777481400000,2266.3,2267.54,2264.63,2267.28,11961.629
1777481700000,2267.27,2267.45,2264.6,2266.59,9630.988
1777482000000,2266.6,2271.82,2265.12,2270.7,18130.992
1777482300000,2270.7,2270.7,2267.5,2268.3,5772.731
1777482600000,2268.3,2269.4,2267.7,2267.93,4875.139
1777482900000,2267.94,2271.83,2265.81,2270.85,10424.223
1777483200000,2270.85,2276.14,2270.7,2274.45,21417.6
1777483500000,2274.44,2275.0,2266.01,2269.88,15171.832
1777483800000,2269.88,2274.64,2269.32,2273.0,10183.472
1777484100000,2273.01,2273.55,2271.22,2273.27,4282.888
1777484400000,2273.27,2275.17,2272.0,2274.88,5065.562
1777484700000,2274.88,2277.0,2272.37,2274.41,8103.741
1777485000000,2274.4,2275.0,2272.11,2272.61,4713.697
1777485300000,2272.62,2282.97,2271.58,2282.8,26816.594
1777485600000,2282.8,2285.8,2269.73,2270.01,56199.145
1777485900000,2270.02,2270.83,2226.88,2232.71,255468.171
1777486200000,2232.71,2241.16,2225.0,2240.11,155823.372
1777486500000,2240.11,2246.0,2232.75,2232.76,61972.435
1777486800000,2232.76,2243.28,2229.0,2239.58,48123.438
1777487100000,2239.58,2240.29,2223.45,2231.0,75177.108
1777487400000,2230.99,2231.0,2218.82,2224.45,103312.321
1777487700000,2224.45,2230.89,2223.4,2229.57,44574.544
1777488000000,2229.56,2229.88,2223.0,2223.04,17313.798
1777488300000,2223.04,2228.92,2221.42,2226.41,14641.206
1777488600000,2226.41,2231.43,2226.12,2231.08,22854.874
1777488900000,2231.08,2238.99,2230.96,2237.82,26876.057
1777489200000,2237.83,2241.39,2234.39,2235.15,23148.808
1777489500000,2235.14,2235.15,2225.83,2227.28,24952.56
1777489800000,2227.28,2237.72,2225.36,2237.18,13931.43
1777490100000,2237.18,2239.86,2230.44,2233.46,13974.901
1777490400000,2233.46,2236.0,2232.27,2234.96,7307.911
1777490700000,2234.96,2235.36,2232.4,2233.6,3576.363
1777491000000,2233.59,2233.59,2223.48,2226.41,18079.598
1777491300000,2226.41,2229.19,2225.5,2226.89,6075.674
1777491600000,2226.88,2228.35,2225.16,2226.65,6388.195
1777491900000,2226.64,2231.47,2225.77,2229.56,5886.488
1777492200000,2229.55,2232.52,2227.8,2231.8,6078.076
1777492500000,2231.8,2233.99,2229.65,2232.33,6056.87
1777492800000,2232.34,2241.11,2232.26,2236.61,33729.662
1777493100000,2236.6,2237.9,2233.02,2235.75,5970.1
1777493400000,2235.75,2238.0,2229.4,2230.11,9837.046
1777493700000,2230.12,2235.47,2229.33,2235.47,4462.064
1777494000000,2235.47,2238.0,2235.46,2237.18,4176.384
1777494300000,2237.18,2239.4,2236.77,2239.0,5855.834
1777494600000,2238.99,2241.81,2237.08,2240.64,8791.368
1777494900000,2240.64,2244.99,2238.71,2241.46,12539.939
1777495200000,2241.46,2245.72,2239.16,2244.49,8467.377
1777495500000,2244.49,2247.6,2243.33,2243.51,11926.498
1777495800000,2243.51,2245.92,2243.51,2244.59,5178.59
1777496100000,2244.58,2245.57,2239.24,2239.25,9991.925
1777496400000,2239.25,2242.39,2237.25,2241.46,8851.023
1777496700000,2241.45,2242.39,2237.61,2239.92,8464.842
1777497000000,2239.93,2247.71,2239.6,2245.73,5800.466
1777497300000,2245.73,2247.57,2245.73,2246.65,4053.295
1777497600000,2246.65,2248.87,2246.0,2246.7,4608.436
1777497900000,2246.7,2248.28,2245.58,2246.34,3235.958
1777498200000,2246.33,2249.65,2243.46,2247.4,9206.616
1777498500000,2247.4,2248.74,2247.39,2248.27,2821.61
1777498800000,2248.27,2251.6,2248.11,2250.55,7955.664
1777499100000,2250.55,2265.0,2250.44,2256.82,42177.081
1777499400000,2256.82,2257.99,2251.76,2253.71,10642.702
1777499700000,2253.71,2254.56,2251.41,2251.85,4958.856
1777500000000,2251.86,2252.47,2248.68,2250.98,9981.807
1777500300000,2250.98,2254.2,2250.66,2251.91,5526.828
1777500600000,2251.9,2254.8,2250.15,2254.79,3780.485
1777500900000,2254.8,2256.0,2253.23,2255.44,6913.699
1777501200000,2255.44,2256.51,2252.99,2253.15,9674.403
1777501500000,2253.15,2254.0,2250.71,2251.8,3775.205
1777501800000,2251.79,2256.7,2251.74,2256.45,4599.956
1777502100000,2256.46,2258.0,2255.32,2257.18,3682.965
1777502400000,2257.18,2257.6,2256.18,2257.31,2790.567
1777502700000,2257.32,2257.82,2254.07,2255.1,4105.693
1777503000000,2255.1,2257.31,2254.54,2256.75,2122.502
1777503300000,2256.75,2256.98,2256.17,2256.52,1990.307
1777503600000,2256.52,2257.24,2251.71,2251.71,5422.565
1777503900000,2251.72,2257.82,2251.71,2257.81,4545.587
1777504200000,2257.81,2259.75,2256.71,2258.86,5275.341
1777504500000,2258.86,2258.86,2253.33,2253.33,3606.954
1777504800000,2253.34,2253.8,2249.24,2249.24,7213.052
1777505100000,2249.24,2253.14,2249.01,2252.03,9205.811
1777505400000,2252.03,2256.07,2252.03,2255.41,12219.557
1777505700000,2255.4,2255.4,2253.38,2254.71,2677.624
1777506000000,2254.71,2256.52,2254.0,2255.8,2233.727
1777506300000,2255.8,2256.86,2253.12,2254.08,4291.15
1777506600000,2254.07,2255.54,2253.0,2253.35,2238.312
1777506900000,2253.35,2253.9,2251.31,2251.92,4617.344
1777507200000,2251.92,2256.13,2251.91,2253.01,6255.326
1777507500000,2253.01,2255.65,2251.51,2253.26,4316.098
1777507800000,2253.26,2254.8,2251.66,2252.05,3799.952
1777508100000,2252.06,2253.68,2248.01,2252.85,15848.52
1777508400000,2252.85,2253.67,2248.99,2252.76,6082.48
1777508700000,2252.76,2254.63,2252.5,2253.59,4099.791
1777509000000,2253.59,2262.81,2253.59,2258.41,19102.284
1777509300000,2258.41,2268.1,2258.41,2267.0,28525.436
1777509600000,2267.01,2268.16,2261.48,2263.44,13628.572
1777509900000,2263.43,2275.0,2263.43,2270.03,34927.991
1777510200000,2270.04,2273.9,2269.6,2272.25,14316.163
1777510500000,2272.25,2273.28,2270.67,2271.24,10523.96
1777510800000,2271.24,2276.0,2269.3,2269.51,15166.35
1777511100000,2269.51,2269.96,2266.2,2269.25,12328.793
1777511400000,2269.25,2269.67,2266.65,2267.7,7538.93
1777511700000,2267.7,2269.97,2265.77,2269.96,3959.938
1777512000000,2269.96,2271.0,2267.55,2270.01,7305.93
1777512300000,2270.0,2276.27,2269.76,2274.68,16525.881
1777512600000,2274.68,2278.51,2273.0,2274.47,21809.026
1777512900000,2274.48,2274.54,2269.0,2271.79,9681.044
1777513200000,2271.79,2273.56,2270.83,2272.39,4054.507
1777513500000,2272.4,2275.23,2272.0,2275.13,5145.89
1777513800000,2275.13,2275.98,2271.73,2273.0,8551.892
1777514100000,2273.0,2273.56,2267.0,2268.25,12298.405
1777514400000,2268.26,2272.5,2268.26,2269.96,9020.792
1777514700000,2269.96,2270.72,2268.59,2270.3,3336.065
1777515000000,2270.3,2271.68,2268.48,2269.53,3347.617
1777515300000,2269.53,2272.0,2268.09,2268.63,4272.548
1777515600000,2268.63,2268.75,2263.38,2265.32,14774.885
1777515900000,2265.32,2265.47,2261.16,2262.08,9234.486
1777516200000,2262.07,2262.16,2241.14,2246.0,79764.498
1777516500000,2246.01,2248.77,2234.59,2238.5,45736.277
1777516800000,2238.51,2243.69,2238.0,2240.51,17811.424
1777517100000,2240.52,2242.62,2236.39,2237.0,17788.022
1777517400000,2237.01,2244.8,2237.0,2243.48,13179.435
1777517700000,2243.49,2246.02,2242.39,2243.89,11977.656
1777518000000,2243.88,2247.17,2242.72,2246.45,13043.83
1777518300000,2246.44,2248.36,2245.0,2245.83,6519.33
1777518600000,2245.83,2248.0,2244.56,2245.73,4336.25
1777518900000,2245.73,2247.78,2243.78,2245.23,5732.29
1777519200000,2245.22,2245.55,2243.73,2244.71,4399.79
1777519500000,2244.72,2249.9,2244.0,2249.34,5978.816
1777519800000,2249.34,2249.89,2246.01,2247.82,5025.527
1777520100000,2247.83,2254.88,2247.82,2252.8,13019.227
1777520400000,2252.8,2253.48,2251.04,2253.24,7344.513
1777520700000,2253.23,2253.5,2252.26,2253.03,4240.911
1777521000000,2253.03,2256.0,2253.0,2255.29,9151.511
1777521300000,2255.3,2255.3,2252.06,2252.07,5619.281
1777521600000,2252.06,2253.22,2250.0,2250.13,7070.361
1777521900000,2250.14,2250.98,2243.18,2248.88,19201.67
1777522200000,2248.88,2249.53,2246.07,2249.53,5467.542
1777522500000,2249.52,2250.27,2243.35,2244.78,9469.599
1777522800000,2244.77,2246.21,2241.6,2245.0,7735.272
1777523100000,2244.99,2246.9,2244.5,2245.15,3337.362
1777523400000,2245.14,2245.26,2238.6,2238.73,14744.044
1777523700000,2238.73,2240.53,2235.6,2237.05,15748.715
1777524000000,2237.06,2239.28,2236.04,2236.52,10737.246
1777524300000,2236.51,2239.88,2236.13,2239.05,7465.213
1777524600000,2239.04,2240.41,2238.41,2238.62,5309.002
1777524900000,2238.62,2239.58,2237.55,2238.23,4536.501
1777525200000,2238.24,2242.68,2237.65,2239.67,10391.327
1777525500000,2239.66,2244.0,2239.66,2243.14,5679.865
1777525800000,2243.14,2244.0,2242.28,2242.91,3812.433
1777526100000,2242.9,2243.59,2240.5,2241.56,3961.764
1777526400000,2241.56,2242.33,2239.71,2240.85,3340.889
1777526700000,2240.86,2240.86,2230.38,2235.65,30253.191
1777527000000,2235.65,2244.35,2235.53,2244.01,15878.05
1777527300000,2244.0,2247.78,2243.67,2244.9,13756.763
1777527600000,2244.9,2246.58,2243.5,2243.8,4548.624
1777527900000,2243.81,2245.98,2243.1,2244.45,5607.557
1777528200000,2244.44,2246.84,2244.0,2244.0,5124.389
1777528500000,2244.0,2244.24,2241.06,2241.72,5937.373
1777528800000,2241.72,2242.37,2240.7,2242.15,5482.396
1777529100000,2242.14,2245.0,2242.14,2243.57,4095.953
1777529400000,2243.58,2243.74,2241.66,2243.15,4046.482
1777529700000,2243.14,2245.3,2243.01,2245.14,3054.912
1777530000000,2245.15,2245.65,2243.56,2244.32,3647.476
1777530300000,2244.32,2246.0,2244.15,2245.93,6199.416
1777530600000,2245.94,2251.26,2245.93,2250.57,13027.411
1777530900000,2250.57,2251.8,2248.5,2248.63,9312.685
1777531200000,2248.64,2248.95,2243.83,2244.99,11087.477
1777531500000,2245.0,2245.68,2243.7,2245.3,4633.771
1777531800000,2245.31,2247.7,2244.85,2247.03,3616.831
1777532100000,2247.03,2248.29,2246.29,2246.9,2369.772
1777532400000,2246.89,2248.82,2246.46,2247.43,4902.043
1777532700000,2247.43,2250.35,2242.42,2249.43,14165.055
1777533000000,2249.42,2250.73,2248.0,2248.79,6040.522
1777533300000,2248.8,2250.19,2248.76,2248.77,4330.576
1777533600000,2248.76,2250.0,2248.16,2249.95,3540.368
1777533900000,2249.94,2253.0,2249.6,2252.15,10151.699
1777534200000,2252.14,2256.55,2251.54,2255.69,13124.889
1777534500000,2255.69,2257.95,2253.02,2257.91,18694.081
1777534800000,2257.91,2259.08,2256.12,2257.25,16536.579
1777535100000,2257.24,2261.28,2256.2,2261.02,13200.422
1777535400000,2261.03,2261.31,2255.1,2257.81,12524.666
1777535700000,2257.81,2259.62,2257.27,2259.0,4983.289
1777536000000,2259.0,2259.99,2253.93,2258.78,19351.601
1777536300000,2258.79,2261.0,2257.65,2259.83,8235.524
1777536600000,2259.84,2260.94,2258.05,2258.52,4572.756
1777536900000,2258.53,2258.53,2255.47,2256.53,9020.691
1777537200000,2256.54,2257.43,2253.65,2255.55,9433.84
1777537500000,2255.55,2259.25,2255.54,2256.5,5158.363
1777537800000,2256.51,2258.0,2255.32,2257.38,3843.973
1777538100000,2257.38,2258.86,2256.19,2258.54,4432.47
1777538400000,2258.55,2259.38,2257.91,2258.94,5000.087
1777538700000,2258.93,2260.0,2257.54,2258.27,7340.499
1777539000000,2258.27,2258.45,2255.54,2257.68,2809.955
1777539300000,2257.68,2258.0,2254.71,2255.07,3631.841
1777539600000,2255.07,2256.72,2254.66,2256.71,4008.819
1777539900000,2256.71,2257.75,2254.56,2257.4,3975.146
1777540200000,2257.41,2257.54,2254.51,2257.54,4254.866
1777540500000,2257.54,2259.5,2256.74,2256.75,3447.915
1777540800000,2256.74,2257.43,2254.7,2256.98,2950.523
1777541100000,2256.97,2264.47,2256.97,2264.47,14658.722
1777541400000,2264.47,2270.0,2263.33,2263.98,45055.42
1777541700000,2263.99,2267.21,2263.8,2266.15,12002.335
1777542000000,2266.16,2266.5,2261.07,2261.15,13588.905
1777542300000,2261.15,2264.27,2260.35,2262.78,7716.195
1777542600000,2262.77,2263.96,2262.01,2262.84,4697.171
1777542900000,2262.85,2263.29,2260.49,2260.5,5644.238
1777543200000,2260.5,2263.37,2260.31,2262.77,4563.605
1777543500000,2262.77,2264.5,2262.04,2263.14,4344.407
1777543800000,2263.15,2263.53,2259.08,2260.2,6979.049
1777544100000,2260.19,2260.44,2257.35,2257.85,8077.396
1777544400000,2257.86,2259.59,2257.09,2257.29,5873.412
1777544700000,2257.29,2257.66,2255.32,2255.75,10526.309
1777545000000,2255.74,2260.87,2255.53,2258.85,9764.802
1777545300000,2258.86,2262.4,2258.4,2260.71,5776.754
1777545600000,2260.71,2260.99,2258.0,2259.84,4402.569
1777545900000,2259.83,2261.87,2259.08,2259.47,4025.062
1777546200000,2259.47,2260.53,2257.53,2259.42,3665.65
1777546500000,2259.41,2260.89,2258.24,2260.31,3491.076
1777546800000,2260.32,2263.86,2260.32,2263.85,6302.703
1777547100000,2263.86,2267.99,2262.37,2266.01,12418.506
1777547400000,2266.0,2273.83,2265.53,2266.37,47656.009
1777547700000,2266.37,2268.58,2265.89,2266.35,7336.184
1777548000000,2266.34,2267.13,2264.3,2264.3,5416.981
1777548300000,2264.31,2266.1,2264.1,2265.66,3311.773
1777548600000,2265.66,2265.99,2263.3,2264.35,3686.759
1777548900000,2264.35,2265.79,2263.01,2263.01,2625.355
1777549200000,2263.0,2263.01,2256.15,2257.2,19485.63
1777549500000,2257.2,2259.19,2251.0,2258.98,61061.473
1777549800000,2258.98,2259.76,2255.6,2256.87,7370.309
1777550100000,2256.86,2258.36,2256.48,2257.33,3944.18
1777550400000,2257.32,2261.32,2256.7,2259.59,5852.747
1777550700000,2259.59,2260.44,2257.79,2258.6,4566.548
1777551000000,2258.6,2260.26,2257.37,2259.62,3930.652
1777551300000,2259.62,2262.62,2259.0,2262.61,7676.84
1777551600000,2262.61,2270.0,2262.52,2269.35,26819.124
1777551900000,2269.35,2269.5,2265.5,2266.2,10956.093
1777552200000,2266.19,2267.87,2264.03,2264.85,9742.021
1777552500000,2264.84,2266.0,2263.15,2265.63,8383.101
1777552800000,2265.62,2266.0,2262.69,2263.24,4349.812
1777553100000,2263.24,2265.78,2262.81,2264.74,3606.434
1777553400000,2264.74,2267.75,2263.55,2264.57,6748.878
1777553700000,2264.57,2264.88,2263.71,2264.31,2263.903
1777554000000,2264.31,2267.24,2264.11,2266.32,8237.701
1777554300000,2266.31,2266.6,2264.46,2266.06,4000.788
1777554600000,2266.06,2266.55,2261.6,2262.9,8396.283
1777554900000,2262.91,2263.92,2261.68,2262.96,3669.316
1777555200000,2262.97,2264.0,2262.0,2262.56,2331.51
1777555500000,2262.56,2262.56,2256.26,2258.02,14338.218
1777555800000,2258.02,2262.55,2253.35,2259.63,27637.991
1777556100000,2259.62,2263.79,2257.89,2263.12,8970.152
1777556400000,2263.12,2270.94,2262.68,2269.98,43105.532
1777556700000,2269.97,2271.47,2263.63,2265.71,25467.025
1777557000000,2265.7,2267.0,2261.65,2262.96,15242.881
1777557300000,2262.96,2267.0,2260.01,2262.8,12687.61
1777557600000,2262.8,2269.8,2262.1,2266.61,16889.04
1777557900000,2266.61,2268.58,2261.7,2263.36,12024.791
1777558200000,2263.36,2263.96,2257.0,2260.63,17229.335
1777558500000,2260.62,2261.1,2245.29,2253.69,91886.857
1777558800000,2253.69,2257.79,2252.26,2254.79,15863.668
1777559100000,2254.78,2257.5,2250.1,2257.5,11696.058
1777559400000,2257.49,2267.37,2255.8,2258.23,29667.935
1777559700000,2258.23,2260.0,2253.05,2254.46,14249.992
1777560000000,2254.46,2261.16,2253.95,2260.04,11011.071
1777560300000,2260.0,2264.23,2259.13,2263.59,9867.446
1777560600000,2263.59,2267.22,2262.22,2262.63,13777.592
1777560900000,2262.63,2263.74,2259.09,2261.08,5470.904
1777561200000,2261.09,2264.77,2256.19,2260.36,15707.844
1777561500000,2260.36,2265.0,2258.46,2264.99,8890.62
1777561800000,2264.99,2265.78,2261.06,2264.6,5529.847
1777562100000,2264.6,2264.99,2262.0,2263.98,3668.823
1777562400000,2263.99,2264.71,2262.0,2264.71,5557.034
1777562700000,2264.71,2266.43,2263.44,2266.22,7310.351
1777563000000,2266.23,2275.0,2265.0,2265.17,44263.412
1777563300000,2265.17,2266.19,2262.0,2264.98,12254.689
1777563600000,2264.98,2264.99,2260.99,2263.18,7036.16
1777563900000,2263.18,2264.46,2258.63,2263.78,10081.732
1777564200000,2263.77,2266.66,2263.08,2265.9,6593.585
1777564500000,2265.9,2267.11,2264.47,2264.47,5488.298
1777564800000,2264.46,2265.82,2261.24,2265.19,7873.263
1777565100000,2265.19,2266.0,2262.82,2262.82,3627.155
1777565400000,2262.83,2265.31,2262.0,2264.34,3106.246
1777565700000,2264.34,2264.57,2260.17,2260.17,5926.105
1777566000000,2260.17,2261.56,2259.39,2259.9,9190.744
1777566300000,2259.9,2261.04,2258.18,2261.03,5854.625
1777566600000,2261.04,2261.99,2258.92,2261.48,5141.558
1777566900000,2261.48,2261.8,2259.64,2260.61,3942.0
1777567200000,2260.6,2260.75,2258.44,2259.25,4817.421
1777567500000,2259.25,2260.75,2258.56,2260.74,3024.58
1777567800000,2260.74,2260.91,2256.55,2258.21,7060.155
1777568100000,2258.21,2258.21,2254.15,2255.87,11707.33
1777568400000,2255.87,2258.5,2255.23,2256.62,5830.603
1777568700000,2256.62,2257.54,2254.56,2256.77,11512.475
1777569000000,2256.77,2257.0,2251.8,2254.42,16937.37
1777569300000,2254.42,2254.42,2250.01,2253.2,12314.487
1777569600000,2253.21,2254.67,2252.65,2253.65,5083.442
1777569900000,2253.64,2254.56,2253.35,2254.55,2535.692
1777570200000,2254.55,2259.74,2254.55,2256.42,17849.912
1777570500000,2256.42,2257.41,2254.85,2255.48,2941.752
1777570800000,2255.48,2255.48,2254.0,2254.6,1726.921
1777571100000,2254.61,2257.12,2254.48,2256.01,4296.194
1777571400000,2256.01,2257.2,2255.0,2257.17,2068.423
1777571700000,2257.16,2258.75,2256.94,2257.21,6646.937
1777572000000,2257.21,2261.72,2256.8,2259.81,12778.67
1777572300000,2259.8,2259.8,2255.69,2256.02,3229.711
1777572600000,2256.01,2256.01,2253.87,2255.2,5466.824
1777572900000,2255.2,2260.99,2255.2,2259.52,5152.261
1777573200000,2259.51,2260.47,2257.71,2258.67,3192.949
1777573500000,2258.67,2258.67,2254.55,2254.69,3955.469
1777573800000,2254.69,2256.38,2253.3,2255.03,8731.372
1777574100000,2255.03,2257.2,2255.03,2257.2,2799.163
1777574400000,2257.19,2261.2,2256.72,2259.82,6031.536
1777574700000,2259.82,2261.48,2259.38,2260.93,3415.865
1777575000000,2260.94,2264.36,2260.27,2260.28,5879.773
1777575300000,2260.27,2260.41,2258.41,2258.51,2241.981
1777575600000,2258.5,2260.0,2256.63,2258.0,3185.854
1777575900000,2257.99,2262.3,2257.75,2261.16,4153.568
1777576200000,2261.16,2263.96,2260.73,2262.46,5114.648
1777576500000,2262.45,2263.08,2261.69,2262.25,2049.38
1777576800000,2262.25,2265.14,2261.3,2264.81,4414.142
1777577100000,2264.8,2265.0,2262.31,2264.16,4352.365
1777577400000,2264.16,2265.92,2263.81,2264.39,2570.197
1777577700000,2264.4,2265.2,2262.24,2264.76,1934.507
1777578000000,2264.75,2265.0,2263.2,2264.0,1247.87
1777578300000,2264.0,2264.0,2261.56,2262.63,2521.272
1777578600000,2262.63,2263.25,2259.65,2260.91,3314.729
1777578900000,2260.9,2262.1,2259.35,2260.64,2629.148
1777579200000,2260.64,2261.55,2259.28,2259.68,3992.651
1777579500000,2259.69,2261.27,2259.34,2261.23,2813.172
1777579800000,2261.23,2263.54,2260.39,2262.77,1676.292
1777580100000,2262.78,2263.74,2261.07,2262.55,1761.285
1777580400000,2262.55,2266.28,2262.48,2264.01,3481.278
1777580700000,2264.02,2264.5,2263.65,2264.21,657.3
1777581000000,2264.21,2264.92,2263.01,2264.01,2566.952
1777581300000,2264.0,2264.48,2263.54,2263.73,1038.453
1777581600000,2263.73,2264.8,2263.2,2263.2,1019.198
1777581900000,2263.2,2264.22,2262.15,2263.96,1352.983
1777582200000,2263.96,2263.97,2263.08,2263.97,858.146
1777582500000,2263.97,2264.76,2263.02,2263.02,1827.739
1777582800000,2263.02,2263.53,2262.77,2262.84,808.516
1777583100000,2262.83,2263.43,2260.2,2260.2,1086.418
1777583400000,2260.2,2262.79,2260.18,2262.79,2006.2
1777583700000,2262.79,2262.79,2260.23,2260.38,1236.96
1777584000000,2260.38,2261.19,2257.7,2258.48,3012.34
1777584300000,2258.48,2258.85,2256.0,2256.87,2241.241
1777584600000,2256.87,2259.29,2256.44,2258.84,3448.043
1777584900000,2258.84,2259.66,2258.02,2258.03,1596.426
1777585200000,2258.02,2259.41,2257.76,2258.65,1025.379
1777585500000,2258.64,2258.8,2255.0,2256.38,3336.353
1777585800000,2256.38,2257.21,2252.45,2253.42,8632.42
1777586100000,2253.42,2256.39,2253.41,2255.16,2507.53
1777586400000,2255.15,2257.53,2254.84,2255.58,2527.285
1777586700000,2255.58,2257.93,2255.44,2256.51,1916.589
1777587000000,2256.5,2257.7,2255.93,2257.7,1483.634
1777587300000,2257.7,2260.3,2257.32,2258.76,2536.542
1777587600000,2258.76,2259.65,2258.46,2258.46,1299.691
1777587900000,2258.46,2259.97,2258.46,2259.39,882.485
1777588200000,2259.39,2259.42,2256.32,2256.68,2044.984
1777588500000,2256.68,2256.69,2253.65,2255.24,4610.788
1777588800000,2255.23,2256.14,2255.15,2256.13,1379.856
1777589100000,2256.14,2256.14,2254.31,2255.61,1792.438
1777589400000,2255.6,2256.46,2252.67,2253.44,4807.421
1777589700000,2253.44,2253.56,2251.2,2253.35,5526.298
1777590000000,2253.35,2254.44,2252.76,2254.2,3779.902
1777590300000,2254.2,2255.99,2253.09,2253.09,3757.153
1777590600000,2253.09,2255.37,2253.09,2255.29,1597.217
1777590900000,2255.29,2256.47,2254.77,2255.36,2462.139
1777591200000,2255.36,2255.9,2255.0,2255.6,548.693
1777591500000,2255.59,2255.6,2254.52,2255.39,2211.006
1777591800000,2255.4,2257.66,2255.19,2256.16,6066.52
1777592100000,2256.15,2257.64,2256.15,2257.41,1595.809
1777592400000,2257.4,2257.5,2256.83,2257.11,1417.158
1777592700000,2257.11,2257.7,2255.14,2257.69,3435.443
1777593000000,2257.7,2258.05,2257.01,2257.01,1746.698
1777593300000,2257.0,2257.34,2255.65,2256.74,2102.365
1777593600000,2256.75,2263.0,2256.26,2262.56,10810.928
1777593900000,2262.57,2263.0,2260.41,2262.34,4045.002
1777594200000,2262.33,2262.34,2260.54,2261.53,2376.051
1777594500000,2261.53,2265.0,2261.53,2262.01,6226.195
1777594800000,2262.01,2262.01,2259.87,2260.21,3467.406
1777595100000,2260.21,2261.28,2260.2,2261.17,1189.738
1777595400000,2261.17,2262.59,2260.6,2260.75,7450.295
1777595700000,2260.74,2261.62,2260.14,2260.81,1570.854
1777596000000,2260.8,2262.91,2260.8,2262.31,2147.54
1777596300000,2262.31,2264.5,2260.31,2260.32,5659.609
1777596600000,2260.31,2260.42,2259.21,2259.22,2389.876
1777596900000,2259.21,2259.77,2257.43,2258.92,3629.276
1777597200000,2258.92,2260.67,2258.63,2260.55,2026.54
1777597500000,2260.56,2264.24,2260.56,2262.82,4181.211
1777597800000,2262.81,2263.4,2261.55,2262.5,4342.413
1777598100000,2262.51,2264.3,2262.51,2263.3,5638.551
1777598400000,2263.29,2263.74,2262.0,2262.14,6448.565
1777598700000,2262.15,2262.15,2260.55,2261.23,2272.311
1777599000000,2261.23,2262.38,2261.0,2262.22,1315.237
1777599300000,2262.22,2262.87,2261.69,2262.61,1277.953
1777599600000,2262.61,2264.93,2262.58,2264.46,4410.838
1777599900000,2264.45,2267.99,2263.76,2265.69,10554.935
1777600200000,2265.69,2268.69,2265.19,2267.5,16830.958
1777600500000,2267.5,2269.47,2265.78,2266.26,10602.531
1777600800000,2266.27,2267.0,2264.01,2265.91,5476.829
1777601100000,2265.91,2269.12,2264.87,2268.39,4857.478
1777601400000,2268.4,2268.4,2265.37,2265.74,2153.712
1777601700000,2265.75,2267.23,2264.36,2264.5,3318.447
1777602000000,2264.5,2264.92,2263.69,2264.91,4283.522
1777602300000,2264.92,2265.68,2264.62,2265.2,1583.147
1777602600000,2265.19,2265.57,2263.63,2264.34,4260.073
1777602900000,2264.34,2266.66,2264.34,2265.71,2741.205
1777603200000,2265.71,2266.0,2264.92,2264.93,1441.561
1777603500000,2264.92,2265.94,2264.51,2265.56,2270.535
1777603800000,2265.55,2266.49,2265.05,2265.05,1989.272
1777604100000,2265.06,2265.82,2263.8,2265.82,4758.726
1777604400000,2265.82,2266.09,2264.79,2265.12,3070.898
1777604700000,2265.13,2268.25,2265.12,2267.86,5106.22
1777605000000,2267.85,2269.58,2267.85,2268.19,5068.063
1777605300000,2268.19,2288.0,2268.19,2287.6,74014.4
1777605600000,2287.46,2294.71,2284.58,2287.48,90530.119
1777605900000,2287.48,2288.56,2283.27,2283.71,26558.775
1777606200000,2283.71,2286.81,2283.39,2285.73,18627.011
1777606500000,2285.73,2287.15,2280.5,2280.64,13027.433
1777606800000,2280.64,2283.16,2278.0,2282.86,15260.827
1777607100000,2282.86,2284.73,2282.08,2283.1,10071.263
1777607400000,2283.1,2284.75,2282.0,2282.25,5304.642
1777607700000,2282.25,2282.58,2280.5,2281.89,10633.772
1777608000000,2281.88,2283.0,2280.0,2281.5,7171.466
1777608300000,2281.51,2284.27,2280.65,2282.4,6783.259
1777608600000,2282.41,2283.66,2282.0,2282.14,4651.607
1777608900000,2282.14,2285.0,2282.14,2284.03,5470.656
1777609200000,2284.03,2284.37,2281.07,2282.88,9614.071
1777609500000,2282.88,2284.42,2276.28,2278.12,26252.57
1777609800000,2278.12,2280.1,2276.3,2278.96,13542.451
1777610100000,2278.96,2279.45,2278.0,2279.44,3548.26
1777610400000,2279.44,2280.0,2277.7,2279.81,5084.398
1777610700000,2279.82,2279.82,2278.04,2279.48,4156.88
1777611000000,2279.49,2280.44,2279.0,2279.06,5008.233
1777611300000,2279.06,2280.04,2278.47,2279.13,2616.945
1777611600000,2279.13,2282.55,2277.42,2282.54,8155.688
1777611900000,2282.55,2285.61,2282.4,2283.89,11212.455
1777612200000,2283.89,2284.05,2282.54,2283.16,2281.558
1777612500000,2283.16,2283.53,2281.07,2281.84,1682.574
1777612800000,2281.84,2283.49,2281.7,2282.0,5195.991
1777613100000,2282.0,2282.1,2280.76,2280.77,4510.312
1777613400000,2280.77,2282.18,2280.69,2282.13,2449.496
1777613700000,2282.12,2282.13,2280.74,2282.0,1497.206
1777614000000,2282.0,2282.93,2281.68,2282.93,2560.779
1777614300000,2282.93,2285.36,2282.14,2284.13,6361.07
1777614600000,2284.13,2284.54,2283.34,2283.65,2512.386
1777614900000,2283.65,2283.8,2281.28,2282.38,2722.733
1777615200000,2282.39,2283.87,2281.9,2283.67,2765.757
1777615500000,2283.68,2285.51,2282.59,2283.36,9903.544
1777615800000,2283.36,2284.0,2281.9,2283.78,1822.705
1777616100000,2283.78,2285.36,2283.78,2284.3,2563.142
1777616400000,2284.31,2284.48,2282.87,2283.77,2266.267
1777616700000,2283.78,2284.37,2282.94,2283.05,1878.381
1777617000000,2283.06,2283.85,2282.02,2283.85,2916.494
1777617300000,2283.84,2284.71,2279.02,2279.93,7783.326
1777617600000,2279.93,2279.93,2276.2,2279.26,13857.613
1777617900000,2279.27,2279.3,2273.89,2275.01,14860.162
1777618200000,2275.0,2275.7,2270.94,2275.24,20419.509
1777618500000,2275.23,2279.88,2275.23,2276.01,12211.246
1777618800000,2276.01,2277.51,2274.58,2274.96,4934.717
1777619100000,2274.95,2278.6,2274.38,2278.6,4835.901
1777619400000,2278.6,2278.75,2276.23,2276.24,2420.503
1777619700000,2276.24,2277.62,2274.83,2276.12,4308.009
1777620000000,2276.11,2277.75,2274.58,2274.58,4014.523
1777620300000,2274.58,2274.58,2272.42,2273.01,8836.818
1777620600000,2273.01,2275.25,2272.0,2274.59,7920.638
1777620900000,2274.58,2275.57,2274.13,2274.14,3631.856
1777621200000,2274.14,2276.24,2274.13,2274.4,3009.566
1777621500000,2274.41,2279.36,2274.4,2279.04,5086.284
1777621800000,2279.05,2279.96,2278.31,2279.49,7013.62
1777622100000,2279.48,2279.49,2277.55,2278.39,2507.475
1777622400000,2278.4,2279.0,2276.04,2277.64,2709.332
1777622700000,2277.65,2279.68,2277.65,2279.3,2625.44
1777623000000,2279.3,2282.88,2279.29,2282.77,5423.981
1777623300000,2282.78,2286.68,2281.66,2283.07,21210.029
1777623600000,2283.08,2287.9,2282.9,2286.06,15425.627
1777623900000,2286.07,2286.8,2284.57,2285.0,11177.922
1777624200000,2285.0,2285.8,2283.76,2284.31,4865.111
1777624500000,2284.3,2285.65,2282.57,2284.97,5864.562
1777624800000,2284.97,2284.98,2283.27,2283.61,4797.422
1777625100000,2283.6,2283.74,2282.0,2283.48,3755.406
1777625400000,2283.47,2284.72,2283.47,2283.51,2871.71
1777625700000,2283.51,2285.7,2283.47,2285.4,4593.866
1777626000000,2285.41,2285.73,2281.81,2282.8,5991.62
1777626300000,2282.81,2283.93,2282.69,2283.51,3974.382
1777626600000,2283.51,2284.26,2283.51,2284.07,2506.45
1777626900000,2284.08,2284.08,2281.51,2283.45,3745.27
1777627200000,2283.45,2283.75,2281.06,2282.86,4502.987
1777627500000,2282.86,2283.48,2282.6,2283.17,2137.176
1777627800000,2283.17,2283.17,2282.0,2282.24,2713.542
1777628100000,2282.25,2282.89,2281.34,2281.76,2445.615
1777628400000,2281.76,2282.61,2281.07,2282.39,2518.98
1777628700000,2282.4,2282.4,2278.28,2278.64,7789.14
1777629000000,2278.64,2279.99,2278.31,2279.13,3126.899
1777629300000,2279.13,2281.1,2279.12,2280.59,2803.606
1777629600000,2280.59,2280.6,2279.61,2279.61,2735.014
1777629900000,2279.62,2280.7,2279.33,2279.34,4000.214
1777630200000,2279.33,2279.33,2275.65,2277.52,14855.087
1777630500000,2277.53,2280.6,2277.52,2280.01,6264.677
1777630800000,2280.0,2284.8,2280.0,2283.6,10103.237
1777631100000,2283.6,2283.9,2281.8,2282.25,4299.506
1777631400000,2282.25,2283.23,2280.85,2281.54,2730.99
1777631700000,2281.54,2281.54,2278.5,2278.51,3344.865
1777632000000,2278.5,2279.58,2278.42,2279.42,2571.088
1777632300000,2279.43,2280.2,2279.19,2279.98,2495.275
1777632600000,2279.97,2280.7,2279.62,2280.69,1841.072
1777632900000,2280.69,2281.54,2280.02,2281.34,2512.664
1777633200000,2281.34,2282.32,2281.34,2281.88,3944.908
1777633500000,2281.87,2281.88,2280.51,2280.99,1195.079
1777633800000,2280.99,2282.98,2280.86,2282.93,4020.615
1777634100000,2282.94,2285.86,2281.93,2285.67,7136.49
1777634400000,2285.67,2292.19,2284.0,2284.67,33137.438
1777634700000,2284.68,2285.0,2282.56,2283.54,7912.738
1777635000000,2283.54,2285.34,2283.12,2283.92,4493.957
1777635300000,2283.92,2284.64,2283.13,2283.88,2748.869
1777635600000,2283.87,2286.0,2283.87,2285.99,4300.853
1777635900000,2286.0,2286.68,2281.79,2282.83,9261.732
1777636200000,2282.91,2283.93,2282.5,2283.0,3957.51
1777636500000,2283.01,2285.45,2283.0,2285.16,4496.17
1777636800000,2285.16,2287.84,2284.03,2286.41,6225.234
1777637100000,2286.41,2286.46,2284.38,2284.39,5009.364
1777637400000,2284.39,2293.0,2282.52,2287.61,22186.551
1777637700000,2287.6,2298.55,2287.29,2294.88,79730.935
1777638000000,2294.88,2302.84,2293.76,2301.5,62279.864
1777638300000,2301.5,2305.0,2301.49,2303.63,43152.544
1777638600000,2303.64,2312.27,2303.15,2306.02,67387.693
1777638900000,2306.02,2310.49,2303.29,2304.9,47242.533
1777639200000,2304.9,2308.6,2302.2,2303.24,28950.421
1777639500000,2303.25,2305.3,2302.01,2303.45,14684.522
1777639800000,2303.45,2304.69,2301.39,2301.4,11340.085
1777640100000,2301.39,2302.75,2299.05,2300.02,19407.383
1777640400000,2300.01,2308.43,2300.01,2307.21,20349.004
1777640700000,2307.22,2309.5,2306.44,2307.28,17829.741
1777641000000,2307.29,2314.53,2306.78,2310.8,36231.455
1777641300000,2310.79,2312.5,2307.02,2307.88,17814.89
1777641600000,2307.88,2310.0,2307.88,2309.01,8812.544
1777641900000,2309.01,2309.23,2305.88,2306.22,7979.395
1777642200000,2306.21,2314.88,2304.47,2311.1,21623.117
1777642500000,2311.1,2316.96,2306.71,2306.98,33817.887
1777642800000,2306.99,2309.0,2304.46,2307.77,14387.28
1777643100000,2307.77,2310.76,2304.7,2309.4,23705.781
1777643400000,2309.4,2319.99,2309.22,2316.73,70455.151
1777643700000,2316.73,2324.2,2315.0,2316.99,49895.926
1777644000000,2316.98,2320.92,2316.46,2318.96,32110.247
1777644300000,2318.96,2319.0,2315.0,2317.3,13488.852
1777644600000,2317.3,2325.0,2316.89,2317.82,33828.318
1777644900000,2317.81,2319.72,2312.67,2312.74,26574.578
1777645200000,2312.74,2314.97,2310.24,2310.74,19052.174
1777645500000,2310.73,2310.73,2306.5,2308.1,27418.032
1777645800000,2308.09,2309.09,2304.58,2308.21,27579.9
1777646100000,2308.21,2308.97,2300.2,2305.8,41136.676
1777646400000,2305.79,2307.03,2303.57,2305.21,13875.212
1777646700000,2305.2,2310.1,2303.6,2309.17,16505.655
1777647000000,2309.17,2310.99,2305.8,2305.8,8835.929
1777647300000,2305.81,2307.84,2305.8,2306.77,6546.511
1777647600000,2306.77,2306.97,2300.89,2304.54,21230.131
1777647900000,2304.54,2305.88,2303.54,2305.88,5532.455
1777648200000,2305.88,2309.48,2304.5,2308.72,12231.71
1777648500000,2308.73,2310.26,2305.89,2307.73,9215.873
1777648800000,2307.72,2311.32,2306.53,2306.7,7942.256
1777649100000,2306.7,2309.75,2306.7,2308.0,4825.111
1777649400000,2307.99,2311.59,2307.72,2310.26,8149.075
1777649700000,2310.26,2316.0,2309.01,2313.37,20153.819
1777650000000,2313.37,2314.47,2311.97,2312.76,5048.203
1777650300000,2312.76,2313.36,2311.34,2312.42,5972.639
1777650600000,2312.42,2312.43,2296.63,2304.44,66328.594
1777650900000,2304.44,2307.5,2303.43,2306.88,10009.955
1777651200000,2306.87,2313.34,2306.63,2311.88,26837.322
1777651500000,2311.88,2312.32,2307.01,2307.01,7716.348
1777651800000,2307.01,2308.0,2304.0,2304.06,8266.603
1777652100000,2304.06,2305.67,2303.01,2303.44,9646.913
1777652400000,2303.45,2307.99,2300.0,2301.56,22871.824
1777652700000,2301.56,2304.83,2298.0,2302.38,20139.809
1777653000000,2302.38,2303.47,2298.66,2301.56,6915.718
1777653300000,2301.56,2302.68,2298.25,2302.53,9615.305
1777653600000,2302.53,2304.72,2300.54,2300.55,4824.922
1777653900000,2300.54,2300.54,2297.27,2298.43,9991.075
1777654200000,2298.44,2303.84,2297.73,2303.6,12872.388
1777654500000,2303.6,2305.14,2300.67,2300.79,8404.593
1777654800000,2300.78,2303.54,2298.47,2298.47,9591.417
1777655100000,2298.47,2300.49,2297.69,2299.87,7717.296
1777655400000,2299.87,2306.99,2299.86,2306.1,9775.456
1777655700000,2306.1,2306.94,2303.83,2304.0,6380.588
1777656000000,2304.0,2304.6,2302.29,2302.5,3295.542
1777656300000,2302.49,2302.6,2301.0,2302.6,3497.116
1777656600000,2302.59,2303.67,2301.05,2302.84,3337.598
1777656900000,2302.83,2309.72,2302.36,2309.54,13042.773
1777657200000,2309.54,2309.8,2306.36,2306.7,7441.738
1777657500000,2306.71,2307.22,2305.01,2306.92,3015.981
1777657800000,2306.92,2312.83,2305.2,2310.33,34335.645
1777658100000,2310.33,2312.93,2309.6,2310.86,12897.866
1777658400000,2310.87,2311.5,2307.28,2309.91,13314.801
1777658700000,2309.91,2311.67,2306.73,2307.67,16775.723
1777659000000,2307.66,2309.52,2307.41,2307.89,6072.739
1777659300000,2307.88,2309.0,2305.63,2308.39,5688.438
1777659600000,2308.39,2310.5,2308.0,2308.6,6074.157
1777659900000,2308.6,2309.77,2308.0,2309.53,4213.842
1777660200000,2309.53,2309.54,2305.52,2306.0,14264.242
1777660500000,2306.01,2306.7,2304.36,2306.55,8234.768
1777660800000,2306.55,2306.55,2303.81,2304.59,5335.199
1777661100000,2304.59,2306.37,2303.6,2306.36,5808.293
1777661400000,2306.36,2306.8,2303.6,2304.19,3428.691
1777661700000,2304.2,2304.4,2302.6,2303.6,4520.124
1777662000000,2303.61,2304.8,2302.66,2304.39,4975.414
1777662300000,2304.4,2307.0,2304.4,2306.48,4340.685
1777662600000,2306.48,2306.6,2304.98,2305.4,2116.525
1777662900000,2305.41,2305.78,2301.4,2302.4,4066.249
1777663200000,2302.4,2304.47,2302.2,2304.09,2534.503
1777663500000,2304.08,2307.14,2303.94,2305.4,12030.001
1777663800000,2305.41,2305.45,2303.59,2304.48,2581.527
1777664100000,2304.48,2305.0,2303.6,2304.57,1977.423
1777664400000,2304.56,2304.6,2303.4,2303.79,2519.385
1777664700000,2303.79,2305.6,2303.4,2304.2,2864.659
1777665000000,2304.21,2305.4,2303.88,2303.88,2586.931
1777665300000,2303.88,2306.0,2303.0,2304.01,5320.382
1777665600000,2304.01,2305.3,2303.01,2303.62,6959.525
1777665900000,2303.61,2303.61,2302.2,2303.42,3560.117
1777666200000,2303.41,2303.42,2303.0,2303.25,1563.153
1777666500000,2303.26,2303.6,2299.59,2300.07,9221.891
1777666800000,2300.08,2300.08,2295.58,2297.44,18375.732
1777667100000,2297.43,2299.93,2297.43,2299.2,3541.435
1777667400000,2299.21,2299.21,2297.2,2297.2,3884.0
1777667700000,2297.2,2298.2,2295.4,2295.4,5856.314
1777668000000,2295.4,2295.6,2290.46,2293.49,36574.527
1777668300000,2293.5,2294.77,2291.83,2292.21,7133.498
1777668600000,2292.21,2293.4,2277.41,2283.25,99366.731
1777668900000,2283.25,2285.51,2280.51,2283.81,15267.583
1777669200000,2283.8,2287.12,2282.26,2284.34,10876.181
1777669500000,2284.33,2287.0,2284.21,2286.3,5042.361
1777669800000,2286.3,2288.69,2283.01,2285.02,14494.86
1777670100000,2285.03,2288.0,2284.66,2287.51,3307.947
1777670400000,2287.5,2288.48,2287.0,2287.75,3689.819
1777670700000,2287.74,2290.75,2286.6,2288.78,5567.859
1777671000000,2288.78,2294.29,2288.7,2290.98,13152.849
1777671300000,2290.97,2291.37,2289.54,2290.87,3588.443
1777671600000,2290.86,2291.86,2285.0,2288.23,6966.391
1777671900000,2288.23,2290.15,2287.45,2290.15,3382.69
1777672200000,2290.15,2290.51,2288.57,2290.23,1856.423
1777672500000,2290.23,2291.52,2289.81,2291.35,2864.89
1777672800000,2291.35,2293.77,2291.08,2292.35,5587.13
1777673100000,2292.34,2294.87,2292.15,2294.51,4056.187
1777673400000,2294.5,2295.45,2293.92,2294.58,4745.624
1777673700000,2294.58,2296.27,2294.35,2296.27,4068.299
1777674000000,2296.27,2298.35,2296.0,2298.13,6572.204
1777674300000,2298.12,2298.13,2295.05,2295.54,4396.571
1777674600000,2295.54,2296.35,2294.0,2294.0,2880.456
1777674900000,2294.0,2294.03,2292.68,2293.03,2985.272
1777675200000,2293.02,2293.68,2292.13,2293.66,2474.624
1777675500000,2293.67,2293.78,2289.19,2290.25,3667.071
1777675800000,2290.25,2292.98,2289.66,2292.06,3610.121
1777676100000,2292.06,2292.98,2291.5,2292.06,2519.926
1777676400000,2292.07,2292.3,2289.78,2292.0,7900.054
1777676700000,2292.01,2292.29,2290.69,2290.88,2132.747
1777677000000,2290.88,2291.94,2290.87,2291.04,1481.953
1777677300000,2291.04,2292.22,2290.36,2290.37,2447.275
1777677600000,2290.36,2290.89,2289.47,2289.74,2901.85
1777677900000,2289.74,2290.01,2287.5,2287.97,2744.327
1777678200000,2287.98,2289.85,2287.97,2289.31,2469.553
1777678500000,2289.31,2291.16,2289.31,2291.08,2515.749
1777678800000,2291.08,2292.62,2291.0,2291.01,2220.855
1777679100000,2291.01,2293.06,2291.01,2292.23,1433.372
1777679400000,2292.23,2292.94,2291.82,2292.3,2295.77
1777679700000,2292.29,2295.21,2292.29,2294.37,4637.567
1777680000000,2294.37,2295.36,2293.88,2294.11,5138.394
1777680300000,2294.1,2294.11,2292.86,2293.56,2844.866
1777680600000,2293.56,2294.12,2292.32,2292.57,1556.72
1777680900000,2292.57,2292.59,2291.12,2292.55,3184.766
1777681200000,2292.56,2296.13,2292.4,2296.04,2843.537
1777681500000,2296.03,2296.93,2294.13,2294.31,3738.998
1777681800000,2294.3,2296.53,2294.3,2294.47,2997.629
1777682100000,2294.46,2294.47,2293.13,2293.57,1743.115
1777682400000,2293.56,2296.99,2293.56,2296.71,1987.087
1777682700000,2296.71,2297.79,2294.14,2295.7,2949.82
1777683000000,2295.7,2298.38,2295.7,2296.75,4231.666
1777683300000,2296.75,2297.25,2295.36,2296.43,2041.512
1777683600000,2296.44,2296.49,2294.41,2294.9,4034.569
1777683900000,2294.9,2298.21,2294.66,2298.13,4005.305
1777684200000,2298.13,2298.93,2296.12,2297.29,4862.999
1777684500000,2297.29,2297.29,2294.84,2295.44,2034.058
1777684800000,2295.45,2296.8,2294.94,2296.15,2070.425
1777685100000,2296.15,2296.5,2295.52,2296.43,2291.915
1777685400000,2296.42,2299.78,2296.22,2298.72,5702.0
1777685700000,2298.71,2298.72,2296.58,2297.61,4300.308
1777686000000,2297.61,2297.92,2296.61,2297.92,1827.404
1777686300000,2297.92,2298.24,2296.58,2297.93,1220.827
1777686600000,2297.94,2298.28,2297.0,2297.99,1180.422
1777686900000,2297.99,2297.99,2296.61,2297.63,1174.247
1777687200000,2297.64,2298.17,2296.76,2297.3,2958.972
1777687500000,2297.29,2298.34,2296.02,2296.02,2884.262
1777687800000,2296.02,2297.09,2295.8,2295.81,2271.689
1777688100000,2295.8,2297.13,2295.33,2297.12,2143.245
1777688400000,2297.13,2297.13,2296.01,2296.02,1203.488
1777688700000,2296.02,2296.41,2294.27,2294.78,4001.052
1777689000000,2294.79,2295.55,2294.24,2295.45,1282.356
1777689300000,2295.44,2298.0,2295.44,2298.0,2430.836
1777689600000,2297.99,2299.74,2297.4,2297.85,4939.923
1777689900000,2297.85,2298.96,2297.84,2297.93,2274.503
1777690200000,2297.93,2307.88,2297.93,2303.28,37785.496
1777690500000,2303.28,2304.33,2302.24,2302.37,4956.42
1777690800000,2302.37,2304.19,2302.26,2304.0,4859.223
1777691100000,2304.0,2304.0,2300.26,2300.83,5803.473
1777691400000,2300.83,2301.64,2300.0,2300.62,5155.749
1777691700000,2300.62,2303.14,2299.88,2302.49,3622.024
1777692000000,2302.5,2305.23,2302.49,2304.72,6372.446
1777692300000,2304.71,2306.43,2304.0,2304.08,5449.866
1777692600000,2304.08,2306.21,2303.25,2305.51,3069.883
1777692900000,2305.51,2307.44,2304.15,2304.15,6519.455
1777693200000,2304.15,2304.16,2302.17,2302.48,3024.293
1777693500000,2302.49,2302.71,2301.88,2302.34,2600.285
1777693800000,2302.33,2303.84,2302.33,2303.63,2294.337
1777694100000,2303.62,2304.88,2303.06,2303.25,1782.641
1777694400000,2303.26,2304.08,2302.8,2302.81,2454.786
1777694700000,2302.8,2302.81,2299.85,2300.42,6983.502
1777695000000,2300.41,2301.54,2300.08,2301.46,3284.483
1777695300000,2301.47,2301.88,2300.82,2301.52,2875.752
1777695600000,2301.53,2302.47,2301.53,2302.3,2111.771
1777695900000,2302.29,2302.4,2300.82,2301.71,1767.583
1777696200000,2301.72,2302.37,2301.0,2302.18,1823.443
1777696500000,2302.18,2303.0,2301.17,2301.17,2416.658
1777696800000,2301.17,2301.18,2300.0,2300.31,1955.939
1777697100000,2300.31,2300.89,2298.1,2300.01,6288.072
1777697400000,2300.0,2300.26,2298.37,2299.69,3164.692
1777697700000,2299.69,2300.61,2299.1,2300.27,2531.484
1777698000000,2300.27,2300.64,2298.24,2298.94,4033.007
1777698300000,2298.93,2300.3,2298.81,2299.1,2812.737
1777698600000,2299.1,2299.38,2296.57,2297.83,6386.488
1777698900000,2297.83,2297.93,2295.26,2295.91,7091.841
1777699200000,2295.91,2297.56,2295.91,2297.56,2321.096
1777699500000,2297.56,2299.0,2297.55,2298.64,2394.865
1777699800000,2298.63,2300.29,2298.46,2299.0,4128.078
1777700100000,2299.0,2299.82,2298.48,2299.34,1803.631
1777700400000,2299.33,2299.53,2299.0,2299.01,1125.962
1777700700000,2299.01,2300.0,2298.43,2299.15,2522.077
1777701000000,2299.15,2299.53,2298.23,2299.24,1962.033
1777701300000,2299.23,2299.24,2298.28,2298.29,1518.693
1777701600000,2298.28,2300.65,2298.21,2300.64,3605.938
1777701900000,2300.65,2302.0,2300.53,2300.53,3346.613
1777702200000,2300.53,2300.87,2298.42,2298.42,2479.569
1777702500000,2298.43,2299.73,2298.43,2299.0,1211.349
1777702800000,2299.0,2299.23,2296.28,2297.0,4286.416
1777703100000,2296.99,2297.77,2296.04,2296.39,2105.238
1777703400000,2296.39,2297.25,2296.05,2296.77,2210.627
1777703700000,2296.78,2299.54,2296.77,2299.21,3022.719
1777704000000,2299.2,2300.88,2299.2,2300.76,2567.313
1777704300000,2300.76,2303.0,2300.44,2302.33,2678.041
1777704600000,2302.33,2304.0,2302.0,2303.46,6541.818
1777704900000,2303.46,2305.38,2302.4,2304.06,7180.1
1777705200000,2304.06,2305.12,2303.2,2303.62,4017.768
1777705500000,2303.61,2304.18,2303.37,2303.64,2613.233
1777705800000,2303.64,2303.64,2302.98,2303.35,1955.406
1777706100000,2303.36,2303.91,2303.35,2303.64,1148.23
1777706400000,2303.64,2304.65,2303.64,2304.64,2192.937
1777706700000,2304.63,2304.64,2303.78,2303.79,2018.976
1777707000000,2303.79,2303.9,2302.59,2302.61,2875.452
1777707300000,2302.61,2302.61,2301.2,2301.24,2602.123
1777707600000,2301.25,2301.44,2300.16,2301.07,4356.266
1777707900000,2301.07,2301.68,2300.38,2300.39,1982.68
1777708200000,2300.38,2300.39,2299.62,2300.18,2975.253
1777708500000,2300.17,2300.2,2299.73,2299.91,1610.461
1777708800000,2299.92,2299.98,2297.64,2299.2,5287.609
1777709100000,2299.2,2299.69,2299.0,2299.51,2856.493
1777709400000,2299.51,2300.53,2299.48,2300.3,2465.969
1777709700000,2300.29,2300.38,2299.3,2299.69,1960.495
1777710000000,2299.68,2301.48,2299.61,2301.48,1835.045
1777710300000,2301.48,2302.17,2301.1,2301.51,1260.668
1777710600000,2301.51,2303.33,2301.5,2303.32,2530.289
1777710900000,2303.32,2303.33,2302.6,2302.61,2426.899
1777711200000,2302.6,2303.33,2302.6,2302.74,1265.423
1777711500000,2302.75,2302.76,2302.17,2302.75,1394.099
1777711800000,2302.75,2303.52,2302.31,2302.31,1710.049
1777712100000,2302.31,2302.58,2301.53,2302.03,2122.356
1777712400000,2302.03,2302.99,2302.03,2302.51,2017.762
1777712700000,2302.51,2303.76,2302.51,2303.76,1375.155
1777713000000,2303.76,2303.76,2303.5,2303.54,2238.284
1777713300000,2303.54,2304.88,2303.54,2304.88,3762.166
1777713600000,2304.88,2305.0,2304.44,2304.9,2163.686
1777713900000,2304.9,2304.9,2304.0,2304.0,1881.562
1777714200000,2304.01,2304.3,2302.08,2304.3,2173.337
1777714500000,2304.3,2306.74,2304.29,2305.0,7210.888
1777714800000,2305.01,2305.01,2304.41,2304.47,2107.281
1777715100000,2304.46,2304.95,2304.05,2304.06,858.316
1777715400000,2304.05,2304.26,2303.55,2304.0,1439.86
1777715700000,2303.99,2304.42,2303.66,2304.0,1571.225
1777716000000,2304.0,2304.01,2302.2,2303.51,5102.334
1777716300000,2303.52,2303.61,2302.43,2302.99,1681.049
1777716600000,2302.99,2303.99,2302.82,2303.61,1453.059
1777716900000,2303.61,2304.8,2303.6,2304.17,1280.386
1777717200000,2304.17,2304.18,2302.44,2302.97,2085.042
1777717500000,2302.96,2303.48,2302.6,2303.43,2043.042
1777717800000,2303.42,2303.43,2300.64,2303.25,5537.346
1777718100000,2303.24,2303.25,2302.7,2303.13,733.056
1777718400000,2303.13,2303.14,2301.54,2302.3,1862.349
1777718700000,2302.3,2302.61,2301.7,2302.61,1213.554
1777719000000,2302.6,2302.99,2301.93,2302.73,1446.947
1777719300000,2302.72,2303.1,2302.11,2302.11,879.887
1777719600000,2302.11,2302.12,2300.2,2300.65,3498.112
1777719900000,2300.64,2301.42,2300.64,2300.98,1225.099
1777720200000,2300.99,2300.99,2300.13,2300.5,1078.152
1777720500000,2300.5,2301.81,2300.49,2301.8,1142.357
1777720800000,2301.8,2304.0,2301.8,2303.91,2276.608
1777721100000,2303.9,2303.91,2303.07,2303.4,2185.065
1777721400000,2303.4,2303.68,2301.42,2301.43,1940.334
1777721700000,2301.42,2301.43,2300.3,2300.72,2499.249
1777722000000,2300.72,2301.43,2300.28,2301.43,3263.425
1777722300000,2301.43,2301.63,2299.3,2299.47,4082.743
1777722600000,2299.47,2300.0,2298.9,2299.78,3599.803
1777722900000,2299.77,2301.14,2299.77,2301.14,2164.471
1777723200000,2301.13,2301.14,2300.52,2300.8,1899.058
1777723500000,2300.8,2301.85,2300.51,2300.66,2431.704
1777723800000,2300.67,2301.4,2300.01,2301.21,1068.833
1777724100000,2301.21,2301.61,2301.0,2301.13,1527.937
1777724400000,2301.14,2302.79,2301.13,2302.5,1264.923
1777724700000,2302.5,2304.54,2302.49,2304.13,5719.078
1777725000000,2304.13,2304.5,2302.15,2303.86,2414.217
1777725300000,2303.86,2304.0,2303.0,2303.0,1432.469
1777725600000,2303.0,2303.75,2302.58,2303.43,2040.392
1777725900000,2303.42,2303.61,2302.71,2303.15,1217.331
1777726200000,2303.15,2303.16,2301.84,2302.16,2026.709
1777726500000,2302.15,2302.64,2302.15,2302.45,1111.702
1777726800000,2302.45,2305.73,2302.44,2305.28,5391.139
1777727100000,2305.29,2306.5,2304.55,2305.89,7111.628
1777727400000,2305.89,2311.99,2305.88,2309.47,30143.737
1777727700000,2309.48,2309.48,2307.1,2307.1,4923.998
1777728000000,2307.1,2309.15,2306.77,2306.99,6067.516
1777728300000,2306.99,2307.3,2306.15,2306.47,2529.432
1777728600000,2306.48,2307.0,2306.1,2307.0,2265.826
1777728900000,2307.0,2307.0,2305.58,2305.8,2335.815
1777729200000,2305.81,2308.26,2305.8,2307.78,4150.479
1777729500000,2307.79,2308.0,2307.0,2307.06,2599.107
1777729800000,2307.07,2307.07,2305.94,2306.35,1375.859
1777730100000,2306.34,2307.47,2306.34,2307.0,1327.878
1777730400000,2307.0,2307.38,2306.0,2307.33,2680.236
1777730700000,2307.32,2307.58,2305.74,2305.97,2154.938
1777731000000,2305.98,2305.98,2304.51,2304.8,3991.959
1777731300000,2304.79,2305.17,2304.3,2304.76,2775.86
1777731600000,2304.75,2304.75,2304.03,2304.16,1890.093
1777731900000,2304.16,2307.26,2304.15,2305.42,5007.371
1777732200000,2305.42,2307.0,2304.91,2306.95,1854.787
1777732500000,2306.96,2307.07,2304.45,2304.46,2714.912
1777732800000,2304.46,2304.88,2304.21,2304.88,1218.648
1777733100000,2304.88,2305.68,2304.87,2305.58,3416.247
1777733400000,2305.58,2307.25,2305.19,2305.68,1385.822
1777733700000,2305.68,2305.68,2305.16,2305.25,593.888
1777734000000,2305.24,2305.76,2305.23,2305.76,1467.37
1777734300000,2305.76,2308.2,2305.75,2306.52,3815.076
1777734600000,2306.53,2306.87,2306.25,2306.73,2305.299
1777734900000,2306.73,2306.73,2304.11,2304.4,3366.556
1777735200000,2304.4,2306.0,2303.87,2306.0,1813.309
1777735500000,2306.0,2306.19,2305.14,2305.34,1265.024
1777735800000,2305.35,2306.25,2304.69,2306.25,3292.795
1777736100000,2306.25,2306.5,2305.89,2306.43,1993.22
1777736400000,2306.43,2306.8,2306.07,2306.16,1136.792
1777736700000,2306.16,2306.17,2305.56,2305.57,889.875
1777737000000,2305.57,2307.49,2305.56,2307.47,2413.958
1777737300000,2307.48,2308.6,2307.4,2307.64,3676.265
1777737600000,2307.64,2308.0,2306.67,2307.29,3212.922
1777737900000,2307.3,2310.66,2306.96,2309.79,6339.28
1777738200000,2309.79,2311.49,2309.72,2310.01,6746.136
1777738500000,2310.01,2311.53,2308.63,2310.44,6540.23
1777738800000,2310.44,2312.88,2307.92,2307.93,8474.445
1777739100000,2307.92,2308.34,2307.0,2307.81,4355.386
1777739400000,2307.8,2307.8,2306.42,2307.14,4378.744
1777739700000,2307.13,2308.26,2307.13,2307.15,1556.215
1777740000000,2307.14,2308.4,2306.69,2306.7,1865.822
1777740300000,2306.7,2308.0,2306.7,2308.0,1563.435
1777740600000,2307.99,2309.85,2307.99,2308.75,2121.442
1777740900000,2308.75,2309.8,2307.73,2307.99,2008.209
1777741200000,2308.0,2309.15,2307.65,2307.82,5410.961
1777741500000,2307.82,2307.9,2307.24,2307.9,1886.457
1777741800000,2307.9,2308.53,2307.08,2307.58,1940.215
1777742100000,2307.59,2308.0,2307.01,2307.01,1342.545
1777742400000,2307.01,2307.01,2305.69,2305.79,3524.216
1777742700000,2305.79,2306.38,2305.78,2305.87,2946.461
1777743000000,2305.88,2307.0,2305.87,2306.71,1671.004
1777743300000,2306.7,2307.38,2306.5,2306.72,857.699
1777743600000,2306.72,2306.73,2304.74,2305.6,2383.837
1777743900000,2305.59,2305.6,2304.58,2304.94,2070.693
1777744200000,2304.94,2304.95,2304.2,2304.93,3447.799
1777744500000,2304.93,2305.0,2304.6,2304.95,1006.329
1777744800000,2304.95,2305.16,2303.89,2303.91,2822.563
1777745100000,2303.9,2304.45,2302.08,2304.1,4479.074
1777745400000,2304.09,2305.15,2303.63,2305.14,1948.453
1777745700000,2305.15,2308.3,2304.91,2307.5,3938.488
1777746000000,2307.5,2309.0,2307.24,2307.24,2521.035
1777746300000,2307.24,2308.0,2306.93,2308.0,1982.939
1777746600000,2307.99,2310.6,2307.98,2309.67,6202.104
1777746900000,2309.66,2309.67,2307.75,2307.76,1890.32
1777747200000,2307.76,2308.6,2307.73,2308.24,759.839
1777747500000,2308.25,2309.49,2307.97,2309.49,1440.319
1777747800000,2309.49,2309.87,2308.69,2309.8,2170.595
1777748100000,2309.81,2309.81,2308.68,2308.68,2390.184
1777748400000,2308.68,2309.29,2307.82,2308.45,1162.362
1777748700000,2308.45,2308.91,2307.86,2308.62,892.777
1777749000000,2308.62,2311.34,2308.24,2310.56,4074.515
1777749300000,2310.56,2311.07,2310.0,2310.2,3116.896
1777749600000,2310.2,2310.21,2309.51,2309.62,1164.436
1777749900000,2309.63,2310.18,2309.62,2309.84,357.203
1777750200000,2309.84,2309.84,2309.0,2309.76,747.81
1777750500000,2309.76,2309.76,2309.46,2309.68,383.764
1777750800000,2309.68,2311.77,2309.68,2310.68,2802.218
1777751100000,2310.69,2311.1,2310.07,2310.85,934.644
1777751400000,2310.86,2310.86,2310.07,2310.08,830.808
1777751700000,2310.08,2310.34,2309.81,2310.34,773.866
1777752000000,2310.34,2310.34,2308.83,2309.16,1196.579
1777752300000,2309.16,2309.17,2308.76,2308.88,532.55
1777752600000,2308.88,2308.89,2308.6,2308.8,1055.22
1777752900000,2308.8,2308.95,2308.2,2308.94,1415.367
1777753200000,2308.94,2309.85,2308.94,2309.43,732.829
1777753500000,2309.43,2309.82,2308.77,2309.27,1646.664
1777753800000,2309.26,2310.5,2309.26,2310.48,1868.259
1777754100000,2310.48,2310.82,2309.52,2310.81,2021.953
1777754400000,2310.81,2310.81,2309.51,2309.58,1994.818
1777754700000,2309.59,2310.23,2309.3,2309.31,1099.88
1777755000000,2309.3,2310.8,2309.3,2310.69,546.371
1777755300000,2310.69,2310.83,2310.23,2310.4,1206.661
1777755600000,2310.4,2310.99,2310.37,2310.55,712.923
1777755900000,2310.56,2311.12,2310.37,2310.54,2010.933
1777756200000,2310.55,2311.1,2309.93,2309.93,1726.733
1777756500000,2309.94,2311.67,2309.93,2311.33,875.681
1777756800000,2311.32,2311.8,2310.9,2311.39,999.277
1777757100000,2311.39,2312.7,2311.36,2312.04,2266.348
1777757400000,2312.05,2315.07,2312.05,2313.88,11100.52
1777757700000,2313.87,2343.56,2313.52,2331.91,119080.791
1777758000000,2331.91,2333.67,2326.0,2327.74,15716.107
1777758300000,2327.75,2330.47,2325.57,2325.94,11293.506
1777758600000,2325.94,2328.0,2323.68,2324.37,12521.909
1777758900000,2324.38,2327.34,2324.2,2324.61,6236.882
1777759200000,2324.61,2327.32,2322.0,2324.26,10681.812
1777759500000,2324.27,2325.71,2323.43,2325.38,6039.264
1777759800000,2325.37,2325.38,2323.8,2324.79,2067.958
1777760100000,2324.8,2325.0,2320.6,2321.73,5982.252
1777760400000,2321.73,2321.73,2317.64,2318.97,9573.039
1777760700000,2318.97,2319.52,2317.0,2318.04,7054.883
1777761000000,2318.05,2323.38,2318.04,2322.54,6718.101
1777761300000,2322.54,2324.33,2320.46,2320.46,4477.841
1777761600000,2320.47,2321.99,2320.31,2320.78,2533.059
1777761900000,2320.78,2322.89,2320.77,2321.96,2297.25
1777762200000,2321.96,2326.3,2320.0,2324.93,9762.199
1777762500000,2324.94,2327.4,2324.74,2326.01,11524.13
1777762800000,2326.0,2326.01,2322.74,2322.77,13874.364
1777763100000,2322.76,2322.94,2321.0,2321.41,2965.375
1777763400000,2321.42,2323.1,2321.34,2321.61,3908.798
1777763700000,2321.61,2322.46,2320.28,2320.69,4890.74
1777764000000,2320.68,2322.0,2320.14,2320.14,3334.581
1777764300000,2320.15,2321.86,2320.15,2321.85,1948.942
1777764600000,2321.85,2322.66,2320.49,2320.49,2019.551
1777764900000,2320.5,2320.68,2316.67,2316.68,7141.783
1777765200000,2316.68,2317.78,2316.23,2317.23,3002.846
1777765500000,2317.23,2317.94,2315.02,2315.89,5520.549
1777765800000,2315.89,2316.31,2312.04,2316.13,10377.485
1777766100000,2316.13,2316.67,2315.0,2316.25,3241.669
1777766400000,2316.24,2316.93,2313.42,2314.7,5785.027
1777766700000,2314.69,2315.43,2313.01,2315.0,5784.693
1777767000000,2315.0,2315.0,2311.08,2312.68,8743.47
1777767300000,2312.68,2314.83,2307.51,2312.84,21110.751
1777767600000,2312.84,2313.36,2311.62,2312.9,3233.147
1777767900000,2312.89,2315.31,2312.75,2315.13,3879.254
1777768200000,2315.13,2316.24,2314.51,2316.24,2713.399
1777768500000,2316.23,2316.29,2314.67,2315.24,2732.126
1777768800000,2315.24,2315.24,2312.61,2312.88,3100.967
1777769100000,2312.87,2314.05,2309.61,2311.61,10879.018
1777769400000,2311.61,2312.69,2310.49,2311.27,4169.538
1777769700000,2311.27,2313.81,2311.0,2313.04,3391.899
1777770000000,2313.05,2313.5,2303.95,2308.34,19076.397
1777770300000,2308.34,2309.78,2307.5,2308.32,3615.776
1777770600000,2308.32,2308.52,2307.0,2308.5,4043.77
1777770900000,2308.5,2309.65,2303.46,2305.23,9282.043
1777771200000,2305.22,2306.21,2304.28,2305.61,7561.682
1777771500000,2305.61,2307.06,2305.55,2306.47,5081.798
1777771800000,2306.47,2306.48,2304.62,2304.66,4529.716
1777772100000,2304.66,2304.95,2302.0,2302.05,13672.715
1777772400000,2302.05,2304.14,2302.0,2303.9,5874.446
1777772700000,2303.89,2305.61,2303.0,2305.46,6391.424
1777773000000,2305.45,2305.46,2302.71,2302.72,4241.012
1777773300000,2302.71,2303.86,2302.41,2302.79,4851.904
1777773600000,2302.8,2305.1,2301.51,2305.1,4791.809
1777773900000,2305.09,2305.81,2304.39,2304.43,5100.868
1777774200000,2304.42,2304.43,2297.24,2301.79,25487.106
1777774500000,2301.78,2302.8,2299.19,2299.5,7729.678
1777774800000,2299.5,2300.0,2298.54,2299.6,5609.239
1777775100000,2299.59,2299.76,2298.3,2298.53,4781.948
1777775400000,2298.53,2301.32,2298.27,2301.32,5884.479
1777775700000,2301.32,2301.32,2299.54,2300.2,3261.157
1777776000000,2300.19,2301.64,2299.35,2299.59,3082.228
1777776300000,2299.59,2302.41,2299.21,2302.21,6839.135
1777776600000,2302.21,2303.26,2302.0,2303.08,7481.662
1777776900000,2303.08,2303.08,2301.83,2302.32,1978.563
1777777200000,2302.32,2302.99,2299.5,2299.81,4403.724
1777777500000,2299.8,2300.62,2299.66,2300.62,3158.015
1777777800000,2300.62,2300.62,2299.27,2299.41,3364.99
1777778100000,2299.41,2300.38,2299.08,2300.01,4016.608
1777778400000,2300.01,2300.6,2298.53,2298.68,2421.866
1777778700000,2298.68,2300.37,2298.67,2299.37,2176.81
1777779000000,2299.36,2302.23,2299.36,2301.81,3869.698
1777779300000,2301.8,2303.02,2301.8,2301.83,3397.767
1777779600000,2301.83,2302.15,2299.0,2299.63,3976.007
1777779900000,2299.63,2301.17,2299.63,2301.17,2322.891
1777780200000,2301.16,2301.37,2300.16,2301.07,2945.873
1777780500000,2301.06,2301.47,2301.0,2301.0,3573.316
1777780800000,2301.0,2301.67,2299.64,2299.65,4530.761
1777781100000,2299.64,2299.92,2296.36,2296.68,12729.378
1777781400000,2296.67,2300.26,2296.67,2299.89,6905.67
1777781700000,2299.89,2300.67,2299.65,2300.06,3277.073
1777782000000,2300.05,2302.6,2299.69,2302.59,3822.475
1777782300000,2302.6,2303.33,2301.56,2303.03,3423.119
1777782600000,2303.02,2303.71,2302.17,2302.9,3408.92
1777782900000,2302.91,2303.31,2302.23,2302.83,3524.098
1777783200000,2302.83,2302.83,2300.59,2300.78,2403.674
1777783500000,2300.78,2301.61,2299.85,2299.86,1252.595
1777783800000,2299.86,2300.77,2299.7,2300.77,1307.402
1777784100000,2300.77,2300.77,2300.12,2300.4,1621.005
1777784400000,2300.39,2302.58,2300.29,2302.58,3388.655
1777784700000,2302.59,2304.03,2302.45,2302.8,1886.343
1777785000000,2302.8,2303.19,2302.21,2302.98,1708.882
1777785300000,2302.98,2303.56,2301.52,2301.52,1799.567
1777785600000,2301.52,2302.2,2301.43,2301.43,1593.57
1777785900000,2301.43,2302.61,2301.43,2301.8,1712.985
1777786200000,2301.81,2302.34,2301.32,2301.97,1805.192
1777786500000,2301.97,2302.13,2301.32,2301.32,786.896
1777786800000,2301.32,2301.46,2300.71,2300.71,1863.736
1777787100000,2300.7,2302.58,2300.43,2302.57,2272.9
1777787400000,2302.58,2303.3,2302.57,2302.92,1380.551
1777787700000,2302.92,2303.33,2302.71,2303.14,1339.99
1777788000000,2303.14,2303.14,2301.54,2301.87,2176.681
1777788300000,2301.86,2302.0,2300.8,2300.8,1829.623
1777788600000,2300.81,2301.5,2300.41,2300.41,2079.413
1777788900000,2300.4,2300.95,2300.04,2300.06,2624.573
1777789200000,2300.06,2300.37,2300.05,2300.1,1498.552
1777789500000,2300.11,2300.28,2298.5,2299.99,5564.198
1777789800000,2299.99,2301.43,2299.99,2300.98,2659.965
1777790100000,2300.97,2301.25,2300.79,2301.09,456.337
1777790400000,2301.08,2301.09,2300.55,2300.69,697.364
1777790700000,2300.69,2301.25,2300.68,2301.24,795.535
1777791000000,2301.24,2305.65,2301.24,2304.74,9707.533
1777791300000,2304.73,2304.73,2303.22,2303.27,2973.004
1777791600000,2303.27,2307.44,2303.27,2306.87,11166.967
1777791900000,2306.87,2310.75,2306.39,2308.21,17725.793
1777792200000,2308.21,2308.98,2306.03,2306.7,5443.726
1777792500000,2306.7,2307.72,2306.63,2307.59,2448.421
1777792800000,2307.6,2310.28,2307.59,2310.27,5590.703
1777793100000,2310.27,2311.99,2309.8,2310.11,8222.042
1777793400000,2310.11,2312.0,2310.11,2310.18,5450.931
1777793700000,2310.19,2312.0,2309.99,2312.0,5796.961
1777794000000,2311.99,2313.55,2309.48,2309.48,10312.28
1777794300000,2309.49,2310.47,2308.22,2309.58,6781.862
1777794600000,2309.59,2309.59,2308.18,2308.19,2361.253
1777794900000,2308.18,2308.47,2307.65,2308.47,3754.288
1777795200000,2308.46,2310.05,2308.08,2309.62,3528.519
1777795500000,2309.63,2311.88,2309.62,2310.73,3224.177
1777795800000,2310.73,2310.73,2309.66,2310.01,1216.012
1777796100000,2310.0,2310.49,2309.48,2309.5,1679.619
1777796400000,2309.5,2310.0,2308.46,2308.56,1739.416
1777796700000,2308.56,2308.59,2307.51,2307.57,2099.274
1777797000000,2307.58,2307.96,2306.26,2306.29,2894.679
1777797300000,2306.3,2308.56,2306.29,2308.56,2110.797
1777797600000,2308.56,2309.48,2308.2,2309.0,1493.803
1777797900000,2309.0,2310.0,2308.89,2308.9,1411.203
1777798200000,2308.9,2309.37,2308.0,2308.01,1102.396
1777798500000,2308.01,2308.01,2307.19,2307.19,871.83
1777798800000,2307.2,2307.42,2306.5,2306.95,2334.704
1777799100000,2306.95,2308.26,2306.74,2308.26,2210.683
1777799400000,2308.26,2308.39,2307.45,2307.52,3181.262
1777799700000,2307.52,2308.12,2307.51,2308.11,974.272
1777800000000,2308.12,2310.98,2308.11,2310.6,5082.455
1777800300000,2310.6,2312.85,2310.6,2311.13,11978.091
1777800600000,2311.13,2313.22,2310.0,2311.9,7150.411
1777800900000,2311.9,2321.69,2311.89,2319.85,31043.788
1777801200000,2319.84,2319.89,2315.06,2315.22,10495.029
1777801500000,2315.22,2315.51,2313.9,2315.51,6041.821
1777801800000,2315.51,2316.74,2314.8,2314.8,6223.021
1777802100000,2314.8,2315.58,2314.39,2315.4,4787.332
1777802400000,2315.39,2315.7,2312.7,2312.71,4534.922
1777802700000,2312.71,2312.99,2310.36,2312.62,6381.015
1777803000000,2312.62,2312.81,2312.14,2312.8,1959.331
1777803300000,2312.81,2312.81,2311.49,2312.2,2550.706
1777803600000,2312.2,2312.87,2311.1,2311.1,2507.839
1777803900000,2311.1,2311.37,2310.24,2310.53,2723.08
1777804200000,2310.54,2314.15,2310.5,2314.02,5241.515
1777804500000,2314.03,2314.03,2312.51,2312.92,1491.866
1777804800000,2312.93,2314.5,2312.92,2313.51,1368.508
1777805100000,2313.51,2313.52,2311.05,2311.21,2559.791
1777805400000,2311.22,2311.85,2311.05,2311.85,991.309
1777805700000,2311.85,2311.85,2310.53,2310.54,2022.716
1777806000000,2310.53,2311.37,2309.16,2310.76,5621.206
1777806300000,2310.76,2313.0,2310.76,2312.99,1958.091
1777806600000,2312.99,2315.33,2312.99,2313.49,3684.981
1777806900000,2313.49,2314.1,2312.59,2312.59,1828.406
1777807200000,2312.6,2312.76,2312.28,2312.36,1459.947
1777807500000,2312.35,2312.67,2312.28,2312.5,1066.108
1777807800000,2312.5,2316.93,2312.49,2316.57,8634.849
1777808100000,2316.56,2320.55,2315.58,2317.05,18665.779
1777808400000,2317.04,2323.2,2317.04,2320.5,19547.984
1777808700000,2320.49,2327.0,2318.65,2324.82,27796.85
1777809000000,2324.81,2325.87,2320.72,2320.72,10598.07
1777809300000,2320.72,2320.73,2318.5,2318.65,6218.243
1777809600000,2318.65,2322.43,2318.65,2321.51,7440.422
1777809900000,2321.51,2323.7,2320.34,2323.0,7380.909
1777810200000,2323.0,2332.17,2322.96,2328.43,42159.882
1777810500000,2328.43,2329.2,2325.15,2325.29,8651.552
1777810800000,2325.3,2326.35,2324.0,2324.0,5258.026
1777811100000,2324.0,2326.0,2323.75,2325.58,3957.809
1777811400000,2325.59,2326.28,2321.97,2323.92,8471.941
1777811700000,2323.92,2324.16,2323.3,2323.3,3264.687
1777812000000,2323.31,2324.66,2323.3,2324.21,3259.592
1777812300000,2324.2,2325.79,2324.0,2324.22,5000.627
1777812600000,2324.23,2325.11,2324.01,2324.17,2657.273
1777812900000,2324.17,2324.33,2321.77,2324.33,4057.917
1777813200000,2324.32,2325.0,2323.13,2325.0,4240.351
1777813500000,2325.0,2327.0,2324.99,2326.99,3146.377
1777813800000,2327.0,2327.5,2325.97,2326.09,4239.374
1777814100000,2326.09,2326.51,2323.82,2323.84,4130.192
1777814400000,2323.84,2324.63,2323.38,2323.84,2858.392
1777814700000,2323.84,2324.01,2321.48,2323.81,5378.722
1777815000000,2323.81,2325.88,2323.64,2325.02,3848.295
1777815300000,2325.03,2326.2,2324.55,2324.65,4173.708
1777815600000,2324.65,2324.65,2319.13,2321.43,12931.909
1777815900000,2321.44,2323.47,2320.5,2320.5,5489.604
1777816200000,2320.5,2322.38,2320.5,2321.92,2684.769
1777816500000,2321.93,2323.18,2321.0,2321.0,4529.782
1777816800000,2321.0,2325.89,2321.0,2323.99,5457.083
1777817100000,2323.99,2325.0,2322.86,2324.59,2919.484
1777817400000,2324.59,2324.83,2323.88,2324.82,3079.637
1777817700000,2324.83,2325.85,2322.4,2324.26,4316.66
1777818000000,2324.25,2324.26,2320.3,2322.17,8561.791
1777818300000,2322.16,2323.62,2322.16,2323.62,865.065
1777818600000,2323.62,2324.88,2322.46,2324.73,2120.438
1777818900000,2324.74,2325.08,2324.16,2324.53,3438.123
1777819200000,2324.54,2325.12,2324.4,2325.02,1609.352
1777819500000,2325.02,2325.2,2322.68,2323.51,2442.181
1777819800000,2323.51,2327.64,2323.51,2326.56,7929.66
1777820100000,2326.56,2328.72,2326.55,2327.12,5603.233
1777820400000,2327.11,2329.81,2327.07,2328.31,8127.141
1777820700000,2328.3,2329.0,2327.3,2327.55,3044.577
1777821000000,2327.54,2328.0,2327.06,2327.46,2253.637
1777821300000,2327.46,2329.0,2327.46,2328.85,3216.314
1777821600000,2328.86,2328.86,2327.25,2327.6,3298.01
1777821900000,2327.6,2331.46,2327.59,2330.33,9472.384
1777822200000,2330.32,2332.96,2327.77,2328.35,9712.094
1777822500000,2328.34,2328.79,2326.02,2326.03,7333.383
1777822800000,2326.02,2327.21,2325.17,2326.3,9430.87
1777823100000,2326.3,2326.64,2323.28,2323.95,13378.128
1777823400000,2323.95,2326.66,2323.95,2326.16,11881.119
1777823700000,2326.17,2328.39,2326.16,2327.5,9204.008
1777824000000,2327.49,2329.99,2327.49,2328.7,9369.556
1777824300000,2328.7,2329.22,2323.6,2324.99,15622.887
1777824600000,2325.0,2325.0,2323.75,2324.11,4304.39
1777824900000,2324.1,2324.5,2322.47,2322.6,4344.626
1777825200000,2322.6,2325.49,2320.67,2325.25,9929.217
1777825500000,2325.25,2327.16,2325.25,2326.83,3829.757
1777825800000,2326.83,2331.54,2326.83,2331.54,8939.564
1777826100000,2331.54,2334.99,2328.5,2329.42,15843.327
1777826400000,2329.43,2329.43,2328.1,2329.42,2757.262
1777826700000,2329.42,2329.92,2327.65,2327.92,1673.041
1777827000000,2327.91,2329.0,2327.33,2327.54,2401.376
1777827300000,2327.54,2328.32,2327.0,2327.36,1930.992
1777827600000,2327.36,2327.6,2323.0,2324.4,6333.328
1777827900000,2324.4,2326.0,2324.12,2325.16,2994.407
1777828200000,2325.16,2328.55,2325.16,2327.54,2512.08
1777828500000,2327.54,2329.61,2327.39,2329.6,2422.359
1777828800000,2329.6,2333.53,2328.83,2332.13,8707.873
1777829100000,2332.14,2333.8,2330.38,2331.33,9332.282
1777829400000,2331.34,2334.28,2331.34,2333.32,4251.976
1777829700000,2333.33,2334.71,2332.44,2332.44,3807.357
1777830000000,2332.45,2333.22,2332.0,2332.58,3926.248
1777830300000,2332.58,2332.58,2329.29,2330.91,4519.802
1777830600000,2330.91,2330.92,2329.27,2330.47,2999.053
1777830900000,2330.48,2330.94,2329.8,2330.75,2339.48
1777831200000,2330.75,2331.6,2329.3,2329.3,2982.422
1777831500000,2329.3,2330.1,2328.15,2329.45,2939.004
1777831800000,2329.44,2329.45,2328.0,2328.61,1208.641
1777832100000,2328.6,2330.4,2326.91,2330.13,3191.453
1777832400000,2330.13,2330.4,2329.48,2330.39,1176.503
1777832700000,2330.39,2332.58,2330.39,2331.27,2772.039
1777833000000,2331.27,2331.68,2328.83,2328.84,1898.21
1777833300000,2328.83,2329.96,2328.67,2329.1,1219.5
1777833600000,2329.1,2330.36,2329.0,2329.99,1252.75
1777833900000,2329.99,2330.75,2329.68,2330.74,1096.555
1777834200000,2330.74,2332.24,2330.53,2330.53,1471.191
1777834500000,2330.53,2330.54,2329.61,2329.9,704.735
1777834800000,2329.91,2330.16,2329.21,2329.61,2226.712
1777835100000,2329.61,2331.66,2329.32,2330.56,1496.331
1777835400000,2330.56,2330.56,2328.95,2329.01,2047.659
1777835700000,2329.01,2329.58,2327.96,2327.96,3006.658
1777836000000,2327.97,2328.23,2327.28,2327.61,1647.314
1777836300000,2327.62,2328.11,2327.61,2327.9,918.665
1777836600000,2327.9,2337.74,2327.9,2335.3,12816.529
1777836900000,2335.29,2336.0,2332.53,2333.44,5541.147
1777837200000,2333.43,2334.53,2333.28,2333.93,2778.743
1777837500000,2333.92,2335.0,2332.0,2334.19,4511.215
1777837800000,2334.2,2335.0,2333.77,2334.24,3218.945
1777838100000,2334.24,2335.05,2334.24,2334.31,1709.196
1777838400000,2334.31,2335.5,2332.91,2332.91,4844.099
1777838700000,2332.91,2334.0,2332.49,2333.44,2974.565
1777839000000,2333.44,2335.13,2332.47,2332.47,1652.821
1777839300000,2332.47,2332.99,2331.0,2332.33,2848.092
1777839600000,2332.32,2339.0,2331.83,2335.45,9795.126
1777839900000,2335.45,2336.55,2333.16,2334.56,3607.126
1777840200000,2334.55,2337.05,2333.0,2334.74,5324.704
1777840500000,2334.74,2343.7,2334.74,2337.5,43561.073
1777840800000,2337.51,2337.95,2334.69,2335.17,7317.112
1777841100000,2335.17,2336.2,2327.1,2327.54,12336.238
1777841400000,2327.54,2329.71,2327.2,2328.0,6278.307
1777841700000,2328.01,2329.07,2328.0,2328.6,2087.17
1777842000000,2328.6,2329.32,2324.31,2326.27,12835.65
1777842300000,2326.28,2329.68,2326.27,2329.3,8990.065
1777842600000,2329.31,2334.23,2329.3,2331.87,10920.611
1777842900000,2331.88,2332.0,2330.0,2330.85,2128.231
1777843200000,2330.85,2332.13,2330.01,2330.01,2443.956
1777843500000,2330.0,2330.6,2328.85,2328.9,2806.347
1777843800000,2328.91,2331.19,2328.38,2331.06,2661.417
1777844100000,2331.05,2331.06,2327.0,2327.4,3534.599
1777844400000,2327.41,2327.69,2313.02,2318.8,33317.565
1777844700000,2318.8,2320.92,2314.47,2317.8,16725.278
1777845000000,2317.8,2321.35,2316.2,2321.11,3856.215
1777845300000,2321.12,2323.88,2320.34,2322.95,4934.344
1777845600000,2322.96,2342.53,2322.96,2339.15,38081.014
1777845900000,2339.14,2339.39,2331.44,2333.01,9544.166
1777846200000,2333.01,2352.07,2333.0,2347.08,67709.686
1777846500000,2347.08,2356.01,2343.21,2345.21,48211.124
1777846800000,2345.21,2345.21,2334.25,2336.31,19773.339
1777847100000,2336.3,2339.93,2334.23,2337.67,9046.912
1777847400000,2337.67,2341.0,2333.95,2340.77,8200.563
1777847700000,2340.77,2341.0,2336.45,2339.0,4174.314
1777848000000,2338.99,2346.22,2338.99,2345.48,7442.349
1777848300000,2345.47,2351.44,2345.16,2348.1,12612.227
1777848600000,2348.11,2348.11,2340.88,2341.45,10385.69
1777848900000,2341.45,2343.43,2341.0,2342.95,4044.121
1777849200000,2342.95,2346.22,2339.56,2345.83,12444.241
1777849500000,2345.83,2346.69,2339.62,2339.93,9090.067
1777849800000,2339.92,2339.99,2335.44,2337.9,9193.692
1777850100000,2337.91,2338.18,2334.73,2335.6,7944.07
1777850400000,2335.59,2335.59,2320.34,2326.57,33392.208
1777850700000,2326.57,2326.86,2323.58,2325.67,8744.828
1777851000000,2325.67,2328.42,2323.0,2324.5,8881.88
1777851300000,2324.5,2328.25,2323.5,2327.35,6680.705
1777851600000,2327.35,2327.64,2322.82,2323.68,7322.87
1777851900000,2323.68,2323.78,2318.53,2322.99,16297.457
1777852200000,2323.0,2324.48,2321.29,2323.6,4724.378
1777852500000,2323.61,2324.6,2319.55,2321.95,10725.646
1777852800000,2321.95,2321.95,2315.14,2317.01,23849.185
1777853100000,2317.0,2320.1,2314.0,2316.6,21446.736
1777853400000,2316.61,2317.57,2313.89,2317.14,9903.972
1777853700000,2317.14,2317.63,2311.62,2313.94,15197.44
1777854000000,2313.95,2314.5,2308.01,2310.36,25260.749
1777854300000,2310.36,2313.98,2308.22,2311.92,16464.95
1777854600000,2311.91,2314.99,2311.0,2312.94,10619.798
1777854900000,2312.94,2313.14,2309.17,2309.77,6160.957
1777855200000,2309.78,2311.71,2309.5,2311.49,4574.941
1777855500000,2311.5,2315.52,2311.5,2314.56,9437.305
1777855800000,2314.56,2315.27,2311.61,2314.0,6662.89
1777856100000,2314.0,2319.5,2313.57,2317.98,17077.186
1777856400000,2317.98,2320.93,2312.56,2312.56,12109.148
1777856700000,2312.55,2315.95,2311.67,2315.48,4432.289
1777857000000,2315.48,2316.92,2313.5,2315.81,4800.666
1777857300000,2315.8,2317.91,2313.6,2313.6,4520.845
1777857600000,2313.61,2314.87,2312.4,2312.61,6673.418
1777857900000,2312.61,2319.33,2312.22,2319.12,7549.111
1777858200000,2319.12,2339.99,2318.69,2332.8,89053.267
1777858500000,2332.8,2333.86,2326.71,2330.2,20185.061
1777858800000,2330.19,2331.8,2326.01,2326.01,10746.521
1777859100000,2326.0,2334.0,2325.6,2332.96,9356.711
1777859400000,2332.95,2342.5,2331.8,2338.86,34566.04
1777859700000,2338.87,2353.66,2338.53,2349.98,70958.062
1777860000000,2349.98,2362.48,2344.1,2353.16,133492.451
1777860300000,2353.15,2360.73,2351.37,2359.46,34264.655
1777860600000,2359.45,2360.98,2355.06,2359.0,29724.893
1777860900000,2359.0,2365.99,2355.09,2364.55,61161.822
1777861200000,2364.55,2373.83,2364.5,2364.55,71497.197
1777861500000,2364.55,2364.69,2359.41,2363.19,22992.121
1777861800000,2363.18,2371.17,2363.18,2370.0,29217.387
1777862100000,2370.0,2379.96,2368.55,2376.0,64433.283
1777862400000,2376.0,2383.77,2375.81,2379.67,51654.613
1777862700000,2379.67,2381.88,2376.32,2381.26,21554.108
1777863000000,2381.26,2388.0,2379.51,2382.45,39619.846
1777863300000,2382.42,2385.49,2373.43,2374.2,27208.805
1777863600000,2374.2,2377.22,2370.78,2375.68,26708.641
1777863900000,2375.69,2382.05,2375.68,2378.3,18932.003
1777864200000,2378.3,2386.56,2377.59,2383.77,25910.637
1777864500000,2383.78,2384.0,2379.12,2380.67,13035.9
1777864800000,2380.67,2392.0,2380.67,2381.34,44465.199
1777865100000,2381.34,2382.48,2377.72,2378.99,13655.065
1777865400000,2379.0,2384.58,2378.77,2381.11,14772.392
1777865700000,2381.11,2381.32,2375.62,2376.75,15350.672
1777866000000,2376.75,2378.0,2374.78,2377.99,9426.323
1777866300000,2377.99,2384.83,2376.68,2383.1,20672.185
1777866600000,2383.1,2385.21,2381.43,2382.0,7140.052
1777866900000,2382.0,2384.55,2382.0,2384.21,4877.577
1777867200000,2384.21,2387.29,2383.27,2387.05,12906.806
1777867500000,2387.06,2387.74,2384.59,2386.8,9366.697
1777867800000,2386.8,2387.44,2384.31,2384.89,8334.018
1777868100000,2384.88,2396.64,2383.52,2393.9,44670.535
1777868400000,2393.89,2399.87,2386.21,2386.21,45458.166
1777868700000,2386.22,2389.95,2386.01,2389.11,10895.809
1777869000000,2389.11,2392.2,2389.1,2391.84,10142.38
1777869300000,2391.83,2392.76,2388.0,2388.81,13048.4
1777869600000,2388.81,2391.49,2388.54,2391.02,5565.751
1777869900000,2391.02,2394.64,2390.78,2391.33,9016.722
1777870200000,2391.32,2394.17,2391.32,2391.5,7448.112
1777870500000,2391.5,2391.51,2388.0,2389.23,7546.054
1777870800000,2389.24,2390.26,2387.0,2388.34,6948.355
1777871100000,2388.33,2389.85,2385.43,2387.03,8265.025
1777871400000,2387.03,2387.24,2381.48,2383.21,20149.232
1777871700000,2383.2,2383.69,2379.0,2379.69,27024.071
1777872000000,2379.66,2379.77,2377.53,2378.7,16453.441
1777872300000,2378.69,2380.0,2375.49,2376.71,13212.363
1777872600000,2376.72,2380.2,2374.3,2379.06,15022.413
1777872900000,2379.05,2380.82,2378.05,2379.99,8098.796
1777873200000,2379.99,2380.55,2376.77,2379.21,4540.242
1777873500000,2379.21,2379.21,2375.6,2375.6,4371.51
1777873800000,2375.6,2376.81,2375.06,2375.07,6142.098
1777874100000,2375.06,2376.7,2374.29,2375.5,7180.931
1777874400000,2375.5,2378.27,2373.09,2373.27,12749.318
1777874700000,2373.28,2373.78,2371.0,2371.67,14737.955
1777875000000,2371.67,2373.0,2370.33,2371.04,10055.718
1777875300000,2371.03,2371.35,2366.78,2368.01,18278.365
1777875600000,2368.0,2368.01,2361.09,2362.79,22457.488
1777875900000,2362.79,2362.79,2353.0,2361.24,54537.206
1777876200000,2361.24,2364.73,2359.0,2362.44,19414.756
1777876500000,2362.45,2365.53,2360.84,2363.18,9024.095
1777876800000,2363.18,2365.2,2362.23,2362.87,5015.38
1777877100000,2362.87,2369.94,2362.86,2368.01,22824.473
1777877400000,2368.0,2372.0,2368.0,2370.45,11973.273
1777877700000,2370.45,2370.45,2367.0,2367.59,6708.816
1777878000000,2367.58,2371.32,2365.85,2369.03,10948.774
1777878300000,2369.03,2371.19,2369.03,2369.23,3862.765
1777878600000,2369.23,2371.27,2368.66,2371.25,3876.63
1777878900000,2371.25,2372.86,2369.61,2369.73,6518.95
1777879200000,2369.72,2370.73,2368.24,2368.66,4598.416
1777879500000,2368.67,2369.89,2367.41,2368.4,2731.498
1777879800000,2368.41,2368.84,2365.04,2366.24,7779.474
1777880100000,2366.24,2366.4,2362.88,2363.57,8567.713
1777880400000,2363.57,2367.28,2362.87,2367.11,5622.004
1777880700000,2367.11,2369.2,2365.59,2367.02,7678.464
1777881000000,2367.03,2367.03,2362.77,2363.07,4477.0
1777881300000,2363.06,2364.05,2361.51,2362.0,6165.892
1777881600000,2362.01,2364.41,2359.14,2359.41,14069.465
1777881900000,2359.44,2361.16,2357.0,2361.04,12734.478
1777882200000,2361.03,2363.01,2360.63,2363.0,7214.441
1777882500000,2362.99,2363.63,2359.68,2360.42,6550.622
1777882800000,2360.43,2361.03,2357.5,2359.74,7422.327
1777883100000,2359.74,2360.43,2358.31,2359.57,4199.995
1777883400000,2359.57,2362.24,2357.7,2358.54,8391.464
1777883700000,2358.53,2359.69,2357.84,2359.05,4156.676
1777884000000,2359.06,2360.74,2358.44,2359.99,4350.837
1777884300000,2359.99,2360.2,2358.22,2359.91,3374.763
1777884600000,2359.91,2360.74,2357.0,2360.64,5732.316
1777884900000,2360.64,2363.31,2359.34,2359.34,5556.156
1777885200000,2359.34,2361.48,2357.1,2360.05,7376.354
1777885500000,2360.05,2360.06,2357.59,2359.58,3882.091
1777885800000,2359.57,2362.0,2359.0,2360.09,4814.168
1777886100000,2360.09,2361.65,2360.09,2360.51,4279.32
1777886400000,2360.5,2361.52,2360.4,2360.51,2907.591
1777886700000,2360.51,2364.71,2360.51,2361.55,8999.533
1777887000000,2361.55,2367.38,2360.84,2366.48,12439.736
1777887300000,2366.49,2367.47,2363.85,2367.2,6512.802
1777887600000,2367.19,2369.72,2366.07,2368.95,12723.961
1777887900000,2368.96,2368.96,2364.79,2368.14,7761.173
1777888200000,2368.14,2370.16,2367.42,2369.99,6241.333
1777888500000,2369.99,2370.0,2366.67,2367.56,5181.623
1777888800000,2367.55,2368.99,2342.19,2344.41,105204.437
1777889100000,2344.41,2344.58,2320.2,2330.76,157149.871
1777889400000,2330.76,2330.76,2322.09,2327.92,59466.011
1777889700000,2327.92,2328.32,2317.32,2318.3,71592.924
1777890000000,2318.3,2319.44,2313.0,2315.06,64694.915
1777890300000,2315.06,2323.83,2313.51,2323.01,36254.171
1777890600000,2323.01,2343.15,2320.59,2342.21,96939.722
1777890900000,2342.21,2344.65,2338.3,2341.33,48038.567
1777891200000,2341.32,2344.3,2339.75,2340.16,18664.765
1777891500000,2340.16,2342.71,2337.1,2342.37,14501.056
1777891800000,2342.37,2342.45,2336.26,2336.55,11817.994
1777892100000,2336.55,2338.75,2333.9,2337.02,15168.319
1777892400000,2337.01,2341.87,2335.5,2336.68,13838.174
1777892700000,2336.68,2340.21,2336.58,2340.21,6706.109
1777893000000,2340.2,2342.0,2337.5,2340.39,7737.048
1777893300000,2340.39,2341.8,2336.37,2341.14,7803.092
1777893600000,2341.14,2342.38,2336.68,2337.03,9422.736
1777893900000,2337.03,2337.7,2334.78,2335.99,6753.418
1777894200000,2335.98,2335.98,2334.1,2334.99,5640.064
1777894500000,2334.99,2337.72,2331.35,2332.75,13265.885
1777894800000,2332.75,2335.0,2332.34,2332.9,8634.911
1777895100000,2332.91,2335.7,2332.33,2333.0,4840.982
1777895400000,2332.99,2337.2,2332.55,2336.5,4940.058
1777895700000,2336.5,2338.16,2336.15,2336.16,3810.134
1777896000000,2336.15,2337.0,2331.25,2335.92,17878.069
1777896300000,2335.92,2337.6,2333.0,2334.51,4556.225
1777896600000,2334.5,2337.2,2334.03,2336.51,4443.139
1777896900000,2336.51,2341.66,2334.01,2341.35,10290.072
1777897200000,2341.34,2342.58,2337.76,2339.99,8491.256
1777897500000,2340.0,2341.7,2339.05,2339.43,2517.054
1777897800000,2339.42,2340.12,2336.0,2336.01,3901.061
1777898100000,2336.01,2339.98,2335.53,2338.04,3522.958
1777898400000,2338.03,2340.42,2337.95,2340.1,3228.94
1777898700000,2340.11,2341.0,2338.55,2340.0,2836.104
1777899000000,2340.01,2340.4,2338.5,2339.46,3844.148
1777899300000,2339.46,2339.88,2333.28,2333.86,6666.408
1777899600000,2333.85,2334.06,2324.25,2330.1,47761.321
1777899900000,2330.11,2336.1,2328.16,2335.51,14154.009
1777900200000,2335.52,2340.87,2334.44,2336.01,12077.047
1777900500000,2336.01,2339.54,2335.15,2337.01,5843.961
1777900800000,2337.0,2339.33,2335.79,2336.68,7373.351
1777901100000,2336.68,2338.24,2336.01,2337.36,6581.397
1777901400000,2337.37,2342.26,2336.54,2340.78,16614.007
1777901700000,2340.78,2343.83,2334.59,2338.55,16330.45
1777902000000,2338.54,2338.94,2335.2,2335.21,5437.07
1777902300000,2335.2,2341.2,2332.4,2336.43,14390.529
1777902600000,2336.43,2337.23,2333.0,2334.6,8398.186
1777902900000,2334.59,2336.86,2332.62,2335.35,4307.084
1777903200000,2335.34,2336.53,2329.11,2330.36,11127.335
1777903500000,2330.36,2332.68,2326.18,2328.38,29483.318
1777903800000,2328.38,2340.68,2327.34,2339.29,26190.992
1777904100000,2339.3,2342.12,2338.64,2341.0,20961.123
1777904400000,2341.0,2347.48,2340.35,2346.59,26203.004
1777904700000,2346.6,2351.8,2344.28,2344.29,47654.447
1777905000000,2344.28,2350.24,2343.59,2347.63,22262.262
1777905300000,2347.62,2357.73,2347.19,2354.0,43712.055
1777905600000,2354.01,2355.99,2350.82,2351.49,19595.946
1777905900000,2351.49,2372.0,2351.49,2363.71,85835.038
1777906200000,2363.71,2378.88,2363.71,2376.82,90233.834
1777906500000,2376.83,2382.06,2369.0,2370.37,63791.263
1777906800000,2370.37,2373.33,2366.13,2366.54,42647.36
1777907100000,2366.54,2372.38,2365.44,2367.83,21911.606
1777907400000,2367.83,2369.14,2360.41,2365.46,36551.716
1777907700000,2365.46,2369.5,2345.0,2346.1,68715.479
1777908000000,2346.1,2351.64,2337.55,2342.56,118546.596
1777908300000,2342.55,2350.8,2342.0,2347.4,39136.956
1777908600000,2347.4,2349.97,2340.86,2347.13,21494.096
1777908900000,2347.13,2350.0,2342.22,2347.48,15772.613
1777909200000,2347.48,2353.15,2343.68,2352.61,14332.7
1777909500000,2352.6,2352.6,2344.05,2346.03,14174.432
1777909800000,2346.02,2348.65,2334.76,2348.36,49614.943
1777910100000,2348.36,2352.73,2345.87,2348.99,17716.879
1777910400000,2349.0,2351.22,2346.31,2347.99,9786.044
1777910700000,2347.99,2348.34,2335.39,2340.52,39799.561
1777911000000,2340.53,2341.67,2337.31,2339.69,10673.076
1777911300000,2339.69,2362.23,2335.92,2355.49,64948.83
1777911600000,2355.49,2364.81,2355.17,2357.61,56599.242
1777911900000,2357.61,2360.53,2352.69,2357.0,16112.493
1777912200000,2357.0,2357.38,2354.0,2356.6,7007.001
1777912500000,2356.59,2359.14,2354.7,2356.37,13937.505
1777912800000,2356.36,2362.88,2356.35,2358.58,8865.372
1777913100000,2358.58,2359.56,2356.17,2357.51,4540.026
1777913400000,2357.52,2357.91,2353.57,2354.44,11254.751
1777913700000,2354.45,2356.0,2350.64,2354.18,13775.542
1777914000000,2354.18,2361.59,2352.83,2360.21,17005.393
1777914300000,2360.2,2360.6,2357.14,2359.73,15019.808
1777914600000,2359.74,2364.53,2359.74,2362.85,17582.563
1777914900000,2362.86,2368.6,2360.11,2366.15,28489.32
1777915200000,2366.14,2369.17,2364.2,2367.65,8647.459
1777915500000,2367.65,2369.23,2364.58,2366.16,6483.646
1777915800000,2366.16,2366.97,2363.81,2364.56,11787.819
1777916100000,2364.56,2367.66,2362.59,2366.79,6856.449
1777916400000,2366.8,2369.49,2365.42,2366.58,6809.937
1777916700000,2366.58,2372.31,2365.79,2371.16,9604.866
1777917000000,2371.15,2379.6,2370.96,2371.37,38257.917
1777917300000,2371.36,2374.0,2369.01,2369.39,8642.089
1777917600000,2369.4,2371.54,2366.0,2370.91,14693.857
1777917900000,2370.91,2371.67,2367.67,2371.55,6728.304
1777918200000,2371.55,2374.36,2371.07,2371.17,6101.527
1777918500000,2371.16,2371.16,2366.76,2367.66,7554.311
1777918800000,2367.65,2368.6,2364.21,2364.96,18329.681
1777919100000,2364.96,2365.12,2358.06,2362.85,24257.998
1777919400000,2362.85,2364.8,2362.35,2364.8,3336.269
1777919700000,2364.79,2364.8,2361.56,2364.05,4671.453
1777920000000,2364.06,2365.36,2361.4,2361.73,2761.389
1777920300000,2361.73,2361.73,2359.09,2361.25,4750.714
1777920600000,2361.25,2361.85,2355.27,2356.9,8567.671
1777920900000,2356.89,2360.83,2356.6,2360.52,3860.721
1777921200000,2360.52,2361.69,2357.47,2357.54,4254.547
1777921500000,2357.55,2363.48,2354.24,2361.17,13965.408
1777921800000,2361.17,2361.73,2359.01,2361.47,3305.357
1777922100000,2361.47,2361.47,2356.73,2357.69,4710.497
1777922400000,2357.69,2358.42,2355.77,2357.51,3742.543
1777922700000,2357.5,2358.21,2354.22,2356.09,7071.718
1777923000000,2356.1,2357.4,2355.79,2356.0,3787.949
1777923300000,2356.0,2357.73,2352.51,2353.91,7763.604
1777923600000,2353.91,2355.0,2352.87,2354.89,4809.932
1777923900000,2354.89,2356.67,2353.46,2356.49,6888.408
1777924200000,2356.48,2356.48,2353.55,2354.43,7921.382
1777924500000,2354.43,2357.45,2353.72,2355.35,7051.448
1777924800000,2355.36,2355.67,2352.56,2353.91,3654.986
1777925100000,2353.91,2354.93,2353.33,2354.16,1466.814
1777925400000,2354.16,2356.45,2353.77,2355.8,2402.788
1777925700000,2355.79,2358.52,2349.56,2350.9,13108.838
1777926000000,2350.9,2352.58,2348.15,2351.6,8444.297
1777926300000,2351.6,2353.64,2351.12,2351.55,2604.256
1777926600000,2351.55,2351.83,2348.79,2349.66,2930.818
1777926900000,2349.65,2350.38,2346.13,2347.76,3932.728
1777927200000,2347.76,2348.51,2346.61,2348.0,3030.359
1777927500000,2348.0,2351.41,2347.7,2350.12,3759.535
1777927800000,2350.13,2350.13,2348.15,2348.73,2359.062
1777928100000,2348.74,2349.85,2348.73,2349.01,1959.858
1777928400000,2349.0,2354.41,2348.1,2352.96,7863.287
1777928700000,2352.97,2355.39,2352.0,2354.43,2591.145
1777929000000,2354.42,2356.3,2354.42,2356.17,2138.708
1777929300000,2356.17,2356.6,2354.63,2355.84,1802.494
1777929600000,2355.84,2361.75,2355.84,2359.21,6816.205
1777929900000,2359.21,2360.12,2357.43,2357.89,2905.494
1777930200000,2357.88,2361.15,2357.88,2360.27,3336.698
1777930500000,2360.26,2361.34,2359.41,2360.36,2012.382
1777930800000,2360.36,2361.52,2359.83,2360.0,1579.472
1777931100000,2359.99,2361.92,2359.99,2361.81,2597.564
1777931400000,2361.8,2363.66,2360.0,2360.98,5936.449
1777931700000,2360.98,2361.55,2359.58,2359.58,1849.964
1777932000000,2359.58,2364.99,2359.0,2363.2,4668.453
1777932300000,2363.2,2364.15,2360.84,2361.64,2968.626
1777932600000,2361.65,2363.76,2361.09,2362.69,1617.634
1777932900000,2362.69,2364.36,2359.06,2360.0,3261.171
1777933200000,2359.99,2360.85,2357.62,2359.2,2959.579
1777933500000,2359.2,2360.67,2358.55,2358.69,1353.086
1777933800000,2358.69,2358.95,2356.0,2356.61,3093.564
1777934100000,2356.61,2357.58,2355.28,2355.31,4444.544
1777934400000,2355.31,2355.9,2353.33,2353.76,4848.342
1777934700000,2353.77,2359.43,2353.32,2358.16,7661.526
1777935000000,2358.16,2358.38,2353.33,2353.33,4338.85
1777935300000,2353.33,2354.05,2352.72,2353.11,3318.803
1777935600000,2353.11,2353.11,2349.18,2350.08,9439.361
1777935900000,2350.08,2351.1,2348.36,2348.75,5351.676
1777936200000,2348.74,2349.79,2347.35,2349.66,4741.745
1777936500000,2349.66,2349.78,2347.41,2349.67,2470.038
1777936800000,2349.66,2350.28,2348.14,2348.39,2507.323
1777937100000,2348.39,2352.74,2348.39,2351.76,4355.801
1777937400000,2351.75,2351.76,2347.04,2348.0,4660.921
1777937700000,2348.0,2348.01,2343.44,2345.83,7512.438
1777938000000,2345.84,2346.12,2343.43,2343.92,2818.485
1777938300000,2343.91,2346.0,2343.42,2345.29,3912.28
1777938600000,2345.29,2347.48,2344.57,2345.9,3618.48
1777938900000,2345.9,2346.0,2345.17,2346.0,2525.874
1777939200000,2346.0,2350.41,2343.72,2350.13,7100.076
1777939500000,2350.14,2350.56,2348.33,2348.7,3736.479
1777939800000,2348.69,2350.96,2348.48,2350.01,1866.874
1777940100000,2350.0,2350.0,2347.68,2349.97,2055.952
1777940400000,2349.96,2349.97,2347.1,2347.65,1426.175
1777940700000,2347.66,2348.48,2346.74,2346.99,2146.99
1777941000000,2346.99,2355.49,2346.99,2353.85,6549.547
1777941300000,2353.86,2353.89,2352.01,2352.93,3788.294
1777941600000,2352.94,2353.66,2351.04,2353.66,2760.731
1777941900000,2353.66,2356.46,2353.35,2353.9,4632.063
1777942200000,2353.9,2358.15,2353.55,2357.32,5945.629
1777942500000,2357.31,2357.74,2355.8,2357.59,3605.217
1777942800000,2357.59,2358.55,2353.81,2355.59,5066.675
1777943100000,2355.6,2358.75,2355.59,2358.48,4608.941
1777943400000,2358.48,2359.88,2358.35,2358.39,4473.436
1777943700000,2358.4,2360.61,2357.7,2358.28,6166.833
1777944000000,2358.27,2360.87,2357.95,2360.09,3256.688
1777944300000,2360.1,2360.1,2359.08,2359.86,2901.088
1777944600000,2359.87,2359.99,2355.29,2356.66,6241.525
1777944900000,2356.66,2362.76,2355.84,2359.7,7811.111
1777945200000,2359.71,2361.85,2359.54,2360.7,2685.506
1777945500000,2360.7,2362.99,2360.44,2361.73,2654.79
1777945800000,2361.74,2363.32,2361.5,2361.93,2965.347
1777946100000,2361.93,2361.94,2359.48,2360.69,6246.703
1777946400000,2360.69,2373.68,2357.84,2371.4,47793.765
1777946700000,2371.41,2372.37,2367.05,2367.83,21895.934
1777947000000,2367.82,2368.47,2366.33,2368.42,6286.296
1777947300000,2368.43,2369.0,2365.36,2365.85,5538.999
1777947600000,2365.86,2369.66,2364.82,2369.66,2957.481
1777947900000,2369.66,2372.0,2365.79,2366.39,16225.598
1777948200000,2366.4,2368.2,2366.0,2368.19,8504.864
1777948500000,2368.19,2375.28,2368.19,2373.37,13599.957
1777948800000,2373.37,2373.37,2368.53,2373.35,13848.78
1777949100000,2373.35,2376.98,2362.13,2363.11,24354.27
1777949400000,2363.11,2366.13,2363.11,2364.79,6446.283
1777949700000,2364.78,2366.65,2364.0,2366.61,3705.857
1777950000000,2366.61,2367.5,2363.14,2364.73,6751.265
1777950300000,2364.73,2367.12,2364.38,2366.29,2514.409
1777950600000,2366.29,2373.49,2366.28,2371.52,8454.485
1777950900000,2371.52,2373.66,2369.6,2373.64,5116.146
1777951200000,2373.64,2376.8,2373.29,2375.19,17982.558
1777951500000,2375.2,2376.27,2373.77,2375.65,8671.129
1777951800000,2375.66,2377.95,2374.56,2376.13,8613.759
1777952100000,2376.12,2388.3,2376.12,2380.87,60997.333
1777952400000,2380.88,2385.7,2380.87,2384.18,16351.187
1777952700000,2384.18,2385.54,2379.69,2381.79,15404.617
1777953000000,2381.79,2382.3,2379.01,2381.72,9625.769
1777953300000,2381.72,2382.0,2380.3,2381.13,7664.678
1777953600000,2381.12,2384.37,2379.61,2381.8,11163.081
1777953900000,2381.81,2384.65,2381.37,2381.46,11924.831
1777954200000,2381.47,2381.47,2376.81,2378.71,18433.262
1777954500000,2378.71,2381.98,2378.7,2379.56,4735.525
1777954800000,2379.56,2381.0,2379.38,2379.65,3660.542
1777955100000,2379.65,2383.5,2377.71,2378.59,5872.321
1777955400000,2378.59,2379.12,2376.71,2378.44,6155.461
1777955700000,2378.44,2381.0,2377.9,2379.47,5579.803
1777956000000,2379.47,2380.0,2377.88,2377.88,2753.018
1777956300000,2377.88,2380.58,2374.07,2380.57,11837.421
1777956600000,2380.58,2382.84,2379.73,2380.31,8830.02
1777956900000,2380.3,2381.09,2378.86,2379.76,2540.444
1777957200000,2379.76,2379.76,2376.92,2376.92,6350.858
1777957500000,2376.92,2379.63,2376.18,2378.1,5644.402
1777957800000,2378.11,2380.43,2378.0,2378.25,3797.926
1777958100000,2378.24,2380.2,2377.04,2377.73,5294.746
1777958400000,2377.73,2384.5,2377.01,2383.53,8430.439
1777958700000,2383.54,2386.0,2380.22,2383.65,22426.482
1777959000000,2383.66,2385.46,2381.76,2385.4,9347.079
1777959300000,2385.44,2389.63,2383.23,2385.55,25600.913
1777959600000,2385.55,2386.87,2380.78,2380.91,9282.626
1777959900000,2380.92,2381.2,2375.75,2377.48,25669.056
1777960200000,2377.48,2381.0,2377.48,2379.81,6786.14
1777960500000,2379.81,2379.89,2378.0,2378.87,4057.751
1777960800000,2378.87,2380.43,2377.01,2377.44,5251.869
1777961100000,2377.44,2377.5,2375.0,2376.48,7225.799
1777961400000,2376.48,2377.8,2375.5,2376.76,5073.481
1777961700000,2376.77,2377.25,2373.04,2373.6,7348.135
1777962000000,2373.61,2373.61,2366.02,2369.28,36755.297
1777962300000,2369.28,2371.46,2368.57,2370.13,6649.227
1777962600000,2370.12,2375.25,2369.77,2374.34,10164.068
1777962900000,2374.34,2375.53,2372.03,2372.39,5974.81
1777963200000,2372.4,2374.41,2371.05,2373.01,3719.054
1777963500000,2373.01,2376.4,2373.01,2376.1,6030.677
1777963800000,2376.1,2377.41,2375.08,2375.99,4531.57
1777964100000,2375.99,2378.47,2374.44,2378.14,4972.389
1777964400000,2378.14,2378.14,2375.0,2377.14,4944.637
1777964700000,2377.13,2378.29,2375.27,2375.27,7917.159
1777965000000,2375.27,2382.34,2375.27,2380.5,13214.125
1777965300000,2380.49,2381.0,2378.57,2379.99,3832.993
1777965600000,2379.99,2384.29,2379.85,2382.23,6928.74
1777965900000,2382.23,2384.4,2381.54,2381.94,10211.548
1777966200000,2381.95,2384.98,2381.41,2384.98,8150.804
1777966500000,2384.98,2387.9,2384.14,2387.29,17644.675
1777966800000,2387.29,2387.33,2384.1,2384.5,7669.937
1777967100000,2384.5,2385.53,2378.07,2381.74,16714.402
1777967400000,2381.73,2382.35,2379.62,2379.9,5023.412
1777967700000,2379.89,2380.0,2378.26,2379.24,5905.466
1777968000000,2379.24,2380.0,2378.5,2379.26,4004.837
1777968300000,2379.25,2381.0,2379.25,2380.55,4986.259
1777968600000,2380.55,2383.29,2380.42,2382.66,3257.677
1777968900000,2382.65,2383.28,2377.56,2378.42,7082.317
1777969200000,2378.41,2381.3,2378.38,2380.08,3128.345
1777969500000,2380.08,2381.15,2375.72,2376.86,8634.45
1777969800000,2376.85,2378.69,2376.14,2377.86,3679.506
1777970100000,2377.86,2378.19,2375.0,2375.22,6755.732
1777970400000,2375.22,2375.22,2371.5,2372.92,13039.227
1777970700000,2372.92,2374.8,2372.9,2374.8,5758.982
1777971000000,2374.8,2376.6,2374.6,2374.66,6792.457
1777971300000,2374.67,2375.71,2373.74,2375.63,2714.955
1777971600000,2375.63,2375.9,2371.45,2372.05,7268.549
1777971900000,2372.04,2372.52,2370.81,2372.25,7236.275
1777972200000,2372.25,2372.45,2367.8,2367.8,11324.19
1777972500000,2367.81,2370.09,2367.8,2368.56,6284.084
1777972800000,2368.57,2369.38,2366.28,2368.25,8674.405
1777973100000,2368.25,2371.11,2368.25,2370.71,8569.228
1777973400000,2370.71,2373.4,2369.34,2369.35,8820.575
1777973700000,2369.34,2370.4,2365.9,2368.14,12955.927
1777974000000,2368.15,2369.38,2367.7,2368.42,3243.271
1777974300000,2368.42,2370.52,2368.41,2368.5,5499.605
1777974600000,2368.5,2369.12,2366.5,2369.04,6456.838
1777974900000,2369.04,2369.25,2368.0,2369.25,2152.451
1777975200000,2369.25,2369.25,2366.56,2368.92,5758.092
1777975500000,2368.91,2371.69,2368.4,2370.28,6121.99
1777975800000,2370.29,2371.06,2369.24,2369.36,4928.264
1777976100000,2369.37,2371.4,2369.31,2371.39,7946.017
1777976400000,2371.4,2372.48,2370.75,2371.43,4395.633
1777976700000,2371.42,2375.44,2371.42,2373.69,12057.555
1777977000000,2373.68,2377.46,2373.1,2376.8,8975.309
1777977300000,2376.79,2379.0,2375.85,2377.41,15348.96
1777977600000,2377.41,2377.85,2375.04,2375.66,3516.236
1777977900000,2375.67,2377.87,2375.43,2377.14,4797.168
1777978200000,2377.14,2377.5,2372.37,2372.79,5356.527
1777978500000,2372.79,2377.58,2372.78,2377.58,4593.967
1777978800000,2377.58,2377.83,2374.21,2375.76,6408.451
1777979100000,2375.76,2377.4,2375.75,2376.75,3314.802
1777979400000,2376.75,2378.6,2375.06,2377.31,5000.466
1777979700000,2377.3,2377.3,2371.8,2373.86,4840.955
1777980000000,2373.86,2375.67,2373.16,2375.25,1983.868
1777980300000,2375.25,2378.64,2374.8,2377.01,4102.357
1777980600000,2377.0,2380.0,2376.2,2379.13,10271.431
1777980900000,2379.12,2382.87,2378.2,2379.13,13195.911
1777981200000,2379.12,2381.16,2379.12,2379.72,5980.077
1777981500000,2379.73,2380.99,2376.6,2377.5,8339.697
1777981800000,2377.5,2377.5,2373.57,2376.08,11462.979
1777982100000,2376.08,2379.17,2375.91,2378.67,3457.655
1777982400000,2378.68,2378.68,2374.97,2377.44,4949.31
1777982700000,2377.45,2379.64,2377.15,2378.0,6943.966
1777983000000,2378.01,2381.88,2378.01,2381.23,12823.286
1777983300000,2381.23,2383.5,2380.48,2382.51,21174.245
1777983600000,2382.51,2385.5,2382.39,2383.29,14075.617
1777983900000,2383.29,2386.64,2383.25,2385.53,14401.065
1777984200000,2385.53,2388.0,2385.53,2386.75,20840.012
1777984500000,2386.76,2387.3,2383.44,2387.25,11522.896
1777984800000,2387.24,2388.48,2386.35,2387.54,17978.96
1777985100000,2387.54,2388.49,2383.78,2384.99,14915.405
1777985400000,2384.99,2388.88,2384.76,2387.7,13687.962
1777985700000,2387.71,2387.8,2385.73,2387.05,4958.729
1777986000000,2387.06,2394.66,2386.4,2391.12,43255.949
1777986300000,2391.13,2396.83,2389.68,2393.93,43138.907
1777986600000,2393.92,2396.27,2393.18,2393.78,18377.761
1777986900000,2393.77,2394.42,2390.52,2392.7,14564.121
1777987200000,2392.69,2399.0,2391.6,2391.69,38354.265
1777987500000,2391.7,2391.96,2387.05,2388.75,23050.839
1777987800000,2388.74,2393.19,2385.01,2391.0,26683.35
1777988100000,2391.0,2391.74,2386.12,2386.12,19767.188
1777988400000,2386.12,2389.22,2381.55,2388.26,35757.861
1777988700000,2388.29,2394.5,2388.29,2394.12,24355.811
1777989000000,2394.13,2396.93,2386.0,2386.44,21047.166
1777989300000,2386.44,2388.5,2382.0,2387.28,26393.082
1777989600000,2387.28,2391.6,2382.61,2390.07,18844.308
1777989900000,2390.07,2390.33,2385.39,2386.87,8634.416
1777990200000,2386.86,2389.26,2377.78,2380.71,39756.32
1777990500000,2380.72,2383.3,2373.56,2376.54,64458.424
1777990800000,2376.54,2379.41,2367.05,2378.87,58441.726
1777991100000,2378.88,2383.78,2378.78,2382.3,25944.652
1777991400000,2382.3,2386.04,2380.96,2383.01,24977.775
1777991700000,2383.0,2384.41,2370.0,2374.51,32326.041
1777992000000,2374.51,2377.88,2372.64,2376.15,12864.714
1777992300000,2376.14,2376.75,2372.06,2374.12,10362.143
1777992600000,2374.13,2379.88,2373.0,2379.88,11771.327
1777992900000,2379.88,2380.77,2377.0,2377.69,7075.293
1777993200000,2377.7,2380.55,2374.3,2380.25,9237.074
1777993500000,2380.26,2382.17,2377.88,2379.01,12293.412
1777993800000,2379.0,2387.5,2378.38,2382.55,25437.619
1777994100000,2382.56,2383.65,2378.99,2380.29,9679.911
1777994400000,2380.28,2384.5,2379.17,2382.71,9480.351
1777994700000,2382.7,2384.26,2380.69,2383.87,8081.124
1777995000000,2383.88,2385.46,2381.37,2382.31,9781.474
1777995300000,2382.3,2385.67,2382.3,2384.49,6033.663
1777995600000,2384.49,2384.98,2382.53,2384.54,4851.664
1777995900000,2384.54,2386.5,2383.34,2384.56,6570.414
1777996200000,2384.56,2384.61,2380.28,2381.99,7033.457
1777996500000,2381.99,2382.8,2379.01,2380.25,6913.953
1777996800000,2380.24,2382.47,2377.78,2380.21,11528.038
1777997100000,2380.22,2382.57,2379.48,2379.71,4550.502
1777997400000,2379.72,2381.38,2378.41,2379.0,5038.029
1777997700000,2379.0,2380.3,2377.58,2379.7,5785.537
1777998000000,2379.71,2381.57,2377.04,2377.91,5182.823
1777998300000,2377.9,2377.9,2373.08,2375.4,10111.616
1777998600000,2375.4,2375.61,2371.08,2372.41,15193.579
1777998900000,2372.41,2372.88,2360.0,2364.6,73121.972
1777999200000,2364.6,2364.68,2360.17,2361.2,24108.269
1777999500000,2361.2,2366.39,2360.67,2365.65,19963.778
1777999800000,2365.65,2369.0,2364.5,2364.9,15046.338
1778000100000,2364.9,2365.3,2364.2,2365.13,5523.067
1778000400000,2365.12,2369.64,2362.78,2367.33,14058.598
1778000700000,2367.33,2367.72,2358.8,2361.01,22329.674
1778001000000,2361.01,2365.32,2360.24,2365.21,9267.857
1778001300000,2365.2,2367.99,2364.08,2367.36,7350.628
1778001600000,2367.37,2368.0,2363.28,2363.29,7726.354
1778001900000,2363.28,2365.79,2363.02,2365.15,5277.23
1778002200000,2365.15,2365.16,2360.15,2362.58,6542.478
1778002500000,2362.59,2363.46,2360.88,2360.89,3435.658
1778002800000,2360.89,2362.46,2360.0,2362.11,6233.744
1778003100000,2362.1,2363.79,2360.23,2362.23,5669.096
1778003400000,2362.24,2363.28,2361.7,2361.96,2623.045
1778003700000,2361.96,2363.68,2361.7,2362.35,2927.539
1778004000000,2362.36,2364.88,2362.27,2364.39,4271.397
1778004300000,2364.39,2367.5,2363.58,2365.7,6189.496
1778004600000,2365.69,2373.35,2365.69,2372.2,18210.592
1778004900000,2372.21,2372.75,2369.11,2369.79,5834.711
1778005200000,2369.79,2371.12,2369.52,2369.52,3247.084
1778005500000,2369.53,2372.23,2369.52,2371.25,5654.414
1778005800000,2371.24,2371.24,2368.17,2370.18,5125.117
1778006100000,2370.19,2371.0,2368.57,2368.57,3530.258
1778006400000,2368.58,2371.73,2368.36,2370.9,2102.635
1778006700000,2370.9,2373.41,2370.19,2372.0,5671.377
1778007000000,2372.0,2374.11,2369.6,2371.11,6320.388
1778007300000,2371.1,2372.42,2370.93,2371.22,1283.449
1778007600000,2371.21,2372.0,2369.74,2370.86,5936.053
1778007900000,2370.86,2371.42,2369.86,2370.49,1871.608
1778008200000,2370.49,2370.92,2368.5,2369.49,2230.922
1778008500000,2369.49,2372.31,2368.3,2371.81,2854.025
1778008800000,2371.81,2372.12,2370.55,2371.9,3817.388
1778009100000,2371.9,2372.43,2370.16,2370.16,3990.842
1778009400000,2370.16,2373.29,2369.61,2370.57,4147.588
1778009700000,2370.57,2371.54,2369.07,2370.84,2180.909
1778010000000,2370.84,2373.64,2370.21,2373.5,3198.933
1778010300000,2373.49,2375.55,2372.83,2374.35,9047.898
1778010600000,2374.34,2374.34,2368.5,2370.87,6904.365
1778010900000,2370.88,2372.77,2369.7,2370.82,3562.181
1778011200000,2370.82,2377.32,2370.54,2375.01,8590.469
1778011500000,2375.01,2376.03,2370.31,2374.94,10807.032
1778011800000,2374.93,2381.99,2374.86,2379.76,20315.069
1778012100000,2379.75,2381.0,2377.52,2379.79,10099.658
1778012400000,2379.8,2383.47,2379.0,2381.26,11428.574
1778012700000,2381.26,2386.5,2379.52,2380.32,17265.652
1778013000000,2380.32,2382.5,2379.01,2382.0,7738.894
1778013300000,2382.0,2386.24,2381.99,2383.01,8699.578
1778013600000,2383.01,2385.87,2381.17,2382.94,5624.084
1778013900000,2382.94,2384.13,2380.87,2381.76,4574.674
1778014200000,2381.75,2382.59,2381.34,2381.38,1796.171
1778014500000,2381.37,2382.0,2381.09,2381.51,2228.389
1778014800000,2381.51,2387.7,2380.95,2384.32,16998.584
1778015100000,2384.31,2385.71,2382.1,2382.64,3268.191
1778015400000,2382.65,2382.85,2377.0,2377.0,11287.228
1778015700000,2377.0,2380.0,2376.19,2377.0,6107.924
1778016000000,2377.0,2378.49,2376.62,2378.48,3023.651
1778016300000,2378.49,2379.35,2373.46,2374.62,5124.933
1778016600000,2374.62,2374.62,2369.0,2369.01,11440.445
1778016900000,2369.01,2372.37,2367.11,2370.98,10456.469
1778017200000,2370.97,2372.35,2369.15,2370.4,3312.83
1778017500000,2370.4,2374.29,2370.0,2374.25,4505.756
1778017800000,2374.25,2376.89,2373.89,2376.15,3783.574
1778018100000,2376.15,2376.88,2374.1,2374.42,2815.336
1778018400000,2374.42,2380.93,2373.6,2377.65,5173.602
1778018700000,2377.64,2378.38,2373.77,2375.52,4623.499
1778019000000,2375.53,2375.53,2372.5,2373.78,3718.333
1778019300000,2373.79,2374.12,2371.5,2374.04,2448.046
1778019600000,2374.04,2374.6,2372.33,2374.4,1910.916
1778019900000,2374.4,2378.34,2374.36,2375.65,3156.114
1778020200000,2375.64,2375.65,2365.09,2365.57,20270.342
1778020500000,2365.58,2367.27,2358.2,2360.64,32921.398
1778020800000,2360.63,2364.11,2352.0,2360.56,33841.573
1778021100000,2360.56,2362.19,2357.26,2361.69,8561.259
1778021400000,2361.69,2374.73,2361.0,2368.99,40227.037
1778021700000,2369.0,2370.94,2365.61,2366.33,10872.185
1778022000000,2366.32,2367.28,2362.41,2365.87,8698.279
1778022300000,2365.86,2366.79,2363.7,2365.66,3544.806
1778022600000,2365.65,2368.86,2365.65,2368.7,3956.69
1778022900000,2368.7,2368.7,2365.01,2365.55,2435.779
1778023200000,2365.55,2366.96,2361.03,2361.8,8841.696
1778023500000,2361.8,2362.0,2356.29,2357.45,13267.386
1778023800000,2357.46,2359.14,2354.16,2355.41,13377.378
1778024100000,2355.42,2355.96,2353.4,2355.49,11450.979
1778024400000,2355.5,2360.14,2355.13,2358.36,10702.229
1778024700000,2358.36,2361.76,2358.1,2361.16,6744.955
1778025000000,2361.16,2363.14,2360.15,2361.2,5617.158
1778025300000,2361.19,2361.54,2359.44,2359.7,7761.482
1778025600000,2359.7,2363.71,2358.68,2362.58,9897.113
1778025900000,2362.58,2364.12,2360.07,2363.25,8823.548
1778026200000,2363.26,2365.64,2362.5,2363.23,6244.805
1778026500000,2363.24,2366.0,2361.71,2361.72,4321.872
1778026800000,2361.71,2361.72,2355.69,2357.89,9114.235
1778027100000,2357.89,2361.0,2356.11,2356.65,4350.375
1778027400000,2356.66,2359.61,2355.84,2359.33,9184.077
1778027700000,2359.33,2361.9,2358.68,2360.66,5882.098
1778028000000,2360.66,2362.0,2359.75,2360.03,3745.934
1778028300000,2360.04,2361.47,2353.0,2356.16,9819.26
1778028600000,2356.17,2366.0,2356.16,2364.78,11632.031
1778028900000,2364.79,2367.0,2363.44,2363.44,6673.718
1778029200000,2363.44,2366.2,2361.5,2365.79,4998.593
1778029500000,2365.79,2367.2,2364.4,2366.99,10441.013
1778029800000,2367.0,2367.95,2365.28,2367.57,9687.296
1778030100000,2367.58,2373.7,2367.22,2371.5,21373.614
1778030400000,2371.5,2373.1,2370.0,2372.9,7645.347
1778030700000,2372.91,2373.34,2368.62,2368.91,8903.378
1778031000000,2368.92,2372.0,2368.5,2371.9,3160.029
1778031300000,2371.89,2372.38,2368.01,2369.96,4764.634
1778031600000,2369.96,2370.63,2368.91,2369.12,2885.974
1778031900000,2369.12,2373.36,2368.16,2371.28,7640.337
1778032200000,2371.28,2376.0,2371.14,2373.49,17548.838
1778032500000,2373.49,2373.5,2370.3,2372.13,4868.964
1778032800000,2372.13,2372.99,2368.52,2369.05,7852.434
1778033100000,2369.05,2371.36,2367.74,2370.79,9132.589
1778033400000,2370.8,2372.0,2369.63,2370.59,3227.882
1778033700000,2370.59,2370.59,2368.01,2368.55,3160.956
1778034000000,2368.55,2369.48,2367.0,2367.76,5016.656
1778034300000,2367.75,2367.76,2362.01,2362.29,16108.077
1778034600000,2362.29,2363.16,2359.82,2359.82,13330.448
1778034900000,2359.83,2363.19,2359.0,2362.24,7939.482
1778035200000,2362.24,2365.0,2362.08,2362.99,7258.728
1778035500000,2362.99,2365.43,2362.54,2365.43,5089.828
1778035800000,2365.43,2366.21,2363.31,2365.4,1767.637
1778036100000,2365.4,2369.35,2365.4,2368.54,9016.283
1778036400000,2368.53,2371.39,2367.88,2370.36,6922.922
1778036700000,2370.36,2372.0,2367.41,2367.83,7856.267
1778037000000,2367.83,2369.0,2366.63,2367.01,4790.938
1778037300000,2367.0,2369.0,2366.8,2369.0,3530.932
1778037600000,2369.0,2374.61,2368.99,2373.84,17048.157
1778037900000,2373.85,2379.85,2373.44,2375.01,27373.9
1778038200000,2375.01,2377.61,2375.0,2376.98,8895.09
1778038500000,2376.99,2378.58,2376.31,2376.44,5946.99
1778038800000,2376.44,2376.44,2373.7,2375.39,6600.326
1778039100000,2375.39,2375.39,2373.36,2374.1,3163.161
1778039400000,2374.09,2375.3,2372.71,2373.63,3147.2
1778039700000,2373.62,2376.93,2373.62,2375.49,5192.702
1778040000000,2375.49,2376.39,2373.22,2374.34,4942.1
1778040300000,2374.34,2378.0,2374.34,2376.32,5326.565
1778040600000,2376.33,2377.47,2374.51,2376.09,4392.977
1778040900000,2376.09,2376.65,2373.97,2374.83,2405.02
1778041200000,2374.82,2375.59,2373.08,2373.88,3516.45
1778041500000,2373.89,2374.91,2371.2,2371.39,11278.731
1778041800000,2371.38,2371.66,2368.0,2369.5,13447.602
1778042100000,2369.5,2370.1,2368.02,2368.03,4796.428
1778042400000,2368.03,2370.37,2367.6,2370.13,3227.971
1778042700000,2370.13,2372.4,2368.41,2371.92,3344.631
1778043000000,2371.92,2372.16,2359.2,2366.02,37378.073
1778043300000,2366.03,2366.37,2364.19,2365.03,6054.544
1778043600000,2365.02,2365.89,2362.5,2365.5,6300.653
1778043900000,2365.49,2366.0,2362.8,2363.47,5163.137
1778044200000,2363.47,2364.23,2361.38,2363.2,5643.851
1778044500000,2363.2,2365.58,2362.0,2364.57,6124.437
1778044800000,2364.57,2364.58,2362.21,2364.16,4033.059
1778045100000,2364.17,2364.99,2363.21,2364.61,2905.823
1778045400000,2364.62,2364.62,2362.68,2362.69,3054.68
1778045700000,2362.69,2362.69,2353.61,2354.4,42648.246
1778046000000,2354.4,2360.66,2354.04,2359.61,16669.695
1778046300000,2359.62,2363.2,2359.39,2362.74,6393.41
1778046600000,2362.74,2363.61,2361.13,2361.29,3767.561
1778046900000,2361.3,2364.41,2361.29,2364.28,4757.732
1778047200000,2364.28,2366.0,2364.11,2365.2,5740.385
1778047500000,2365.2,2366.0,2361.64,2361.96,4697.551
1778047800000,2361.96,2362.78,2360.34,2362.36,3565.614
1778048100000,2362.37,2362.37,2360.0,2361.0,4850.962
1778048400000,2360.99,2362.07,2360.0,2361.83,4288.77
1778048700000,2361.83,2365.56,2360.4,2364.51,6516.584
1778049000000,2364.51,2366.35,2363.6,2364.9,4034.993
1778049300000,2364.9,2367.67,2364.89,2366.51,10225.082
1778049600000,2366.51,2370.0,2366.39,2369.59,15848.563
1778049900000,2369.6,2370.45,2367.5,2369.54,7540.936
1778050200000,2369.55,2369.55,2367.35,2368.46,6116.434
1778050500000,2368.46,2370.72,2367.06,2369.6,5665.01
1778050800000,2369.59,2370.86,2368.31,2368.66,6557.897
1778051100000,2368.66,2371.28,2367.71,2370.54,6268.35
1778051400000,2370.54,2373.52,2368.57,2369.12,13724.264
1778051700000,2369.13,2371.01,2368.43,2370.06,4646.072
1778052000000,2370.07,2373.7,2369.21,2371.51,7987.584
1778052300000,2371.52,2374.14,2371.51,2372.75,8683.402
1778052600000,2372.76,2372.9,2370.19,2370.19,4822.846
1778052900000,2370.19,2371.0,2368.79,2370.82,3923.03
1778053200000,2370.82,2371.27,2369.0,2370.41,2966.15
1778053500000,2370.41,2372.3,2370.41,2371.96,4088.653
1778053800000,2371.95,2371.95,2369.01,2369.95,4389.178
1778054100000,2369.95,2370.65,2368.32,2370.3,2906.401
1778054400000,2370.3,2376.0,2368.01,2374.34,20069.45
1778054700000,2374.34,2377.78,2374.34,2375.01,22502.654
1778055000000,2375.0,2377.4,2373.25,2375.45,7977.372
1778055300000,2375.45,2375.79,2374.36,2374.94,4365.603
1778055600000,2374.94,2376.5,2373.77,2375.21,5384.789
1778055900000,2375.21,2376.66,2374.38,2376.39,3497.284
1778056200000,2376.38,2385.88,2376.22,2381.05,40923.346
1778056500000,2381.05,2384.5,2378.11,2379.66,21981.686
1778056800000,2379.65,2382.42,2379.0,2381.44,8835.657
1778057100000,2381.43,2382.23,2379.11,2379.19,17013.927
1778057400000,2379.2,2391.18,2378.72,2390.01,79552.795
1778057700000,2390.0,2395.68,2389.0,2393.48,46185.097
1778058000000,2393.47,2394.97,2389.1,2389.9,27256.28
1778058300000,2389.9,2395.0,2387.4,2391.08,28481.488
1778058600000,2391.09,2395.5,2390.01,2390.37,19003.519
1778058900000,2390.36,2392.85,2390.0,2390.2,12294.301
1778059200000,2390.21,2390.62,2383.47,2385.11,24651.222
1778059500000,2385.11,2389.44,2384.22,2388.99,16005.187
1778059800000,2389.0,2407.8,2388.22,2397.34,113867.226
1778060100000,2397.35,2410.85,2395.65,2408.19,88088.929
1778060400000,2408.19,2417.96,2407.02,2416.66,92225.335
1778060700000,2416.66,2416.85,2405.36,2409.87,43296.158
1778061000000,2409.87,2410.35,2406.9,2409.85,16324.934
1778061300000,2409.85,2412.0,2409.42,2411.88,16308.222
1778061600000,2411.87,2412.97,2408.68,2409.04,19252.027
1778061900000,2409.04,2409.04,2404.12,2408.27,17907.834
1778062200000,2408.27,2413.11,2408.27,2409.74,17027.821
1778062500000,2409.74,2411.63,2408.39,2411.32,11195.927
1778062800000,2411.32,2413.5,2409.6,2410.6,19735.299
1778063100000,2410.61,2411.71,2407.51,2410.34,7532.188
1778063400000,2410.34,2412.55,2408.46,2409.24,11975.559
1778063700000,2409.25,2413.5,2408.91,2412.01,11362.286
1778064000000,2412.0,2413.67,2407.86,2408.8,22901.894
1778064300000,2408.81,2411.35,2406.71,2407.77,9603.418
1778064600000,2407.78,2414.55,2406.8,2412.01,15203.978
1778064900000,2412.01,2413.36,2409.02,2409.03,9084.03
1778065200000,2409.02,2411.41,2407.17,2410.01,10292.707
1778065500000,2410.0,2413.44,2408.37,2409.66,12669.056
1778065800000,2409.66,2413.6,2409.66,2412.83,9343.86
1778066100000,2412.83,2423.0,2412.58,2416.42,66109.407
1778066400000,2416.42,2423.77,2416.4,2418.33,41538.323
1778066700000,2418.32,2419.58,2412.73,2414.01,23087.129
1778067000000,2414.02,2416.2,2413.44,2416.01,8769.743
1778067300000,2416.01,2418.12,2415.68,2416.45,12686.429
1778067600000,2416.44,2418.0,2408.13,2408.97,35808.748
1778067900000,2408.96,2413.57,2407.14,2411.0,18608.714
1778068200000,2411.0,2413.39,2407.05,2409.6,16700.166
1778068500000,2409.6,2410.81,2408.0,2409.78,10387.585
1778068800000,2409.77,2411.69,2406.47,2406.89,17460.194
1778069100000,2406.89,2410.0,2405.0,2407.96,16254.124
1778069400000,2407.95,2410.0,2402.0,2402.29,23187.375
1778069700000,2402.29,2407.88,2397.19,2406.72,37314.917
1778070000000,2406.72,2412.98,2406.58,2409.5,22389.208
1778070300000,2409.51,2410.68,2408.0,2408.76,6306.393
1778070600000,2408.75,2410.55,2408.09,2410.45,4999.279
1778070900000,2410.45,2411.16,2407.22,2407.7,7529.099
1778071200000,2407.71,2408.22,2406.26,2408.22,5582.703
1778071500000,2408.22,2410.0,2406.82,2408.69,3051.784
1778071800000,2408.69,2409.89,2400.0,2402.81,39720.219
1778072100000,2402.81,2404.46,2398.88,2403.89,25472.824
1778072400000,2403.9,2403.9,2393.07,2394.97,52732.814
1778072700000,2394.96,2396.76,2382.49,2390.99,78639.732
1778073000000,2390.99,2393.95,2387.17,2388.5,22454.896
1778073300000,2388.51,2392.44,2385.81,2387.01,30232.626
1778073600000,2387.0,2389.57,2383.32,2384.28,29516.902
1778073900000,2384.28,2384.66,2379.0,2382.25,39883.219
1778074200000,2382.26,2386.35,2377.16,2384.6,44698.194
1778074500000,2384.6,2385.28,2373.28,2375.75,42453.094
1778074800000,2375.75,2378.71,2373.5,2376.18,38270.01
1778075100000,2376.17,2376.18,2363.59,2369.57,90552.573
1778075400000,2369.57,2369.66,2363.7,2367.98,42034.907
1778075700000,2367.99,2371.0,2366.48,2367.6,22035.116
1778076000000,2367.6,2368.39,2359.09,2359.53,48175.253
1778076300000,2359.54,2361.07,2344.0,2358.01,183136.902
1778076600000,2358.02,2358.13,2352.2,2357.7,35750.965
1778076900000,2357.69,2361.0,2353.66,2357.0,30838.79
1778077200000,2357.01,2364.0,2356.55,2363.0,35198.229
1778077500000,2363.01,2366.66,2362.0,2362.0,33157.446
1778077800000,2362.0,2368.35,2361.8,2366.24,25959.136
1778078100000,2366.24,2367.28,2361.17,2365.32,28399.4
1778078400000,2365.31,2369.75,2363.0,2369.05,23602.495
1778078700000,2369.04,2372.28,2363.58,2366.26,33225.986
1778079000000,2366.26,2366.26,2358.35,2360.67,20448.743
1778079300000,2360.68,2362.33,2356.03,2358.6,23340.747
1778079600000,2358.6,2361.19,2356.4,2361.18,21166.765
1778079900000,2361.19,2361.27,2358.18,2359.46,7088.247
1778080200000,2359.46,2359.63,2353.62,2356.24,19539.667
1778080500000,2356.24,2365.0,2355.75,2364.3,19663.983
1778080800000,2364.29,2365.28,2361.4,2361.9,15278.786
1778081100000,2361.91,2362.39,2358.26,2359.01,6082.197
1778081400000,2359.0,2360.49,2358.49,2359.21,5958.919
1778081700000,2359.21,2359.21,2353.87,2354.36,20684.62
1778082000000,2354.37,2362.27,2353.24,2358.8,22991.116
1778082300000,2358.8,2361.47,2357.0,2357.12,8124.01
1778082600000,2357.11,2359.74,2355.96,2359.6,6958.553
1778082900000,2359.6,2360.24,2357.08,2357.91,4847.878
1778083200000,2357.92,2359.64,2354.49,2359.64,10195.84
1778083500000,2359.63,2362.71,2358.38,2361.94,14422.605
1778083800000,2361.94,2368.44,2361.27,2362.31,23556.571
1778084100000,2362.32,2364.21,2358.43,2358.44,9165.111
1778084400000,2358.43,2359.1,2354.05,2356.9,17121.722
1778084700000,2356.9,2358.09,2350.49,2350.49,33156.623
1778085000000,2350.49,2354.82,2349.2,2354.65,28133.079
1778085300000,2354.66,2357.35,2351.21,2356.72,9545.683
1778085600000,2356.72,2358.78,2355.64,2358.01,7224.915
1778085900000,2358.01,2358.5,2356.75,2358.49,6510.518
1778086200000,2358.5,2361.35,2357.14,2357.15,9391.21
1778086500000,2357.15,2359.19,2355.77,2357.06,5398.737
1778086800000,2357.05,2358.23,2355.58,2357.24,3923.072
1778087100000,2357.24,2358.91,2356.3,2357.38,3177.505
1778087400000,2357.37,2360.0,2357.14,2358.45,2894.682
1778087700000,2358.45,2358.45,2350.81,2354.27,14227.679
1778088000000,2354.27,2356.38,2353.91,2355.21,3851.656
1778088300000,2355.2,2355.72,2352.8,2352.81,3146.982
1778088600000,2352.81,2354.21,2351.0,2351.29,10475.104
1778088900000,2351.28,2351.77,2349.06,2350.73,13428.213
1778089200000,2350.72,2353.69,2349.28,2352.42,7917.126
1778089500000,2352.43,2352.59,2346.25,2350.36,18781.197
1778089800000,2350.35,2350.71,2348.0,2350.47,5962.097
1778090100000,2350.47,2352.21,2349.0,2349.19,5877.811
1778090400000,2349.19,2350.35,2347.47,2347.59,12971.483
1778090700000,2347.59,2349.44,2346.0,2348.28,9498.923
1778091000000,2348.29,2348.52,2335.31,2348.52,87190.814
1778091300000,2348.52,2351.57,2347.5,2348.95,20872.557
1778091600000,2348.96,2349.72,2347.2,2347.49,7167.857
1778091900000,2347.48,2348.03,2343.69,2343.7,5724.345
1778092200000,2343.69,2347.33,2340.52,2346.12,16878.741
1778092500000,2346.11,2346.78,2343.51,2344.26,4309.749
1778092800000,2344.25,2346.5,2344.25,2345.31,4731.217
1778093100000,2345.31,2347.56,2343.89,2343.89,4814.794
1778093400000,2343.89,2347.41,2342.5,2346.66,6274.428
1778093700000,2346.66,2347.8,2344.1,2344.11,2197.025
1778094000000,2344.1,2347.2,2343.84,2344.61,4188.712
1778094300000,2344.61,2346.5,2342.57,2345.18,4597.832
1778094600000,2345.18,2345.19,2342.1,2344.28,5360.149
1778094900000,2344.28,2344.92,2342.41,2344.92,4849.155
1778095200000,2344.93,2348.0,2344.01,2344.01,3704.783
1778095500000,2344.0,2344.4,2342.1,2344.05,2417.29
1778095800000,2344.05,2344.05,2341.37,2341.59,4228.073
1778096100000,2341.58,2346.0,2341.33,2346.0,4634.477
1778096400000,2346.0,2346.59,2343.64,2344.73,4496.55
1778096700000,2344.73,2346.2,2344.45,2344.59,1685.688
1778097000000,2344.59,2347.93,2344.59,2347.93,6521.09
1778097300000,2347.93,2349.34,2347.92,2348.05,7364.238
1778097600000,2348.05,2353.5,2348.05,2353.49,13384.659
1778097900000,2353.5,2353.83,2351.55,2352.25,8708.493
1778098200000,2352.26,2354.05,2352.25,2352.49,9045.223
1778098500000,2352.49,2353.3,2351.51,2351.94,4974.02
1778098800000,2351.95,2352.52,2350.27,2351.7,4423.222
1778099100000,2351.7,2356.4,2351.7,2351.85,12555.175
1778099400000,2351.84,2352.3,2343.99,2345.55,11786.471
1778099700000,2345.55,2348.16,2345.01,2346.38,7628.016
1778100000000,2346.39,2348.13,2345.42,2346.58,8153.747
1778100300000,2346.59,2347.99,2344.51,2345.45,5106.581
1778100600000,2345.45,2346.79,2344.55,2346.51,1765.216
1778100900000,2346.5,2350.22,2346.27,2350.18,2380.964
1778101200000,2350.18,2351.29,2349.64,2350.75,4892.993
1778101500000,2350.76,2351.69,2350.1,2351.49,2075.965
1778101800000,2351.49,2351.5,2344.7,2348.08,3867.193
1778102100000,2348.09,2349.44,2347.69,2348.45,3360.573
1778102400000,2348.45,2350.32,2348.07,2350.31,1176.099
1778102700000,2350.32,2350.6,2349.72,2350.6,1037.328
1778103000000,2350.6,2353.74,2349.1,2351.21,3215.002
1778103300000,2351.2,2354.99,2350.78,2354.99,4381.051
1778103600000,2355.0,2356.94,2353.23,2354.26,5514.214
1778103900000,2354.26,2355.0,2352.81,2353.78,3417.138
1778104200000,2353.78,2355.0,2351.67,2354.31,3689.252
1778104500000,2354.31,2355.0,2352.3,2353.62,4762.554
1778104800000,2353.62,2354.35,2351.02,2351.02,3648.872
1778105100000,2351.03,2354.29,2348.2,2348.91,9063.903
1778105400000,2348.91,2350.87,2347.63,2349.66,3509.612
1778105700000,2349.67,2350.0,2346.5,2347.1,3223.093
1778106000000,2347.09,2347.66,2345.3,2346.0,4496.074
1778106300000,2345.99,2346.07,2343.83,2344.78,3235.97
1778106600000,2344.77,2348.45,2344.41,2347.48,4087.275
1778106900000,2347.48,2348.03,2346.02,2346.52,2409.388
1778107200000,2346.52,2347.38,2346.07,2347.27,1174.198
1778107500000,2347.28,2348.12,2344.17,2345.8,2959.845
1778107800000,2345.79,2348.74,2345.45,2348.31,2896.598
1778108100000,2348.31,2348.31,2346.37,2346.38,2074.537
1778108400000,2346.38,2346.39,2337.35,2338.29,30525.138
1778108700000,2338.29,2343.17,2337.29,2342.36,9175.757
1778109000000,2342.36,2345.2,2342.07,2343.67,6148.344
1778109300000,2343.67,2345.98,2342.97,2344.91,2861.657
1778109600000,2344.91,2348.14,2344.75,2348.14,5126.841
1778109900000,2348.15,2348.89,2346.88,2348.89,4493.681
1778110200000,2348.89,2349.21,2346.6,2348.67,2716.376
1778110500000,2348.67,2348.67,2346.51,2346.51,1698.247
1778110800000,2346.52,2349.1,2346.07,2348.19,1950.057
1778111100000,2348.2,2349.08,2346.5,2347.52,2384.163
1778111400000,2347.53,2350.3,2347.0,2350.29,3528.998
1778111700000,2350.3,2350.94,2349.64,2350.15,3724.561
1778112000000,2350.15,2351.5,2349.38,2349.8,5738.794
1778112300000,2349.8,2351.0,2347.3,2349.31,3974.21
1778112600000,2349.31,2351.81,2349.02,2349.27,6238.68
1778112900000,2349.26,2349.64,2346.0,2349.04,5165.181
1778113200000,2349.04,2349.05,2344.53,2345.84,5531.483
1778113500000,2345.85,2346.11,2344.0,2344.0,4840.927
1778113800000,2344.01,2345.04,2342.0,2344.52,8329.365
1778114100000,2344.52,2345.95,2341.36,2341.99,9115.114
1778114400000,2341.99,2342.35,2333.19,2335.74,34719.939
1778114700000,2335.73,2338.45,2330.27,2337.29,33327.133
1778115000000,2337.3,2338.0,2331.25,2331.66,10314.148
1778115300000,2331.66,2334.88,2327.59,2328.18,32364.8
1778115600000,2328.18,2329.31,2318.14,2320.33,68277.956
1778115900000,2320.33,2327.5,2311.44,2326.56,68631.403
1778116200000,2326.55,2328.87,2324.02,2328.22,23668.485
1778116500000,2328.22,2329.09,2321.5,2323.81,18111.738
1778116800000,2323.8,2326.4,2319.15,2325.95,14839.888
1778117100000,2325.95,2331.24,2325.0,2330.96,16329.641
1778117400000,2330.95,2333.28,2327.0,2327.33,13779.206
1778117700000,2327.33,2332.93,2327.33,2332.8,8675.086
1778118000000,2332.79,2334.1,2332.66,2333.23,8777.395
1778118300000,2333.23,2333.45,2331.3,2333.45,5747.778
1778118600000,2333.45,2333.45,2326.11,2326.85,8417.449
1778118900000,2326.84,2328.1,2324.78,2326.21,7956.177
1778119200000,2326.2,2326.9,2322.6,2322.71,11136.864
1778119500000,2322.71,2323.24,2316.0,2316.81,33274.445
1778119800000,2316.81,2318.6,2314.13,2314.69,23656.728
1778120100000,2314.7,2317.1,2313.5,2313.69,20894.371
1778120400000,2313.69,2319.02,2312.54,2316.71,13888.564
1778120700000,2316.71,2317.5,2315.0,2317.01,5725.169
1778121000000,2317.01,2321.2,2314.8,2319.3,12872.966
1778121300000,2319.3,2319.3,2316.7,2317.47,6131.172
1778121600000,2317.47,2317.91,2316.0,2316.5,9701.468
1778121900000,2316.51,2320.0,2315.04,2319.2,11766.384
1778122200000,2319.19,2321.97,2317.6,2320.99,9626.307
1778122500000,2320.99,2323.0,2320.1,2321.17,5918.222
1778122800000,2321.16,2321.16,2319.0,2319.36,6804.92
1778123100000,2319.35,2322.83,2318.4,2320.58,3746.786
1778123400000,2320.58,2321.07,2318.2,2318.88,4538.501
1778123700000,2318.89,2321.39,2318.43,2319.36,5225.777
1778124000000,2319.35,2319.48,2314.3,2316.29,9426.882
1778124300000,2316.3,2319.42,2316.0,2319.31,3145.878
1778124600000,2319.3,2320.31,2317.4,2318.71,3511.453
1778124900000,2318.72,2321.81,2318.72,2321.39,5461.231
1778125200000,2321.39,2322.4,2321.16,2322.2,3186.462
1778125500000,2322.2,2322.88,2321.41,2322.88,4193.566
1778125800000,2322.88,2324.88,2322.57,2324.01,11037.289
1778126100000,2324.01,2324.01,2320.54,2321.29,7526.708
1778126400000,2321.3,2322.74,2319.28,2320.31,8179.396
1778126700000,2320.31,2321.0,2316.58,2317.67,8930.437
1778127000000,2317.68,2324.0,2317.67,2323.16,9220.538
1778127300000,2323.16,2326.49,2322.77,2326.05,9922.11
1778127600000,2326.04,2326.55,2324.02,2325.72,7186.53
1778127900000,2325.72,2326.52,2324.35,2324.87,4910.383
1778128200000,2324.87,2326.58,2323.71,2324.01,5660.75
1778128500000,2324.01,2324.76,2322.36,2322.7,3698.803
1778128800000,2322.69,2323.45,2321.8,2322.95,2338.06
1778129100000,2322.96,2325.37,2322.95,2324.88,2607.528
1778129400000,2324.89,2326.64,2324.0,2326.35,3579.137
1778129700000,2326.35,2326.68,2325.3,2326.5,3374.072
1778130000000,2326.49,2331.3,2326.0,2330.73,16469.769
1778130300000,2330.73,2330.88,2328.25,2329.39,5604.458
1778130600000,2329.39,2332.46,2328.59,2330.14,8024.031
1778130900000,2330.14,2331.2,2330.0,2330.01,3961.01
1778131200000,2330.0,2330.0,2328.5,2329.39,4019.316
1778131500000,2329.39,2331.78,2328.23,2330.72,4148.719
1778131800000,2330.73,2333.2,2328.95,2328.95,7328.458
1778132100000,2328.96,2330.6,2328.95,2329.01,1605.223
1778132400000,2329.0,2330.29,2328.36,2330.21,3894.289
1778132700000,2330.21,2330.6,2328.5,2330.37,2598.069
1778133000000,2330.38,2330.64,2327.89,2329.5,3327.034
1778133300000,2329.5,2330.21,2328.25,2330.2,2010.812
1778133600000,2330.2,2330.2,2328.92,2329.98,2432.249
1778133900000,2329.99,2329.99,2323.79,2325.29,9767.059
1778134200000,2325.29,2325.29,2320.2,2320.8,17746.203
1778134500000,2320.79,2322.32,2319.0,2320.3,14178.924
1778134800000,2320.29,2321.39,2319.0,2319.89,8624.002
1778135100000,2319.89,2322.85,2319.01,2322.84,7346.795
1778135400000,2322.85,2332.2,2322.84,2332.2,20619.154
1778135700000,2332.2,2334.82,2331.07,2331.71,16043.462
1778136000000,2331.71,2336.57,2331.71,2335.2,15099.757
1778136300000,2335.19,2335.9,2331.24,2333.45,15109.705
1778136600000,2333.44,2336.64,2333.44,2335.99,9030.089
1778136900000,2335.99,2337.54,2335.1,2336.24,8370.53
1778137200000,2336.24,2337.68,2335.6,2337.24,10330.172
1778137500000,2337.25,2340.96,2337.0,2337.64,22755.688
1778137800000,2337.64,2342.88,2336.63,2342.42,21441.453
1778138100000,2342.42,2344.45,2338.27,2339.01,26905.438
1778138400000,2339.02,2341.75,2338.74,2339.79,8595.486
1778138700000,2339.79,2340.0,2338.21,2339.22,5283.334
1778139000000,2339.22,2344.83,2338.92,2343.64,10826.812
1778139300000,2343.65,2345.57,2343.25,2344.99,11890.549
1778139600000,2345.0,2345.89,2343.26,2344.27,10888.294
1778139900000,2344.26,2345.64,2341.58,2342.8,7819.378
1778140200000,2342.8,2345.0,2340.54,2340.62,7011.872
1778140500000,2340.62,2344.27,2340.62,2343.37,6217.629
1778140800000,2343.38,2345.58,2341.73,2343.67,7446.474
1778141100000,2343.68,2344.54,2343.0,2344.0,4058.292
1778141400000,2343.99,2343.99,2340.1,2340.7,7079.188
1778141700000,2340.7,2340.95,2335.03,2336.04,14573.156
1778142000000,2336.04,2337.24,2334.44,2337.24,10414.358
1778142300000,2337.25,2337.8,2333.6,2336.55,7597.06
1778142600000,2336.54,2339.79,2334.66,2335.37,6017.823
1778142900000,2335.39,2336.0,2332.5,2335.79,9455.058
1778143200000,2335.79,2335.86,2333.22,2333.34,7959.526
1778143500000,2333.35,2334.53,2330.66,2334.52,10308.497
1778143800000,2334.53,2339.37,2334.0,2335.71,14090.435
1778144100000,2335.71,2336.0,2332.1,2332.78,7450.294
1778144400000,2332.79,2333.53,2330.02,2332.43,14458.555
1778144700000,2332.42,2333.52,2331.0,2333.31,5583.109
1778145000000,2333.3,2334.67,2332.68,2334.67,4434.704
1778145300000,2334.67,2336.19,2333.63,2334.29,4616.154
1778145600000,2334.29,2334.62,2330.59,2332.15,10882.86
1778145900000,2332.14,2332.5,2327.51,2330.3,15887.344
1778146200000,2330.29,2332.73,2328.86,2332.1,8272.358
1778146500000,2332.1,2333.55,2326.57,2327.46,13610.285
1778146800000,2327.47,2330.0,2325.35,2327.29,8330.788
1778147100000,2327.29,2329.43,2326.82,2329.4,4882.357
1778147400000,2329.4,2329.52,2326.6,2328.18,4064.945
1778147700000,2328.18,2328.57,2326.41,2327.9,4077.838
1778148000000,2327.91,2330.99,2327.0,2329.54,7041.044
1778148300000,2329.53,2330.3,2328.05,2328.6,5061.011
1778148600000,2328.59,2328.6,2321.0,2324.64,21470.168
1778148900000,2324.63,2327.64,2323.9,2323.9,5838.652
1778149200000,2323.9,2325.6,2322.08,2322.08,8048.856
1778149500000,2322.08,2322.75,2316.34,2317.68,30006.856
1778149800000,2317.68,2322.03,2317.32,2320.87,15229.593
1778150100000,2320.86,2324.64,2319.67,2324.31,8229.04
1778150400000,2324.31,2327.23,2324.18,2327.21,8213.455
1778150700000,2327.21,2328.6,2325.5,2325.51,8858.428
1778151000000,2325.5,2327.05,2325.12,2327.01,4054.23
1778151300000,2327.0,2327.25,2326.0,2326.0,2640.111
1778151600000,2326.01,2329.26,2324.36,2329.25,6351.604
1778151900000,2329.24,2330.77,2326.6,2329.2,7578.278
1778152200000,2329.2,2329.4,2327.73,2328.6,3269.477
1778152500000,2328.6,2329.45,2327.0,2328.06,4249.533
1778152800000,2328.05,2330.37,2327.37,2330.37,7492.345
1778153100000,2330.37,2330.37,2326.68,2327.2,4169.603
1778153400000,2327.2,2329.83,2327.19,2329.4,2540.174
1778153700000,2329.39,2330.78,2328.39,2330.13,7404.452
1778154000000,2330.12,2331.09,2329.17,2329.7,5462.549
1778154300000,2329.7,2330.52,2327.24,2327.24,2971.652
1778154600000,2327.23,2328.2,2324.51,2328.1,9266.66
1778154900000,2328.1,2329.75,2327.9,2329.38,3236.059
1778155200000,2329.38,2333.65,2328.07,2332.41,7123.093
1778155500000,2332.4,2332.88,2330.75,2332.39,4475.709
1778155800000,2332.38,2335.29,2332.38,2335.11,8061.815
1778156100000,2335.11,2336.83,2331.48,2333.13,12966.785
1778156400000,2333.12,2333.13,2331.2,2332.1,7839.959
1778156700000,2332.1,2333.88,2331.53,2332.21,3418.342
1778157000000,2332.21,2335.26,2330.75,2333.31,6673.028
1778157300000,2333.31,2333.6,2331.32,2332.7,3368.556
1778157600000,2332.7,2332.71,2331.05,2332.28,2442.824
1778157900000,2332.28,2333.6,2329.36,2331.0,3441.35
1778158200000,2330.99,2332.55,2330.0,2332.45,2866.961
1778158500000,2332.45,2332.93,2330.3,2331.85,4336.337
1778158800000,2331.84,2331.84,2327.56,2329.32,9198.46
1778159100000,2329.32,2329.33,2324.03,2326.03,14759.03
1778159400000,2326.03,2326.36,2321.5,2323.08,12545.965
1778159700000,2323.08,2327.3,2321.69,2326.8,8794.553
1778160000000,2326.8,2329.14,2325.82,2327.2,9689.34
1778160300000,2327.19,2327.19,2321.96,2323.76,5687.103
1778160600000,2323.76,2323.94,2317.44,2320.15,27378.626
1778160900000,2320.15,2321.6,2316.8,2316.81,23020.887
1778161200000,2316.81,2318.47,2313.68,2314.0,37692.816
1778161500000,2314.01,2315.75,2303.1,2307.99,93002.398
1778161800000,2307.99,2315.15,2305.91,2314.0,36801.93
1778162100000,2314.0,2317.0,2312.64,2313.54,17501.931
1778162400000,2313.55,2314.07,2308.01,2309.6,19753.642
1778162700000,2309.6,2312.85,2307.0,2312.31,14471.155
1778163000000,2312.32,2318.0,2311.72,2316.01,19926.098
1778163300000,2316.0,2316.34,2308.25,2310.22,17670.65
1778163600000,2310.22,2312.67,2308.8,2311.61,8600.166
1778163900000,2311.62,2313.11,2308.13,2309.31,12668.756
1778164200000,2309.31,2310.11,2292.68,2299.01,155327.004
1778164500000,2299.01,2299.66,2287.63,2292.0,100407.571
1778164800000,2292.0,2296.33,2289.4,2295.69,32510.886
1778165100000,2295.69,2299.0,2293.5,2296.89,18081.502
1778165400000,2296.89,2301.34,2296.75,2299.05,22102.925
1778165700000,2299.05,2300.77,2295.73,2298.25,11080.398
1778166000000,2298.25,2299.78,2295.0,2298.38,9036.785
1778166300000,2298.38,2303.99,2295.57,2303.01,16966.227
1778166600000,2303.0,2303.25,2296.95,2297.57,14373.458
1778166900000,2297.58,2300.28,2292.0,2294.01,23992.652
1778167200000,2294.0,2294.31,2287.22,2290.18,41095.902
1778167500000,2290.19,2293.17,2284.28,2290.26,40563.992
1778167800000,2290.25,2297.47,2288.39,2295.82,22725.626
1778168100000,2295.81,2298.2,2292.48,2293.96,16933.303
1778168400000,2293.96,2298.09,2293.11,2295.33,9262.948
1778168700000,2295.32,2297.78,2294.75,2296.06,7255.906
1778169000000,2296.05,2297.3,2293.59,2295.73,5145.927
1778169300000,2295.73,2295.74,2291.66,2293.85,9175.762
1778169600000,2293.86,2294.53,2290.34,2290.69,15355.758
1778169900000,2290.7,2291.41,2287.21,2291.27,19323.562
1778170200000,2291.28,2291.32,2286.38,2289.31,10517.708
1778170500000,2289.3,2289.31,2284.47,2287.42,18087.706
1778170800000,2287.41,2294.39,2287.1,2293.58,14958.785
1778171100000,2293.58,2297.92,2293.29,2296.77,20236.613
1778171400000,2296.77,2297.57,2293.58,2293.61,8008.646
1778171700000,2293.6,2293.61,2290.0,2292.35,7778.701
1778172000000,2292.34,2294.48,2291.15,2294.48,4022.569
1778172300000,2294.48,2295.74,2293.54,2294.58,3852.884
1778172600000,2294.59,2295.2,2292.6,2294.18,3040.258
1778172900000,2294.19,2294.9,2288.6,2290.91,8138.639
1778173200000,2290.9,2293.11,2289.71,2291.47,4336.492
1778173500000,2291.47,2294.39,2290.97,2291.39,5382.198
1778173800000,2291.4,2293.05,2290.1,2292.71,4018.889
1778174100000,2292.7,2292.7,2286.25,2287.9,8653.333
1778174400000,2287.89,2293.0,2286.67,2292.31,8405.246
1778174700000,2292.31,2294.89,2278.13,2287.67,80635.497
1778175000000,2287.67,2291.11,2285.5,2288.76,10424.029
1778175300000,2288.75,2291.95,2287.56,2290.91,7554.29
1778175600000,2290.91,2292.68,2290.47,2291.06,5725.531
1778175900000,2291.06,2293.38,2289.0,2290.82,7521.565
1778176200000,2290.83,2294.59,2289.61,2293.75,7632.095
1778176500000,2293.75,2301.23,2293.18,2299.07,35597.094
1778176800000,2299.07,2302.34,2298.56,2301.01,17125.464
1778177100000,2301.0,2303.6,2297.64,2298.21,12252.288
1778177400000,2298.21,2300.0,2297.01,2299.5,5413.86
1778177700000,2299.5,2301.4,2299.22,2299.74,3465.806
1778178000000,2299.74,2300.71,2299.11,2300.54,2686.643
1778178300000,2300.54,2300.69,2298.67,2298.86,2402.517
1778178600000,2298.86,2303.46,2298.86,2301.99,3164.799
1778178900000,2302.0,2303.76,2299.04,2301.84,7322.851
1778179200000,2301.84,2302.1,2293.45,2295.46,12123.45
1778179500000,2295.48,2297.14,2293.18,2293.34,6353.91
1778179800000,2293.33,2294.27,2290.62,2294.18,11709.698
1778180100000,2294.17,2299.29,2293.91,2295.51,8502.715
1778180400000,2295.51,2296.38,2291.26,2291.27,5524.439
1778180700000,2291.27,2292.62,2289.35,2291.07,6877.214
1778181000000,2291.07,2295.5,2289.78,2294.57,5239.204
1778181300000,2294.56,2295.71,2289.21,2291.68,6392.902
1778181600000,2291.68,2293.0,2290.0,2290.38,3759.656
1778181900000,2290.38,2291.74,2289.21,2290.05,4627.667
1778182200000,2290.06,2293.39,2290.05,2292.34,6546.49
1778182500000,2292.35,2295.42,2291.84,2295.41,4941.507
1778182800000,2295.41,2296.0,2293.18,2293.38,4324.318
1778183100000,2293.38,2294.66,2291.88,2293.83,2403.926
1778183400000,2293.84,2296.5,2287.1,2290.36,17490.829
1778183700000,2290.36,2295.5,2289.97,2295.5,7159.433
1778184000000,2295.5,2302.31,2293.0,2298.72,22794.559
1778184300000,2298.72,2298.78,2296.58,2296.58,3418.197
1778184600000,2296.58,2297.1,2294.64,2294.64,1776.689
1778184900000,2294.65,2295.58,2293.03,2293.46,2863.885
1778185200000,2293.46,2294.59,2292.46,2293.84,1581.632
1778185500000,2293.83,2294.85,2293.01,2294.13,776.975
1778185800000,2294.12,2294.12,2291.32,2291.47,4011.948
1778186100000,2291.47,2292.02,2287.39,2289.67,17841.215
1778186400000,2289.66,2290.73,2288.43,2289.56,7990.311
1778186700000,2289.56,2290.3,2288.02,2289.84,7193.738
1778187000000,2289.84,2290.3,2288.25,2288.39,4075.796
1778187300000,2288.39,2289.0,2287.71,2288.64,14131.778
1778187600000,2288.63,2290.07,2288.0,2289.57,4407.979
1778187900000,2289.57,2289.57,2281.0,2282.17,22746.985
1778188200000,2282.17,2286.83,2281.62,2285.79,9522.776
1778188500000,2285.79,2290.6,2284.59,2290.0,4314.775
1778188800000,2290.0,2290.7,2288.13,2290.31,2022.789
1778189100000,2290.31,2293.61,2290.3,2293.51,6909.697
1778189400000,2293.51,2293.84,2290.44,2293.29,5891.443
1778189700000,2293.29,2293.82,2291.5,2292.61,6051.146
1778190000000,2292.62,2293.18,2289.87,2290.47,3508.594
1778190300000,2290.48,2292.0,2290.1,2291.77,1705.067
1778190600000,2291.76,2291.76,2289.51,2290.4,2556.545
1778190900000,2290.39,2291.43,2286.89,2287.23,4277.52
1778191200000,2287.22,2288.7,2283.62,2285.41,25623.909
1778191500000,2285.42,2285.46,2279.79,2281.64,39078.741
1778191800000,2281.64,2288.84,2281.0,2287.14,7966.652
1778192100000,2287.14,2289.0,2286.1,2287.65,8763.059
1778192400000,2287.65,2289.68,2285.68,2287.08,15624.074
1778192700000,2287.09,2287.85,2285.58,2285.59,4212.069
1778193000000,2285.58,2288.26,2281.0,2281.01,8629.81
1778193300000,2281.01,2285.38,2281.01,2285.05,6876.417
1778193600000,2285.05,2285.77,2283.16,2283.24,7121.293
1778193900000,2283.24,2285.77,2282.44,2285.77,7250.292
1778194200000,2285.76,2286.67,2285.14,2285.72,2471.954
1778194500000,2285.72,2287.91,2285.59,2286.5,4679.904
1778194800000,2286.5,2288.43,2285.66,2288.34,2844.445
1778195100000,2288.34,2290.0,2287.5,2289.99,4069.398
1778195400000,2290.0,2291.19,2289.03,2289.29,9392.607
1778195700000,2289.3,2290.36,2286.27,2286.27,2979.428
1778196000000,2286.28,2289.98,2286.27,2288.05,2556.503
1778196300000,2288.05,2290.52,2288.04,2289.0,4872.107
1778196600000,2289.01,2289.5,2287.71,2287.71,1624.14
1778196900000,2287.72,2290.63,2286.87,2290.33,3004.959
1778197200000,2290.33,2291.0,2290.1,2290.99,1907.245
1778197500000,2290.99,2292.94,2290.99,2292.75,5212.113
1778197800000,2292.75,2292.95,2290.54,2290.55,4138.906
1778198100000,2290.55,2291.31,2290.27,2290.61,2026.476
1778198400000,2290.62,2292.95,2290.57,2291.84,3226.678
1778198700000,2291.85,2293.59,2291.74,2292.42,3605.482
1778199000000,2292.42,2293.85,2291.74,2293.11,4422.498
1778199300000,2293.12,2293.14,2289.23,2291.67,4260.674
1778199600000,2291.68,2293.2,2290.01,2293.19,2600.512
1778199900000,2293.2,2294.0,2289.87,2289.99,8737.753
1778200200000,2290.0,2290.89,2289.03,2289.03,5413.011
1778200500000,2289.04,2289.98,2286.45,2287.01,6885.33
1778200800000,2287.0,2288.51,2286.83,2287.51,3216.622
1778201100000,2287.5,2287.51,2285.09,2286.51,6568.076
1778201400000,2286.51,2286.51,2283.38,2283.65,6982.869
1778201700000,2283.65,2286.64,2283.13,2286.63,8201.43
1778202000000,2286.63,2288.85,2286.63,2287.0,4193.426
1778202300000,2287.01,2287.01,2283.0,2284.39,4539.11
1778202600000,2284.38,2284.56,2282.5,2282.68,3799.576
1778202900000,2282.69,2285.65,2279.22,2285.64,15264.879
1778203200000,2285.65,2285.65,2282.29,2283.36,4007.687
1778203500000,2283.36,2285.31,2283.05,2285.17,2377.278
1778203800000,2285.17,2287.44,2284.8,2286.85,3128.094
1778204100000,2286.85,2286.86,2283.68,2285.7,3687.178
1778204400000,2285.7,2287.0,2285.44,2285.45,2188.237
1778204700000,2285.45,2286.91,2283.43,2283.76,4298.399
1778205000000,2283.77,2284.48,2282.7,2283.67,3846.122
1778205300000,2283.67,2285.82,2283.02,2284.73,2356.38
1778205600000,2284.73,2285.24,2271.01,2278.0,76795.628
1778205900000,2278.01,2279.65,2273.95,2276.25,16022.797
1778206200000,2276.25,2278.3,2275.5,2277.01,7739.371
1778206500000,2277.0,2277.32,2266.51,2270.89,48943.678
1778206800000,2270.9,2273.93,2270.41,2273.76,14856.488
1778207100000,2273.76,2275.54,2273.75,2275.54,8199.972
1778207400000,2275.54,2282.5,2274.33,2281.46,17395.127
1778207700000,2281.45,2282.09,2276.12,2277.99,9872.696
1778208000000,2277.99,2280.34,2277.7,2278.5,3843.101
1778208300000,2278.5,2280.95,2278.5,2280.64,3104.757
1778208600000,2280.65,2281.21,2278.14,2278.44,4194.886
1778208900000,2278.44,2278.97,2275.74,2278.03,4733.785
1778209200000,2278.03,2278.3,2269.24,2269.78,20736.408
1778209500000,2269.78,2271.44,2262.45,2268.21,63377.529
1778209800000,2268.22,2272.5,2268.21,2272.14,8281.672
1778210100000,2272.14,2278.71,2271.72,2277.09,15366.308
1778210400000,2277.08,2278.3,2276.5,2278.24,7278.956
1778210700000,2278.24,2278.41,2276.12,2278.0,6124.23
1778211000000,2278.0,2279.96,2277.99,2279.41,6531.862
1778211300000,2279.41,2280.64,2278.62,2279.26,7916.659
1778211600000,2279.26,2280.18,2278.69,2279.86,3021.44
1778211900000,2279.86,2280.87,2278.1,2278.25,6438.03
1778212200000,2278.26,2280.2,2278.16,2279.65,3000.125
1778212500000,2279.65,2279.65,2278.0,2278.0,3721.176
1778212800000,2278.0,2280.2,2277.7,2279.74,4133.435
1778213100000,2279.75,2281.09,2279.62,2281.08,6250.767
1778213400000,2281.07,2282.2,2280.8,2281.83,5517.316
1778213700000,2281.84,2282.2,2280.07,2282.2,5470.638
1778214000000,2282.19,2283.69,2282.0,2282.2,6057.797
1778214300000,2282.2,2282.5,2280.25,2281.75,3033.259
1778214600000,2281.75,2281.75,2278.3,2278.3,2347.399
1778214900000,2278.3,2279.0,2276.6,2277.44,4422.228
1778215200000,2277.44,2277.45,2275.38,2276.52,5153.864
1778215500000,2276.52,2279.3,2276.51,2279.3,3438.474
1778215800000,2279.31,2281.45,2278.57,2281.06,2175.893
1778216100000,2281.07,2281.07,2280.18,2280.66,2310.789
1778216400000,2280.67,2281.45,2278.82,2280.11,4098.757
1778216700000,2280.1,2280.84,2279.14,2279.55,1659.29
1778217000000,2279.55,2280.98,2278.71,2279.89,1595.941
1778217300000,2279.89,2281.65,2279.28,2279.28,2919.484
1778217600000,2279.28,2279.29,2277.82,2278.84,2989.71
1778217900000,2278.84,2279.99,2278.66,2279.21,1797.54
1778218200000,2279.21,2282.68,2279.21,2281.27,4677.194
1778218500000,2281.26,2281.53,2280.02,2281.22,1781.233
1778218800000,2281.22,2282.68,2280.88,2282.21,3284.073
1778219100000,2282.22,2283.21,2277.46,2279.67,7440.875
1778219400000,2279.68,2280.0,2278.11,2278.11,1796.848
1778219700000,2278.12,2278.76,2275.13,2275.23,4304.978
1778220000000,2275.23,2275.23,2268.56,2273.81,21903.386
1778220300000,2273.82,2274.27,2270.0,2271.44,10909.793
1778220600000,2271.44,2276.69,2271.25,2275.46,6007.323
1778220900000,2275.47,2277.99,2275.27,2276.65,4945.698
1778221200000,2276.66,2277.45,2275.92,2275.93,3045.346
1778221500000,2275.93,2276.0,2274.02,2274.19,3239.08
1778221800000,2274.19,2275.2,2270.39,2270.4,6525.588
1778222100000,2270.4,2274.0,2267.65,2273.99,12247.031
1778222400000,2273.99,2276.45,2272.85,2274.82,5504.915
1778222700000,2274.82,2275.33,2272.4,2273.94,2933.557
1778223000000,2273.95,2274.78,2273.41,2274.15,1893.003
1778223300000,2274.14,2274.85,2272.0,2274.41,4032.439
1778223600000,2274.41,2274.46,2270.8,2270.99,5076.619
1778223900000,2271.0,2271.0,2266.39,2269.88,14228.296
1778224200000,2269.88,2270.74,2267.5,2267.65,5829.293
1778224500000,2267.65,2270.65,2267.23,2269.58,5577.145
1778224800000,2269.56,2271.06,2267.54,2268.1,10570.504
1778225100000,2268.1,2270.12,2266.08,2269.97,13457.687
1778225400000,2269.97,2273.88,2269.97,2272.8,7943.804
1778225700000,2272.81,2276.0,2272.8,2275.6,7445.972
1778226000000,2275.6,2279.15,2275.48,2278.15,12512.913
1778226300000,2278.15,2280.88,2277.52,2280.19,12041.903
1778226600000,2280.2,2281.36,2278.96,2280.68,7867.04
1778226900000,2280.68,2281.43,2278.68,2280.28,5006.393
1778227200000,2280.28,2280.3,2278.63,2279.03,7483.2
1778227500000,2279.04,2280.47,2278.91,2279.44,5790.061
1778227800000,2279.44,2281.82,2279.14,2280.49,6767.203
1778228100000,2280.48,2281.79,2280.0,2280.0,6122.726
1778228400000,2280.01,2281.0,2279.31,2280.01,4345.726
1778228700000,2280.0,2281.0,2279.48,2280.45,3880.098
1778229000000,2280.45,2281.92,2280.22,2281.35,5085.079
1778229300000,2281.35,2285.96,2281.35,2285.28,14736.313
1778229600000,2285.29,2285.29,2283.59,2284.51,7762.679
1778229900000,2284.5,2288.4,2284.18,2285.51,17608.375
1778230200000,2285.51,2286.44,2283.92,2284.47,6694.137
1778230500000,2284.48,2284.65,2282.25,2282.27,7199.829
1778230800000,2282.27,2282.59,2278.58,2279.94,11356.517
1778231100000,2279.94,2285.6,2279.33,2285.6,14145.045
1778231400000,2285.6,2289.33,2285.04,2288.67,41274.526
1778231700000,2288.67,2289.17,2286.09,2288.03,15149.94
1778232000000,2288.02,2289.92,2287.89,2289.24,13108.04
1778232300000,2289.23,2291.64,2286.52,2286.69,11773.142
1778232600000,2286.7,2287.55,2284.75,2287.14,8799.102
1778232900000,2287.13,2287.62,2285.32,2285.56,5444.347
1778233200000,2285.55,2285.58,2284.5,2284.66,5268.097
1778233500000,2284.66,2284.66,2280.51,2282.01,13249.54
1778233800000,2282.02,2282.6,2281.0,2282.6,7457.429
1778234100000,2282.59,2283.85,2281.66,2283.24,3953.584
1778234400000,2283.23,2286.9,2283.23,2286.49,8202.524
1778234700000,2286.49,2286.5,2280.66,2282.0,7914.107
1778235000000,2282.0,2283.92,2281.35,2281.75,4906.319
1778235300000,2281.75,2283.12,2281.62,2282.51,3961.013
1778235600000,2282.5,2283.0,2280.01,2282.63,4847.143
1778235900000,2282.63,2284.31,2281.77,2282.51,5375.144
1778236200000,2282.51,2286.0,2282.5,2285.91,4238.432
1778236500000,2285.91,2289.21,2285.49,2287.12,6793.249
1778236800000,2287.11,2289.67,2286.68,2289.29,6543.323
1778237100000,2289.29,2289.97,2287.11,2288.04,6280.117
1778237400000,2288.04,2289.5,2287.52,2288.38,7158.174
1778237700000,2288.38,2288.76,2285.42,2286.9,5395.171
1778238000000,2286.9,2291.99,2286.9,2289.86,20899.967
1778238300000,2289.86,2291.63,2288.47,2288.98,10346.463
1778238600000,2288.98,2289.94,2287.85,2289.89,3854.87
1778238900000,2289.9,2290.88,2288.91,2290.87,4405.53
1778239200000,2290.88,2293.72,2289.79,2292.12,12737.082
1778239500000,2292.11,2293.61,2291.9,2292.0,5767.809
1778239800000,2292.0,2292.85,2290.2,2291.58,3902.956
1778240100000,2291.58,2293.23,2289.83,2290.71,4700.563
1778240400000,2290.71,2291.0,2288.44,2289.48,5228.448
1778240700000,2289.49,2292.53,2289.48,2291.85,5152.293
1778241000000,2291.85,2294.99,2291.84,2294.1,9677.747
1778241300000,2294.1,2299.08,2293.0,2294.5,21423.729
1778241600000,2294.5,2296.91,2292.32,2292.33,15411.809
1778241900000,2292.32,2293.93,2291.64,2292.05,6002.171
1778242200000,2292.05,2292.59,2289.61,2292.59,8207.225
1778242500000,2292.58,2293.48,2291.41,2291.62,5983.588
1778242800000,2291.62,2291.62,2289.54,2289.76,4178.065
1778243100000,2289.76,2292.88,2288.25,2292.88,10435.46
1778243400000,2292.88,2304.08,2288.64,2292.27,59061.874
1778243700000,2292.27,2293.33,2289.21,2290.5,6497.979
1778244000000,2290.5,2291.99,2289.29,2290.84,8609.066
1778244300000,2290.84,2290.84,2285.01,2285.59,16226.079
1778244600000,2285.59,2286.9,2282.13,2286.76,23139.479
1778244900000,2286.77,2288.46,2281.2,2283.75,16547.336
1778245200000,2283.75,2286.15,2282.8,2283.87,10607.538
1778245500000,2283.87,2285.3,2278.04,2280.74,29782.303
1778245800000,2280.74,2281.63,2273.57,2274.98,38722.182
1778246100000,2274.99,2278.76,2274.51,2277.79,15427.591
1778246400000,2277.79,2278.89,2276.54,2277.69,6649.555
1778246700000,2277.68,2278.0,2272.12,2273.15,19073.665
1778247000000,2273.15,2277.5,2271.02,2277.01,17881.2
1778247300000,2277.01,2277.92,2270.04,2270.48,13853.96
1778247600000,2270.48,2272.38,2268.37,2270.93,27032.699
1778247900000,2270.93,2275.93,2270.0,2274.39,17147.146
1778248200000,2274.4,2276.67,2273.39,2274.51,9628.226
1778248500000,2274.5,2275.5,2273.37,2275.42,5636.264
1778248800000,2275.42,2280.8,2274.0,2279.71,13289.073
1778249100000,2279.7,2284.82,2278.78,2280.29,20614.511
1778249400000,2280.29,2282.0,2277.69,2280.28,10927.06
1778249700000,2280.28,2292.18,2279.13,2289.34,37391.883
1778250000000,2289.33,2290.9,2285.05,2287.99,16464.707
1778250300000,2288.0,2288.33,2280.5,2280.51,13171.392
1778250600000,2280.51,2283.69,2272.12,2282.56,31904.149
1778250900000,2282.57,2288.39,2279.27,2287.4,15672.407
1778251200000,2287.41,2287.6,2284.89,2287.11,7777.259
1778251500000,2287.12,2289.0,2284.68,2285.41,12589.729
1778251800000,2285.41,2286.85,2282.91,2286.0,5574.901
1778252100000,2286.0,2286.0,2281.85,2284.92,4824.153
1778252400000,2284.92,2287.0,2281.0,2281.57,9372.683
1778252700000,2281.57,2284.62,2278.85,2280.33,10006.969
1778253000000,2280.34,2283.16,2278.8,2280.19,8409.231
1778253300000,2280.19,2280.49,2277.0,2279.12,8082.956
1778253600000,2279.12,2281.55,2274.16,2275.0,11655.447
1778253900000,2275.01,2276.9,2273.66,2276.9,11911.603
1778254200000,2276.9,2281.66,2274.1,2281.55,9059.746
1778254500000,2281.54,2282.76,2280.2,2282.16,7077.215
1778254800000,2282.14,2286.42,2281.51,2284.19,10497.278
1778255100000,2284.18,2289.74,2283.56,2287.08,16316.045
1778255400000,2287.08,2291.58,2286.55,2290.88,12702.566
1778255700000,2290.88,2293.69,2290.19,2292.48,19803.786
1778256000000,2292.48,2293.59,2287.56,2288.99,16071.046
1778256300000,2288.99,2292.55,2288.77,2289.59,6100.778
1778256600000,2289.59,2290.75,2288.57,2289.48,5756.996
1778256900000,2289.48,2291.35,2288.33,2289.21,5911.317
1778257200000,2289.17,2290.0,2287.43,2289.89,3931.642
1778257500000,2289.88,2292.35,2289.0,2289.09,4675.336
1778257800000,2289.08,2289.71,2285.14,2287.92,6197.584
1778258100000,2287.92,2289.08,2286.2,2287.15,6533.156
1778258400000,2287.15,2291.23,2285.8,2290.44,5107.725
1778258700000,2290.43,2291.73,2289.0,2289.36,8391.017
1778259000000,2289.35,2291.74,2288.88,2289.0,2741.462
1778259300000,2289.0,2289.85,2288.33,2288.95,2368.415
1778259600000,2288.96,2294.99,2288.25,2294.19,13736.008
1778259900000,2294.19,2297.49,2293.01,2293.59,31757.252
1778260200000,2293.59,2295.38,2291.41,2295.08,5430.52
1778260500000,2295.07,2299.69,2294.72,2299.15,14164.464
1778260800000,2299.15,2299.46,2296.7,2296.9,8472.401
1778261100000,2296.91,2301.71,2296.5,2300.81,12226.634
1778261400000,2300.81,2312.0,2300.81,2311.99,72384.964
1778261700000,2312.0,2314.5,2306.0,2308.81,47423.305
1778262000000,2308.82,2310.43,2306.5,2308.99,10894.149
1778262300000,2308.99,2314.88,2308.99,2314.5,17258.295
1778262600000,2314.5,2314.5,2310.45,2311.83,10759.434
1778262900000,2311.83,2312.6,2297.99,2304.28,40579.433
1778263200000,2304.28,2312.73,2304.27,2310.95,27824.676
1778263500000,2310.96,2311.3,2308.55,2310.18,10429.186
1778263800000,2310.23,2312.12,2310.04,2311.56,8834.255
1778264100000,2311.56,2317.46,2308.76,2315.88,38092.976
1778264400000,2315.88,2318.77,2315.12,2318.0,16129.007
1778264700000,2318.0,2319.58,2316.52,2317.42,15247.931
1778265000000,2317.42,2320.59,2316.43,2318.01,16347.183
1778265300000,2318.0,2319.7,2314.28,2316.63,15898.882
1778265600000,2316.64,2319.71,2314.55,2317.41,12779.934
1778265900000,2317.4,2318.88,2316.04,2317.82,6392.43
1778266200000,2317.82,2320.24,2317.65,2318.33,8758.205
1778266500000,2318.34,2318.61,2312.0,2312.81,9123.831
1778266800000,2312.82,2314.4,2311.43,2312.29,14847.75
1778267100000,2312.3,2318.72,2311.68,2316.06,9776.828
1778267400000,2316.06,2317.85,2314.4,2316.65,3902.259
1778267700000,2316.64,2319.68,2316.0,2317.58,9729.046
1778268000000,2317.58,2317.58,2315.08,2315.21,4643.469
1778268300000,2315.21,2315.5,2313.85,2314.85,3174.054
1778268600000,2314.85,2317.09,2314.07,2316.21,3501.393
1778268900000,2316.21,2318.28,2315.05,2315.23,4445.468
1778269200000,2315.22,2317.7,2313.8,2315.27,8064.728
1778269500000,2315.27,2315.92,2314.18,2314.91,3378.596
1778269800000,2314.91,2315.56,2313.4,2314.02,3471.156
1778270100000,2314.02,2315.43,2313.0,2315.4,4001.679
1778270400000,2315.4,2316.2,2313.2,2313.8,5319.104
1778270700000,2313.79,2313.79,2311.07,2312.26,7742.718
1778271000000,2312.27,2313.42,2312.26,2312.88,2161.752
1778271300000,2312.87,2314.08,2310.4,2310.4,4517.763
1778271600000,2310.4,2313.0,2309.52,2312.99,5907.999
1778271900000,2313.0,2313.06,2311.0,2311.98,1688.416
1778272200000,2311.98,2311.98,2308.06,2311.07,4334.456
1778272500000,2311.06,2311.13,2309.01,2309.24,2760.001
1778272800000,2309.24,2309.4,2306.62,2307.99,6418.398
1778273100000,2307.99,2309.54,2307.85,2308.7,2105.153
1778273400000,2308.7,2308.7,2306.3,2306.5,4200.35
1778273700000,2306.51,2306.51,2304.42,2306.22,7767.95
1778274000000,2306.22,2307.74,2305.0,2307.73,3997.956
1778274300000,2307.74,2308.35,2304.18,2304.21,3316.384
1778274600000,2304.2,2306.52,2303.63,2305.43,4158.018
1778274900000,2305.43,2308.3,2305.14,2307.81,3587.263
1778275200000,2307.81,2309.75,2307.8,2307.8,3212.573
1778275500000,2307.8,2310.0,2307.37,2308.48,2007.585
1778275800000,2308.47,2310.85,2308.47,2310.83,1559.419
1778276100000,2310.83,2313.65,2310.83,2312.7,5233.051
1778276400000,2312.7,2313.42,2311.14,2313.31,1461.997
1778276700000,2313.31,2313.58,2309.6,2313.2,3125.563
1778277000000,2313.2,2314.0,2311.9,2313.41,1778.402
1778277300000,2313.42,2314.69,2312.09,2314.13,2190.216
1778277600000,2314.13,2318.47,2313.63,2316.48,8956.08
1778277900000,2316.49,2317.98,2315.03,2315.03,5656.048
1778278200000,2315.04,2317.3,2314.48,2317.16,3700.262
1778278500000,2317.16,2318.19,2314.22,2314.59,2757.887
1778278800000,2314.59,2314.59,2312.28,2313.32,3763.992
1778279100000,2313.32,2313.33,2312.0,2312.51,2072.93
1778279400000,2312.5,2314.42,2311.76,2313.31,3240.839
1778279700000,2313.3,2314.3,2312.12,2312.13,1223.394
1778280000000,2312.13,2312.95,2311.15,2311.53,2952.989
1778280300000,2311.53,2312.5,2311.37,2312.29,1915.091
1778280600000,2312.28,2312.29,2309.92,2310.34,3087.232
1778280900000,2310.35,2310.61,2309.78,2310.01,1816.051
1778281200000,2310.0,2310.39,2309.26,2309.27,3970.356
1778281500000,2309.26,2309.26,2307.31,2308.09,2713.061
1778281800000,2308.09,2308.1,2306.0,2306.29,5250.638
1778282100000,2306.29,2308.7,2305.3,2308.46,4124.681
1778282400000,2308.46,2309.34,2307.0,2307.0,2218.812
1778282700000,2307.0,2307.75,2306.66,2307.22,1942.797
1778283000000,2307.22,2307.22,2304.18,2305.0,4765.547
1778283300000,2304.99,2304.99,2302.19,2303.34,5393.751
1778283600000,2303.34,2305.0,2303.2,2304.01,6616.799
1778283900000,2304.01,2306.0,2303.33,2304.95,4984.508
1778284200000,2304.95,2306.8,2304.7,2305.51,2063.043
1778284500000,2305.51,2306.6,2305.5,2306.34,2070.724
1778284800000,2306.34,2306.58,2304.16,2304.33,3325.121
1778285100000,2304.34,2305.07,2303.64,2303.64,3139.974
1778285400000,2303.63,2305.86,2303.52,2305.85,2671.846
1778285700000,2305.86,2307.5,2305.31,2306.53,4668.773
1778286000000,2306.53,2310.73,2306.52,2308.27,5588.221
1778286300000,2308.26,2308.27,2307.34,2307.96,1253.168
1778286600000,2307.96,2310.86,2307.96,2310.57,3659.596
1778286900000,2310.57,2311.27,2309.67,2309.67,1850.141
1778287200000,2309.67,2310.28,2309.52,2309.99,1976.382
1778287500000,2309.99,2311.47,2309.62,2310.42,1826.432
1778287800000,2310.42,2310.48,2309.3,2309.81,3187.835
1778288100000,2309.8,2309.81,2306.51,2308.02,4127.534
1778288400000,2308.02,2309.67,2307.66,2308.99,1858.029
1778288700000,2309.0,2310.18,2308.1,2310.18,1637.141
1778289000000,2310.18,2312.84,2310.17,2312.69,6610.678
1778289300000,2312.69,2314.01,2310.14,2310.57,4984.388
1778289600000,2310.56,2310.57,2308.5,2309.22,3097.511
1778289900000,2309.22,2311.69,2309.01,2310.55,2906.961
1778290200000,2310.55,2314.62,2310.3,2313.95,4388.107
1778290500000,2313.96,2315.5,2313.36,2314.13,5087.913
1778290800000,2314.14,2316.0,2313.8,2314.73,5285.101
1778291100000,2314.72,2316.14,2314.71,2315.68,3648.336
1778291400000,2315.68,2317.3,2315.0,2316.18,6003.248
1778291700000,2316.18,2316.42,2313.12,2313.29,3400.397
1778292000000,2313.28,2315.88,2313.0,2315.81,3579.842
1778292300000,2315.82,2317.4,2314.62,2317.19,4065.852
1778292600000,2317.19,2317.74,2315.6,2315.78,3662.8
1778292900000,2315.79,2316.2,2314.95,2314.96,3349.771
1778293200000,2314.95,2315.76,2313.91,2314.5,3303.657
1778293500000,2314.49,2315.4,2314.03,2315.4,1590.19
1778293800000,2315.4,2319.63,2315.39,2317.39,12074.488
1778294100000,2317.39,2318.56,2317.23,2317.87,2632.524
1778294400000,2317.87,2317.87,2316.12,2317.08,2524.719
1778294700000,2317.09,2317.39,2315.47,2316.88,3599.381
1778295000000,2316.88,2317.28,2315.46,2317.03,1804.169
1778295300000,2317.03,2317.46,2315.6,2315.99,1409.331
1778295600000,2316.0,2316.0,2313.77,2315.99,2869.327
1778295900000,2316.0,2317.44,2315.99,2316.18,1824.244
1778296200000,2316.18,2318.36,2316.12,2317.12,3253.437
1778296500000,2317.12,2318.5,2316.9,2318.5,2853.393
1778296800000,2318.49,2320.96,2316.18,2316.47,10245.02
1778297100000,2316.47,2316.6,2314.88,2315.82,4160.843
1778297400000,2315.81,2315.82,2312.55,2313.49,6255.431
1778297700000,2313.49,2313.9,2312.1,2313.08,3721.583
1778298000000,2313.08,2313.54,2311.53,2312.74,5451.442
1778298300000,2312.74,2314.4,2312.26,2313.28,3649.027
1778298600000,2313.28,2315.0,2312.38,2315.0,2316.943
1778298900000,2315.0,2315.21,2314.14,2314.28,1618.649
1778299200000,2314.27,2317.78,2314.27,2317.3,4092.793
1778299500000,2317.3,2324.54,2317.29,2322.09,34265.995
1778299800000,2322.09,2322.56,2320.12,2320.12,5042.577
1778300100000,2320.12,2320.42,2317.03,2317.09,8429.754
1778300400000,2317.09,2317.58,2316.01,2317.51,4774.071
1778300700000,2317.51,2317.51,2315.13,2315.97,5449.141
1778301000000,2315.96,2316.66,2315.35,2316.07,2212.88
1778301300000,2316.07,2316.17,2313.07,2314.0,5893.913
1778301600000,2314.0,2314.31,2311.36,2312.41,11055.957
1778301900000,2312.4,2314.14,2312.27,2313.32,5227.858
1778302200000,2313.32,2314.26,2311.4,2311.79,4003.002
1778302500000,2311.8,2312.83,2310.5,2311.72,10467.861
1778302800000,2311.72,2312.05,2310.02,2311.57,6028.321
1778303100000,2311.58,2312.82,2311.57,2312.82,3174.521
1778303400000,2312.81,2314.09,2312.57,2312.95,2821.25
1778303700000,2312.95,2315.0,2312.5,2314.66,2837.383
1778304000000,2314.66,2316.58,2314.65,2316.22,3975.674
1778304300000,2316.21,2316.66,2314.01,2314.81,1572.195
1778304600000,2314.8,2316.8,2314.25,2316.62,2602.723
1778304900000,2316.63,2317.39,2316.38,2317.39,4289.487
1778305200000,2317.39,2317.6,2316.14,2316.18,4757.115
1778305500000,2316.19,2316.44,2314.31,2314.31,4199.227
1778305800000,2314.32,2314.66,2313.37,2314.36,5164.864
1778306100000,2314.37,2315.0,2313.83,2313.83,1368.549
1778306400000,2313.84,2317.0,2313.83,2316.71,5729.778
1778306700000,2316.71,2317.68,2316.71,2317.57,3191.852
1778307000000,2317.57,2318.11,2316.79,2317.66,5684.131
1778307300000,2317.65,2317.66,2314.07,2314.08,4075.818
1778307600000,2314.07,2315.78,2314.07,2314.86,3303.897
1778307900000,2314.85,2316.15,2314.84,2315.96,2343.999
1778308200000,2315.95,2317.93,2315.95,2317.93,2813.254
1778308500000,2317.92,2317.93,2312.0,2313.5,7810.36
1778308800000,2313.51,2314.98,2313.5,2313.72,2285.915
1778309100000,2313.72,2314.5,2312.67,2314.43,2882.683
1778309400000,2314.44,2314.44,2311.71,2311.96,4197.255
1778309700000,2311.96,2313.5,2311.96,2313.5,2463.877
1778310000000,2313.5,2314.7,2312.69,2313.27,5314.955
1778310300000,2313.27,2313.28,2310.09,2310.97,6776.496
1778310600000,2310.97,2312.5,2310.97,2312.33,2981.814
1778310900000,2312.34,2315.35,2312.33,2315.0,2956.351
1778311200000,2315.0,2316.34,2314.88,2316.33,2302.404
1778311500000,2316.33,2317.6,2314.91,2315.22,4687.131
1778311800000,2315.23,2316.31,2315.22,2316.19,1715.153
1778312100000,2316.2,2316.2,2314.4,2314.81,2130.697
1778312400000,2314.81,2315.32,2314.42,2314.92,2188.73
1778312700000,2314.91,2314.92,2313.02,2313.9,3540.81
1778313000000,2313.9,2314.56,2313.9,2314.4,1151.869
1778313300000,2314.4,2314.5,2313.81,2313.82,1509.66
1778313600000,2313.81,2318.47,2313.24,2317.79,7730.952
1778313900000,2317.8,2317.8,2316.31,2316.71,2707.913
1778314200000,2316.71,2318.47,2316.35,2317.74,4504.429
1778314500000,2317.73,2318.8,2316.84,2317.86,10967.765
1778314800000,2317.87,2317.87,2316.48,2317.28,3875.03
1778315100000,2317.29,2318.16,2316.71,2317.99,3128.662
1778315400000,2318.0,2319.45,2316.52,2317.2,13921.423
1778315700000,2317.2,2318.34,2317.06,2317.41,4348.723
1778316000000,2317.41,2317.74,2316.49,2316.68,1857.496
1778316300000,2316.67,2316.78,2315.41,2315.41,3118.699
1778316600000,2315.41,2316.87,2315.41,2316.71,1557.99
1778316900000,2316.7,2316.71,2315.59,2316.4,1355.873
1778317200000,2316.4,2316.67,2316.16,2316.21,757.657
1778317500000,2316.2,2316.36,2315.28,2316.09,1735.882
1778317800000,2316.08,2316.08,2314.0,2314.69,3878.945
1778318100000,2314.7,2314.7,2310.42,2312.75,17659.531
1778318400000,2312.76,2314.0,2312.05,2314.0,3263.891
1778318700000,2314.0,2314.0,2312.38,2312.65,1275.626
1778319000000,2312.65,2314.0,2312.22,2313.99,4094.76
1778319300000,2314.0,2314.81,2313.14,2313.54,2342.343
1778319600000,2313.54,2313.78,2312.7,2312.86,1236.822
1778319900000,2312.86,2313.38,2312.0,2312.0,2158.012
1778320200000,2312.01,2313.0,2311.5,2312.37,4533.486
1778320500000,2312.38,2312.85,2312.0,2312.56,1515.788
1778320800000,2312.56,2312.71,2310.8,2311.62,6027.048
1778321100000,2311.62,2311.62,2309.3,2309.56,7205.701
1778321400000,2309.55,2312.26,2309.55,2312.26,3588.559
1778321700000,2312.25,2313.98,2312.25,2312.35,3063.254
1778322000000,2312.35,2312.39,2310.13,2310.65,2709.026
1778322300000,2310.65,2312.04,2310.64,2311.0,2414.913
1778322600000,2311.01,2312.75,2310.81,2312.75,1029.82
1778322900000,2312.75,2314.0,2312.34,2314.0,1628.858
1778323200000,2313.99,2314.5,2313.34,2313.34,2033.155
1778323500000,2313.34,2313.8,2312.0,2312.0,2695.523
1778323800000,2312.0,2312.34,2311.73,2311.89,1787.193
1778324100000,2311.89,2312.21,2311.62,2311.91,2031.859
1778324400000,2311.91,2313.39,2311.67,2313.19,3727.948
1778324700000,2313.19,2313.36,2312.41,2312.81,2362.552
1778325000000,2312.81,2315.31,2312.8,2313.71,6789.919
1778325300000,2313.72,2314.0,2312.72,2313.67,1725.016
1778325600000,2313.67,2314.81,2313.66,2314.14,1896.323
1778325900000,2314.14,2314.5,2314.0,2314.5,993.005
1778326200000,2314.5,2314.84,2314.13,2314.13,1163.86
1778326500000,2314.14,2314.36,2313.2,2313.46,838.824
1778326800000,2313.46,2313.46,2312.83,2312.99,1281.468
1778327100000,2312.98,2313.7,2312.89,2313.0,1415.173
1778327400000,2313.0,2313.59,2313.0,2313.2,649.114
1778327700000,2313.21,2314.78,2313.2,2313.85,1547.161
1778328000000,2313.85,2316.0,2313.78,2315.56,4640.599
1778328300000,2315.57,2316.26,2313.26,2313.99,7263.125
1778328600000,2313.99,2315.0,2313.39,2313.4,2265.803
1778328900000,2313.4,2314.03,2312.5,2314.03,2850.188
1778329200000,2314.03,2317.51,2314.02,2316.99,5334.243
1778329500000,2317.0,2317.8,2315.8,2316.2,4066.815
1778329800000,2316.2,2316.2,2314.32,2314.82,1894.082
1778330100000,2314.82,2314.89,2313.75,2313.75,1560.647
1778330400000,2313.75,2314.85,2313.51,2314.46,1772.089
1778330700000,2314.46,2315.77,2314.07,2315.77,878.879
1778331000000,2315.77,2316.24,2315.51,2315.53,1318.002
1778331300000,2315.53,2315.95,2315.05,2315.71,2126.331
1778331600000,2315.7,2315.71,2314.17,2314.65,1941.817
1778331900000,2314.65,2315.79,2314.6,2315.52,2313.872
1778332200000,2315.52,2315.53,2314.41,2315.09,1776.444
1778332500000,2315.1,2315.23,2314.6,2314.84,630.279
1778332800000,2314.85,2314.85,2312.03,2312.24,4581.01
1778333100000,2312.24,2314.44,2312.2,2313.17,1735.366
1778333400000,2313.17,2313.74,2313.12,2313.15,796.523
1778333700000,2313.15,2314.07,2312.34,2312.34,1587.609
1778334000000,2312.34,2312.34,2310.7,2312.26,5400.475
1778334300000,2312.25,2313.18,2312.25,2312.54,1343.177
1778334600000,2312.54,2312.54,2311.7,2311.97,1318.58
1778334900000,2311.97,2313.78,2311.96,2313.77,1418.343
1778335200000,2313.77,2313.88,2312.0,2312.37,2141.715
1778335500000,2312.37,2312.78,2311.83,2312.13,1058.321
1778335800000,2312.14,2314.72,2312.13,2312.74,3178.319
1778336100000,2312.75,2312.75,2311.49,2312.16,2779.498
1778336400000,2312.16,2313.0,2306.03,2308.06,17977.263
1778336700000,2308.06,2308.17,2304.47,2307.27,20045.651
1778337000000,2307.3,2307.93,2305.71,2305.94,8540.119
1778337300000,2305.94,2306.74,2304.8,2305.5,9263.274
1778337600000,2305.51,2308.32,2304.26,2308.16,8836.048
1778337900000,2308.15,2310.46,2307.61,2308.51,6976.765
1778338200000,2308.51,2308.51,2305.01,2306.49,6126.876
1778338500000,2306.49,2307.66,2306.24,2307.31,1793.521
1778338800000,2307.3,2308.93,2306.43,2307.19,5127.33
1778339100000,2307.19,2307.51,2301.1,2302.77,26578.639
1778339400000,2302.77,2303.81,2297.57,2303.19,36805.007
1778339700000,2303.18,2306.42,2303.18,2305.46,9566.287
1778340000000,2305.46,2307.66,2305.45,2307.38,5766.369
1778340300000,2307.39,2310.0,2307.38,2309.64,7892.606
1778340600000,2309.64,2311.32,2308.99,2310.77,8807.651
1778340900000,2310.78,2313.39,2310.65,2313.39,10541.248
1778341200000,2313.38,2315.94,2312.01,2312.59,15902.422
1778341500000,2312.59,2315.95,2312.58,2314.33,9745.343
1778341800000,2314.32,2315.79,2313.8,2315.62,6508.27
1778342100000,2315.62,2316.59,2314.68,2316.37,6153.865
1778342400000,2316.38,2317.13,2313.87,2316.0,9950.877
1778342700000,2315.99,2320.56,2315.99,2320.3,33309.64
1778343000000,2320.29,2321.27,2318.7,2319.99,14289.612
1778343300000,2319.99,2322.5,2319.99,2320.79,11345.312
1778343600000,2320.79,2324.48,2320.13,2322.07,14220.254
1778343900000,2322.07,2323.0,2318.32,2318.42,10517.891
1778344200000,2318.42,2320.85,2318.0,2319.19,9769.39
1778344500000,2319.19,2320.15,2317.93,2317.94,10354.075
1778344800000,2317.93,2319.48,2315.94,2319.48,13350.422
1778345100000,2319.47,2320.0,2318.58,2319.59,5844.267
1778345400000,2319.59,2320.0,2317.02,2319.09,4016.145
1778345700000,2319.09,2319.83,2318.53,2318.99,6092.426
1778346000000,2319.02,2322.72,2319.0,2322.21,7933.383
1778346300000,2322.21,2332.46,2322.21,2330.61,87252.894
1778346600000,2330.61,2332.87,2328.85,2329.43,18251.976
1778346900000,2329.43,2330.1,2323.67,2328.5,23675.951
1778347200000,2328.5,2328.78,2326.85,2327.45,5270.011
1778347500000,2327.45,2331.0,2327.45,2330.89,10512.227
1778347800000,2330.9,2332.3,2330.12,2330.61,9017.085
1778348100000,2330.61,2331.93,2330.16,2330.21,5921.506
1778348400000,2330.22,2331.46,2329.56,2329.56,3530.356
1778348700000,2329.56,2330.25,2327.32,2327.32,9499.574
1778349000000,2327.32,2327.87,2326.57,2326.78,3405.235
1778349300000,2326.78,2330.0,2326.0,2328.72,11304.202
1778349600000,2328.73,2332.08,2328.56,2330.42,9075.816
1778349900000,2330.41,2331.61,2330.25,2331.05,5020.438
1778350200000,2331.05,2331.06,2328.28,2329.26,2791.65
1778350500000,2329.27,2330.8,2329.21,2329.51,2770.421
1778350800000,2329.51,2330.0,2328.5,2329.99,2172.415
1778351100000,2329.99,2337.74,2329.99,2335.55,31924.357
1778351400000,2335.55,2337.0,2333.01,2333.31,14880.649
1778351700000,2333.32,2333.6,2331.2,2331.21,4150.247
1778352000000,2331.2,2331.21,2330.09,2330.42,3766.69
1778352300000,2330.42,2330.43,2328.67,2329.81,3439.276
1778352600000,2329.81,2330.19,2328.79,2328.79,3623.845
1778352900000,2328.75,2329.87,2327.96,2329.12,1465.028
1778353200000,2329.12,2330.42,2327.75,2327.76,3441.899
1778353500000,2327.75,2330.33,2327.75,2329.75,2850.215
1778353800000,2329.75,2329.75,2328.71,2328.97,1523.736
1778354100000,2328.97,2328.97,2326.56,2327.76,4012.368
1778354400000,2327.76,2328.26,2327.3,2327.74,1418.429
1778354700000,2327.75,2327.8,2325.61,2327.71,3329.538
1778355000000,2327.7,2328.0,2327.13,2327.27,1226.172
1778355300000,2327.27,2327.35,2326.43,2326.8,1564.209
1778355600000,2326.8,2327.79,2326.56,2327.43,1272.358
1778355900000,2327.43,2328.5,2326.56,2328.5,1659.012
1778356200000,2328.5,2331.14,2328.49,2331.13,6747.171
1778356500000,2331.14,2332.31,2330.72,2331.16,5445.874
1778356800000,2331.17,2331.88,2329.3,2329.31,3859.108
1778357100000,2329.31,2329.31,2328.34,2328.73,2155.565
1778357400000,2328.73,2328.74,2327.0,2327.0,1240.467
1778357700000,2327.0,2328.38,2326.72,2327.7,2891.577
1778358000000,2327.7,2328.26,2326.94,2326.95,1016.274
1778358300000,2326.94,2327.9,2326.68,2327.75,1042.983
1778358600000,2327.75,2328.08,2326.14,2326.71,1516.554
1778358900000,2326.72,2328.63,2326.46,2328.3,2095.272
1778359200000,2328.29,2329.27,2327.67,2328.39,3593.377
1778359500000,2328.38,2328.39,2327.66,2327.99,727.786
1778359800000,2327.99,2329.29,2327.76,2328.29,1157.203
1778360100000,2328.29,2329.19,2328.03,2328.23,1083.816
1778360400000,2328.24,2329.09,2328.0,2328.6,1194.565
1778360700000,2328.61,2330.12,2328.6,2329.79,2206.625
1778361000000,2329.79,2330.65,2329.58,2329.59,2346.714
1778361300000,2329.58,2330.33,2329.58,2329.85,1248.193
1778361600000,2329.85,2329.86,2328.0,2328.01,1840.851
1778361900000,2328.01,2329.78,2327.77,2329.77,925.451
1778362200000,2329.78,2329.78,2328.8,2328.8,781.008
1778362500000,2328.81,2328.82,2328.45,2328.63,668.521
1778362800000,2328.64,2330.35,2328.63,2329.11,1391.82
1778363100000,2329.1,2329.81,2328.01,2329.8,1078.655
1778363400000,2329.81,2330.9,2329.22,2330.01,939.872
1778363700000,2330.0,2330.9,2329.82,2330.14,995.535
1778364000000,2330.14,2330.89,2329.03,2330.18,1527.546
1778364300000,2330.17,2330.48,2328.52,2329.0,840.854
1778364600000,2328.99,2329.6,2328.66,2329.21,1186.722
1778364900000,2329.21,2331.0,2329.2,2330.32,1940.556
1778365200000,2330.32,2330.89,2329.84,2330.31,866.084
1778365500000,2330.3,2330.31,2329.85,2329.85,532.158
1778365800000,2329.85,2330.0,2326.31,2330.0,3283.718
1778366100000,2330.0,2330.64,2329.26,2330.57,1977.964
1778366400000,2330.57,2332.81,2330.35,2331.73,3113.797
1778366700000,2331.72,2332.23,2330.34,2330.35,1265.307
1778367000000,2330.35,2330.88,2329.53,2329.53,653.914
1778367300000,2329.52,2329.83,2328.57,2329.01,1030.19
1778367600000,2329.01,2330.8,2328.02,2329.21,4104.936
1778367900000,2329.22,2329.69,2326.94,2327.2,4207.955
1778368200000,2327.19,2327.98,2326.58,2327.24,2506.522
1778368500000,2327.24,2327.27,2326.15,2326.21,2196.163
1778368800000,2326.21,2326.3,2325.6,2325.92,1513.736
1778369100000,2325.93,2326.27,2324.56,2325.35,4150.649
1778369400000,2325.34,2325.82,2324.05,2325.22,3246.263
1778369700000,2325.22,2326.2,2324.32,2324.47,2328.341
1778370000000,2324.46,2324.46,2323.62,2324.22,2835.377
1778370300000,2324.21,2327.43,2324.21,2327.09,3055.039
1778370600000,2327.1,2327.28,2326.39,2327.07,1027.576
1778370900000,2327.07,2327.07,2325.41,2325.42,1065.61
1778371200000,2325.42,2327.17,2323.69,2323.69,3209.611
1778371500000,2323.7,2324.9,2322.7,2324.62,5318.879
1778371800000,2324.63,2327.0,2324.62,2326.24,3176.81
1778372100000,2326.23,2327.43,2325.86,2327.42,1508.146
1778372400000,2327.42,2329.0,2327.2,2327.2,3154.64
1778372700000,2327.18,2327.5,2325.78,2326.36,3659.236
1778373000000,2326.37,2327.5,2324.29,2327.5,2507.131
1778373300000,2327.5,2327.71,2324.8,2326.22,2601.892
1778373600000,2326.21,2327.28,2325.29,2326.31,2303.979
1778373900000,2326.3,2326.51,2324.15,2324.99,2934.651
1778374200000,2325.0,2325.0,2323.0,2323.29,5313.421
1778374500000,2323.3,2323.84,2320.33,2322.97,6594.481
1778374800000,2322.96,2322.99,2320.41,2322.01,4499.636
1778375100000,2322.01,2322.33,2320.47,2321.86,3435.581
1778375400000,2321.86,2322.34,2320.67,2321.66,1881.346
1778375700000,2321.67,2323.69,2320.37,2321.71,4198.547
1778376000000,2321.7,2322.7,2318.51,2319.85,9039.261
1778376300000,2319.85,2320.31,2318.36,2319.28,7578.347
1778376600000,2319.28,2321.12,2318.93,2318.93,3968.066
1778376900000,2318.93,2319.5,2317.39,2317.93,6823.367
1778377200000,2317.94,2319.59,2317.93,2319.35,3054.482
1778377500000,2319.35,2321.28,2319.34,2320.79,2312.131
1778377800000,2320.79,2324.32,2320.78,2323.92,8010.928
1778378100000,2323.92,2324.17,2322.24,2323.07,2603.77
1778378400000,2323.07,2323.07,2319.39,2321.39,4268.533
1778378700000,2321.39,2322.72,2321.0,2321.6,1256.353
1778379000000,2321.6,2321.8,2320.13,2320.99,1608.951
1778379300000,2321.0,2322.5,2320.55,2321.77,1452.351
1778379600000,2321.76,2324.6,2321.34,2324.58,5320.056
1778379900000,2324.59,2326.66,2324.58,2325.05,8000.572
1778380200000,2325.05,2325.31,2323.56,2323.69,2142.834
1778380500000,2323.69,2326.58,2323.69,2325.01,4454.146
1778380800000,2325.0,2325.5,2324.6,2325.5,1521.083
1778381100000,2325.49,2327.5,2324.82,2327.22,2489.528
1778381400000,2327.23,2327.5,2326.26,2326.94,2490.532
1778381700000,2326.93,2327.19,2326.0,2327.19,2279.862
1778382000000,2327.19,2328.8,2326.43,2328.7,4024.69
1778382300000,2328.7,2329.07,2327.19,2327.42,3620.142
1778382600000,2327.43,2328.15,2326.39,2327.61,3864.977
1778382900000,2327.61,2327.7,2326.11,2326.95,1842.68
1778383200000,2326.94,2326.94,2324.78,2325.52,2144.756
1778383500000,2325.51,2325.52,2324.71,2325.43,1864.237
1778383800000,2325.43,2326.66,2323.0,2326.66,5843.648
1778384100000,2326.65,2333.81,2326.53,2330.76,20640.988
1778384400000,2330.76,2332.7,2327.47,2328.15,8018.995
1778384700000,2328.15,2329.3,2326.53,2327.3,3570.69
1778385000000,2327.3,2328.5,2327.14,2327.2,1680.557
1778385300000,2327.19,2328.13,2326.59,2327.0,3226.049
1778385600000,2327.01,2328.25,2325.25,2326.59,5463.37
1778385900000,2326.59,2327.8,2326.22,2326.92,1151.229
1778386200000,2326.92,2326.92,2325.55,2326.9,2614.398
1778386500000,2326.9,2328.21,2326.36,2326.36,1555.149
1778386800000,2326.36,2327.08,2325.53,2326.58,2268.162
1778387100000,2326.58,2328.6,2326.31,2328.49,1512.903
1778387400000,2328.49,2330.39,2328.48,2329.06,6759.464
1778387700000,2329.05,2329.81,2328.66,2329.4,2119.507
1778388000000,2329.4,2329.4,2327.1,2327.12,2764.139
1778388300000,2327.12,2327.5,2326.4,2327.04,1850.226
1778388600000,2327.03,2328.6,2326.94,2328.3,3093.212
1778388900000,2328.3,2328.72,2327.59,2327.6,1036.475
1778389200000,2327.6,2327.85,2326.05,2327.54,2525.028
1778389500000,2327.55,2328.0,2326.63,2327.5,736.035
1778389800000,2327.5,2328.0,2326.5,2327.53,1296.13
1778390100000,2327.53,2328.7,2327.52,2328.04,1159.558
1778390400000,2328.05,2329.63,2327.3,2329.06,2560.385
1778390700000,2329.06,2329.47,2328.02,2328.02,1185.77
1778391000000,2328.03,2329.0,2328.02,2328.55,1011.851
1778391300000,2328.56,2329.35,2328.2,2328.95,1390.852
1778391600000,2328.94,2328.95,2327.19,2327.43,1959.182
1778391900000,2327.43,2328.13,2327.2,2327.55,1078.129
1778392200000,2327.54,2327.55,2325.6,2325.6,3712.239
1778392500000,2325.61,2326.66,2325.6,2326.22,1423.579
1778392800000,2326.23,2328.0,2326.22,2327.65,6110.365
1778393100000,2327.65,2328.0,2327.63,2328.0,709.853
1778393400000,2328.0,2328.08,2326.4,2328.07,2098.01
1778393700000,2328.08,2328.14,2327.01,2327.01,1239.259
1778394000000,2327.01,2328.2,2326.5,2327.03,1687.9
1778394300000,2327.02,2327.03,2325.83,2325.83,1267.63
1778394600000,2325.83,2327.45,2325.83,2327.45,1122.296
1778394900000,2327.46,2329.44,2327.43,2328.6,3209.958
1778395200000,2328.6,2329.91,2327.66,2328.5,3450.641
1778395500000,2328.5,2329.0,2327.82,2329.0,829.922
1778395800000,2329.0,2329.54,2328.51,2328.69,1485.975
1778396100000,2328.7,2328.7,2328.05,2328.62,1757.088
1778396400000,2328.62,2331.45,2328.61,2328.88,5830.557
1778396700000,2328.88,2329.46,2328.22,2328.76,2208.478
1778397000000,2328.76,2328.76,2326.51,2326.51,1429.432
1778397300000,2326.52,2328.62,2326.51,2328.11,1954.91
1778397600000,2328.11,2329.73,2327.92,2328.99,1267.528
1778397900000,2329.0,2329.59,2328.54,2328.55,834.792
1778398200000,2328.55,2328.55,2327.7,2327.75,925.364
1778398500000,2327.75,2329.63,2327.74,2328.49,2220.184
1778398800000,2328.49,2328.49,2327.39,2328.25,915.978
1778399100000,2328.25,2328.9,2327.98,2328.18,1305.745
1778399400000,2328.18,2328.19,2326.63,2326.9,1232.409
1778399700000,2326.89,2327.29,2326.35,2326.5,1734.526
1778400000000,2326.5,2326.51,2325.12,2325.21,5241.311
1778400300000,2325.21,2328.95,2325.21,2328.95,3157.996
1778400600000,2328.95,2330.0,2327.51,2327.53,1938.681
1778400900000,2327.53,2328.36,2326.58,2327.67,5502.042
1778401200000,2327.66,2329.5,2327.66,2329.29,1500.725
1778401500000,2329.29,2330.95,2329.1,2329.55,5324.985
1778401800000,2329.54,2330.78,2328.51,2328.64,3707.183
1778402100000,2328.64,2329.79,2328.6,2328.85,1642.484
1778402400000,2328.84,2328.85,2328.06,2328.14,1755.675
1778402700000,2328.14,2329.03,2327.85,2328.78,689.425
1778403000000,2328.78,2329.26,2328.57,2329.26,492.431
1778403300000,2329.26,2329.26,2328.55,2328.99,982.546
1778403600000,2329.0,2332.58,2328.99,2331.81,9782.316
1778403900000,2331.81,2331.82,2329.82,2329.93,2893.666
1778404200000,2329.93,2330.16,2328.62,2329.56,4601.301
1778404500000,2329.56,2329.99,2328.84,2329.16,1376.767
1778404800000,2329.16,2329.18,2328.6,2329.09,1074.778
1778405100000,2329.09,2329.25,2328.2,2328.2,1459.877
1778405400000,2328.21,2328.94,2327.88,2328.01,1772.172
1778405700000,2328.02,2328.02,2326.36,2327.84,3576.127
1778406000000,2327.84,2327.84,2326.16,2326.93,2953.472
1778406300000,2326.93,2328.31,2326.7,2328.3,1323.684
1778406600000,2328.3,2328.31,2326.15,2327.45,6252.073
1778406900000,2327.45,2327.74,2327.27,2327.58,1894.812
1778407200000,2327.58,2328.0,2323.2,2324.38,13235.1
1778407500000,2324.38,2326.55,2323.51,2326.38,10604.092
1778407800000,2326.37,2326.37,2324.0,2324.0,4790.946
1778408100000,2324.01,2324.28,2322.34,2323.33,7936.769
1778408400000,2323.34,2325.96,2323.33,2325.96,2604.61
1778408700000,2325.95,2326.23,2325.33,2325.76,1994.549
1778409000000,2325.76,2326.36,2324.6,2325.31,1468.73
1778409300000,2325.31,2325.72,2324.47,2324.64,2018.931
1778409600000,2324.64,2324.65,2322.57,2323.13,4164.889
1778409900000,2323.14,2324.16,2322.97,2323.18,4106.534
1778410200000,2323.18,2325.57,2322.6,2324.78,9896.514
1778410500000,2324.77,2325.09,2324.62,2324.66,1706.583
1778410800000,2324.67,2327.0,2324.66,2325.42,5597.108
1778411100000,2325.42,2325.5,2323.55,2323.55,2618.746
1778411400000,2323.55,2324.05,2322.55,2323.46,4080.437
1778411700000,2323.45,2324.77,2322.36,2322.63,3725.929
1778412000000,2322.63,2322.63,2317.55,2321.0,26514.347
1778412300000,2320.99,2322.0,2320.33,2321.08,5187.094
1778412600000,2321.08,2321.8,2320.66,2321.16,2559.456
1778412900000,2321.17,2321.42,2319.58,2320.3,4381.384
1778413200000,2320.3,2321.43,2319.31,2320.38,4452.183
1778413500000,2320.38,2321.36,2320.37,2320.38,2028.93
1778413800000,2320.39,2321.5,2320.1,2321.31,4700.222
1778414100000,2321.31,2323.02,2321.25,2321.61,4979.021
1778414400000,2321.61,2323.11,2319.82,2320.81,8707.382
1778414700000,2320.8,2321.53,2320.13,2320.54,2034.699
1778415000000,2320.54,2322.97,2320.14,2322.76,3662.877
1778415300000,2322.77,2324.0,2321.85,2322.33,4416.391
1778415600000,2322.33,2324.61,2322.32,2324.41,4624.027
1778415900000,2324.4,2324.5,2322.33,2323.68,3480.799
1778416200000,2323.68,2324.54,2322.58,2322.58,2047.527
1778416500000,2322.58,2323.33,2321.67,2323.33,2913.844
1778416800000,2323.33,2323.33,2322.25,2323.15,1274.092
1778417100000,2323.16,2323.93,2322.2,2322.26,4482.242
1778417400000,2322.27,2323.14,2322.13,2322.66,2571.538
1778417700000,2322.65,2323.52,2322.22,2323.26,3423.648
1778418000000,2323.26,2325.63,2322.61,2324.62,5092.918
1778418300000,2324.62,2325.6,2323.63,2324.74,6049.532
1778418600000,2324.74,2328.07,2324.73,2327.5,11153.505
1778418900000,2327.5,2329.35,2325.84,2329.0,10557.522
1778419200000,2328.99,2330.0,2328.72,2329.7,12824.766
1778419500000,2329.69,2331.25,2327.66,2328.39,10372.299
1778419800000,2328.4,2330.0,2327.01,2329.54,2593.351
1778420100000,2329.54,2329.98,2328.0,2328.0,3342.336
1778420400000,2328.0,2329.0,2327.5,2328.68,4342.711
1778420700000,2328.68,2329.5,2328.0,2328.58,1889.378
1778421000000,2328.59,2329.5,2327.85,2328.26,3824.017
1778421300000,2328.25,2329.24,2327.41,2329.1,4698.59
1778421600000,2329.1,2329.98,2328.41,2329.01,5373.449
1778421900000,2329.0,2329.01,2327.18,2328.18,2751.978
1778422200000,2328.19,2329.6,2327.6,2327.82,3320.05
1778422500000,2327.81,2328.02,2326.38,2327.5,4147.439
1778422800000,2327.5,2328.0,2326.14,2327.89,3007.164
1778423100000,2327.89,2327.89,2326.51,2326.81,959.439
1778423400000,2326.82,2329.4,2326.48,2328.74,3307.985
1778423700000,2328.75,2329.79,2328.74,2329.66,3173.38
1778424000000,2329.66,2334.4,2329.34,2329.56,17529.816
1778424300000,2329.56,2330.17,2326.22,2327.52,8536.748
1778424600000,2327.59,2331.98,2327.59,2331.0,5864.717
1778424900000,2331.0,2331.39,2329.12,2329.99,1929.51
1778425200000,2330.0,2336.77,2329.99,2334.66,23202.432
1778425500000,2334.67,2336.79,2332.05,2332.84,15172.124
1778425800000,2332.84,2334.76,2331.74,2334.14,6226.027
1778426100000,2334.14,2334.69,2333.06,2333.81,4704.384
1778426400000,2333.81,2334.68,2332.5,2332.5,4368.244
1778426700000,2332.5,2334.59,2332.46,2333.37,4008.665
1778427000000,2333.36,2336.18,2333.36,2335.7,7237.359
1778427300000,2335.69,2342.0,2335.41,2339.33,40328.161
1778427600000,2339.33,2342.94,2339.08,2340.75,19512.384
1778427900000,2340.75,2351.17,2339.45,2346.01,72732.534
1778428200000,2346.0,2348.0,2344.01,2344.68,15611.909
1778428500000,2344.67,2347.59,2344.67,2346.75,9127.688
1778428800000,2346.74,2350.0,2346.14,2346.65,30877.498
1778429100000,2346.66,2346.67,2343.7,2345.62,10216.898
1778429400000,2345.61,2347.35,2344.28,2345.58,7024.199
1778429700000,2345.58,2345.85,2341.99,2342.47,11511.577
1778430000000,2342.46,2343.0,2340.17,2340.17,10079.106
1778430300000,2340.17,2345.0,2339.0,2344.5,13137.931
1778430600000,2344.5,2345.4,2343.28,2344.69,5458.954
1778430900000,2344.69,2347.95,2343.73,2347.09,6309.287
1778431200000,2347.1,2349.01,2345.0,2345.36,9541.539
1778431500000,2345.36,2349.92,2344.08,2349.24,20553.366
1778431800000,2349.25,2349.73,2346.8,2348.74,8975.971
1778432100000,2348.75,2349.65,2347.26,2348.7,9226.971
1778432400000,2348.7,2351.08,2348.69,2349.95,16680.473
1778432700000,2349.96,2353.96,2345.02,2345.5,24691.349
1778433000000,2345.5,2349.87,2344.3,2348.93,35485.71
1778433300000,2348.93,2352.71,2348.0,2349.78,23260.51
1778433600000,2349.78,2357.37,2349.45,2354.78,31701.852
1778433900000,2354.79,2355.19,2353.19,2354.83,14044.365
1778434200000,2354.84,2359.0,2353.77,2354.03,22239.072
1778434500000,2354.03,2354.5,2351.63,2351.78,8458.202
1778434800000,2351.78,2355.0,2351.77,2355.0,4499.067
1778435100000,2354.99,2356.65,2353.3,2355.1,6662.626
1778435400000,2355.1,2367.49,2354.05,2363.25,75775.712
1778435700000,2363.25,2364.13,2361.92,2363.22,12751.424
1778436000000,2363.23,2365.95,2362.48,2364.38,12595.598
1778436300000,2364.38,2364.96,2362.25,2362.76,6705.319
1778436600000,2362.76,2364.64,2362.65,2364.64,5142.602
1778436900000,2364.63,2364.71,2360.0,2360.7,12827.624
1778437200000,2360.69,2363.5,2360.15,2362.49,5693.872
1778437500000,2362.5,2364.24,2360.04,2360.87,6805.028
1778437800000,2360.87,2362.49,2357.53,2358.88,8320.342
1778438100000,2358.88,2358.89,2356.81,2357.1,6558.176
1778438400000,2357.09,2358.0,2355.44,2355.6,6489.768
1778438700000,2355.6,2358.57,2355.5,2358.53,3699.127
1778439000000,2358.53,2358.93,2356.88,2358.62,2774.98
1778439300000,2358.62,2358.82,2357.04,2357.38,1741.812
1778439600000,2357.39,2357.39,2350.01,2352.6,16508.631
1778439900000,2352.6,2355.4,2352.53,2355.39,4931.408
1778440200000,2355.4,2357.78,2355.39,2356.43,4637.384
1778440500000,2356.43,2361.87,2356.4,2359.35,7945.09
1778440800000,2359.34,2363.87,2359.32,2363.66,5624.016
1778441100000,2363.65,2365.77,2363.0,2365.42,12544.392
1778441400000,2365.43,2365.76,2363.25,2364.48,5937.262
1778441700000,2364.49,2364.49,2361.73,2362.45,4652.086
1778442000000,2362.46,2364.5,2362.04,2363.88,3646.027
1778442300000,2363.88,2364.2,2362.0,2362.13,2200.979
1778442600000,2362.13,2362.65,2358.08,2361.13,4452.424
1778442900000,2361.13,2364.47,2361.13,2364.47,3244.383
1778443200000,2364.47,2368.88,2364.46,2367.0,18377.761
1778443500000,2366.99,2368.88,2365.56,2368.87,6643.281
1778443800000,2368.88,2368.88,2353.33,2353.79,29619.876
1778444100000,2353.79,2355.3,2345.5,2350.83,38330.799
1778444400000,2350.84,2355.75,2349.14,2351.79,12287.947
1778444700000,2351.79,2354.64,2351.19,2352.39,5099.839
1778445000000,2352.39,2352.58,2341.67,2345.36,24410.579
1778445300000,2345.36,2347.09,2340.53,2343.0,39559.769
1778445600000,2342.99,2345.58,2333.98,2334.33,31404.524
1778445900000,2334.34,2334.6,2310.0,2314.9,120370.686
1778446200000,2314.89,2328.25,2310.2,2325.57,47923.858
1778446500000,2325.56,2328.78,2323.44,2327.45,13725.051
1778446800000,2327.44,2333.06,2326.0,2328.65,22214.992
1778447100000,2328.65,2333.46,2327.5,2331.64,9045.826
1778447400000,2331.65,2331.65,2322.85,2325.0,17178.509
1778447700000,2324.99,2331.86,2323.56,2331.02,9289.749
1778448000000,2331.02,2332.71,2326.68,2331.28,11228.051
1778448300000,2331.29,2334.0,2329.34,2333.81,5044.149
1778448600000,2333.8,2335.85,2330.96,2335.35,10576.856
1778448900000,2335.35,2335.95,2328.02,2329.34,15987.914
1778449200000,2329.34,2334.31,2329.11,2334.31,9550.816
1778449500000,2334.31,2335.12,2333.51,2333.89,2754.803
1778449800000,2333.9,2335.0,2330.08,2330.23,5739.687
1778450100000,2330.23,2331.77,2329.25,2329.57,7735.487
1778450400000,2329.56,2343.57,2326.26,2337.64,40513.019
1778450700000,2337.64,2345.83,2336.11,2341.28,23552.151
1778451000000,2341.27,2346.59,2340.76,2341.91,14435.094
1778451300000,2341.92,2352.47,2338.67,2350.28,52948.45
1778451600000,2350.28,2351.49,2346.8,2348.01,12428.011
1778451900000,2348.0,2361.46,2347.1,2354.09,36270.371
1778452200000,2354.09,2376.0,2351.02,2369.04,110450.002
1778452500000,2369.05,2370.23,2362.29,2363.72,29397.931
1778452800000,2363.72,2369.16,2363.54,2365.99,33983.419
1778453100000,2365.98,2373.0,2365.98,2372.2,32944.89
1778453400000,2372.21,2377.0,2368.26,2370.85,25713.595
1778453700000,2370.84,2377.48,2370.84,2373.45,48863.522
1778454000000,2373.46,2383.11,2373.15,2375.01,53620.777
1778454300000,2375.02,2379.98,2374.75,2378.5,13374.644
1778454600000,2378.5,2382.0,2376.2,2378.5,14691.274
1778454900000,2378.49,2380.9,2373.47,2374.35,29218.106
1778455200000,2374.34,2374.6,2369.53,2371.87,24756.362
1778455500000,2371.86,2377.1,2371.2,2373.81,12790.425
1778455800000,2373.81,2377.88,2371.4,2377.16,23294.87
1778456100000,2377.15,2379.93,2376.17,2378.78,19613.271
1778456400000,2378.78,2379.39,2375.77,2378.14,7031.567
1778456700000,2378.14,2379.0,2374.19,2374.88,6411.24
1778457000000,2374.88,2375.0,2371.24,2371.69,12394.316
1778457300000,2371.7,2372.45,2367.12,2370.61,25389.963
1778457600000,2370.62,2374.6,2369.39,2369.84,14361.381
1778457900000,2369.84,2372.0,2365.56,2367.57,12733.884
1778458200000,2367.57,2369.3,2362.0,2362.54,18927.812
1778458500000,2362.55,2362.76,2351.0,2352.81,63799.914
1778458800000,2352.81,2358.88,2350.0,2358.0,42052.027
1778459100000,2358.0,2359.45,2352.85,2354.99,12459.438
1778459400000,2355.0,2364.23,2354.61,2360.38,16663.075
1778459700000,2360.38,2362.0,2357.63,2358.64,6991.096
1778460000000,2358.65,2358.9,2350.6,2354.2,13090.602
1778460300000,2354.2,2356.83,2352.7,2355.01,7545.58
1778460600000,2355.01,2355.96,2343.67,2347.7,26514.101
1778460900000,2347.7,2352.77,2345.86,2352.0,15284.267
1778461200000,2351.99,2352.58,2344.6,2346.67,11450.707
1778461500000,2346.66,2351.3,2345.41,2348.81,9506.432
1778461800000,2348.82,2360.0,2347.09,2355.73,22276.228
1778462100000,2355.72,2364.97,2353.91,2363.6,16681.635
1778462400000,2363.6,2365.39,2361.0,2363.01,16418.252
1778462700000,2363.01,2364.0,2360.2,2361.45,7315.622
1778463000000,2361.45,2364.99,2356.51,2360.3,10977.561
1778463300000,2360.31,2361.48,2357.5,2358.19,9273.223
1778463600000,2358.2,2361.6,2356.58,2358.0,5189.564
1778463900000,2358.01,2361.47,2354.2,2361.33,11772.781
1778464200000,2361.32,2361.49,2357.46,2357.82,3309.63
1778464500000,2357.82,2359.0,2356.09,2358.13,2732.398
1778464800000,2358.13,2360.2,2355.75,2357.51,4196.548
1778465100000,2357.5,2358.08,2351.71,2353.53,6606.01
1778465400000,2353.53,2356.25,2352.8,2354.59,3867.559
1778465700000,2354.6,2354.6,2349.08,2352.28,13576.752
1778466000000,2352.27,2353.0,2346.0,2349.6,13418.933
1778466300000,2349.61,2350.55,2347.8,2349.61,4911.038
1778466600000,2349.61,2350.27,2344.0,2345.77,16870.248
1778466900000,2345.78,2347.04,2342.19,2345.31,13868.368
1778467200000,2345.3,2345.76,2342.9,2344.32,10605.467
1778467500000,2344.33,2346.44,2342.6,2342.71,7485.057
1778467800000,2342.71,2346.29,2342.56,2346.17,5289.477
1778468100000,2346.16,2346.56,2343.92,2344.99,4786.589
1778468400000,2344.99,2345.0,2340.43,2341.22,12181.752
1778468700000,2341.21,2342.52,2335.53,2337.39,41856.991
1778469000000,2337.38,2338.23,2325.01,2326.14,62000.368
1778469300000,2326.13,2331.63,2323.61,2329.74,36698.175
1778469600000,2329.73,2330.55,2321.2,2325.12,62985.372
1778469900000,2325.11,2326.08,2323.21,2324.7,13886.36
1778470200000,2324.71,2327.22,2322.32,2322.73,16114.028
1778470500000,2322.73,2324.7,2318.98,2324.7,29154.102
1778470800000,2324.71,2328.97,2324.0,2328.57,12898.97
1778471100000,2328.57,2329.8,2327.31,2327.63,8703.313
1778471400000,2327.64,2330.54,2326.59,2329.57,7097.4
1778471700000,2329.56,2329.9,2328.63,2329.82,4689.309
1778472000000,2329.81,2329.81,2327.04,2328.64,8711.275
1778472300000,2328.63,2330.5,2326.06,2326.07,6798.217
1778472600000,2326.06,2329.33,2325.72,2327.65,5947.003
1778472900000,2327.65,2329.75,2327.64,2328.74,3688.331
1778473200000,2328.74,2331.77,2328.14,2330.98,5794.814
1778473500000,2330.98,2331.67,2329.6,2330.93,4437.243
1778473800000,2330.93,2333.5,2330.0,2333.01,6979.936
1778474100000,2333.01,2333.92,2332.3,2333.02,6404.756
1778474400000,2333.03,2334.75,2332.35,2334.14,6237.359
1778474700000,2334.14,2335.39,2328.8,2328.8,9072.426
1778475000000,2328.8,2334.49,2328.79,2334.49,3134.557
1778475300000,2334.49,2334.49,2331.89,2331.9,2754.832
1778475600000,2331.9,2334.38,2331.02,2333.89,4815.657
1778475900000,2333.88,2334.39,2331.2,2332.13,3310.948
1778476200000,2332.13,2333.45,2332.12,2332.31,1342.398
1778476500000,2332.31,2335.0,2332.3,2334.81,4870.293
1778476800000,2334.8,2336.41,2334.48,2336.0,8749.21
1778477100000,2336.0,2337.96,2335.39,2336.92,7223.069
1778477400000,2336.92,2339.85,2336.67,2338.82,5599.064
1778477700000,2338.82,2338.82,2334.79,2335.49,7097.395
1778478000000,2335.49,2336.31,2333.16,2333.3,4946.928
1778478300000,2333.29,2336.23,2332.54,2336.1,5542.417
1778478600000,2336.11,2336.81,2333.58,2335.19,4606.491
1778478900000,2335.18,2335.33,2334.15,2334.16,2394.194
1778479200000,2334.15,2334.29,2332.41,2334.17,4150.727
1778479500000,2334.18,2337.81,2333.5,2337.32,3797.417
1778479800000,2337.31,2339.51,2336.34,2336.35,7480.589
1778480100000,2336.34,2337.79,2333.78,2335.0,7187.918
1778480400000,2334.99,2339.04,2334.65,2338.43,8660.601
1778480700000,2338.42,2339.8,2337.89,2338.28,3544.828
1778481000000,2338.27,2343.14,2337.03,2337.13,15050.872
1778481300000,2337.13,2337.77,2335.42,2336.0,6503.797
1778481600000,2336.0,2336.01,2330.04,2332.2,7866.003
1778481900000,2332.2,2332.33,2329.1,2329.33,9880.385
1778482200000,2329.33,2332.87,2329.14,2331.72,6115.502
1778482500000,2331.72,2333.65,2331.71,2332.61,2511.031
1778482800000,2332.61,2332.84,2329.5,2329.78,4042.614
1778483100000,2329.78,2330.07,2328.07,2330.06,6074.589
1778483400000,2330.07,2331.34,2329.09,2329.58,3548.251
1778483700000,2329.58,2332.31,2327.2,2332.31,6213.723
1778484000000,2332.31,2332.37,2329.21,2330.64,3301.351
1778484300000,2330.65,2331.33,2328.28,2329.23,1918.096
1778484600000,2329.23,2330.0,2327.12,2328.62,3939.458
1778484900000,2328.62,2329.5,2328.03,2329.21,2135.869
1778485200000,2329.21,2330.64,2327.94,2328.16,2872.803
1778485500000,2328.15,2330.61,2328.15,2329.18,2561.071
1778485800000,2329.19,2330.54,2329.12,2329.5,2504.762
1778486100000,2329.5,2330.39,2327.66,2329.57,3832.981
1778486400000,2329.58,2331.84,2328.38,2328.75,4553.407
1778486700000,2328.74,2330.48,2325.69,2326.27,5413.885
1778487000000,2326.27,2329.56,2325.69,2329.56,6020.017
1778487300000,2329.55,2331.41,2329.33,2331.41,3892.937
1778487600000,2331.42,2332.5,2329.55,2331.99,3975.533
1778487900000,2331.99,2332.98,2326.53,2326.53,4196.535
1778488200000,2326.52,2329.69,2325.44,2328.54,7101.162
1778488500000,2328.54,2332.36,2328.53,2330.89,3245.525
1778488800000,2330.9,2333.5,2330.55,2333.0,3669.304
1778489100000,2333.0,2333.96,2331.66,2333.33,3877.197
1778489400000,2333.33,2333.46,2331.14,2331.14,1456.441
1778489700000,2331.15,2331.9,2328.89,2329.51,2129.876
1778490000000,2329.5,2332.6,2329.24,2332.6,2319.747
1778490300000,2332.59,2334.72,2332.4,2334.71,4568.403
1778490600000,2334.71,2335.7,2334.02,2335.5,3662.816
1778490900000,2335.5,2336.0,2334.31,2334.4,4587.459
1778491200000,2334.4,2336.53,2334.32,2335.44,2934.389
1778491500000,2335.44,2336.0,2334.8,2334.93,1794.613
1778491800000,2334.92,2335.7,2333.88,2334.35,2748.594
1778492100000,2334.36,2334.8,2332.5,2332.91,3172.717
1778492400000,2332.91,2335.21,2332.01,2334.06,1666.946
1778492700000,2334.06,2337.8,2333.84,2336.48,4016.042
1778493000000,2336.48,2336.8,2334.76,2335.34,1309.581
1778493300000,2335.35,2335.99,2334.0,2335.1,1732.601
1778493600000,2335.1,2336.3,2334.0,2334.0,3961.802
1778493900000,2334.01,2337.35,2333.95,2337.35,2010.574
1778494200000,2337.34,2338.5,2335.94,2336.0,5597.244
1778494500000,2336.0,2338.95,2335.26,2337.8,4065.899
1778494800000,2337.8,2338.4,2336.58,2337.52,2377.606
1778495100000,2337.53,2338.0,2336.33,2336.34,2701.181
1778495400000,2336.34,2337.1,2332.19,2332.81,6831.959
1778495700000,2332.81,2333.84,2328.45,2330.2,11663.3
1778496000000,2330.2,2332.34,2330.2,2331.36,4506.66
1778496300000,2331.35,2332.46,2329.35,2332.17,7098.586
1778496600000,2332.16,2333.53,2331.72,2331.72,4741.331
1778496900000,2331.73,2332.09,2328.81,2328.94,6139.445
1778497200000,2328.94,2331.85,2328.86,2330.7,3066.545
1778497500000,2330.71,2331.39,2330.0,2330.98,2333.108
1778497800000,2330.98,2330.99,2326.54,2330.0,8522.168
1778498100000,2330.01,2334.32,2329.81,2332.84,4795.978
1778498400000,2332.84,2334.29,2332.14,2332.84,3135.393
1778498700000,2332.84,2333.5,2331.6,2332.79,1353.634
1778499000000,2332.78,2334.26,2332.78,2334.03,2396.94
1778499300000,2334.02,2335.29,2333.54,2334.25,3525.366
1778499600000,2334.25,2335.0,2333.68,2334.24,2433.798
1778499900000,2334.24,2334.6,2333.33,2333.34,2244.929
1778500200000,2333.33,2334.0,2331.2,2334.0,2506.35
1778500500000,2334.0,2335.0,2333.04,2334.99,2373.452
1778500800000,2335.0,2335.58,2332.62,2332.87,5927.668
1778501100000,2332.88,2333.3,2330.15,2330.86,3018.823
1778501400000,2330.86,2330.86,2328.21,2329.22,6488.265
1778501700000,2329.21,2332.0,2328.48,2330.73,7102.131
1778502000000,2330.73,2338.45,2330.37,2337.15,11263.641
1778502300000,2337.15,2337.53,2335.27,2336.22,5091.095
1778502600000,2336.22,2337.99,2335.02,2335.02,9225.411
1778502900000,2335.02,2336.6,2333.6,2333.99,6780.668
1778503200000,2333.98,2334.41,2331.65,2332.09,3990.509
1778503500000,2332.01,2334.36,2328.94,2331.36,12799.202
1778503800000,2331.36,2331.36,2327.38,2330.1,9405.595
1778504100000,2330.11,2330.2,2328.37,2328.7,4462.832
1778504400000,2328.7,2331.2,2327.69,2329.61,14043.365
1778504700000,2329.61,2332.08,2329.0,2330.42,5001.291
1778505000000,2330.42,2330.6,2329.24,2330.14,5278.436
1778505300000,2330.14,2331.24,2327.29,2327.3,4903.116
1778505600000,2327.3,2329.8,2327.0,2328.84,5258.918
1778505900000,2328.84,2328.84,2323.95,2326.62,17433.457
1778506200000,2326.62,2327.23,2316.0,2318.47,53047.332
1778506500000,2318.47,2319.74,2313.13,2318.11,45794.233
1778506800000,2318.11,2328.88,2316.81,2324.86,41035.261
1778507100000,2324.86,2326.42,2319.01,2322.24,21931.395
1778507400000,2322.25,2324.0,2319.32,2319.41,11378.87
1778507700000,2319.41,2321.86,2318.53,2321.01,9125.993
1778508000000,2321.01,2325.67,2320.77,2324.55,12983.896
1778508300000,2324.55,2327.72,2324.09,2327.38,12377.106
1778508600000,2327.39,2327.88,2323.68,2325.38,7545.171
1778508900000,2325.38,2326.2,2322.6,2324.67,6696.519
1778509200000,2324.66,2324.66,2318.64,2321.13,12175.961
1778509500000,2321.12,2321.48,2311.1,2312.07,36559.776
1778509800000,2312.08,2315.23,2302.1,2307.75,105876.793
1778510100000,2307.75,2316.34,2306.83,2315.72,30435.037
1778510400000,2315.72,2316.8,2311.44,2311.79,13193.869
1778510700000,2311.8,2312.28,2308.17,2310.36,13661.553
1778511000000,2310.36,2316.97,2310.0,2315.0,16277.413
1778511300000,2315.0,2317.05,2312.59,2315.32,9983.071
1778511600000,2315.33,2316.0,2312.33,2314.76,6615.183
1778511900000,2314.76,2316.29,2313.26,2316.06,5699.971
1778512200000,2316.07,2322.73,2314.5,2320.31,23415.995
1778512500000,2320.32,2323.82,2318.93,2319.0,12043.645
1778512800000,2319.0,2324.41,2318.35,2323.25,6260.192
1778513100000,2323.25,2334.0,2323.13,2331.87,53489.337
1778513400000,2331.86,2334.99,2327.6,2327.6,30828.888
1778513700000,2327.6,2329.0,2327.0,2329.0,6825.512
1778514000000,2328.99,2329.0,2326.0,2326.8,8544.821
1778514300000,2326.79,2327.67,2325.62,2326.37,6861.414
1778514600000,2326.37,2331.42,2326.37,2330.77,9002.098
1778514900000,2330.76,2333.95,2330.26,2332.36,11635.057
1778515200000,2332.36,2332.36,2329.6,2330.29,11732.186
1778515500000,2330.29,2336.46,2330.06,2335.16,22080.694
1778515800000,2335.17,2340.49,2335.03,2338.64,31537.891
1778516100000,2338.64,2340.17,2335.44,2339.61,16471.553
1778516400000,2339.61,2340.0,2337.5,2339.32,14460.484
1778516700000,2339.32,2339.8,2333.88,2335.75,14589.855
1778517000000,2335.76,2338.33,2335.72,2337.29,9279.375
1778517300000,2337.29,2337.29,2332.52,2334.41,12805.367
1778517600000,2334.41,2334.77,2325.59,2328.65,27354.859
1778517900000,2328.64,2333.67,2328.03,2332.01,14226.488
1778518200000,2332.01,2332.87,2328.85,2330.87,6334.681
1778518500000,2330.87,2331.2,2328.7,2328.7,4423.317
1778518800000,2328.71,2329.53,2322.95,2326.94,20126.168
1778519100000,2326.92,2327.65,2322.3,2324.74,8774.923
1778519400000,2324.73,2327.26,2323.96,2326.81,4419.842
1778519700000,2326.8,2329.94,2326.31,2328.01,6090.495
1778520000000,2328.01,2329.25,2327.6,2328.6,3293.687
1778520300000,2328.6,2329.0,2327.4,2328.73,1969.067
1778520600000,2328.72,2329.25,2327.0,2329.24,3756.511
1778520900000,2329.25,2335.27,2328.76,2333.44,12093.657
1778521200000,2333.45,2340.8,2333.4,2339.38,14759.171
1778521500000,2339.38,2343.51,2336.39,2337.39,18659.193
1778521800000,2337.4,2339.86,2336.25,2336.25,6068.241
1778522100000,2336.25,2337.5,2335.26,2335.63,3917.869
1778522400000,2335.63,2339.93,2335.21,2339.18,3466.727
1778522700000,2339.17,2342.9,2338.54,2341.15,7843.578
1778523000000,2341.15,2341.8,2339.25,2339.99,6134.283
1778523300000,2340.0,2340.46,2335.26,2336.53,5653.553
1778523600000,2336.53,2338.99,2335.1,2338.0,3604.103
1778523900000,2338.01,2341.46,2335.7,2340.55,4663.945
1778524200000,2340.55,2343.57,2339.64,2340.08,10086.037
1778524500000,2340.08,2340.83,2338.32,2338.98,8480.338
1778524800000,2338.99,2339.38,2338.01,2338.17,2724.125
1778525100000,2338.18,2343.23,2336.25,2340.5,7814.17
1778525400000,2340.5,2341.39,2336.18,2337.3,3099.617
1778525700000,2337.29,2339.02,2333.18,2334.38,6142.063
1778526000000,2334.38,2335.29,2330.76,2333.0,9289.696
1778526300000,2333.0,2339.0,2332.65,2337.79,6005.994
1778526600000,2337.8,2338.58,2336.95,2337.71,2755.014
1778526900000,2337.71,2338.31,2336.05,2337.42,1897.193
1778527200000,2337.43,2342.21,2336.0,2340.16,10008.494
1778527500000,2340.15,2340.36,2336.2,2336.62,3606.873
1778527800000,2336.63,2338.6,2336.21,2337.01,2151.692
1778528100000,2337.01,2339.38,2337.01,2339.38,3233.375
1778528400000,2339.38,2343.26,2339.38,2340.66,5539.887
1778528700000,2340.65,2340.96,2338.85,2339.29,3812.416
1778529000000,2339.29,2339.99,2337.92,2338.69,4409.916
1778529300000,2338.7,2339.63,2337.87,2339.43,4554.586
1778529600000,2339.43,2342.93,2339.43,2342.55,10700.645
1778529900000,2342.54,2345.13,2341.77,2342.66,11152.432
1778530200000,2342.67,2343.39,2335.01,2337.47,18160.056
1778530500000,2337.47,2339.33,2336.1,2338.91,3311.605
1778530800000,2338.91,2339.15,2335.5,2338.35,3459.222
1778531100000,2338.34,2338.55,2336.84,2337.36,2610.95
1778531400000,2337.36,2340.24,2336.53,2339.91,4283.466
1778531700000,2339.9,2340.5,2338.88,2339.37,2586.375
1778532000000,2339.38,2339.38,2335.04,2337.13,4495.103
1778532300000,2337.12,2340.42,2336.57,2338.89,3992.081
1778532600000,2338.89,2338.9,2337.35,2337.7,3449.864
1778532900000,2337.7,2338.2,2336.25,2336.98,2238.046
1778533200000,2336.97,2339.83,2336.97,2338.17,2776.959
1778533500000,2338.16,2338.86,2337.0,2337.1,1380.309
1778533800000,2337.11,2339.66,2336.37,2339.65,4103.017
1778534100000,2339.65,2340.21,2335.96,2337.17,3492.456
1778534400000,2337.16,2338.39,2335.06,2336.21,3690.617
1778534700000,2336.21,2337.64,2336.21,2336.53,1692.788
1778535000000,2336.53,2337.13,2336.17,2336.58,2253.381
1778535300000,2336.58,2340.69,2336.58,2338.81,7780.049
1778535600000,2338.81,2340.55,2338.31,2339.55,2328.77
1778535900000,2339.55,2339.55,2337.0,2338.16,6108.108
1778536200000,2338.17,2340.58,2338.08,2340.58,4144.39
1778536500000,2340.59,2341.69,2339.13,2339.92,3199.37
1778536800000,2339.9,2344.88,2339.11,2343.8,7857.729
1778537100000,2343.8,2344.1,2340.0,2341.16,3549.993
1778537400000,2341.17,2341.5,2339.42,2341.11,1368.269
1778537700000,2341.1,2342.02,2340.26,2341.82,3128.942
1778538000000,2341.81,2342.43,2338.05,2339.31,2720.759
1778538300000,2339.3,2339.31,2335.7,2337.79,7089.159
1778538600000,2337.79,2339.35,2337.55,2337.8,1145.167
1778538900000,2337.79,2340.35,2337.69,2339.18,1994.005
1778539200000,2339.19,2340.0,2338.51,2339.84,2512.505
1778539500000,2339.84,2341.84,2339.0,2340.91,2546.716
1778539800000,2340.91,2343.83,2340.83,2341.69,2894.763
1778540100000,2341.69,2341.7,2340.19,2340.2,1232.353
1778540400000,2340.2,2340.28,2337.24,2338.39,2762.094
1778540700000,2338.39,2339.03,2337.0,2337.01,2336.652
1778541000000,2337.0,2338.19,2336.68,2338.18,1387.341
1778541300000,2338.19,2338.69,2336.67,2337.18,2272.083
1778541600000,2337.18,2337.61,2335.44,2337.03,3917.592
1778541900000,2337.04,2337.04,2333.32,2335.29,6530.264
1778542200000,2335.29,2338.0,2333.89,2338.0,3909.977
1778542500000,2338.0,2339.88,2337.16,2339.41,3654.337
1778542800000,2339.4,2341.06,2338.68,2340.13,3776.998
1778543100000,2340.13,2341.0,2339.14,2339.61,2833.289
1778543400000,2339.61,2340.42,2339.03,2339.76,1302.56
1778543700000,2339.76,2339.87,2338.32,2338.84,1620.217
1778544000000,2338.85,2339.86,2335.76,2337.47,4181.549
1778544300000,2337.46,2337.6,2335.56,2336.78,3543.577
1778544600000,2336.78,2337.24,2334.24,2335.37,4574.837
1778544900000,2335.37,2336.75,2334.8,2335.22,2882.044
1778545200000,2335.22,2336.88,2332.63,2332.68,7893.877
1778545500000,2332.69,2334.34,2332.28,2333.9,5210.657
1778545800000,2333.91,2335.0,2332.5,2332.51,2921.4
1778546100000,2332.51,2334.98,2331.28,2333.98,7735.332
1778546400000,2333.99,2334.45,2331.0,2331.26,4307.323
1778546700000,2331.27,2333.5,2331.0,2333.5,3719.752
1778547000000,2333.5,2334.67,2333.0,2334.21,3695.558
1778547300000,2334.2,2334.92,2332.07,2332.49,1509.922
1778547600000,2332.49,2334.73,2327.3,2328.71,13270.63
1778547900000,2328.72,2330.13,2325.47,2327.27,13456.142
1778548200000,2327.28,2327.28,2324.01,2324.84,9284.374
1778548500000,2324.85,2325.16,2319.31,2324.03,24072.097
1778548800000,2324.04,2324.66,2318.08,2324.66,18410.117
1778549100000,2324.66,2326.37,2321.36,2322.67,8187.481
1778549400000,2322.66,2322.79,2313.0,2314.61,25742.526
1778549700000,2314.62,2315.76,2301.0,2303.2,84606.351
1778550000000,2303.19,2308.31,2293.91,2307.49,91248.072
1778550300000,2307.49,2312.0,2305.36,2311.99,25567.027
1778550600000,2311.99,2315.08,2311.31,2311.31,19055.878
1778550900000,2311.31,2312.7,2309.11,2310.5,11469.658
1778551200000,2310.51,2313.73,2308.29,2313.72,9040.565
1778551500000,2313.72,2315.95,2313.14,2314.26,10854.408
1778551800000,2314.27,2316.3,2314.26,2314.99,5813.128
1778552100000,2314.99,2314.99,2307.26,2307.47,10372.421
1778552400000,2307.46,2313.27,2306.05,2312.3,8658.438
1778552700000,2312.31,2314.0,2311.74,2313.84,4347.402
1778553000000,2313.85,2314.09,2310.0,2310.0,3488.368
1778553300000,2310.0,2310.0,2306.4,2308.28,11146.512
1778553600000,2308.28,2310.39,2308.27,2309.0,2902.935
1778553900000,2309.0,2311.0,2309.0,2310.21,2236.541
1778554200000,2310.21,2315.07,2310.2,2314.57,9712.816
1778554500000,2314.58,2314.8,2313.3,2314.8,2462.405
1778554800000,2314.8,2316.21,2313.7,2313.91,7873.545
1778555100000,2313.9,2316.2,2312.71,2315.25,3278.709
1778555400000,2315.25,2315.48,2310.57,2312.29,6885.944
1778555700000,2312.28,2312.91,2311.5,2311.68,2275.873
1778556000000,2311.68,2312.25,2310.0,2311.39,2926.188
1778556300000,2311.4,2311.59,2310.15,2310.93,2293.031
1778556600000,2310.92,2312.15,2310.92,2311.38,1557.572
1778556900000,2311.39,2313.1,2310.73,2311.51,3115.939
1778557200000,2311.5,2312.75,2311.16,2312.42,1446.48
1778557500000,2312.43,2312.43,2307.2,2309.56,6311.699
1778557800000,2309.57,2309.57,2306.4,2308.0,7411.216
1778558100000,2308.01,2308.91,2307.0,2308.55,6206.149
1778558400000,2308.56,2309.0,2306.99,2307.37,5982.542
1778558700000,2307.37,2308.98,2306.78,2307.97,3602.427
1778559000000,2307.97,2308.25,2306.0,2306.01,5753.97
1778559300000,2306.0,2310.85,2304.39,2310.12,11343.107
1778559600000,2310.12,2311.49,2310.0,2310.6,4067.775
1778559900000,2310.59,2311.8,2310.4,2311.1,2549.506
1778560200000,2311.11,2311.8,2310.8,2311.28,2505.233
1778560500000,2311.27,2312.59,2310.91,2312.59,4506.486
1778560800000,2312.59,2313.0,2310.86,2310.87,2799.582
1778561100000,2310.87,2313.5,2310.87,2312.79,6020.814
1778561400000,2312.79,2312.79,2309.2,2310.36,3293.184
1778561700000,2310.35,2311.14,2309.93,2310.01,3364.663
1778562000000,2310.0,2311.82,2309.7,2311.82,3390.394
1778562300000,2311.82,2312.53,2310.01,2310.15,3702.518
1778562600000,2310.15,2310.41,2308.82,2310.13,2286.874
1778562900000,2310.12,2311.81,2310.0,2310.61,3123.841
1778563200000,2310.6,2312.13,2310.6,2311.78,2091.089
1778563500000,2311.78,2313.0,2311.32,2312.31,1795.495
1778563800000,2312.31,2313.3,2309.0,2309.31,2519.505
1778564100000,2309.32,2312.11,2309.31,2311.86,2155.266
1778564400000,2311.85,2312.99,2311.0,2311.32,2322.995
1778564700000,2311.33,2312.0,2311.0,2311.99,1230.066
1778565000000,2311.99,2312.08,2310.19,2310.75,1584.782
1778565300000,2310.75,2312.23,2309.37,2309.37,1999.809
1778565600000,2309.37,2310.78,2307.62,2310.19,4490.873
1778565900000,2310.19,2310.64,2309.11,2310.15,4218.081
1778566200000,2310.16,2311.25,2310.15,2311.08,1299.822
1778566500000,2311.08,2313.0,2310.87,2311.9,3497.861
1778566800000,2311.9,2312.97,2310.95,2311.69,4203.817
1778567100000,2311.69,2312.76,2309.6,2309.6,2192.972
1778567400000,2309.61,2310.2,2306.03,2307.43,7151.522
1778567700000,2307.44,2308.49,2305.21,2305.85,6002.584
1778568000000,2305.84,2307.0,2305.44,2305.84,6030.855
1778568300000,2305.84,2307.62,2305.55,2306.5,4698.871
1778568600000,2306.51,2306.51,2301.81,2303.1,21409.091
1778568900000,2303.11,2303.68,2302.11,2303.04,7129.126
1778569200000,2303.03,2303.04,2293.03,2296.84,82392.522
1778569500000,2296.84,2298.9,2294.26,2298.86,19303.098
1778569800000,2298.85,2303.99,2298.2,2302.3,16353.107
1778570100000,2302.3,2302.3,2297.26,2301.75,12951.769
1778570400000,2301.76,2303.0,2300.92,2302.71,5181.25
1778570700000,2302.71,2303.4,2299.25,2299.76,9190.977
1778571000000,2299.76,2300.54,2298.65,2299.28,15937.889
1778571300000,2299.29,2299.29,2297.0,2298.36,13872.024
1778571600000,2298.35,2298.87,2295.04,2295.5,14646.322
1778571900000,2295.51,2297.56,2288.0,2295.91,51991.415
1778572200000,2295.91,2298.76,2295.11,2298.56,13409.511
1778572500000,2298.57,2298.74,2293.8,2293.81,9408.881
1778572800000,2293.81,2295.1,2288.2,2289.18,48908.648
1778573100000,2289.18,2290.31,2285.66,2289.06,31762.823
1778573400000,2289.07,2289.07,2282.93,2283.86,35353.082
1778573700000,2283.85,2285.56,2276.34,2285.45,59341.283
1778574000000,2285.44,2287.73,2284.34,2285.32,16379.963
1778574300000,2285.33,2286.64,2284.0,2286.35,8277.552
1778574600000,2286.35,2288.78,2286.29,2288.77,8292.468
1778574900000,2288.77,2290.95,2288.77,2290.51,9830.194
1778575200000,2290.51,2291.09,2288.8,2291.09,8912.735
1778575500000,2291.09,2291.75,2288.35,2288.96,6378.428
1778575800000,2288.96,2289.9,2285.06,2285.72,8431.923
1778576100000,2285.72,2287.95,2285.13,2287.12,5766.233
1778576400000,2287.11,2288.28,2285.54,2287.51,5763.398
1778576700000,2287.5,2287.68,2282.3,2284.16,12397.713
1778577000000,2284.16,2285.97,2283.0,2283.11,8435.522
1778577300000,2283.11,2283.82,2280.3,2281.06,11578.545
1778577600000,2281.05,2283.94,2280.57,2283.94,8988.276
1778577900000,2283.93,2284.25,2283.21,2283.91,3452.244
1778578200000,2283.95,2293.0,2283.94,2292.71,23337.577
1778578500000,2292.71,2293.01,2290.31,2292.43,10736.052
1778578800000,2292.44,2293.7,2292.11,2292.78,10592.636
1778579100000,2292.79,2294.36,2289.23,2291.71,10480.538
1778579400000,2291.71,2291.71,2289.28,2289.65,4579.04
1778579700000,2289.65,2291.97,2288.8,2291.51,4398.664
1778580000000,2291.5,2292.63,2290.34,2290.37,4122.021
1778580300000,2290.37,2292.5,2290.37,2291.68,2654.41
1778580600000,2291.69,2292.89,2290.56,2290.56,3838.04
1778580900000,2290.56,2291.74,2288.68,2291.74,4677.564
1778581200000,2291.73,2291.84,2287.11,2289.31,4767.619
1778581500000,2289.32,2289.51,2287.26,2288.24,3855.308
1778581800000,2288.23,2289.42,2284.33,2284.85,9326.516
1778582100000,2284.85,2287.0,2284.01,2284.01,6710.533
1778582400000,2284.0,2285.87,2282.48,2284.25,11066.067
1778582700000,2284.24,2285.0,2282.0,2282.16,7549.371
1778583000000,2282.16,2286.21,2280.0,2284.71,18532.594
1778583300000,2284.71,2285.53,2283.04,2285.48,5081.782
1778583600000,2285.48,2286.33,2283.29,2285.75,4764.971
1778583900000,2285.75,2285.75,2277.0,2283.19,25161.314
1778584200000,2283.19,2286.13,2281.2,2282.66,9568.797
1778584500000,2282.65,2282.79,2277.63,2280.13,10415.773
1778584800000,2280.14,2282.5,2278.97,2281.25,6804.331
1778585100000,2281.24,2283.87,2281.24,2282.61,5314.611
1778585400000,2282.61,2284.5,2282.6,2283.47,6417.927
1778585700000,2283.48,2284.8,2282.99,2284.54,3949.68
1778586000000,2284.54,2286.18,2284.46,2285.99,4953.416
1778586300000,2285.99,2286.35,2284.05,2285.13,4884.995
1778586600000,2285.13,2285.2,2283.15,2285.03,4617.865
1778586900000,2285.05,2286.0,2285.0,2285.97,3471.316
1778587200000,2285.97,2286.0,2282.83,2282.83,7339.647
1778587500000,2282.84,2285.5,2281.28,2285.49,5221.194
1778587800000,2285.5,2288.3,2285.42,2287.06,10996.498
1778588100000,2287.07,2288.9,2286.11,2288.01,6019.653
1778588400000,2288.0,2288.76,2286.45,2287.69,5526.259
1778588700000,2287.69,2290.72,2284.85,2290.61,13778.873
1778589000000,2290.61,2294.0,2280.03,2286.3,63902.427
1778589300000,2286.3,2293.0,2286.3,2291.95,18862.61
1778589600000,2291.95,2292.78,2285.53,2285.8,19150.258
1778589900000,2285.8,2288.96,2284.84,2288.12,8086.465
1778590200000,2288.13,2288.3,2286.76,2287.44,3196.893
1778590500000,2287.44,2288.25,2286.16,2287.82,3354.012
1778590800000,2287.81,2291.0,2287.1,2290.23,7470.471
1778591100000,2290.23,2290.99,2289.45,2290.31,5858.887
1778591400000,2290.32,2291.44,2287.03,2287.03,5516.262
1778591700000,2287.02,2287.03,2282.51,2282.79,11978.725
1778592000000,2282.79,2285.52,2282.0,2284.83,9532.108
1778592300000,2284.82,2284.82,2282.66,2284.04,4170.141
1778592600000,2284.04,2284.55,2277.92,2279.71,29333.945
1778592900000,2279.71,2281.45,2273.37,2281.12,47296.428
1778593200000,2281.12,2282.94,2277.76,2279.5,15144.484
1778593500000,2279.5,2283.06,2274.13,2277.36,20973.929
1778593800000,2277.35,2279.32,2274.52,2276.45,12757.161
1778594100000,2276.46,2276.46,2267.01,2270.88,71833.375
1778594400000,2270.89,2276.0,2268.06,2275.0,30146.623
1778594700000,2274.99,2279.5,2273.75,2277.03,18212.505
1778595000000,2277.03,2279.0,2274.34,2278.36,9446.986
1778595300000,2278.36,2279.96,2274.34,2279.95,11188.409
1778595600000,2279.96,2280.84,2277.33,2278.28,13079.148
1778595900000,2278.28,2279.9,2270.39,2272.8,14691.558
1778596200000,2272.81,2273.8,2260.01,2265.95,88195.134
1778596500000,2265.95,2278.0,2264.8,2277.3,35744.057
1778596800000,2277.31,2279.27,2275.0,2276.58,25214.238
1778597100000,2276.59,2276.59,2268.2,2270.0,17319.704
1778597400000,2270.0,2270.12,2264.09,2268.08,19476.101
1778597700000,2268.08,2269.49,2266.23,2268.01,6567.011
1778598000000,2268.01,2269.88,2265.62,2268.73,15348.505
1778598300000,2268.73,2272.93,2267.65,2272.29,9543.536
1778598600000,2272.29,2273.33,2270.67,2271.4,7956.486
1778598900000,2271.39,2271.39,2267.51,2269.25,7563.6
1778599200000,2269.26,2269.26,2257.01,2257.67,50742.331
1778599500000,2257.67,2261.23,2255.54,2258.88,60487.639
1778599800000,2258.88,2267.99,2258.56,2266.54,27017.889
1778600100000,2266.54,2266.55,2261.13,2261.52,14830.673
1778600400000,2261.52,2263.93,2259.25,2262.96,10988.881
1778600700000,2262.96,2265.0,2259.13,2259.63,10873.695
1778601000000,2259.64,2264.8,2259.63,2264.47,8260.728
1778601300000,2264.47,2266.33,2261.0,2261.18,9083.043
1778601600000,2261.19,2267.26,2258.55,2264.09,20899.57
1778601900000,2264.1,2265.33,2262.58,2264.33,10750.29
1778602200000,2264.34,2267.83,2263.42,2266.88,12013.29
1778602500000,2266.88,2270.27,2264.27,2269.0,12828.816
1778602800000,2269.0,2270.21,2265.76,2266.83,8435.724
1778603100000,2266.84,2268.67,2265.01,2266.96,5222.706
1778603400000,2266.97,2267.92,2263.33,2264.5,7447.549
1778603700000,2264.5,2267.76,2263.81,2265.3,3196.093
1778604000000,2265.29,2266.42,2261.6,2263.72,5914.063
1778604300000,2263.72,2264.89,2255.01,2259.23,37944.08
1778604600000,2259.23,2263.34,2256.3,2263.24,19967.213
1778604900000,2263.24,2264.9,2261.9,2263.1,8333.438
1778605200000,2263.11,2268.7,2263.11,2268.7,16149.73
1778605500000,2268.7,2268.7,2265.22,2265.81,8636.624
1778605800000,2265.82,2269.92,2265.24,2269.6,8957.549
1778606100000,2269.59,2273.9,2269.59,2272.09,18293.589
1778606400000,2272.1,2275.35,2271.95,2274.5,15103.659
1778606700000,2274.49,2274.9,2272.63,2273.78,9826.627
1778607000000,2273.77,2275.47,2273.12,2275.2,10207.878
1778607300000,2275.2,2275.92,2273.12,2275.19,4632.33
1778607600000,2275.2,2277.33,2274.15,2276.08,10400.437
1778607900000,2276.07,2276.66,2274.12,2274.3,6673.551
1778608200000,2274.29,2277.22,2273.43,2276.24,7640.233
1778608500000,2276.24,2276.79,2274.51,2275.87,2993.872
1778608800000,2275.86,2278.37,2273.55,2277.05,11060.011
1778609100000,2277.05,2278.25,2274.38,2275.99,5165.89
1778609400000,2276.0,2276.84,2274.35,2276.47,2516.056
1778609700000,2276.47,2277.36,2275.27,2275.84,4037.113
1778610000000,2275.83,2277.31,2275.69,2276.16,5321.647
1778610300000,2276.16,2277.67,2275.39,2276.74,4058.065
1778610600000,2276.74,2278.8,2276.35,2278.77,5431.222
1778610900000,2278.77,2280.96,2278.25,2279.17,11634.275
1778611200000,2279.17,2282.29,2279.17,2280.65,5050.326
1778611500000,2280.64,2281.5,2279.2,2281.0,7686.303
1778611800000,2280.99,2284.0,2280.95,2282.41,10181.31
1778612100000,2282.41,2282.42,2277.84,2278.62,7446.055
1778612400000,2278.62,2280.7,2278.62,2280.21,3930.124
1778612700000,2280.21,2282.57,2278.36,2282.29,3253.451
1778613000000,2282.29,2285.66,2282.28,2283.49,10781.069
1778613300000,2283.49,2284.51,2281.94,2282.38,6543.363
1778613600000,2282.38,2282.38,2280.6,2282.17,3103.986
1778613900000,2282.17,2283.0,2281.21,2281.22,3221.768
1778614200000,2281.21,2285.81,2281.21,2285.31,4741.443
1778614500000,2285.32,2286.59,2283.48,2284.45,3904.193
1778614800000,2284.46,2284.84,2281.8,2282.29,3561.504
1778615100000,2282.3,2284.28,2282.22,2283.87,1525.189
1778615400000,2283.88,2286.56,2282.5,2282.69,6014.802
1778615700000,2282.69,2284.99,2282.69,2284.32,4469.034
1778616000000,2284.33,2286.48,2283.35,2285.99,7004.535
1778616300000,2285.99,2286.63,2284.47,2284.48,3355.93
1778616600000,2284.48,2285.13,2283.02,2284.46,1862.112
1778616900000,2284.46,2285.47,2283.23,2285.11,2434.091
1778617200000,2285.1,2285.11,2283.56,2284.54,1396.061
1778617500000,2284.54,2285.41,2283.86,2284.48,1195.755
1778617800000,2284.48,2284.48,2280.72,2281.9,5593.136
1778618100000,2281.9,2283.38,2281.5,2282.1,2686.672
1778618400000,2282.09,2282.83,2280.63,2282.83,4693.029
1778618700000,2282.82,2283.4,2281.75,2281.77,5277.569
1778619000000,2281.77,2283.87,2280.34,2283.87,2779.085
1778619300000,2283.87,2284.4,2282.99,2284.01,2564.163
1778619600000,2284.0,2285.13,2283.0,2284.55,3103.326
1778619900000,2284.55,2285.52,2283.59,2285.36,1951.991
1778620200000,2285.37,2286.78,2284.85,2284.85,5788.342
1778620500000,2284.85,2286.4,2284.17,2284.66,2019.679
1778620800000,2284.65,2286.0,2284.65,2286.0,2038.877
1778621100000,2285.99,2285.99,2284.82,2285.97,1902.451
1778621400000,2285.98,2286.5,2283.58,2283.78,2996.22
1778621700000,2283.78,2285.34,2283.62,2284.21,2369.428
1778622000000,2284.22,2285.47,2283.49,2284.11,3398.331
1778622300000,2284.12,2284.23,2281.83,2281.83,4003.865
1778622600000,2281.83,2283.31,2281.82,2282.45,2387.822
1778622900000,2282.46,2285.36,2282.46,2284.38,2089.241
1778623200000,2284.39,2289.92,2284.39,2288.62,12374.5
1778623500000,2288.62,2290.99,2286.1,2286.25,13363.599
1778623800000,2286.26,2287.08,2285.41,2285.59,2982.221
1778624100000,2285.59,2288.0,2285.25,2288.0,2875.88
1778624400000,2287.99,2288.2,2285.88,2286.26,2123.954
1778624700000,2286.26,2286.27,2284.53,2285.0,3373.529
1778625000000,2284.99,2286.17,2284.31,2284.31,2417.312
1778625300000,2284.31,2284.47,2282.92,2284.46,2420.295
1778625600000,2284.47,2284.49,2283.0,2283.51,3171.922
1778625900000,2283.51,2283.8,2281.87,2282.29,3044.535
1778626200000,2282.29,2283.48,2282.0,2282.4,2269.359
1778626500000,2282.39,2283.33,2281.1,2281.36,2402.181
1778626800000,2281.35,2283.0,2281.0,2282.0,2642.073
1778627100000,2282.0,2282.1,2280.76,2281.41,2352.502
1778627400000,2281.4,2282.83,2277.76,2279.19,6596.565
1778627700000,2279.19,2281.14,2278.73,2280.36,3587.982
1778628000000,2280.36,2280.58,2278.74,2279.9,2450.006
1778628300000,2279.9,2282.5,2279.75,2281.99,2371.472
1778628600000,2281.98,2282.29,2279.09,2279.1,2393.97
1778628900000,2279.1,2279.47,2275.8,2277.99,11459.619
1778629200000,2278.0,2278.73,2277.0,2277.0,2891.612
1778629500000,2277.0,2277.01,2272.18,2275.07,13065.424
1778629800000,2275.07,2275.86,2273.32,2274.35,4785.495
1778630100000,2274.36,2274.83,2273.25,2274.05,3063.703
1778630400000,2274.05,2275.35,2272.19,2274.88,7202.938
1778630700000,2274.88,2277.47,2274.87,2275.4,3530.759
1778631000000,2275.39,2277.46,2275.39,2276.72,2456.865
1778631300000,2276.72,2283.55,2276.29,2282.76,9281.408
1778631600000,2282.76,2285.53,2280.84,2284.39,6669.218
1778631900000,2284.39,2285.8,2282.0,2282.3,5724.023
1778632200000,2282.31,2283.74,2281.02,2281.99,3866.016
1778632500000,2282.0,2285.54,2281.99,2284.63,4257.877
1778632800000,2284.64,2285.19,2282.74,2283.5,3652.716
1778633100000,2283.5,2283.74,2280.71,2280.84,2861.979
1778633400000,2280.83,2281.44,2279.23,2281.44,5225.193
1778633700000,2281.44,2283.7,2280.31,2280.55,5055.894
1778634000000,2280.56,2282.0,2280.01,2281.99,3455.188
1778634300000,2282.0,2286.0,2281.81,2286.0,5058.298
1778634600000,2285.99,2291.99,2284.59,2288.0,21018.863
1778634900000,2288.0,2288.65,2285.67,2287.35,7382.845
1778635200000,2287.35,2293.32,2287.28,2290.16,19912.813
1778635500000,2290.16,2291.99,2289.07,2290.74,5538.129
1778635800000,2290.74,2294.21,2290.58,2291.26,14754.242
1778636100000,2291.25,2291.62,2289.3,2290.61,7718.431
1778636400000,2290.61,2294.12,2290.61,2291.72,4958.925
1778636700000,2291.72,2293.6,2290.18,2291.95,6983.15
1778637000000,2291.96,2294.98,2289.61,2289.99,9943.882
1778637300000,2290.0,2290.53,2287.8,2289.08,6643.861
1778637600000,2289.09,2290.0,2286.3,2287.45,6151.091
1778637900000,2287.44,2289.56,2287.05,2289.5,3563.251
1778638200000,2289.5,2293.39,2288.0,2291.25,5442.36
1778638500000,2291.25,2293.0,2289.87,2290.4,7195.788
1778638800000,2290.4,2299.23,2290.31,2297.12,27676.895
1778639100000,2297.12,2298.76,2292.03,2293.98,17597.25
1778639400000,2293.97,2295.37,2292.58,2294.27,9407.791
1778639700000,2294.27,2295.91,2293.57,2293.57,4082.678
1778640000000,2293.57,2294.7,2293.0,2294.23,2933.831
1778640300000,2294.24,2295.0,2292.0,2292.84,3049.547
1778640600000,2292.83,2293.62,2291.7,2291.71,6737.176
1778640900000,2291.7,2293.0,2291.7,2293.0,3221.637
1778641200000,2292.99,2294.13,2292.22,2293.64,4101.72
1778641500000,2293.65,2295.0,2291.12,2293.11,5955.233
1778641800000,2293.11,2295.64,2292.05,2292.13,6322.552
1778642100000,2292.12,2294.2,2292.12,2293.05,3776.164
1778642400000,2293.04,2294.45,2293.04,2294.3,4535.465
1778642700000,2294.29,2297.5,2294.29,2296.65,7802.223
1778643000000,2296.66,2298.47,2296.04,2297.55,7085.968
1778643300000,2297.54,2299.47,2297.29,2298.61,8716.348
1778643600000,2298.61,2302.17,2298.6,2301.4,26616.03
1778643900000,2301.4,2302.99,2300.22,2302.25,14617.713
1778644200000,2302.26,2302.96,2300.12,2300.98,9028.373
1778644500000,2300.98,2301.11,2299.41,2300.77,5192.153
1778644800000,2300.78,2303.5,2300.29,2302.59,9823.47
1778645100000,2302.59,2302.59,2300.12,2300.12,5430.878
1778645400000,2300.12,2300.64,2298.56,2298.99,11432.127
1778645700000,2298.99,2299.88,2297.32,2299.78,9225.261
1778646000000,2299.78,2301.0,2299.22,2299.94,4609.001
1778646300000,2299.95,2300.55,2299.33,2300.4,3869.112
1778646600000,2300.41,2306.99,2300.4,2303.06,33865.656
1778646900000,2303.07,2305.57,2303.07,2304.3,5199.74
1778647200000,2304.31,2305.5,2303.5,2303.78,7947.408
1778647500000,2303.78,2305.69,2302.5,2305.49,3542.338
1778647800000,2305.49,2306.32,2304.45,2305.97,4334.371
1778648100000,2305.97,2308.91,2305.32,2305.92,12740.086
1778648400000,2305.92,2306.5,2304.15,2306.5,5750.74
1778648700000,2306.49,2306.8,2303.54,2303.96,5027.973
1778649000000,2303.96,2304.4,2302.72,2302.88,4291.204
1778649300000,2302.88,2302.88,2299.55,2299.88,13077.646
1778649600000,2299.88,2301.58,2299.56,2301.57,6279.853
1778649900000,2301.57,2301.8,2300.82,2300.82,2771.579
1778650200000,2300.83,2300.99,2298.23,2298.23,7009.184
1778650500000,2298.23,2299.02,2296.36,2296.71,8346.861
1778650800000,2296.71,2297.31,2295.5,2296.17,5714.044
1778651100000,2296.16,2298.55,2294.0,2298.37,17706.87
1778651400000,2298.37,2299.0,2297.07,2297.25,4974.106
1778651700000,2297.26,2297.3,2295.95,2296.89,3250.283
1778652000000,2296.9,2299.98,2296.37,2299.27,8079.704
1778652300000,2299.28,2302.34,2299.27,2300.52,6114.996
1778652600000,2300.53,2302.86,2300.3,2302.8,3648.807
1778652900000,2302.8,2304.3,2302.21,2304.29,6641.835
1778653200000,2304.3,2304.3,2300.19,2301.99,5496.41
1778653500000,2301.99,2302.9,2300.86,2302.64,3013.84
1778653800000,2302.65,2303.69,2300.88,2301.0,3140.028
1778654100000,2301.01,2303.19,2301.01,2302.64,3051.912
1778654400000,2302.64,2304.17,2302.09,2304.05,4851.058
1778654700000,2304.05,2304.05,2303.16,2303.31,3240.51
1778655000000,2303.31,2303.32,2300.0,2301.38,7473.978
1778655300000,2301.37,2301.37,2300.23,2300.82,2302.532
1778655600000,2300.83,2302.0,2300.39,2300.74,4104.897
1778655900000,2300.74,2300.74,2299.3,2300.32,5356.736
1778656200000,2300.31,2300.49,2299.1,2300.3,2187.32
1778656500000,2300.3,2302.01,2297.85,2297.85,5818.715
1778656800000,2297.85,2298.38,2295.78,2297.29,8904.141
1778657100000,2297.29,2299.0,2297.29,2297.64,2219.537
1778657400000,2297.63,2297.95,2296.84,2297.73,3257.264
1778657700000,2297.73,2299.55,2297.02,2297.93,5596.063
1778658000000,2297.94,2300.0,2297.94,2299.84,2919.64
1778658300000,2299.85,2300.75,2299.07,2299.07,2605.758
1778658600000,2299.07,2299.08,2297.6,2297.68,2146.073
1778658900000,2297.68,2300.49,2297.67,2300.38,1825.895
1778659200000,2300.37,2302.9,2300.24,2302.49,8351.061
1778659500000,2302.5,2302.82,2300.08,2300.82,4594.521
1778659800000,2300.82,2301.88,2300.3,2300.9,3601.246
1778660100000,2300.9,2303.5,2300.89,2301.26,5541.972
1778660400000,2301.26,2302.86,2301.26,2302.53,3402.848
1778660700000,2302.52,2304.99,2301.9,2302.1,5607.421
1778661000000,2302.11,2302.11,2299.75,2301.98,6256.8
1778661300000,2301.99,2304.8,2301.98,2304.8,6362.067
1778661600000,2304.79,2315.75,2304.79,2313.0,87732.215
1778661900000,2313.0,2316.31,2311.52,2311.64,43623.574
1778662200000,2311.64,2315.0,2311.31,2313.79,12006.877
1778662500000,2313.8,2316.25,2313.64,2316.0,15947.5
1778662800000,2315.99,2320.0,2313.56,2319.59,35914.23
1778663100000,2319.59,2320.88,2318.23,2319.95,29192.44
1778663400000,2319.99,2321.88,2318.21,2318.54,22464.584
1778663700000,2318.56,2320.87,2318.55,2318.99,14307.847
1778664000000,2318.99,2319.37,2316.15,2316.49,15980.841
1778664300000,2316.48,2318.19,2316.48,2317.43,8266.186
1778664600000,2317.42,2320.95,2317.42,2319.39,8741.163
1778664900000,2319.4,2322.73,2319.39,2322.58,16500.0
1778665200000,2322.58,2322.7,2320.01,2320.78,7542.871
1778665500000,2320.79,2321.9,2320.41,2320.62,4788.015
1778665800000,2320.62,2321.15,2318.0,2320.0,8287.299
1778666100000,2319.99,2320.79,2319.19,2320.08,3924.889
1778666400000,2320.08,2320.79,2316.56,2317.7,9279.149
1778666700000,2317.71,2318.15,2316.58,2317.01,6563.165
1778667000000,2317.02,2317.02,2313.06,2314.0,18831.922
1778667300000,2313.99,2315.89,2312.18,2314.8,15850.122
1778667600000,2314.79,2316.49,2313.64,2314.08,9212.249
1778667900000,2314.09,2314.29,2308.0,2309.1,29820.847
1778668200000,2309.1,2310.5,2308.0,2308.0,18117.276
1778668500000,2308.0,2309.0,2306.33,2308.24,11930.018
1778668800000,2308.25,2308.65,2303.44,2306.37,13656.381
1778669100000,2306.37,2308.95,2305.21,2307.3,10737.624
1778669400000,2307.3,2309.14,2307.0,2308.19,5820.43
1778669700000,2308.19,2309.45,2307.58,2307.59,4300.483
1778670000000,2307.58,2308.2,2303.72,2303.73,10155.882
1778670300000,2303.73,2304.18,2298.03,2301.6,43064.358
1778670600000,2301.6,2301.7,2298.01,2299.86,18434.881
1778670900000,2299.85,2303.54,2298.01,2302.76,18950.554
1778671200000,2302.76,2304.71,2301.79,2303.05,6645.082
1778671500000,2303.06,2303.09,2300.15,2300.3,5679.683
1778671800000,2300.3,2304.44,2300.0,2304.01,7194.467
1778672100000,2304.0,2304.3,2303.33,2303.95,4010.951
1778672400000,2303.95,2306.0,2303.83,2306.0,8608.995
1778672700000,2306.0,2307.05,2303.04,2303.04,7571.552
1778673000000,2303.04,2303.16,2299.0,2301.12,12783.659
1778673300000,2301.12,2301.68,2300.32,2301.07,3231.545
1778673600000,2301.07,2306.65,2300.5,2306.07,9742.002
1778673900000,2306.07,2306.07,2302.63,2304.0,4502.967
1778674200000,2304.0,2306.88,2301.57,2304.52,9146.853
1778674500000,2304.52,2305.9,2304.02,2305.13,5432.464
1778674800000,2305.13,2305.13,2291.09,2295.09,50257.194
1778675100000,2295.09,2298.73,2294.16,2297.33,12884.09
1778675400000,2297.33,2297.64,2281.13,2285.84,92770.522
1778675700000,2285.85,2287.59,2270.01,2274.41,95825.41
1778676000000,2274.42,2281.42,2269.37,2280.72,58700.059
1778676300000,2280.72,2284.73,2279.69,2283.24,20736.316
1778676600000,2283.23,2285.91,2281.08,2282.28,21524.965
1778676900000,2282.28,2284.0,2280.08,2283.49,12822.473
1778677200000,2283.5,2287.93,2282.6,2285.99,21904.08
1778677500000,2286.0,2286.96,2283.82,2285.81,11467.373
1778677800000,2285.8,2286.81,2284.6,2284.88,7227.804
1778678100000,2284.87,2286.33,2283.25,2284.43,9337.342
1778678400000,2284.43,2284.44,2281.81,2282.17,7161.094
1778678700000,2282.17,2282.6,2278.59,2278.73,9887.158
1778679000000,2278.72,2283.0,2275.69,2280.49,20319.227
1778679300000,2280.48,2280.5,2266.0,2271.99,57213.954
1778679600000,2271.99,2273.21,2265.38,2269.56,49745.734
1778679900000,2269.56,2269.65,2257.48,2262.26,98046.28
1778680200000,2262.26,2265.39,2259.02,2265.25,33431.732
1778680500000,2265.26,2266.0,2258.3,2261.51,30834.254
1778680800000,2261.52,2261.52,2248.0,2258.98,118934.395
1778681100000,2258.98,2262.86,2257.89,2260.44,33103.851
1778681400000,2260.43,2266.0,2260.13,2262.32,28077.137
1778681700000,2262.32,2264.35,2260.5,2262.25,16569.634
1778682000000,2262.26,2267.24,2261.75,2265.82,16962.455
1778682300000,2265.82,2269.81,2265.3,2266.77,21237.195
1778682600000,2266.76,2267.73,2263.36,2266.2,13922.034
1778682900000,2266.2,2266.47,2264.0,2266.34,7714.363
1778683200000,2266.33,2266.83,2263.56,2264.12,5678.558
1778683500000,2264.12,2265.0,2261.66,2261.82,11037.766
1778683800000,2261.82,2268.0,2261.1,2265.88,9051.613
1778684100000,2265.89,2266.86,2264.56,2266.4,3969.293
1778684400000,2266.4,2269.18,2265.73,2266.86,11957.322
1778684700000,2266.86,2266.86,2258.59,2262.05,16190.801
1778685000000,2262.05,2262.43,2255.39,2256.52,23901.197
1778685300000,2256.52,2259.07,2252.38,2253.72,26632.619
1778685600000,2253.71,2256.81,2252.44,2255.0,20717.645
1778685900000,2255.0,2255.53,2250.35,2252.81,23728.556
1778686200000,2252.81,2255.25,2250.61,2254.51,16862.211
1778686500000,2254.51,2255.71,2250.82,2251.11,11627.152
1778686800000,2251.12,2254.0,2251.0,2251.6,14646.518
1778687100000,2251.6,2252.74,2245.01,2249.34,50133.504
1778687400000,2249.34,2249.34,2242.66,2245.6,40672.598
1778687700000,2245.59,2245.66,2233.01,2235.75,101592.466
1778688000000,2235.75,2245.75,2234.02,2242.84,48835.606
1778688300000,2242.83,2243.1,2236.27,2238.05,33525.103
1778688600000,2238.05,2244.8,2238.05,2244.61,17937.947
1778688900000,2244.6,2245.02,2242.0,2244.86,10398.23
1778689200000,2244.86,2249.84,2243.83,2247.72,21140.076
1778689500000,2247.72,2249.51,2245.4,2248.66,14012.32
1778689800000,2248.67,2252.68,2246.28,2251.92,23036.487
1778690100000,2251.92,2252.73,2250.26,2251.34,11945.266
1778690400000,2251.33,2252.8,2250.58,2251.26,8333.307
1778690700000,2251.27,2252.58,2249.59,2250.3,10165.901
1778691000000,2250.31,2250.96,2248.54,2249.0,8076.246
1778691300000,2249.0,2250.96,2248.54,2249.96,4548.59
1778691600000,2249.95,2255.55,2249.95,2254.31,13119.083
1778691900000,2254.32,2254.52,2251.05,2251.49,4659.298
1778692200000,2251.49,2253.72,2251.49,2253.6,3664.575
1778692500000,2253.6,2256.45,2251.48,2255.59,8614.7
1778692800000,2255.6,2257.15,2254.51,2255.31,5649.642
1778693100000,2255.32,2258.37,2255.31,2256.43,8366.67
1778693400000,2256.42,2257.25,2254.0,2254.22,6305.951
1778693700000,2254.22,2255.56,2253.56,2254.26,4867.301
1778694000000,2254.26,2256.98,2254.22,2256.54,5968.936
1778694300000,2256.55,2258.05,2255.41,2257.74,6889.666
1778694600000,2257.74,2261.0,2257.65,2258.73,15284.382
1778694900000,2258.74,2259.67,2256.6,2257.4,8656.844
1778695200000,2257.41,2260.51,2257.41,2258.06,6298.571
1778695500000,2258.07,2262.23,2258.06,2261.38,6807.418
1778695800000,2261.38,2262.4,2260.9,2261.16,8111.617
1778696100000,2261.16,2264.13,2260.05,2264.13,10053.995
1778696400000,2264.14,2268.0,2264.06,2265.65,18900.658
1778696700000,2265.65,2266.14,2263.9,2264.45,5332.24
1778697000000,2264.44,2266.0,2263.37,2264.83,6502.72
1778697300000,2264.83,2265.0,2263.63,2264.21,5061.019
1778697600000,2264.22,2265.94,2261.21,2261.21,4478.152
1778697900000,2261.22,2262.15,2257.51,2258.79,15717.285
1778698200000,2258.8,2259.8,2258.19,2259.5,4808.882
1778698500000,2259.5,2260.79,2258.45,2258.49,3975.056
1778698800000,2258.49,2259.73,2254.51,2254.99,9982.497
1778699100000,2254.99,2255.71,2251.54,2254.23,11217.331
1778699400000,2254.23,2255.8,2254.0,2254.18,3478.948
1778699700000,2254.17,2254.45,2251.6,2253.09,5954.331
1778700000000,2253.09,2253.98,2248.34,2250.69,10459.472
1778700300000,2250.7,2253.74,2250.0,2253.34,5229.876
1778700600000,2253.34,2254.6,2253.34,2254.1,2956.222
1778700900000,2254.1,2258.33,2253.14,2256.63,4708.359
1778701200000,2256.63,2256.77,2254.81,2254.81,2251.968
1778701500000,2254.81,2256.11,2254.81,2255.14,1797.969
1778701800000,2255.13,2255.43,2253.43,2254.16,2789.132
1778702100000,2254.16,2256.54,2254.15,2255.76,2816.423
1778702400000,2255.75,2257.92,2255.66,2256.19,5546.863
1778702700000,2256.19,2257.94,2255.79,2257.42,4841.378
1778703000000,2257.43,2260.89,2257.42,2258.11,3672.107
1778703300000,2258.1,2261.7,2258.1,2261.3,3314.776
1778703600000,2261.31,2261.31,2259.29,2259.61,2453.239
1778703900000,2259.6,2260.35,2259.25,2259.41,3882.279
1778704200000,2259.41,2262.77,2259.4,2261.57,2717.899
1778704500000,2261.57,2262.03,2260.72,2261.66,1295.977
1778704800000,2261.66,2263.16,2261.6,2262.25,2369.083
1778705100000,2262.26,2263.6,2261.4,2261.69,2612.569
1778705400000,2261.69,2261.83,2260.87,2261.26,3285.977
1778705700000,2261.26,2263.0,2261.0,2262.84,1273.678
1778706000000,2262.84,2263.14,2259.68,2260.0,3061.355
1778706300000,2259.99,2260.33,2254.35,2255.63,6356.764
1778706600000,2255.63,2256.81,2252.63,2256.81,4406.596
1778706900000,2256.81,2257.03,2256.17,2256.58,2819.558
1778707200000,2256.57,2256.58,2254.06,2254.36,3969.34
1778707500000,2254.36,2256.04,2253.76,2254.51,2326.215
1778707800000,2254.5,2255.5,2254.23,2255.24,1729.873
1778708100000,2255.24,2256.65,2255.16,2256.16,1757.777
1778708400000,2256.16,2256.43,2254.85,2255.98,2477.701
1778708700000,2255.98,2256.9,2253.53,2256.85,2734.7
1778709000000,2256.84,2258.7,2256.84,2257.23,2816.443
1778709300000,2257.24,2257.8,2254.31,2255.03,1510.736
1778709600000,2255.04,2256.5,2253.38,2253.63,3536.968
1778709900000,2253.63,2253.64,2249.6,2252.59,8098.952
1778710200000,2252.6,2255.47,2252.6,2255.29,4047.514
1778710500000,2255.29,2255.29,2251.17,2251.18,2000.916
1778710800000,2251.17,2252.75,2250.58,2252.75,2849.398
1778711100000,2252.74,2253.17,2251.0,2253.1,1648.834
1778711400000,2253.09,2254.11,2251.27,2253.49,4845.799
1778711700000,2253.48,2253.7,2252.41,2253.59,1626.187
1778712000000,2253.58,2256.4,2253.58,2256.3,3313.896
1778712300000,2256.29,2258.95,2256.13,2257.59,4793.441
1778712600000,2257.59,2259.75,2257.59,2258.91,2820.554
1778712900000,2258.91,2258.91,2257.35,2258.33,2328.774
1778713200000,2258.32,2260.56,2257.21,2257.27,2931.91
1778713500000,2257.27,2260.41,2257.27,2260.27,2116.14
1778713800000,2260.26,2260.26,2258.28,2259.0,4087.043
1778714100000,2259.0,2259.51,2257.77,2257.99,3839.324
1778714400000,2258.0,2258.94,2257.77,2258.8,2389.733
1778714700000,2258.79,2260.93,2253.92,2256.61,9422.139
1778715000000,2256.6,2257.7,2253.46,2255.31,3879.536
1778715300000,2255.31,2256.23,2254.23,2254.93,3017.874
1778715600000,2254.94,2256.8,2254.93,2256.49,1183.516
1778715900000,2256.49,2258.0,2256.47,2256.47,2410.636
1778716200000,2256.48,2258.57,2255.23,2258.57,1750.83
1778716500000,2258.56,2258.57,2257.26,2257.66,1087.256
1778716800000,2257.65,2262.0,2257.13,2260.72,11807.364
1778717100000,2260.73,2264.64,2260.72,2263.91,6177.084
1778717400000,2263.91,2265.58,2262.28,2265.45,5643.833
1778717700000,2265.46,2266.92,2262.76,2263.3,10677.222
1778718000000,2263.31,2264.5,2261.28,2263.8,4139.639
1778718300000,2263.79,2264.5,2262.26,2262.7,2789.546
1778718600000,2262.7,2267.49,2262.7,2267.0,8804.459
1778718900000,2267.0,2267.93,2265.0,2266.0,6378.349
1778719200000,2266.0,2267.0,2265.0,2266.89,5084.843
1778719500000,2266.89,2268.59,2266.04,2267.08,12452.13
1778719800000,2267.08,2267.46,2264.46,2265.17,2921.841
1778720100000,2265.18,2267.43,2265.12,2265.48,3961.747
1778720400000,2265.48,2268.54,2264.86,2267.48,4673.704
1778720700000,2267.49,2267.99,2264.5,2265.35,4453.682
1778721000000,2265.34,2266.91,2263.36,2264.88,4241.552
1778721300000,2264.89,2265.05,2260.32,2264.14,6839.586
1778721600000,2264.13,2265.0,2261.49,2262.7,4001.915
1778721900000,2262.69,2264.0,2261.09,2261.9,4611.005
1778722200000,2261.89,2263.45,2260.24,2261.55,5786.531
1778722500000,2261.56,2261.56,2258.22,2261.4,7867.861
1778722800000,2261.4,2262.59,2259.1,2261.96,3114.023
1778723100000,2261.97,2265.0,2259.7,2263.89,3916.751
1778723400000,2263.88,2266.36,2263.88,2265.51,6916.744
1778723700000,2265.52,2265.83,2263.86,2263.91,2871.977
1778724000000,2263.91,2265.98,2262.53,2262.85,5697.96
1778724300000,2262.85,2264.22,2262.37,2263.92,2391.427
1778724600000,2263.92,2264.85,2260.83,2260.83,4530.003
1778724900000,2260.84,2262.15,2259.06,2260.86,6318.951
1778725200000,2260.87,2262.98,2260.87,2262.07,4354.292
1778725500000,2262.08,2262.81,2261.77,2262.58,1459.968
1778725800000,2262.57,2262.57,2260.69,2261.27,2095.883
1778726100000,2261.27,2261.87,2260.14,2260.29,6492.699
1778726400000,2260.28,2260.29,2258.0,2259.8,5544.185
1778726700000,2259.81,2260.0,2252.3,2252.73,21814.164
1778727000000,2252.73,2252.73,2246.04,2250.29,36732.978
1778727300000,2250.3,2252.44,2249.76,2250.5,11243.172
1778727600000,2250.5,2254.24,2249.0,2252.7,8503.119
1778727900000,2252.71,2253.12,2241.26,2245.19,37126.618
1778728200000,2245.19,2249.23,2245.19,2248.32,10069.637
1778728500000,2248.32,2248.65,2244.24,2245.41,8932.062
1778728800000,2245.4,2245.65,2237.43,2241.94,40308.992
1778729100000,2241.95,2250.72,2241.95,2249.26,15812.294
1778729400000,2249.26,2250.27,2247.5,2249.99,9972.422
1778729700000,2249.99,2251.69,2243.45,2244.6,13030.17
1778730000000,2244.59,2246.62,2244.14,2246.13,5782.815
1778730300000,2246.15,2246.3,2240.7,2241.17,9194.189
1778730600000,2241.16,2242.65,2238.89,2242.4,11246.877
1778730900000,2242.4,2242.42,2237.26,2241.0,18720.546
1778731200000,2241.01,2242.78,2238.29,2242.34,10298.889
1778731500000,2242.34,2248.17,2241.84,2247.99,12692.367
1778731800000,2247.99,2248.48,2246.73,2248.48,5033.363
1778732100000,2248.48,2252.8,2247.33,2251.35,13851.406
1778732400000,2251.35,2252.24,2250.0,2250.51,5937.674
1778732700000,2250.5,2252.2,2250.22,2250.58,5151.843
1778733000000,2250.58,2252.0,2250.53,2250.53,4387.077
1778733300000,2250.53,2253.62,2250.22,2253.16,5281.636
1778733600000,2253.16,2253.17,2251.84,2252.46,3455.928
1778733900000,2252.46,2257.65,2251.1,2256.0,13615.293
1778734200000,2256.0,2256.26,2253.81,2255.41,7342.531
1778734500000,2255.41,2256.56,2254.8,2255.5,4275.642
1778734800000,2255.49,2257.3,2254.52,2256.83,8136.165
1778735100000,2256.82,2257.3,2255.5,2256.75,3754.59
1778735400000,2256.76,2257.52,2255.54,2255.55,4270.699
1778735700000,2255.55,2257.15,2253.87,2256.68,6424.06
1778736000000,2256.67,2260.94,2256.67,2259.42,13158.421
1778736300000,2259.43,2260.5,2258.09,2260.12,6691.255
1778736600000,2260.12,2264.13,2260.12,2262.37,16142.906
1778736900000,2262.37,2264.08,2261.71,2262.01,11392.572
1778737200000,2262.0,2263.71,2261.76,2262.87,6980.594
1778737500000,2262.88,2266.74,2262.87,2265.66,20987.653
1778737800000,2265.67,2272.75,2265.55,2267.62,50661.365
1778738100000,2267.62,2268.67,2266.0,2267.1,16486.414
1778738400000,2267.1,2269.52,2266.45,2269.09,14260.247
1778738700000,2269.1,2274.54,2268.41,2268.51,31054.776
1778739000000,2268.51,2272.69,2268.5,2272.69,11125.387
1778739300000,2272.68,2273.15,2269.79,2270.8,12810.028
1778739600000,2270.81,2272.0,2270.8,2271.27,5841.985
1778739900000,2271.27,2272.0,2268.71,2268.71,10781.848
1778740200000,2268.72,2269.94,2265.32,2265.99,27781.725
1778740500000,2266.0,2267.88,2265.69,2267.82,9054.076
1778740800000,2267.81,2269.46,2267.5,2268.16,6281.715
1778741100000,2268.16,2268.65,2266.38,2267.27,6343.366
1778741400000,2267.27,2268.49,2267.27,2267.6,4242.108
1778741700000,2267.6,2267.61,2266.2,2266.53,8427.464
1778742000000,2266.54,2269.19,2263.55,2264.79,18191.97
1778742300000,2264.79,2265.81,2264.03,2264.67,8063.467
1778742600000,2264.67,2264.67,2262.33,2263.89,7441.293
1778742900000,2263.9,2264.09,2262.99,2263.83,4996.863
1778743200000,2263.82,2265.74,2263.4,2264.92,4962.744
1778743500000,2264.92,2266.8,2264.92,2265.21,6361.37
1778743800000,2265.21,2270.02,2265.2,2269.04,10534.427
1778744100000,2269.04,2269.48,2268.35,2269.13,7338.62
1778744400000,2269.13,2269.14,2267.83,2268.17,3731.521
1778744700000,2268.18,2268.43,2267.0,2267.53,3966.963
1778745000000,2267.53,2267.99,2265.71,2266.73,3131.922
1778745300000,2266.72,2268.0,2263.87,2264.24,4276.874
1778745600000,2264.24,2266.44,2260.5,2261.75,10880.04
1778745900000,2261.76,2265.84,2260.92,2265.84,8815.619
1778746200000,2265.84,2269.0,2265.4,2267.43,5486.479
1778746500000,2267.44,2268.31,2267.0,2267.01,3455.985
1778746800000,2267.01,2267.01,2264.46,2265.17,6439.753
1778747100000,2265.17,2266.18,2264.24,2265.13,3344.831
1778747400000,2265.13,2268.88,2265.13,2268.57,4655.151
1778747700000,2268.56,2270.1,2268.33,2269.7,8954.31
1778748000000,2269.69,2269.7,2266.85,2267.88,4325.87
1778748300000,2267.87,2268.02,2264.71,2264.71,4564.508
1778748600000,2264.71,2266.71,2264.05,2266.66,5527.84
1778748900000,2266.66,2266.67,2265.2,2265.53,2950.573
1778749200000,2265.53,2266.76,2263.85,2263.85,7284.469
1778749500000,2263.86,2265.72,2263.85,2265.43,2608.964
1778749800000,2265.43,2267.0,2263.11,2263.47,6102.516
1778750100000,2263.48,2263.5,2261.76,2262.78,4496.346
1778750400000,2262.77,2263.8,2261.4,2261.4,3947.253
1778750700000,2261.4,2261.49,2258.29,2260.38,18858.173
1778751000000,2260.37,2260.38,2256.28,2259.18,15026.505
1778751300000,2259.18,2259.19,2251.42,2254.0,29440.969
1778751600000,2254.0,2255.89,2253.32,2255.43,9321.69
1778751900000,2255.43,2255.86,2253.38,2255.54,9495.175
1778752200000,2255.54,2256.1,2254.77,2255.71,4777.146
1778752500000,2255.7,2257.62,2255.56,2256.77,5162.639
1778752800000,2256.77,2259.92,2256.0,2259.21,13526.185
1778753100000,2259.22,2260.36,2256.29,2257.12,6880.248
1778753400000,2257.12,2263.97,2256.43,2260.2,18616.352
1778753700000,2260.2,2264.79,2260.2,2263.6,8000.097
1778754000000,2263.61,2264.43,2261.58,2261.88,5152.608
1778754300000,2261.88,2263.15,2261.66,2262.8,1936.164
1778754600000,2262.79,2262.8,2258.89,2261.06,6034.4
1778754900000,2261.05,2261.51,2258.9,2258.9,3483.634
1778755200000,2258.91,2258.91,2254.56,2256.63,11714.371
1778755500000,2256.63,2259.0,2256.62,2259.0,4618.066
1778755800000,2259.0,2261.92,2258.49,2261.7,6874.586
1778756100000,2261.71,2262.71,2260.77,2261.29,7132.288
1778756400000,2261.3,2263.25,2261.0,2261.43,6780.326
1778756700000,2261.44,2262.62,2259.05,2262.62,3537.958
1778757000000,2262.61,2262.62,2258.04,2258.24,3390.749
1778757300000,2258.25,2260.0,2257.34,2259.18,2889.326
1778757600000,2259.18,2260.72,2255.63,2255.77,6503.836
1778757900000,2255.77,2256.57,2254.0,2255.85,13347.661
1778758200000,2255.85,2256.5,2253.33,2253.83,7703.984
1778758500000,2253.82,2256.89,2253.66,2255.9,12283.913
1778758800000,2255.9,2256.58,2252.95,2253.12,8078.116
1778759100000,2253.11,2254.81,2251.55,2252.89,9031.767
1778759400000,2252.88,2255.65,2252.22,2255.11,7272.8
1778759700000,2255.12,2255.12,2252.85,2252.85,3233.513
1778760000000,2252.86,2254.85,2250.28,2254.45,12004.802
1778760300000,2254.45,2254.77,2251.81,2252.69,4394.057
1778760600000,2252.69,2254.57,2251.01,2252.02,5753.591
1778760900000,2252.02,2253.28,2247.13,2248.31,22461.521
1778761200000,2248.3,2252.0,2248.06,2252.0,6349.331
1778761500000,2252.0,2254.28,2252.0,2253.15,8431.915
1778761800000,2253.15,2260.74,2252.5,2259.86,30669.233
1778762100000,2259.86,2262.9,2257.57,2258.17,24660.837
1778762400000,2258.16,2258.99,2256.3,2258.99,8542.338
1778762700000,2258.98,2260.99,2258.86,2260.94,13569.611
1778763000000,2260.94,2260.94,2258.02,2259.39,7720.116
1778763300000,2259.39,2260.94,2259.1,2260.67,3849.716
1778763600000,2260.67,2261.8,2258.34,2260.95,7417.74
1778763900000,2260.94,2262.46,2259.41,2260.0,6684.518
1778764200000,2260.0,2263.51,2259.63,2261.74,6548.925
1778764500000,2261.75,2264.75,2255.66,2256.68,18319.173
1778764800000,2256.68,2264.48,2255.06,2263.89,14498.537
1778765100000,2263.89,2263.89,2258.73,2260.19,7549.087
1778765400000,2260.18,2260.85,2256.0,2256.2,11773.031
1778765700000,2256.19,2256.2,2248.22,2252.32,47816.462
1778766000000,2252.31,2255.09,2249.61,2254.69,15999.888
1778766300000,2254.69,2259.99,2254.46,2258.99,11567.638
1778766600000,2258.99,2261.53,2253.7,2256.2,13101.626
1778766900000,2256.19,2258.51,2247.64,2248.48,14079.164
1778767200000,2248.48,2254.25,2246.01,2253.42,25210.874
1778767500000,2253.42,2254.1,2245.04,2252.01,29185.752
1778767800000,2252.01,2258.05,2251.59,2256.0,17677.545
1778768100000,2256.0,2265.95,2255.01,2263.99,40231.898
1778768400000,2263.98,2267.35,2262.41,2266.28,28854.427
1778768700000,2266.28,2268.33,2261.6,2263.99,23620.935
1778769000000,2263.99,2265.64,2262.23,2264.61,15800.513
1778769300000,2264.6,2270.0,2263.51,2268.31,18408.259
1778769600000,2268.31,2271.0,2267.66,2269.99,24372.184
1778769900000,2269.99,2282.73,2269.99,2280.43,79563.829
1778770200000,2280.43,2286.25,2280.18,2285.44,51508.921
1778770500000,2285.44,2288.0,2283.66,2285.8,46667.656
1778770800000,2285.81,2289.86,2281.66,2283.94,49236.05
1778771100000,2283.94,2285.61,2279.08,2281.24,36014.156
1778771400000,2281.24,2282.68,2279.09,2282.0,17640.413
1778771700000,2282.0,2286.5,2280.51,2286.31,18267.104
1778772000000,2286.31,2292.31,2284.33,2286.89,36041.171
1778772300000,2286.89,2287.73,2285.2,2286.43,9487.168
1778772600000,2286.44,2289.28,2281.8,2284.02,15801.416
1778772900000,2284.02,2285.24,2281.0,2282.38,11056.912
1778773200000,2282.38,2287.32,2282.38,2287.32,7404.477
1778773500000,2287.33,2294.24,2286.9,2293.4,33667.754
1778773800000,2293.4,2298.58,2292.55,2297.04,78787.019
1778774100000,2297.04,2298.38,2294.01,2297.35,43114.121
1778774400000,2297.36,2301.95,2295.58,2298.0,61263.427
1778774700000,2298.0,2307.73,2298.0,2306.54,52403.978
1778775000000,2306.54,2312.28,2306.12,2307.29,66827.013
1778775300000,2307.29,2308.65,2301.8,2303.94,26665.232
1778775600000,2303.95,2308.1,2302.27,2305.99,19134.171
1778775900000,2305.99,2308.34,2304.25,2305.34,14728.882
1778776200000,2305.35,2307.33,2302.2,2303.34,12563.825
1778776500000,2303.34,2304.55,2300.35,2303.96,15692.389
1778776800000,2303.95,2311.94,2303.77,2309.31,25975.769
1778777100000,2309.31,2310.5,2305.23,2306.91,17555.558
1778777400000,2306.92,2307.94,2292.5,2296.49,58855.139
1778777700000,2296.5,2317.88,2295.93,2315.04,66977.678
1778778000000,2315.04,2318.55,2311.0,2316.64,45546.685
1778778300000,2316.64,2318.53,2314.12,2314.41,22479.423
1778778600000,2314.4,2315.5,2307.23,2308.63,19620.493
1778778900000,2308.64,2308.64,2298.0,2299.14,38316.126
1778779200000,2299.14,2302.87,2295.28,2298.78,33482.507
1778779500000,2298.79,2298.94,2295.22,2297.5,15862.161
1778779800000,2297.51,2303.66,2295.82,2303.42,20269.04
1778780100000,2303.43,2307.85,2303.2,2304.44,17301.264
1778780400000,2304.43,2307.71,2302.74,2305.34,9878.505
1778780700000,2305.35,2314.3,2305.34,2311.84,24037.108
1778781000000,2311.85,2312.0,2307.46,2308.48,12262.799
1778781300000,2308.49,2309.7,2306.93,2307.14,5013.769
1778781600000,2307.14,2309.17,2302.0,2302.52,14634.076
1778781900000,2302.52,2310.32,2302.52,2310.17,8464.447
1778782200000,2310.18,2314.55,2310.12,2314.43,20524.854
1778782500000,2314.43,2314.43,2309.56,2314.13,19849.44
1778782800000,2314.14,2315.88,2312.65,2314.7,14423.463
1778783100000,2314.7,2315.73,2313.39,2313.64,10299.439
1778783400000,2313.64,2313.66,2306.25,2306.52,15709.632
1778783700000,2306.52,2308.96,2305.97,2307.72,8720.117
1778784000000,2307.71,2307.94,2305.62,2306.8,4369.822
1778784300000,2306.8,2309.4,2306.2,2308.2,5270.289
1778784600000,2308.2,2308.95,2306.0,2307.11,3734.81
1778784900000,2307.12,2311.15,2307.11,2308.35,3629.169
1778785200000,2308.36,2311.24,2307.21,2307.24,5918.417
1778785500000,2307.25,2310.72,2306.65,2306.65,4575.882
1778785800000,2306.64,2307.41,2303.72,2304.87,8629.351
1778786100000,2304.87,2305.0,2301.5,2304.12,10004.641
1778786400000,2304.12,2305.0,2300.27,2300.51,3710.769
1778786700000,2300.51,2300.51,2296.5,2296.78,16228.924
1778787000000,2296.79,2302.0,2296.51,2301.99,7238.766
1778787300000,2302.0,2302.12,2296.82,2299.19,9826.176
1778787600000,2299.18,2299.8,2298.24,2299.0,3456.341
1778787900000,2299.0,2299.79,2297.8,2298.91,3342.846
1778788200000,2298.91,2300.16,2297.66,2299.34,2931.642
1778788500000,2299.33,2299.33,2296.54,2297.62,7699.995
1778788800000,2297.62,2300.54,2296.0,2300.05,9383.33
1778789100000,2300.06,2300.06,2297.35,2297.67,2438.804
1778789400000,2297.67,2298.68,2292.14,2292.3,13147.503
1778789700000,2292.29,2296.16,2291.27,2292.69,10513.978
1778790000000,2292.69,2293.66,2288.13,2291.0,20412.952
1778790300000,2290.99,2291.0,2288.11,2290.28,11837.381
1778790600000,2290.29,2291.38,2289.19,2289.97,6060.706
1778790900000,2289.98,2290.0,2287.52,2288.06,6587.005
1778791200000,2288.07,2292.51,2287.8,2292.34,4221.187
1778791500000,2292.33,2294.88,2292.33,2293.87,4946.539
1778791800000,2293.87,2298.0,2293.87,2295.89,7779.625
1778792100000,2295.88,2297.49,2295.33,2297.49,4156.163
1778792400000,2297.49,2298.58,2294.69,2294.88,5105.598
1778792700000,2294.89,2296.24,2294.44,2296.0,2455.033
1778793000000,2296.0,2296.0,2291.68,2292.18,7593.962
1778793300000,2292.17,2293.7,2288.71,2289.39,6316.475
1778793600000,2289.38,2294.32,2289.38,2293.47,6020.47
1778793900000,2293.48,2295.76,2292.29,2294.17,3554.773
1778794200000,2294.17,2297.65,2293.73,2296.69,3807.449
1778794500000,2296.69,2299.57,2295.45,2298.34,4985.644
1778794800000,2298.34,2299.09,2296.92,2297.6,5046.627
1778795100000,2297.6,2297.92,2295.94,2297.39,1499.114
1778795400000,2297.38,2298.27,2296.0,2298.26,2867.98
1778795700000,2298.26,2298.26,2294.85,2296.16,2172.483
1778796000000,2296.17,2296.8,2294.17,2296.06,4928.931
1778796300000,2296.07,2298.55,2295.92,2297.43,2673.527
1778796600000,2297.42,2299.96,2296.27,2298.89,3402.686
1778796900000,2298.89,2298.89,2294.3,2294.38,4711.044
1778797200000,2294.38,2296.36,2294.38,2295.97,1735.018
1778797500000,2295.97,2296.47,2294.71,2295.36,1541.287
1778797800000,2295.35,2299.69,2295.12,2298.62,3239.644
1778798100000,2298.62,2298.99,2297.43,2298.1,2013.21
1778798400000,2298.1,2298.76,2297.86,2298.5,1634.868
1778798700000,2298.5,2301.53,2298.45,2299.43,5957.192
1778799000000,2299.43,2299.43,2297.0,2297.0,1974.166
1778799300000,2297.01,2297.82,2296.3,2296.95,2160.063
1778799600000,2296.95,2296.95,2292.86,2293.1,8366.201
1778799900000,2293.1,2293.41,2289.09,2289.9,5935.234
1778800200000,2289.89,2292.45,2289.89,2292.3,7703.412
1778800500000,2292.29,2292.93,2291.41,2291.76,3328.328
1778800800000,2291.77,2293.39,2289.57,2293.0,5418.951
1778801100000,2293.0,2296.54,2292.5,2295.11,6935.328
1778801400000,2295.11,2295.81,2293.47,2293.86,2945.197
1778801700000,2293.86,2294.19,2292.11,2292.11,1983.256
1778802000000,2292.1,2292.3,2290.71,2291.2,5524.786
1778802300000,2291.2,2291.2,2282.81,2284.19,35735.618
1778802600000,2284.2,2284.2,2281.38,2282.65,9603.293
1778802900000,2282.66,2282.77,2279.63,2282.32,12960.44
1778803200000,2282.33,2286.0,2280.6,2284.65,14238.885
1778803500000,2284.65,2287.33,2284.64,2286.57,8709.915
1778803800000,2286.57,2290.91,2286.38,2290.91,9961.313
1778804100000,2290.9,2292.47,2288.76,2291.12,9812.32
1778804400000,2291.11,2292.79,2289.0,2292.58,3783.039
1778804700000,2292.58,2292.58,2290.38,2292.0,6191.068
1778805000000,2292.0,2299.46,2290.69,2297.21,19289.349
1778805300000,2297.21,2297.99,2293.77,2294.36,6300.628
1778805600000,2294.37,2294.61,2283.33,2286.42,20409.285
1778805900000,2286.42,2291.64,2286.19,2291.1,9035.254
1778806200000,2291.1,2291.37,2287.31,2288.44,6466.996
1778806500000,2288.43,2290.59,2287.6,2290.24,1868.381
1778806800000,2290.23,2294.0,2290.23,2293.21,6440.213
1778807100000,2293.21,2293.29,2289.44,2290.46,3368.676
1778807400000,2290.46,2291.3,2289.4,2290.6,2450.909
1778807700000,2290.6,2293.32,2288.77,2290.83,4049.288
1778808000000,2290.82,2290.82,2286.96,2288.06,4692.725
1778808300000,2288.07,2289.59,2285.01,2285.37,7919.282
1778808600000,2285.37,2285.37,2278.36,2282.54,38075.669
1778808900000,2282.55,2289.25,2282.37,2285.8,10793.721
1778809200000,2285.81,2287.29,2283.59,2284.89,3755.171
1778809500000,2284.89,2284.92,2279.76,2282.0,9555.573
1778809800000,2282.0,2282.58,2272.16,2278.86,34606.057
1778810100000,2278.86,2279.0,2274.37,2274.88,9335.412
1778810400000,2274.89,2277.88,2271.2,2277.01,29042.752
1778810700000,2277.01,2277.05,2270.39,2272.16,15361.544
1778811000000,2272.16,2272.47,2266.0,2267.78,40246.697
1778811300000,2267.78,2270.4,2263.23,2266.37,38088.811
1778811600000,2266.36,2267.5,2264.0,2267.26,10922.213
1778811900000,2267.26,2267.26,2262.3,2264.05,11917.919
1778812200000,2264.05,2264.2,2259.44,2261.52,31960.768
1778812500000,2261.51,2268.55,2261.05,2265.76,17893.651
1778812800000,2265.76,2272.27,2265.49,2271.0,13850.63
1778813100000,2271.0,2273.23,2269.19,2269.5,12554.444
1778813400000,2269.51,2278.99,2269.5,2277.13,25549.536
1778813700000,2277.14,2277.73,2275.19,2275.87,7525.627
1778814000000,2275.87,2278.73,2273.82,2274.12,10234.784
1778814300000,2274.11,2274.5,2270.51,2271.63,7485.603
1778814600000,2271.64,2275.62,2271.64,2273.99,8213.491
1778814900000,2274.0,2275.41,2272.16,2275.08,4138.18
1778815200000,2275.08,2275.94,2272.11,2275.92,5030.502
1778815500000,2275.92,2276.42,2274.64,2276.07,5097.813
1778815800000,2276.08,2276.23,2268.57,2269.2,11335.85
1778816100000,2269.19,2272.83,2267.0,2270.01,14986.354
1778816400000,2270.0,2272.38,2270.0,2270.71,3379.388
1778816700000,2270.7,2271.65,2268.8,2268.8,4978.884
1778817000000,2268.8,2271.41,2268.75,2271.14,2977.211
1778817300000,2271.14,2273.56,2271.13,2272.42,5091.135
1778817600000,2272.43,2272.44,2268.19,2269.59,6682.244
1778817900000,2269.6,2273.0,2269.6,2270.0,5671.778
1778818200000,2270.01,2271.62,2268.31,2270.63,3824.324
1778818500000,2270.62,2272.61,2267.86,2268.27,6022.655
1778818800000,2268.27,2268.95,2266.0,2268.86,8234.987
1778819100000,2268.86,2269.48,2266.77,2267.3,3945.35
1778819400000,2267.3,2268.86,2265.89,2268.86,4603.207
1778819700000,2268.86,2269.86,2266.82,2268.21,3352.44
1778820000000,2268.21,2270.0,2266.4,2266.43,5308.656
1778820300000,2266.43,2267.72,2263.89,2265.11,12034.265
1778820600000,2265.1,2266.05,2263.5,2264.77,7328.307
1778820900000,2264.77,2264.78,2261.55,2262.21,10402.56
1778821200000,2262.21,2265.0,2260.01,2265.0,15831.954
1778821500000,2265.0,2265.0,2260.57,2263.44,18106.448
1778821800000,2263.43,2265.48,2262.0,2265.48,7648.968
1778822100000,2265.48,2266.41,2263.11,2264.72,6937.736
1778822400000,2264.72,2265.39,2262.0,2264.86,4623.556
1778822700000,2264.85,2265.56,2261.78,2262.91,4635.992
1778823000000,2262.91,2263.31,2246.91,2249.63,123281.739
1778823300000,2249.64,2249.64,2236.33,2243.16,116359.974
1778823600000,2243.16,2247.52,2240.4,2245.86,33254.467
1778823900000,2245.86,2245.86,2240.64,2243.43,20146.489
1778824200000,2243.43,2248.78,2243.43,2246.33,15589.276
1778824500000,2246.32,2247.65,2242.22,2244.19,12200.35
1778824800000,2244.2,2248.65,2242.6,2248.41,16978.465
1778825100000,2248.4,2249.99,2247.03,2248.18,12479.891
1778825400000,2248.17,2249.36,2247.1,2247.62,8364.678
1778825700000,2247.62,2250.35,2247.1,2247.3,11565.647
1778826000000,2247.31,2251.2,2246.2,2249.44,15409.609
1778826300000,2249.45,2252.16,2249.02,2252.16,8897.127
1778826600000,2252.15,2254.0,2251.36,2252.47,13124.323
1778826900000,2252.47,2254.49,2252.47,2254.05,10618.792
1778827200000,2254.05,2254.99,2253.5,2254.55,9161.495
1778827500000,2254.54,2255.55,2252.96,2255.54,9311.706
1778827800000,2255.55,2255.8,2253.56,2254.18,6808.02
1778828100000,2254.18,2255.56,2253.13,2254.14,4714.095
1778828400000,2254.14,2254.85,2253.16,2253.95,6947.657
1778828700000,2253.94,2256.0,2252.5,2253.76,7297.884
1778829000000,2253.77,2261.12,2253.77,2261.11,22735.584
1778829300000,2261.12,2261.98,2257.0,2258.22,13804.353
1778829600000,2258.22,2268.48,2258.21,2265.37,41599.732
1778829900000,2265.37,2271.99,2265.25,2265.88,36813.475
1778830200000,2265.89,2266.0,2263.73,2264.05,14303.967
1778830500000,2264.05,2265.0,2262.1,2264.49,9085.627
1778830800000,2264.48,2265.5,2262.23,2265.19,7478.29
1778831100000,2265.18,2266.43,2264.09,2266.42,5404.53
1778831400000,2266.43,2266.58,2264.7,2264.7,3776.593
1778831700000,2264.7,2265.71,2263.67,2263.99,6577.672
1778832000000,2264.0,2264.33,2258.78,2259.49,18915.589
1778832300000,2259.5,2260.74,2257.75,2259.1,7464.433
1778832600000,2259.09,2259.48,2257.33,2259.4,6061.022
1778832900000,2259.4,2259.48,2252.05,2255.98,22854.104
1778833200000,2255.98,2257.97,2255.01,2257.0,7551.241
1778833500000,2257.01,2257.75,2251.63,2253.0,10872.997
1778833800000,2253.0,2255.0,2248.13,2254.71,29628.806
1778834100000,2254.72,2256.64,2253.3,2255.29,7826.607
1778834400000,2255.3,2257.75,2254.8,2256.77,6768.07
1778834700000,2256.77,2257.0,2254.82,2255.93,5024.96
1778835000000,2255.93,2255.93,2253.14,2254.75,6811.347
1778835300000,2254.74,2256.52,2253.56,2256.51,2696.634
1778835600000,2256.51,2256.92,2254.0,2256.92,3889.635
1778835900000,2256.91,2259.0,2255.2,2255.84,8427.877
1778836200000,2255.85,2256.76,2254.07,2254.95,3475.138
1778836500000,2254.96,2254.97,2252.45,2253.09,11250.177
1778836800000,2253.09,2254.85,2252.03,2254.85,6290.536
1778837100000,2254.85,2256.82,2253.0,2256.67,4195.918
1778837400000,2256.67,2258.21,2254.84,2257.5,6121.706
1778837700000,2257.5,2258.65,2254.72,2256.32,7068.752
1778838000000,2256.32,2256.32,2251.8,2252.06,8131.661
1778838300000,2252.05,2253.99,2251.0,2253.68,4639.673
1778838600000,2253.68,2253.69,2250.67,2251.27,5870.283
1778838900000,2251.26,2254.53,2249.57,2253.36,9442.521
1778839200000,2253.36,2253.98,2251.24,2252.29,5641.018
1778839500000,2252.28,2255.95,2251.5,2255.95,4739.793
1778839800000,2255.95,2258.17,2255.47,2257.67,7700.125
1778840100000,2257.67,2257.68,2254.2,2254.21,4924.831
1778840400000,2254.21,2256.42,2254.0,2254.39,3074.84
1778840700000,2254.4,2255.2,2252.1,2253.4,3242.285
1778841000000,2253.41,2255.29,2253.0,2254.08,2265.074
1778841300000,2254.07,2254.5,2252.36,2253.57,2286.322
1778841600000,2253.56,2255.73,2251.72,2255.73,6188.596
1778841900000,2255.74,2260.85,2254.73,2257.92,19452.608
1778842200000,2257.92,2263.61,2257.63,2262.57,16173.932
1778842500000,2262.58,2263.11,2260.61,2261.49,7772.432
1778842800000,2261.5,2263.04,2258.41,2258.48,10129.78
1778843100000,2258.48,2259.61,2256.52,2257.24,6206.505
1778843400000,2257.24,2259.73,2256.53,2259.73,2535.042
1778843700000,2259.74,2261.5,2258.36,2259.52,3734.576
1778844000000,2259.53,2260.3,2257.18,2257.25,3932.29
1778844300000,2257.26,2259.18,2257.0,2259.18,2405.719
1778844600000,2259.17,2259.55,2257.6,2258.57,2545.337
1778844900000,2258.57,2259.81,2257.32,2257.65,2195.272
1778845200000,2257.64,2258.29,2256.67,2257.72,3392.58
1778845500000,2257.73,2261.0,2257.7,2259.0,4551.96
1778845800000,2259.0,2260.89,2258.01,2259.43,2714.064
1778846100000,2259.43,2259.43,2256.48,2256.56,3940.097
1778846400000,2256.56,2257.26,2253.85,2254.0,8875.104
1778846700000,2254.0,2256.53,2251.77,2256.16,16070.08
1778847000000,2256.17,2257.29,2250.64,2250.65,7568.303
1778847300000,2250.65,2255.13,2250.17,2254.66,9218.245
1778847600000,2254.65,2259.98,2254.08,2257.21,8926.031
1778847900000,2257.22,2258.7,2257.09,2258.02,5092.541
1778848200000,2258.03,2258.03,2253.9,2255.67,5345.86
1778848500000,2255.68,2255.69,2253.23,2254.52,2935.854
1778848800000,2254.52,2254.85,2252.37,2252.58,2786.669
1778849100000,2252.58,2253.75,2251.78,2252.47,5614.278
1778849400000,2252.48,2254.41,2251.77,2252.2,5907.827
1778849700000,2252.2,2253.4,2250.68,2253.32,4085.244
1778850000000,2253.33,2253.33,2243.67,2246.28,52395.575
1778850300000,2246.29,2246.91,2243.82,2245.09,16672.525
1778850600000,2245.09,2246.85,2244.44,2246.37,11578.786
1778850900000,2246.37,2247.44,2244.02,2247.07,8608.47
1778851200000,2247.08,2249.9,2247.07,2248.31,11682.689
1778851500000,2248.3,2249.11,2245.02,2246.31,7019.651
1778851800000,2246.32,2246.75,2235.0,2240.07,110693.179
1778852100000,2240.07,2240.34,2225.05,2228.13,122883.235
1778852400000,2228.13,2234.0,2222.53,2223.62,68134.582
1778852700000,2223.61,2230.79,2220.67,2228.87,77508.369
1778853000000,2228.87,2229.57,2208.78,2224.03,167901.602
1778853300000,2224.02,2224.19,2211.43,2212.76,61386.127
1778853600000,2212.76,2217.18,2203.25,2211.33,138791.563
1778853900000,2211.33,2218.49,2209.0,2215.0,44061.692
1778854200000,2215.01,2223.0,2214.08,2220.36,42555.75
1778854500000,2220.35,2223.0,2217.4,2220.64,23899.113
1778854800000,2220.65,2223.05,2218.28,2218.51,21470.759
1778855100000,2218.52,2218.59,2210.23,2212.45,41978.648
1778855400000,2212.45,2216.07,2209.02,2212.64,35781.502
1778855700000,2212.63,2216.51,2212.0,2214.15,16529.668
1778856000000,2214.14,2217.91,2212.5,2212.96,18506.929
1778856300000,2212.95,2213.53,2206.45,2208.44,34557.033
1778856600000,2208.44,2212.93,2206.56,2212.72,22250.144
1778856900000,2212.72,2216.39,2210.7,2212.35,17294.147
1778857200000,2212.35,2214.41,2208.58,2210.51,15061.384
1778857500000,2210.5,2214.0,2209.22,2214.0,10222.078
1778857800000,2214.0,2216.22,2213.34,2214.82,16642.57
1778858100000,2214.81,2218.29,2213.85,2217.34,10210.92
1778858400000,2217.34,2220.73,2216.3,2217.0,16095.297
1778858700000,2217.01,2217.01,2212.0,2214.85,10453.898
1778859000000,2214.84,2219.05,2214.84,2218.06,8901.371
1778859300000,2218.06,2219.5,2215.8,2217.48,8283.593
1778859600000,2217.47,2220.0,2216.17,2217.43,11347.894
1778859900000,2217.43,2220.4,2215.0,2218.69,11474.783
1778860200000,2218.69,2222.48,2218.0,2222.19,11999.985
1778860500000,2222.2,2223.05,2220.01,2221.67,10170.063
1778860800000,2221.66,2222.19,2219.55,2222.19,12353.48
1778861100000,2222.18,2223.76,2221.0,2223.1,7945.165
1778861400000,2223.1,2223.24,2220.29,2222.81,13242.399
1778861700000,2222.8,2223.76,2222.0,2223.32,5937.551
1778862000000,2223.33,2228.68,2223.32,2227.79,27682.665
1778862300000,2227.78,2228.33,2224.1,2227.18,9725.662
1778862600000,2227.18,2230.0,2224.4,2226.34,19154.609
1778862900000,2226.34,2226.73,2224.44,2226.02,6690.787
1778863200000,2226.02,2226.36,2223.32,2223.94,5937.972
1778863500000,2223.94,2224.68,2217.6,2222.16,21357.286
1778863800000,2222.16,2223.67,2219.21,2220.01,7126.431
1778864100000,2220.0,2223.5,2220.0,2223.49,5032.024
1778864400000,2223.5,2225.69,2222.92,2225.6,5449.594
1778864700000,2225.6,2233.09,2225.32,2227.86,29532.19
1778865000000,2227.89,2228.08,2225.07,2226.0,9494.431
1778865300000,2225.99,2226.34,2223.7,2225.72,5875.211
1778865600000,2225.72,2228.54,2223.81,2227.34,5228.887
1778865900000,2227.34,2229.0,2226.15,2226.47,6716.655
1778866200000,2226.46,2229.0,2225.24,2227.79,4734.945
1778866500000,2227.79,2228.9,2225.61,2228.55,8240.936
1778866800000,2228.55,2228.9,2226.07,2226.77,4840.551
1778867100000,2226.77,2227.65,2226.0,2227.05,3947.722
1778867400000,2227.06,2227.79,2225.85,2227.79,1804.191
1778867700000,2227.79,2228.9,2227.08,2228.23,2222.987
1778868000000,2228.23,2231.67,2228.22,2229.9,11860.849
1778868300000,2229.91,2230.0,2228.21,2229.24,4085.864
1778868600000,2229.24,2231.8,2228.44,2230.66,8495.682
1778868900000,2230.67,2231.45,2223.47,2224.21,8987.406
1778869200000,2224.21,2227.95,2224.03,2227.89,4535.132
1778869500000,2227.88,2228.0,2226.0,2227.97,3801.897
1778869800000,2227.98,2228.33,2223.53,2225.17,7681.248
1778870100000,2225.18,2228.21,2224.85,2228.0,3146.375
1778870400000,2227.99,2228.85,2225.48,2227.26,2347.637
1778870700000,2227.26,2227.27,2224.28,2227.2,2243.632
1778871000000,2227.19,2228.06,2225.51,2226.74,3389.293
1778871300000,2226.74,2228.19,2226.17,2226.91,1673.908
1778871600000,2226.9,2227.36,2222.24,2223.1,6010.127
1778871900000,2223.1,2224.67,2223.09,2224.13,2944.541
1778872200000,2224.12,2224.12,2221.21,2222.61,6512.716
1778872500000,2222.6,2223.64,2221.83,2222.83,3668.183
1778872800000,2222.82,2223.93,2221.9,2223.49,2915.165
1778873100000,2223.5,2224.68,2222.91,2224.1,2428.055
1778873400000,2224.1,2227.17,2224.1,2225.9,2791.405
1778873700000,2225.9,2226.06,2224.24,2225.67,1534.722
1778874000000,2225.65,2225.78,2222.0,2222.44,3389.175
1778874300000,2222.45,2224.33,2221.06,2224.32,3600.404
1778874600000,2224.31,2224.33,2221.55,2222.96,3195.074
1778874900000,2222.95,2223.18,2221.67,2222.15,3278.996
1778875200000,2222.15,2225.0,2221.99,2223.79,8368.587
1778875500000,2223.79,2223.8,2218.0,2222.15,9916.993
1778875800000,2222.15,2223.33,2221.15,2222.24,2404.088
1778876100000,2222.23,2222.99,2220.55,2221.54,2823.914
1778876400000,2221.54,2221.54,2218.56,2220.71,4567.776
1778876700000,2220.7,2224.25,2220.7,2224.25,3626.315
1778877000000,2224.25,2224.75,2216.22,2221.0,19117.095
1778877300000,2221.0,2221.0,2219.2,2219.85,1639.734
1778877600000,2219.85,2219.99,2218.57,2219.31,1680.568
1778877900000,2219.31,2219.84,2215.5,2217.67,5641.667
1778878200000,2217.67,2218.94,2217.05,2218.35,3553.111
1778878500000,2218.35,2219.57,2217.39,2219.0,3671.765
1778878800000,2219.01,2221.6,2218.82,2220.72,4206.858
1778879100000,2220.71,2222.86,2220.17,2222.86,1493.365
1778879400000,2222.86,2224.3,2222.53,2223.78,4616.822
1778879700000,2223.78,2223.88,2222.09,2223.76,2494.569
1778880000000,2223.77,2223.77,2219.51,2220.7,2859.473
1778880300000,2220.7,2221.34,2220.05,2220.19,1368.835
1778880600000,2220.18,2220.41,2219.14,2220.41,1265.805
1778880900000,2220.41,2221.08,2218.36,2219.0,2246.608
1778881200000,2219.0,2220.21,2218.24,2220.21,2613.383
1778881500000,2220.22,2220.43,2217.2,2217.68,5206.54
1778881800000,2217.67,2218.79,2217.08,2217.74,2991.811
1778882100000,2217.75,2218.1,2213.02,2216.05,13339.352
1778882400000,2216.04,2218.3,2216.0,2218.27,4280.207
1778882700000,2218.26,2219.91,2218.01,2219.9,1547.018
1778883000000,2219.9,2221.36,2219.83,2219.83,2075.699
1778883300000,2219.83,2220.33,2219.25,2219.66,1656.142
1778883600000,2219.67,2221.65,2218.61,2220.86,2925.093
1778883900000,2220.86,2220.87,2219.2,2220.2,994.171
1778884200000,2220.2,2221.36,2219.78,2220.39,1422.374
1778884500000,2220.38,2221.88,2220.24,2221.23,1315.868
1778884800000,2221.23,2222.63,2221.22,2221.99,1735.836
1778885100000,2221.99,2224.02,2221.78,2222.81,4547.688
1778885400000,2222.8,2223.0,2222.33,2222.33,867.294
1778885700000,2222.33,2223.25,2222.33,2222.84,1689.241
1778886000000,2222.83,2223.23,2222.0,2222.2,2489.695
1778886300000,2222.2,2222.54,2221.78,2221.96,1287.442
1778886600000,2221.96,2222.52,2221.74,2221.74,919.264
1778886900000,2221.73,2224.44,2221.66,2223.99,3788.965
1778887200000,2223.99,2224.43,2222.6,2224.14,1195.347
1778887500000,2224.14,2224.97,2223.42,2223.99,2580.387
1778887800000,2223.99,2224.45,2223.31,2224.21,1525.967
1778888100000,2224.2,2224.2,2222.03,2222.99,1403.931
1778888400000,2223.0,2225.24,2222.37,2224.98,2169.974
1778888700000,2224.98,2225.6,2223.13,2224.21,3379.378
1778889000000,2224.2,2224.85,2223.44,2223.99,1305.134
1778889300000,2223.99,2224.0,2223.24,2223.68,1310.519
1778889600000,2223.68,2224.67,2222.6,2224.67,2157.122
1778889900000,2224.66,2226.86,2224.39,2226.01,2843.468
1778890200000,2226.0,2227.5,2225.32,2227.16,3927.681
1778890500000,2227.16,2227.22,2225.6,2225.6,1661.519
1778890800000,2225.61,2230.0,2225.51,2228.75,11546.307
1778891100000,2228.75,2230.6,2228.21,2229.51,8760.819
1778891400000,2229.5,2229.8,2228.62,2229.0,2742.481
1778891700000,2229.0,2230.0,2228.17,2229.04,2791.967
1778892000000,2229.05,2229.68,2226.89,2226.89,3542.934
1778892300000,2226.9,2227.89,2226.18,2227.39,1540.544
1778892600000,2227.39,2227.39,2225.72,2226.38,1652.633
1778892900000,2226.37,2226.5,2225.01,2225.88,1472.771
1778893200000,2225.89,2226.89,2225.04,2226.19,3053.538
1778893500000,2226.19,2227.5,2226.18,2227.41,1397.734
1778893800000,2227.41,2227.6,2226.7,2227.6,972.785
1778894100000,2227.59,2228.42,2226.06,2227.91,2679.5
1778894400000,2227.9,2229.11,2226.94,2226.94,3085.152
1778894700000,2226.94,2227.05,2223.13,2223.13,6739.622
1778895000000,2223.14,2224.85,2223.13,2224.57,3033.282
1778895300000,2224.58,2224.58,2222.5,2223.5,5008.18
1778895600000,2223.51,2224.06,2222.93,2223.43,3741.729
1778895900000,2223.42,2228.31,2223.42,2226.67,3871.943
1778896200000,2226.66,2228.26,2226.43,2227.34,2880.33
1778896500000,2227.35,2229.83,2227.34,2228.51,4332.825
1778896800000,2228.5,2230.36,2227.6,2230.0,5678.181
1778897100000,2229.99,2230.0,2228.79,2228.99,2814.582
1778897400000,2229.0,2229.67,2228.52,2229.3,3191.208
1778897700000,2229.29,2229.3,2227.49,2228.49,2700.334
1778898000000,2228.49,2228.5,2227.5,2227.51,2994.85
1778898300000,2227.51,2228.39,2226.71,2227.13,2092.816
1778898600000,2227.13,2228.39,2225.61,2226.63,2738.183
1778898900000,2226.63,2227.55,2226.43,2226.9,1760.707
1778899200000,2226.89,2228.0,2226.3,2227.01,2246.316
1778899500000,2227.0,2227.73,2226.64,2227.27,1285.136
1778899800000,2227.26,2228.27,2227.26,2227.35,970.953
1778900100000,2227.35,2229.29,2227.11,2228.62,2627.135
1778900400000,2228.63,2229.49,2228.25,2228.8,2251.324
1778900700000,2228.79,2228.98,2228.3,2228.6,1840.334
1778901000000,2228.61,2229.28,2228.49,2228.8,2242.455
1778901300000,2228.8,2229.04,2228.4,2229.0,1968.695
1778901600000,2228.99,2229.48,2228.51,2229.0,1820.695
1778901900000,2229.01,2229.38,2228.0,2229.02,1825.993
1778902200000,2229.02,2229.33,2228.23,2228.61,1314.278
1778902500000,2228.6,2228.67,2227.37,2228.46,1480.648
1778902800000,2228.46,2228.46,2226.14,2226.15,2066.06
1778903100000,2226.15,2227.44,2226.14,2226.76,1591.729
1778903400000,2226.76,2226.76,2225.92,2226.5,1847.481
1778903700000,2226.5,2227.57,2226.37,2226.75,1569.248
1778904000000,2226.74,2227.54,2225.0,2227.53,2760.769
1778904300000,2227.54,2227.75,2226.28,2226.84,2712.195
1778904600000,2226.85,2226.85,2224.75,2224.76,3837.945
1778904900000,2224.76,2225.89,2224.76,2225.2,1967.461
1778905200000,2225.19,2226.1,2225.07,2225.24,1683.331
1778905500000,2225.24,2225.84,2223.83,2224.0,2566.003
1778905800000,2224.0,2224.86,2216.96,2218.48,26310.764
1778906100000,2218.49,2220.96,2218.4,2220.77,8164.705
1778906400000,2220.77,2223.2,2220.76,2222.29,3656.909
1778906700000,2222.28,2223.61,2221.79,2223.55,2606.547
1778907000000,2223.54,2223.57,2222.22,2223.0,1682.134
1778907300000,2222.99,2225.37,2222.82,2224.94,2097.234
1778907600000,2224.94,2224.95,2221.7,2224.78,3391.922
1778907900000,2224.78,2225.56,2224.35,2224.87,2336.461
1778908200000,2224.87,2224.99,2223.7,2224.98,1412.255
1778908500000,2224.98,2225.0,2224.07,2224.93,1178.226
1778908800000,2224.92,2224.98,2224.1,2224.68,2226.765
1778909100000,2224.68,2226.27,2224.67,2225.47,2177.641
1778909400000,2225.47,2226.2,2224.3,2224.59,1570.73
1778909700000,2224.59,2225.08,2222.92,2224.67,2853.285
1778910000000,2224.66,2225.98,2223.66,2224.67,2879.785
1778910300000,2224.68,2226.0,2224.68,2225.74,1812.728
1778910600000,2225.75,2225.92,2224.96,2225.49,1835.624
1778910900000,2225.49,2225.5,2223.38,2224.57,1479.239
1778911200000,2224.57,2225.74,2223.4,2225.43,2325.614
1778911500000,2225.44,2225.95,2222.52,2222.76,1396.898
1778911800000,2222.77,2223.2,2221.0,2221.86,4659.361
1778912100000,2221.85,2222.29,2220.8,2220.88,3081.963
1778912400000,2220.88,2220.89,2217.06,2218.62,15395.385
1778912700000,2218.63,2219.95,2217.5,2219.31,5078.925
1778913000000,2219.3,2221.3,2218.5,2220.55,3745.244
1778913300000,2220.55,2221.11,2217.62,2217.63,2252.793
1778913600000,2217.62,2218.71,2214.61,2215.71,19428.063
1778913900000,2215.71,2217.75,2210.71,2211.76,19402.071
1778914200000,2211.76,2217.03,2208.39,2216.16,37265.112
1778914500000,2216.17,2217.0,2214.11,2214.62,7168.222
1778914800000,2214.62,2215.74,2211.12,2212.74,14657.442
1778915100000,2212.75,2212.75,2208.0,2208.02,20426.148
1778915400000,2208.01,2209.57,2180.64,2190.94,237743.897
1778915700000,2190.94,2193.57,2180.3,2189.76,88261.121
1778916000000,2189.77,2192.25,2187.66,2192.24,29169.857
1778916300000,2192.25,2194.72,2191.0,2191.81,22061.616
1778916600000,2191.81,2194.19,2188.0,2192.02,21111.884
1778916900000,2192.01,2197.69,2192.0,2196.52,17564.368
1778917200000,2196.51,2199.74,2195.51,2197.14,24043.754
1778917500000,2197.14,2197.44,2194.03,2194.99,14860.876
1778917800000,2194.99,2195.48,2192.39,2192.62,10155.875
1778918100000,2192.62,2194.06,2192.05,2193.36,10488.671
1778918400000,2193.35,2195.62,2192.8,2195.34,9554.957
1778918700000,2195.33,2196.0,2194.05,2195.05,4451.867
1778919000000,2195.04,2195.59,2193.01,2193.29,4449.259
1778919300000,2193.29,2194.16,2192.95,2193.17,5669.221
1778919600000,2193.16,2193.84,2191.0,2193.53,6972.092
1778919900000,2193.54,2194.83,2193.53,2194.11,3870.106
1778920200000,2194.11,2195.5,2192.61,2193.01,4341.578
1778920500000,2193.01,2193.76,2192.01,2193.08,2907.913
1778920800000,2193.09,2195.0,2193.08,2194.09,3947.626
1778921100000,2194.08,2194.2,2191.52,2192.47,4630.55
1778921400000,2192.49,2194.07,2191.7,2194.07,2517.222
1778921700000,2194.06,2194.18,2192.19,2192.21,3164.034
1778922000000,2192.2,2192.9,2191.41,2191.86,3683.404
1778922300000,2191.86,2192.0,2190.76,2191.02,4517.975
1778922600000,2191.01,2191.15,2182.05,2185.1,40073.543
1778922900000,2185.09,2186.1,2160.01,2168.02,210069.889
1778923200000,2168.02,2172.8,2166.0,2170.62,49876.573
1778923500000,2170.63,2172.5,2166.58,2169.66,22626.404
1778923800000,2169.66,2174.57,2169.0,2173.82,18605.841
1778924100000,2173.82,2175.8,2172.66,2174.65,13249.479
1778924400000,2174.65,2176.74,2173.73,2174.67,8078.493
1778924700000,2174.67,2176.58,2170.13,2171.13,13208.417
1778925000000,2171.14,2174.99,2169.59,2174.83,9425.335
1778925300000,2174.84,2174.84,2171.24,2172.42,6651.016
1778925600000,2172.42,2173.47,2170.06,2170.16,10563.34
1778925900000,2170.15,2171.0,2166.21,2169.54,23669.393
1778926200000,2169.53,2171.26,2167.19,2170.55,18237.769
1778926500000,2170.55,2172.2,2165.6,2169.31,22136.955
1778926800000,2169.31,2169.55,2167.71,2169.42,4735.323
1778927100000,2169.41,2169.5,2161.05,2166.0,28294.278
1778927400000,2166.01,2174.16,2165.91,2172.96,24234.109
1778927700000,2172.97,2174.32,2169.53,2171.32,12972.879
1778928000000,2171.33,2172.0,2170.14,2170.61,5621.053
1778928300000,2170.6,2172.0,2169.33,2171.46,4665.164
1778928600000,2171.45,2172.55,2170.8,2171.6,13940.78
1778928900000,2171.6,2173.7,2171.6,2173.41,3941.376
1778929200000,2173.41,2178.6,2173.41,2177.0,22496.938
1778929500000,2177.0,2177.0,2175.5,2176.25,5357.635
1778929800000,2176.24,2177.45,2176.0,2176.3,3301.452
1778930100000,2176.31,2178.58,2176.03,2178.3,8089.051
1778930400000,2178.29,2178.34,2174.72,2175.31,6952.97
1778930700000,2175.32,2178.28,2175.19,2177.8,4348.473
1778931000000,2177.81,2178.0,2176.73,2177.71,2871.035
1778931300000,2177.71,2180.54,2177.59,2179.25,11977.743
1778931600000,2179.25,2179.85,2178.06,2178.07,5785.936
1778931900000,2178.07,2178.72,2176.3,2176.38,4943.926
1778932200000,2176.38,2176.97,2175.1,2175.98,4293.128
1778932500000,2175.98,2176.2,2175.03,2175.4,2564.699
1778932800000,2175.4,2178.0,2174.45,2177.35,4341.532
1778933100000,2177.34,2177.67,2175.79,2175.8,3424.228
1778933400000,2175.8,2176.46,2175.0,2176.46,2796.482
1778933700000,2176.45,2176.45,2172.25,2173.3,10846.111
1778934000000,2173.3,2178.01,2172.97,2176.71,9831.128
1778934300000,2176.71,2176.81,2173.1,2174.89,6325.159
1778934600000,2174.89,2177.15,2174.89,2176.5,3820.529
1778934900000,2176.5,2176.89,2175.31,2176.02,1844.262
1778935200000,2176.01,2177.5,2176.01,2177.5,2238.609
1778935500000,2177.49,2178.6,2176.71,2177.58,4426.023
1778935800000,2177.58,2178.44,2175.77,2176.35,3069.151
1778936100000,2176.34,2176.78,2175.5,2175.5,1318.749
1778936400000,2175.51,2176.32,2173.0,2174.98,6393.963
1778936700000,2174.98,2175.48,2173.82,2174.75,4549.22
1778937000000,2174.74,2175.75,2171.71,2172.39,8969.034
1778937300000,2172.38,2176.98,2171.21,2176.9,7013.4
1778937600000,2176.89,2176.89,2173.34,2173.56,6168.621
1778937900000,2173.56,2176.56,2173.23,2176.17,3877.627
1778938200000,2176.17,2179.89,2175.35,2175.37,7963.955
1778938500000,2175.37,2175.37,2172.3,2174.48,6583.94
1778938800000,2174.49,2177.0,2174.31,2176.51,3797.626
1778939100000,2176.51,2176.81,2175.79,2176.36,3331.257
1778939400000,2176.35,2177.77,2175.76,2176.99,5467.356
1778939700000,2176.99,2177.77,2175.0,2176.28,3780.424
1778940000000,2176.29,2178.28,2173.0,2173.19,4757.35
1778940300000,2173.19,2174.58,2172.77,2173.28,4943.208
1778940600000,2173.28,2174.74,2172.6,2174.7,3228.589
1778940900000,2174.7,2175.4,2173.25,2174.73,3574.74
1778941200000,2174.73,2176.4,2174.39,2176.4,2443.727
1778941500000,2176.4,2177.44,2175.42,2175.92,2495.767
1778941800000,2175.92,2178.96,2175.92,2177.8,5305.122
1778942100000,2177.81,2178.7,2176.73,2177.74,4956.791
1778942400000,2177.73,2181.96,2177.64,2181.96,16732.378
1778942700000,2181.96,2187.99,2177.67,2180.4,44676.146
1778943000000,2180.4,2180.64,2177.39,2177.7,7269.978
1778943300000,2177.7,2180.68,2177.7,2179.08,5891.247
1778943600000,2179.09,2183.28,2178.61,2181.51,9084.515
1778943900000,2181.51,2181.67,2178.86,2180.01,7416.054
1778944200000,2180.01,2180.01,2177.12,2178.42,6615.418
1778944500000,2178.43,2179.46,2176.6,2178.09,3618.562
1778944800000,2178.08,2178.09,2176.0,2177.66,4458.683
1778945100000,2177.67,2178.8,2177.0,2177.01,1970.368
1778945400000,2177.01,2181.26,2177.01,2180.02,6784.047
1778945700000,2180.01,2181.7,2179.67,2181.33,3610.402
1778946000000,2181.33,2181.96,2179.65,2181.31,3246.62
1778946300000,2181.31,2182.8,2180.7,2182.54,5505.148
1778946600000,2182.55,2182.55,2178.2,2178.74,3651.903
1778946900000,2178.74,2179.99,2178.73,2179.24,2991.059
1778947200000,2179.24,2182.79,2177.0,2181.63,10235.886
1778947500000,2181.62,2181.62,2177.6,2177.61,4998.815
1778947800000,2177.61,2177.61,2174.28,2175.11,11274.886
1778948100000,2175.11,2178.45,2173.49,2177.81,9454.183
1778948400000,2177.79,2177.93,2175.48,2176.46,4355.42
1778948700000,2176.45,2177.75,2176.35,2176.53,4499.717
1778949000000,2176.53,2177.11,2175.02,2177.11,3040.746
1778949300000,2177.12,2177.12,2173.5,2174.5,4228.095
1778949600000,2174.49,2174.5,2169.09,2171.02,21464.707
1778949900000,2171.02,2174.46,2171.02,2173.81,8402.765
1778950200000,2173.81,2173.9,2171.36,2172.85,4820.638
1778950500000,2172.85,2174.3,2172.84,2173.45,2618.543
1778950800000,2173.45,2176.26,2173.3,2176.25,4480.995
1778951100000,2176.25,2176.99,2175.78,2175.78,3488.974
1778951400000,2175.78,2176.0,2174.66,2176.0,2136.307
1778951700000,2176.0,2176.8,2174.68,2176.8,2815.048
1778952000000,2176.79,2177.24,2175.65,2177.24,2109.082
1778952300000,2177.24,2178.38,2176.5,2177.89,4405.087
1778952600000,2177.89,2178.74,2177.28,2178.74,3076.606
1778952900000,2178.73,2178.85,2177.56,2177.93,2312.666
1778953200000,2177.93,2178.88,2177.8,2178.51,2217.114
1778953500000,2178.51,2179.8,2177.97,2179.76,2125.171
1778953800000,2179.76,2180.23,2177.38,2178.29,4228.685
1778954100000,2178.29,2178.5,2177.55,2177.93,2311.827
1778954400000,2177.93,2180.19,2177.85,2177.85,3711.286
1778954700000,2177.85,2178.57,2176.5,2177.57,2843.425
1778955000000,2177.57,2178.03,2176.93,2177.37,3152.104
1778955300000,2177.38,2178.11,2175.84,2176.1,2289.154
1778955600000,2176.1,2176.61,2175.14,2176.34,1032.426
1778955900000,2176.33,2177.45,2176.02,2177.34,1302.675
1778956200000,2177.35,2178.6,2177.01,2178.58,2114.9
1778956500000,2178.57,2178.58,2177.1,2177.1,1786.239
1778956800000,2177.11,2179.63,2176.89,2178.5,2198.396
1778957100000,2178.5,2179.88,2178.49,2179.25,1578.692
1778957400000,2179.25,2184.32,2179.24,2180.8,10808.651
1778957700000,2180.81,2181.46,2180.17,2180.47,2225.022
1778958000000,2180.47,2180.77,2179.33,2180.64,1937.794
1778958300000,2180.63,2181.08,2180.0,2180.0,2934.738
1778958600000,2180.01,2180.01,2179.5,2179.77,954.896
1778958900000,2179.76,2180.71,2179.72,2180.16,1723.505
1778959200000,2180.15,2180.15,2178.61,2179.52,1283.983
1778959500000,2179.53,2180.59,2179.52,2180.16,696.031
1778959800000,2180.16,2180.17,2179.31,2179.76,1047.124
1778960100000,2179.76,2180.42,2179.46,2179.85,771.563
1778960400000,2179.84,2179.85,2179.25,2179.57,670.156
1778960700000,2179.58,2181.61,2179.4,2181.38,2661.8
1778961000000,2181.37,2181.95,2178.07,2179.01,3329.798
1778961300000,2179.0,2179.19,2178.23,2178.79,1159.17
1778961600000,2178.79,2182.47,2178.79,2181.39,4795.929
1778961900000,2181.4,2182.12,2181.0,2181.64,1747.012
1778962200000,2181.64,2181.64,2180.47,2181.06,973.639
1778962500000,2181.06,2182.01,2181.06,2182.01,1007.152
1778962800000,2182.01,2182.01,2181.0,2181.01,898.381
1778963100000,2181.01,2182.0,2180.81,2180.81,979.899
1778963400000,2180.81,2180.82,2178.95,2180.53,2742.652
1778963700000,2180.54,2181.21,2179.43,2179.43,2462.728
1778964000000,2179.44,2179.96,2178.88,2179.95,1142.937
1778964300000,2179.95,2180.24,2179.42,2180.24,735.357
1778964600000,2180.23,2180.6,2179.75,2180.47,432.027
1778964900000,2180.47,2180.91,2180.17,2180.39,970.258
1778965200000,2180.39,2181.47,2179.84,2181.47,911.826
1778965500000,2181.47,2182.5,2181.0,2181.38,1699.551
1778965800000,2181.38,2181.99,2180.79,2181.63,2352.114
1778966100000,2181.63,2181.72,2180.26,2180.31,895.705
1778966400000,2180.32,2181.2,2180.17,2180.18,1067.562
1778966700000,2180.18,2181.3,2179.89,2181.04,1237.273
1778967000000,2181.05,2181.96,2181.04,2181.28,1158.807
1778967300000,2181.28,2181.45,2180.52,2181.31,1215.426
1778967600000,2181.31,2181.74,2180.16,2181.73,1483.725
1778967900000,2181.73,2181.76,2181.59,2181.61,393.701
1778968200000,2181.6,2182.7,2180.79,2181.9,2538.297
1778968500000,2181.89,2182.69,2181.28,2181.67,1617.295
1778968800000,2181.67,2182.53,2178.8,2179.35,4352.146
1778969100000,2179.36,2180.21,2178.79,2179.07,1969.433
1778969400000,2179.06,2181.05,2179.06,2181.05,1055.978
1778969700000,2181.05,2182.0,2181.04,2181.19,1146.168
1778970000000,2181.19,2181.97,2181.07,2181.67,748.619
1778970300000,2181.66,2182.0,2180.85,2181.06,1558.856
1778970600000,2181.06,2181.54,2180.34,2180.63,2919.015
1778970900000,2180.62,2181.21,2180.12,2180.93,861.215
1778971200000,2180.94,2181.11,2180.43,2180.43,552.544
1778971500000,2180.43,2180.67,2179.02,2179.85,2701.472
1778971800000,2179.84,2180.5,2179.49,2179.9,1403.209
1778972100000,2179.9,2180.05,2179.21,2179.21,718.387
1778972400000,2179.21,2179.49,2178.14,2178.15,2266.282
1778972700000,2178.15,2179.66,2178.14,2179.37,1541.334
1778973000000,2179.36,2179.5,2179.22,2179.26,1545.858
1778973300000,2179.26,2181.99,2179.26,2181.57,2660.475
1778973600000,2181.58,2181.58,2180.0,2180.23,1835.925
1778973900000,2180.24,2180.99,2180.23,2180.87,670.217
1778974200000,2180.87,2181.64,2180.53,2180.67,1299.965
1778974500000,2180.68,2181.63,2180.35,2181.0,930.009
1778974800000,2180.99,2181.0,2180.24,2180.88,802.301
1778975100000,2180.88,2181.87,2179.71,2180.16,2280.059
1778975400000,2180.15,2180.16,2178.83,2179.55,3431.428
1778975700000,2179.55,2180.29,2179.24,2179.7,1400.251
1778976000000,2179.69,2183.0,2179.69,2183.0,3855.132
1778976300000,2182.99,2183.88,2182.16,2183.46,4212.431
1778976600000,2183.46,2184.95,2182.84,2183.07,5980.058
1778976900000,2183.07,2183.85,2182.39,2182.62,2213.858
1778977200000,2182.61,2183.0,2181.33,2182.83,4062.354
1778977500000,2182.82,2182.83,2181.14,2182.82,1922.296
1778977800000,2182.83,2182.83,2181.48,2181.78,1266.412
1778978100000,2181.77,2183.12,2181.77,2182.68,1537.568
1778978400000,2182.69,2182.86,2179.65,2180.24,2886.045
1778978700000,2180.25,2180.97,2179.0,2179.52,4303.889
1778979000000,2179.53,2181.0,2179.52,2179.87,1525.962
1778979300000,2179.87,2179.98,2172.12,2176.67,21767.796
1778979600000,2176.66,2178.08,2173.0,2177.59,11120.709
1778979900000,2177.6,2180.68,2177.17,2180.45,14669.829
1778980200000,2180.46,2182.65,2179.81,2180.5,5800.228
1778980500000,2180.5,2181.1,2178.56,2179.24,3439.646
1778980800000,2179.24,2179.3,2176.61,2178.07,2777.504
1778981100000,2178.08,2178.43,2174.65,2176.55,4437.285
1778981400000,2176.56,2177.0,2173.62,2174.75,6016.024
1778981700000,2174.76,2174.94,2170.93,2174.8,15098.073
1778982000000,2174.8,2174.8,2167.02,2169.86,45874.274
1778982300000,2169.85,2173.7,2169.0,2170.42,17477.245
1778982600000,2170.41,2172.0,2170.41,2170.83,2504.99
1778982900000,2170.83,2171.56,2168.41,2168.42,5333.331
1778983200000,2168.43,2172.44,2168.25,2172.44,5277.624
1778983500000,2172.43,2172.8,2171.2,2172.07,3489.853
1778983800000,2172.07,2174.75,2171.5,2171.78,10275.339
1778984100000,2171.77,2173.54,2170.51,2173.54,6776.327
1778984400000,2173.53,2174.5,2172.6,2173.16,2713.69
1778984700000,2173.15,2174.0,2172.05,2174.0,2659.823
1778985000000,2174.0,2175.29,2172.71,2173.15,5580.192
1778985300000,2173.15,2175.33,2172.53,2174.33,4570.801
1778985600000,2174.33,2174.94,2173.42,2173.65,2326.973
1778985900000,2173.65,2174.51,2172.65,2172.66,2490.69
1778986200000,2172.65,2173.24,2171.41,2172.66,4331.762
1778986500000,2172.67,2174.0,2171.99,2173.5,3037.947
1778986800000,2173.51,2178.45,2173.13,2177.1,11905.406
1778987100000,2177.09,2177.65,2176.06,2176.06,4047.647
1778987400000,2176.07,2176.92,2175.58,2176.55,2559.385
1778987700000,2176.55,2178.63,2176.54,2177.21,3950.987
1778988000000,2177.2,2178.26,2176.66,2176.9,7509.527
1778988300000,2176.91,2177.55,2176.2,2177.54,1669.75
1778988600000,2177.54,2179.83,2177.12,2179.62,6439.304
1778988900000,2179.62,2180.85,2179.3,2180.05,7972.41
1778989200000,2180.05,2181.75,2178.44,2179.24,9538.135
1778989500000,2179.25,2180.83,2178.88,2180.82,2829.995
1778989800000,2180.83,2183.71,2180.62,2180.66,10005.537
1778990100000,2180.67,2180.97,2179.75,2180.67,2067.764
1778990400000,2180.67,2182.8,2180.07,2182.34,5974.962
1778990700000,2182.33,2184.0,2181.85,2182.73,6535.277
1778991000000,2182.73,2182.74,2181.5,2182.12,4026.277
1778991300000,2182.12,2182.89,2181.5,2182.81,2692.836
1778991600000,2182.81,2187.0,2182.3,2185.91,14478.291
1778991900000,2185.91,2186.71,2184.29,2184.79,7469.555
1778992200000,2184.79,2184.8,2182.5,2183.34,8753.719
1778992500000,2183.34,2187.6,2183.34,2186.12,10086.051
1778992800000,2186.11,2189.5,2186.0,2187.02,14631.554
1778993100000,2187.02,2188.88,2187.02,2187.54,9397.271
1778993400000,2187.54,2188.44,2186.58,2187.19,4975.244
1778993700000,2187.19,2187.44,2186.01,2186.3,5358.239
1778994000000,2186.3,2187.81,2185.75,2187.65,4272.43
1778994300000,2187.65,2194.99,2187.64,2191.57,29057.374
1778994600000,2191.57,2191.86,2189.6,2190.0,10806.869
1778994900000,2190.0,2190.01,2188.0,2188.12,4968.896
1778995200000,2188.12,2189.84,2187.92,2188.64,6121.857
1778995500000,2188.65,2188.82,2187.24,2187.34,2839.744
1778995800000,2187.33,2187.57,2186.13,2187.22,4467.863
1778996100000,2187.22,2189.09,2187.22,2188.8,2091.033
1778996400000,2188.8,2188.89,2187.01,2187.01,2339.789
1778996700000,2187.01,2188.29,2187.01,2187.98,2181.042
1778997000000,2187.99,2187.99,2184.76,2184.78,9567.772
1778997300000,2184.78,2185.0,2184.17,2184.56,4586.025
1778997600000,2184.56,2186.9,2184.56,2186.06,4742.444
1778997900000,2186.05,2186.1,2184.86,2185.73,1842.511
1778998200000,2185.72,2186.1,2185.2,2185.58,1435.709
1778998500000,2185.57,2186.1,2184.52,2185.33,2729.466
1778998800000,2185.33,2185.64,2181.15,2181.38,8517.106
1778999100000,2181.38,2183.0,2180.16,2182.99,8721.259
1778999400000,2183.0,2184.11,2182.99,2184.1,2265.999
1778999700000,2184.09,2184.66,2183.61,2183.63,2439.478
1779000000000,2183.62,2183.62,2181.47,2181.68,3007.82
1779000300000,2181.69,2183.0,2181.68,2182.96,2840.186
1779000600000,2182.96,2183.98,2182.95,2183.8,1426.416
1779000900000,2183.79,2184.11,2183.15,2184.11,1639.232
1779001200000,2184.11,2184.43,2182.88,2183.67,3133.081
1779001500000,2183.66,2183.67,2182.72,2183.27,1719.499
1779001800000,2183.26,2183.71,2183.0,2183.1,1605.035
1779002100000,2183.1,2183.1,2181.3,2181.81,7950.719
1779002400000,2181.81,2183.85,2181.55,2183.74,2230.0
1779002700000,2183.74,2185.47,2183.73,2183.89,3837.087
1779003000000,2183.9,2187.46,2183.88,2187.45,8125.583
1779003300000,2187.46,2187.46,2183.0,2184.59,7183.114
1779003600000,2184.59,2185.31,2184.45,2185.14,2370.517
1779003900000,2185.15,2185.75,2185.04,2185.57,1533.374
1779004200000,2185.58,2186.18,2185.04,2185.72,3057.835
1779004500000,2185.72,2186.0,2185.04,2185.52,2051.094
1779004800000,2185.51,2186.45,2184.57,2185.18,2400.735
1779005100000,2185.17,2186.31,2185.01,2186.15,1175.523
1779005400000,2186.16,2186.16,2184.49,2184.7,1621.218
1779005700000,2184.7,2184.7,2182.13,2182.63,2390.521
1779006000000,2182.62,2183.77,2182.46,2183.16,4312.045
1779006300000,2183.17,2183.95,2182.34,2183.62,2418.399
1779006600000,2183.62,2184.19,2183.15,2184.15,957.754
1779006900000,2184.14,2185.59,2184.14,2184.21,2624.241
1779007200000,2184.21,2185.0,2183.2,2185.0,2413.983
1779007500000,2185.0,2185.0,2184.03,2184.86,905.651
1779007800000,2184.85,2185.41,2184.33,2184.81,1490.324
1779008100000,2184.82,2185.41,2184.51,2185.15,738.419
1779008400000,2185.14,2186.2,2184.88,2185.49,2325.169
1779008700000,2185.5,2187.25,2185.49,2186.83,2417.238
1779009000000,2186.84,2188.39,2186.83,2187.89,6289.729
1779009300000,2187.88,2189.12,2187.4,2188.42,6570.47
1779009600000,2188.41,2188.76,2187.2,2187.99,3504.448
1779009900000,2187.99,2188.24,2187.48,2188.24,2072.09
1779010200000,2188.24,2188.24,2186.32,2186.63,2162.019
1779010500000,2186.59,2187.62,2186.0,2187.41,2688.34
1779010800000,2187.41,2187.41,2186.51,2187.02,1243.84
1779011100000,2187.02,2187.69,2186.6,2187.68,1835.566
1779011400000,2187.69,2189.85,2187.68,2189.5,5218.385
1779011700000,2189.5,2190.5,2188.95,2189.0,5881.717
1779012000000,2189.01,2194.83,2189.0,2193.15,25875.513
1779012300000,2193.15,2193.63,2191.51,2193.43,15300.57
1779012600000,2193.43,2196.39,2191.85,2193.55,29977.272
1779012900000,2193.56,2195.6,2192.55,2193.3,10504.24
1779013200000,2193.3,2195.0,2192.75,2194.5,5940.674
1779013500000,2194.51,2197.77,2193.8,2194.62,8736.486
1779013800000,2194.62,2195.43,2193.0,2194.0,6032.96
1779014100000,2193.99,2197.0,2193.99,2195.0,6547.04
1779014400000,2195.0,2195.01,2192.63,2193.58,5940.126
1779014700000,2193.59,2194.0,2192.67,2192.92,4983.724
1779015000000,2192.93,2193.66,2191.48,2192.53,4046.465
1779015300000,2192.53,2193.4,2191.8,2193.4,5058.349
1779015600000,2193.4,2193.75,2189.4,2191.59,8385.407
1779015900000,2191.58,2193.2,2191.58,2192.86,2842.853
1779016200000,2192.85,2192.97,2189.51,2189.7,3474.811
1779016500000,2189.71,2190.47,2188.23,2188.97,5946.543
1779016800000,2188.96,2189.39,2187.46,2188.62,4703.13
1779017100000,2188.62,2188.99,2187.45,2187.86,4062.402
1779017400000,2187.87,2193.46,2187.0,2193.17,7837.702
1779017700000,2193.16,2193.17,2190.86,2191.55,4104.723
1779018000000,2191.55,2192.5,2191.55,2191.7,2495.595
1779018300000,2191.7,2192.77,2190.05,2190.85,2570.092
1779018600000,2190.85,2191.7,2190.3,2190.3,1459.134
1779018900000,2190.3,2191.11,2190.21,2191.1,2142.344
1779019200000,2191.09,2191.61,2190.35,2190.35,2391.755
1779019500000,2190.36,2191.48,2190.36,2191.33,2377.879
1779019800000,2191.33,2192.79,2191.33,2191.57,2127.067
1779020100000,2191.57,2193.88,2191.56,2191.63,4988.677
1779020400000,2191.62,2193.25,2191.0,2193.15,2186.838
1779020700000,2193.16,2193.54,2192.85,2192.94,2052.827
1779021000000,2192.93,2194.87,2192.72,2194.79,2604.334
1779021300000,2194.79,2197.06,2194.71,2195.3,11175.407
1779021600000,2195.3,2196.41,2195.14,2196.25,4916.688
1779021900000,2196.24,2197.15,2193.3,2193.3,7257.537
1779022200000,2193.3,2194.75,2193.3,2193.89,3142.95
1779022500000,2193.89,2194.42,2192.42,2193.4,4634.177
1779022800000,2193.39,2193.4,2190.7,2192.99,7062.472
1779023100000,2192.99,2194.14,2191.7,2191.7,3090.556
1779023400000,2191.7,2192.57,2189.57,2189.59,9150.964
1779023700000,2189.6,2189.75,2186.2,2189.49,16250.23
1779024000000,2189.48,2189.48,2188.0,2188.33,3480.357
1779024300000,2188.34,2191.0,2188.34,2191.0,3958.588
1779024600000,2190.99,2191.75,2189.76,2190.79,3326.515
1779024900000,2190.78,2193.47,2190.78,2192.75,4592.444
1779025200000,2192.75,2192.96,2191.36,2192.65,2061.017
1779025500000,2192.65,2194.0,2192.55,2193.0,3252.774
1779025800000,2193.01,2194.02,2189.69,2190.45,8643.801
1779026100000,2190.45,2191.5,2189.15,2191.09,3190.462
1779026400000,2191.1,2191.49,2188.12,2189.3,6490.724
1779026700000,2189.28,2189.28,2186.25,2186.8,10892.171
1779027000000,2186.8,2187.97,2186.36,2186.57,4340.836
1779027300000,2186.57,2186.57,2177.0,2183.56,74684.411
1779027600000,2183.56,2185.38,2181.74,2184.05,11517.37
1779027900000,2184.05,2188.99,2184.0,2186.47,11876.05
1779028200000,2186.47,2188.21,2182.47,2185.48,9553.641
1779028500000,2185.48,2185.87,2183.08,2183.34,4073.82
1779028800000,2183.35,2184.84,2183.34,2184.72,3053.294
1779029100000,2184.72,2186.53,2184.72,2186.42,3582.929
1779029400000,2186.41,2187.0,2185.12,2187.0,1832.814
1779029700000,2187.0,2187.43,2185.53,2185.68,2394.994
1779030000000,2185.67,2186.0,2183.66,2185.69,3310.286
1779030300000,2185.7,2187.6,2185.7,2186.9,3463.087
1779030600000,2186.91,2187.79,2186.0,2186.0,2888.069
1779030900000,2186.0,2186.0,2180.0,2184.36,12192.116
1779031200000,2184.35,2184.4,2182.84,2183.52,2978.768
1779031500000,2183.52,2183.53,2181.74,2182.0,3303.735
1779031800000,2182.0,2184.5,2182.0,2184.49,4946.879
1779032100000,2184.49,2185.33,2183.0,2184.38,3336.089
1779032400000,2184.38,2185.76,2183.47,2184.8,3714.328
1779032700000,2184.79,2186.49,2184.16,2185.59,2752.66
1779033000000,2185.6,2186.0,2185.21,2185.22,1582.444
1779033300000,2185.22,2186.25,2185.21,2185.34,1231.862
1779033600000,2185.35,2188.14,2185.34,2186.57,11179.959
1779033900000,2186.57,2186.77,2184.91,2185.2,3201.504
1779034200000,2185.19,2185.19,2183.72,2184.17,4315.37
1779034500000,2184.17,2185.7,2183.18,2183.76,2498.856
1779034800000,2183.76,2184.33,2182.32,2184.25,3560.249
1779035100000,2184.24,2186.4,2184.24,2186.0,2453.518
1779035400000,2186.0,2187.32,2184.77,2185.08,3651.223
1779035700000,2185.08,2185.71,2184.81,2185.35,1485.919
1779036000000,2185.35,2187.31,2185.34,2186.36,2162.455
1779036300000,2186.37,2186.37,2183.7,2183.95,2262.869
1779036600000,2183.95,2184.38,2182.21,2184.38,2003.27
1779036900000,2184.38,2184.4,2181.33,2181.66,6060.504
1779037200000,2181.66,2182.87,2179.14,2182.87,12352.542
1779037500000,2182.87,2183.0,2181.48,2181.88,5147.517
1779037800000,2181.89,2182.03,2176.4,2178.13,14871.537
1779038100000,2178.12,2179.3,2175.17,2178.31,13030.256
1779038400000,2178.31,2179.98,2178.31,2179.4,6647.62
1779038700000,2179.4,2179.4,2177.9,2178.9,2467.788
1779039000000,2178.9,2179.15,2175.62,2178.74,5648.45
1779039300000,2178.74,2179.63,2176.33,2179.62,5656.557
1779039600000,2179.63,2181.99,2178.58,2181.44,5612.604
1779039900000,2181.44,2182.89,2180.24,2182.5,5667.264
1779040200000,2182.51,2183.48,2182.26,2182.76,2909.024
1779040500000,2182.75,2184.0,2182.32,2182.81,6611.929
1779040800000,2182.82,2187.2,2182.03,2185.25,11601.214
1779041100000,2185.26,2186.68,2183.09,2183.29,3452.507
1779041400000,2183.28,2184.18,2182.4,2182.6,1920.275
1779041700000,2182.6,2183.5,2179.45,2179.46,3941.748
1779042000000,2179.46,2180.97,2178.0,2180.75,4806.693
1779042300000,2180.74,2183.0,2180.74,2182.95,3417.069
1779042600000,2182.95,2185.19,2182.08,2183.8,5295.556
1779042900000,2183.8,2184.66,2183.8,2183.8,741.77
1779043200000,2183.8,2183.81,2182.6,2182.6,1846.504
1779043500000,2182.61,2184.32,2181.61,2184.0,3658.362
1779043800000,2183.99,2186.36,2183.33,2186.09,2381.03
1779044100000,2186.09,2187.72,2185.81,2187.4,4714.031
1779044400000,2187.41,2188.42,2186.24,2187.9,5091.641
1779044700000,2187.9,2189.5,2187.52,2188.4,2998.001
1779045000000,2188.39,2188.4,2187.0,2187.69,1339.8
1779045300000,2187.69,2188.0,2186.81,2187.5,4088.271
1779045600000,2187.5,2190.76,2187.4,2188.79,6108.421
1779045900000,2188.79,2189.49,2187.62,2187.8,1588.736
1779046200000,2187.8,2189.0,2187.8,2188.74,1015.624
1779046500000,2188.74,2189.99,2188.27,2189.99,1749.198
1779046800000,2190.0,2193.0,2189.94,2191.01,9812.984
1779047100000,2191.0,2192.44,2189.5,2192.43,2311.155
1779047400000,2192.43,2192.57,2191.73,2191.74,1681.157
1779047700000,2191.74,2191.93,2190.76,2191.26,2261.512
1779048000000,2191.26,2192.96,2189.23,2189.99,3458.684
1779048300000,2190.0,2190.12,2188.77,2188.98,2008.102
1779048600000,2188.98,2189.65,2187.5,2188.98,2401.222
1779048900000,2188.98,2189.11,2186.82,2186.82,3493.934
1779049200000,2186.81,2188.64,2185.69,2188.2,2030.583
1779049500000,2188.2,2188.74,2187.86,2188.0,666.756
1779049800000,2187.99,2190.0,2187.86,2187.86,1250.194
1779050100000,2187.87,2188.95,2186.56,2188.03,3419.709
1779050400000,2188.02,2189.0,2187.5,2188.23,664.473
1779050700000,2188.23,2188.64,2187.5,2188.25,745.56
1779051000000,2188.25,2188.88,2188.15,2188.59,727.382
1779051300000,2188.59,2188.82,2188.25,2188.26,784.979
1779051600000,2188.26,2188.34,2186.04,2187.22,3862.203
1779051900000,2187.22,2188.44,2187.0,2188.23,1274.593
1779052200000,2188.23,2188.87,2187.88,2188.29,1435.821
1779052500000,2188.3,2189.05,2187.65,2189.05,588.113
1779052800000,2189.05,2191.79,2188.84,2191.69,2901.595
1779053100000,2191.69,2192.36,2190.57,2191.35,2251.461
1779053400000,2191.36,2192.23,2191.04,2191.95,1570.664
1779053700000,2191.95,2194.15,2190.79,2190.79,4123.298
1779054000000,2190.79,2192.86,2190.25,2192.0,1364.643
1779054300000,2192.0,2192.25,2191.0,2191.48,2406.973
1779054600000,2191.45,2191.45,2190.73,2191.04,714.502
1779054900000,2191.04,2192.22,2190.75,2190.75,2445.059
1779055200000,2190.75,2190.75,2180.06,2186.06,17779.39
1779055500000,2186.06,2188.54,2181.6,2182.51,4521.916
1779055800000,2182.53,2183.37,2177.67,2182.88,18090.962
1779056100000,2182.88,2184.49,2179.8,2180.2,6131.943
1779056400000,2180.19,2182.73,2176.19,2179.93,13153.293
1779056700000,2179.93,2180.94,2177.0,2180.28,5761.143
1779057000000,2180.28,2184.05,2179.49,2183.01,3771.914
1779057300000,2183.01,2183.19,2177.29,2181.63,6255.203
1779057600000,2181.62,2183.63,2181.07,2181.43,2161.532
1779057900000,2181.42,2181.65,2179.68,2180.76,2389.916
1779058200000,2180.75,2180.75,2172.02,2175.51,22699.016
1779058500000,2175.51,2178.99,2175.5,2178.84,5553.541
1779058800000,2178.85,2179.0,2174.77,2175.49,10614.721
1779059100000,2175.48,2175.49,2168.0,2172.5,32748.592
1779059400000,2172.51,2174.6,2172.26,2173.17,8579.99
1779059700000,2173.16,2173.16,2165.29,2171.23,30569.07
1779060000000,2171.23,2175.92,2169.76,2173.82,12335.679
1779060300000,2173.83,2174.43,2169.56,2170.11,5587.705
1779060600000,2170.11,2172.19,2167.69,2172.19,7864.683
1779060900000,2172.18,2172.18,2166.66,2167.74,8978.369
1779061200000,2167.75,2167.91,2081.14,2119.99,636978.91
1779061500000,2120.0,2127.24,2115.02,2121.2,63577.389
1779061800000,2121.2,2129.95,2119.08,2128.06,49635.754
1779062100000,2128.06,2130.53,2124.64,2129.6,26676.14
1779062400000,2129.6,2130.63,2116.71,2123.01,48253.827
1779062700000,2123.01,2123.01,2117.77,2118.53,29659.645
1779063000000,2118.52,2120.17,2110.43,2119.5,45715.872
1779063300000,2119.51,2125.0,2118.0,2118.0,22484.839
1779063600000,2118.01,2121.2,2115.42,2115.59,15337.103
1779063900000,2115.59,2115.9,2105.39,2112.0,46686.247
1779064200000,2112.01,2114.92,2102.42,2109.37,36352.643
1779064500000,2109.37,2113.95,2107.67,2110.79,21801.275
1779064800000,2110.79,2112.0,2108.0,2108.13,14493.819
1779065100000,2108.12,2111.34,2107.09,2110.03,15949.086
1779065400000,2110.03,2111.0,2105.51,2107.96,18886.475
1779065700000,2107.96,2114.57,2107.96,2114.57,17538.277
1779066000000,2114.57,2115.57,2111.11,2114.17,17798.729
1779066300000,2114.17,2118.4,2111.91,2115.29,16827.864
1779066600000,2115.29,2119.48,2112.0,2112.0,16640.155
1779066900000,2112.0,2112.99,2108.09,2108.96,16663.495
1779067200000,2108.95,2112.38,2105.25,2110.31,25510.5
1779067500000,2110.32,2111.85,2107.62,2110.11,8676.17
1779067800000,2110.11,2112.29,2108.0,2108.82,16462.426
1779068100000,2108.81,2112.38,2108.48,2111.42,10604.067
1779068400000,2111.41,2112.73,2109.17,2110.36,12936.853
1779068700000,2110.36,2113.88,2106.2,2111.52,14451.135
1779069000000,2111.52,2115.25,2110.76,2114.87,9592.868
1779069300000,2114.87,2120.55,2114.69,2116.59,15302.012
1779069600000,2116.59,2120.95,2114.65,2120.34,10349.733
1779069900000,2120.3,2121.92,2118.32,2120.74,11418.854
1779070200000,2120.73,2123.33,2118.89,2122.65,15712.36
1779070500000,2122.65,2123.15,2119.49,2120.34,9700.008
1779070800000,2120.34,2120.8,2117.0,2119.11,7634.933
1779071100000,2119.1,2120.3,2118.57,2119.11,4315.832
1779071400000,2119.12,2120.43,2117.6,2117.87,5502.908
1779071700000,2117.86,2118.0,2114.02,2115.14,13238.001
1779072000000,2115.15,2117.15,2113.5,2116.65,9018.12
1779072300000,2116.65,2119.5,2116.1,2116.56,6100.122
1779072600000,2116.57,2117.43,2111.46,2113.85,19024.57
1779072900000,2113.85,2115.88,2113.33,2115.4,5344.3
1779073200000,2115.41,2120.0,2114.81,2119.79,15840.512
1779073500000,2119.79,2121.99,2119.18,2121.43,12503.338
1779073800000,2121.43,2122.8,2116.32,2116.66,10730.768
1779074100000,2116.66,2119.37,2116.51,2117.56,6855.955
1779074400000,2117.55,2119.47,2116.4,2119.19,4511.88
1779074700000,2119.18,2120.54,2117.26,2119.01,6751.061
1779075000000,2119.01,2119.01,2114.7,2117.23,9539.8
1779075300000,2117.22,2118.67,2116.14,2117.4,3633.918
1779075600000,2117.4,2120.92,2117.12,2120.25,6971.905
1779075900000,2120.25,2120.7,2118.27,2119.31,3561.947
1779076200000,2119.31,2119.9,2116.0,2116.9,5156.935
1779076500000,2116.9,2118.4,2116.0,2117.38,3064.957
1779076800000,2117.37,2119.7,2117.23,2118.61,3675.01
1779077100000,2118.6,2119.49,2116.8,2118.76,3102.981
1779077400000,2118.76,2121.65,2118.05,2120.97,11307.156
1779077700000,2120.97,2121.17,2118.87,2119.36,3988.632
1779078000000,2119.35,2119.48,2114.38,2114.59,12900.682
1779078300000,2114.58,2115.29,2113.22,2114.86,6947.623
1779078600000,2114.86,2116.16,2113.55,2116.16,4091.859
1779078900000,2116.16,2117.34,2116.0,2116.88,2427.721
1779079200000,2116.89,2121.0,2116.89,2121.0,8771.713
1779079500000,2120.99,2123.0,2120.0,2120.23,12746.296
1779079800000,2120.22,2122.23,2119.0,2122.02,5581.996
1779080100000,2122.02,2124.77,2121.1,2123.74,10664.98
1779080400000,2123.74,2124.7,2121.47,2123.75,10841.05
1779080700000,2123.76,2124.0,2122.04,2123.16,5004.134
1779081000000,2123.16,2123.55,2122.03,2122.71,4284.743
1779081300000,2122.71,2122.71,2118.49,2120.08,6749.618
1779081600000,2120.08,2122.3,2119.71,2122.01,4554.714
1779081900000,2122.02,2123.89,2121.43,2122.99,4973.481
1779082200000,2123.0,2124.5,2121.68,2121.68,6196.273
1779082500000,2121.68,2122.25,2120.09,2120.89,2400.182
1779082800000,2120.9,2121.01,2116.26,2118.71,13160.971
1779083100000,2118.71,2120.44,2118.2,2119.45,3434.926
1779083400000,2119.45,2119.46,2117.86,2119.17,5146.326
1779083700000,2119.18,2119.18,2116.0,2117.52,6372.095
1779084000000,2117.52,2120.18,2117.0,2117.0,8112.035
1779084300000,2117.0,2117.75,2112.03,2113.04,26644.233
1779084600000,2113.05,2117.82,2110.05,2117.47,24639.839
1779084900000,2117.47,2120.3,2114.22,2115.74,16150.461
1779085200000,2115.73,2115.73,2108.01,2113.54,24680.942
1779085500000,2113.55,2114.61,2112.08,2112.26,8691.895
1779085800000,2112.26,2114.5,2109.0,2114.08,22432.479
1779086100000,2114.07,2116.9,2112.57,2112.57,9460.436
1779086400000,2112.57,2116.83,2112.57,2116.82,5844.609
1779086700000,2116.82,2118.4,2116.36,2118.27,11554.206
1779087000000,2118.27,2118.27,2115.64,2116.95,5538.568
1779087300000,2116.95,2118.78,2116.94,2117.93,5496.869
1779087600000,2117.94,2120.91,2117.94,2118.88,12826.193
1779087900000,2118.88,2119.5,2117.22,2117.44,3108.082
1779088200000,2117.44,2117.44,2114.73,2116.51,5414.388
1779088500000,2116.52,2116.52,2112.95,2113.21,7150.897
1779088800000,2113.21,2114.0,2110.7,2113.3,11776.915
1779089100000,2113.3,2120.65,2113.2,2118.81,16982.38
1779089400000,2118.81,2123.0,2118.81,2120.96,16665.322
1779089700000,2120.95,2120.96,2117.5,2117.5,7457.567
1779090000000,2117.5,2118.22,2114.06,2114.8,9191.693
1779090300000,2114.8,2119.0,2114.5,2117.9,7367.52
1779090600000,2117.91,2120.0,2117.15,2119.82,3683.568
1779090900000,2119.82,2121.0,2119.31,2119.52,5939.509
1779091200000,2119.53,2122.27,2119.52,2122.07,9069.759
1779091500000,2122.08,2122.86,2120.53,2121.21,11525.397
1779091800000,2121.22,2121.55,2119.45,2119.7,4230.295
1779092100000,2119.7,2120.68,2118.74,2119.38,3425.547
1779092400000,2119.38,2121.35,2119.01,2120.44,4364.334
1779092700000,2120.45,2121.69,2120.01,2120.01,2576.107
1779093000000,2120.02,2120.44,2117.18,2119.73,4190.967
1779093300000,2119.74,2119.93,2116.64,2117.57,5100.018
1779093600000,2117.57,2118.2,2117.11,2117.15,2697.859
1779093900000,2117.16,2118.28,2116.33,2116.94,3598.108
1779094200000,2116.94,2120.63,2116.93,2120.21,3976.761
1779094500000,2120.21,2120.99,2119.5,2120.16,4683.415
1779094800000,2120.15,2120.52,2116.8,2117.28,6682.807
1779095100000,2117.29,2117.32,2116.0,2116.59,4167.805
1779095400000,2116.59,2117.5,2114.67,2116.92,10596.723
1779095700000,2116.92,2118.49,2116.74,2117.32,2570.122
1779096000000,2117.32,2118.5,2116.9,2117.47,1052.297
1779096300000,2117.47,2117.47,2115.73,2116.76,2452.044
1779096600000,2116.77,2117.0,2115.03,2117.0,4180.211
1779096900000,2117.0,2119.3,2117.0,2118.76,3233.168
1779097200000,2118.77,2118.99,2116.5,2116.51,1793.569
1779097500000,2116.5,2118.0,2115.86,2117.2,4378.3
1779097800000,2117.19,2117.9,2115.59,2115.92,2347.338
1779098100000,2115.91,2116.25,2115.51,2115.89,2723.632
1779098400000,2115.88,2116.59,2114.15,2114.52,7464.071
1779098700000,2114.52,2115.03,2111.5,2113.69,23242.943
1779099000000,2113.68,2114.61,2112.33,2112.81,6897.575
1779099300000,2112.8,2115.73,2112.79,2114.97,5353.496
1779099600000,2114.98,2116.24,2112.86,2114.51,6159.221
1779099900000,2114.5,2116.02,2114.5,2115.07,2798.714
1779100200000,2115.06,2116.66,2113.2,2113.31,5996.481
1779100500000,2113.3,2114.67,2112.47,2114.18,4828.028
1779100800000,2114.17,2115.0,2112.32,2113.48,7473.41
1779101100000,2113.47,2116.5,2113.47,2115.51,4051.93
1779101400000,2115.52,2116.6,2115.01,2115.22,4353.497
1779101700000,2115.22,2115.45,2113.5,2113.5,2110.972
1779102000000,2113.51,2114.29,2112.72,2113.3,3580.288
1779102300000,2113.31,2113.54,2110.12,2110.5,10877.358
1779102600000,2110.51,2112.63,2109.19,2112.31,11644.274
1779102900000,2112.31,2115.6,2111.69,2114.29,5460.376
1779103200000,2114.28,2114.4,2112.84,2113.63,2294.832
1779103500000,2113.63,2114.99,2113.63,2113.65,2520.866
1779103800000,2113.65,2119.3,2112.09,2118.51,13459.123
1779104100000,2118.51,2128.66,2116.07,2128.6,41436.448
1779104400000,2128.6,2139.76,2126.9,2135.99,122811.524
1779104700000,2135.99,2136.66,2131.95,2134.43,26593.443
1779105000000,2134.43,2134.95,2131.03,2134.38,12907.072
1779105300000,2134.39,2134.69,2132.44,2133.11,8651.982
1779105600000,2133.11,2144.93,2133.11,2137.29,64654.674
1779105900000,2137.3,2147.8,2137.29,2144.0,34299.561
1779106200000,2144.01,2144.89,2140.69,2143.2,16349.365
1779106500000,2143.19,2147.0,2141.01,2144.81,20969.154
1779106800000,2144.81,2149.67,2143.2,2148.94,27453.955
1779107100000,2148.93,2149.0,2143.4,2143.94,21077.387
1779107400000,2143.94,2148.71,2141.57,2147.95,20567.449
1779107700000,2147.96,2153.32,2147.12,2150.91,38256.321
1779108000000,2150.92,2154.73,2149.22,2153.99,30787.914
1779108300000,2154.0,2156.71,2150.02,2150.93,41224.182
1779108600000,2150.94,2151.5,2148.78,2149.99,17261.732
1779108900000,2150.0,2153.98,2149.0,2150.0,14774.611
1779109200000,2150.0,2150.64,2143.46,2145.79,33830.34
1779109500000,2145.78,2146.59,2144.36,2144.45,10705.451
1779109800000,2144.43,2148.63,2144.0,2146.55,9782.499
1779110100000,2146.55,2146.88,2143.37,2144.85,10602.606
1779110400000,2144.85,2145.66,2143.27,2144.52,8007.853
1779110700000,2144.51,2144.68,2141.35,2141.59,14968.58
1779111000000,2141.59,2141.74,2131.09,2134.44,59843.563
1779111300000,2134.45,2136.89,2119.06,2127.51,99161.096
1779111600000,2127.51,2132.85,2120.5,2124.73,46941.969
1779111900000,2124.74,2133.27,2121.83,2130.24,45258.83
1779112200000,2130.23,2136.44,2128.46,2133.81,21603.325
1779112500000,2133.8,2134.5,2128.12,2130.06,14973.547
1779112800000,2130.05,2130.2,2124.04,2128.17,26837.753
1779113100000,2128.16,2129.48,2122.3,2128.42,26210.812
1779113400000,2128.42,2129.07,2122.18,2123.43,15057.085
1779113700000,2123.44,2127.32,2111.53,2119.39,72200.831
1779114000000,2119.39,2123.23,2117.05,2118.49,25753.281
1779114300000,2118.5,2121.6,2115.5,2116.48,16376.808
1779114600000,2116.47,2118.12,2103.06,2105.41,84556.197
1779114900000,2105.42,2114.93,2096.17,2113.21,92323.986
1779115200000,2113.21,2114.19,2110.2,2112.51,19758.162
1779115500000,2112.51,2112.84,2105.3,2109.82,28235.349
1779115800000,2109.82,2113.81,2106.66,2106.95,18130.937
1779116100000,2106.95,2110.5,2106.44,2109.41,16272.399
1779116400000,2109.41,2110.66,2091.78,2098.89,103112.669
1779116700000,2098.9,2103.94,2095.25,2098.91,37607.295
1779117000000,2098.92,2106.5,2098.36,2102.66,25376.315
1779117300000,2102.66,2103.16,2094.18,2095.64,28015.595
1779117600000,2095.63,2099.45,2094.66,2097.18,18035.276
1779117900000,2097.19,2101.55,2095.33,2096.83,21581.934
1779118200000,2096.83,2101.35,2092.18,2101.34,27052.742
1779118500000,2101.35,2105.97,2101.34,2103.0,21749.295
1779118800000,2102.99,2108.53,2102.18,2106.21,18794.331
1779119100000,2106.21,2107.6,2104.61,2104.61,9956.512
1779119400000,2104.62,2107.43,2102.53,2107.1,13393.421
1779119700000,2107.1,2109.94,2105.65,2106.72,13026.252
1779120000000,2106.72,2107.28,2101.53,2102.32,10583.537
1779120300000,2102.32,2104.45,2100.68,2102.77,10538.039
1779120600000,2102.77,2110.93,2102.76,2106.31,16264.981
1779120900000,2106.31,2110.5,2106.3,2108.24,10108.284
1779121200000,2108.23,2109.99,2101.8,2104.39,14273.116
1779121500000,2104.4,2104.58,2091.2,2092.63,47702.883
1779121800000,2092.64,2098.0,2088.9,2094.34,44469.905
1779122100000,2094.34,2099.47,2094.0,2096.93,19633.896
1779122400000,2096.93,2098.0,2095.3,2097.63,8157.337
1779122700000,2097.62,2100.67,2097.15,2097.92,18285.961
1779123000000,2097.91,2099.5,2096.48,2098.85,6938.923
1779123300000,2098.85,2101.82,2096.8,2096.87,14098.022
1779123600000,2096.86,2101.0,2094.19,2101.0,12446.155
1779123900000,2101.0,2107.57,2099.64,2103.18,19082.078
1779124200000,2103.18,2105.4,2100.6,2101.62,6342.305
1779124500000,2101.63,2106.67,2101.62,2104.88,10291.463
1779124800000,2104.87,2106.63,2103.12,2105.29,7348.382
1779125100000,2105.3,2106.61,2102.77,2106.6,6274.506
1779125400000,2106.6,2106.73,2103.12,2104.27,4137.719
1779125700000,2104.27,2105.65,2102.3,2104.66,3429.67
1779126000000,2104.66,2108.0,2103.82,2106.71,8036.376
1779126300000,2106.71,2109.57,2106.1,2106.84,7879.133
1779126600000,2106.84,2109.61,2106.26,2106.57,7453.841
1779126900000,2106.57,2108.76,2105.14,2107.3,5492.446
1779127200000,2107.3,2108.34,2102.76,2103.74,6522.68
1779127500000,2103.73,2104.58,2100.44,2103.01,6792.687
1779127800000,2103.01,2103.42,2099.55,2100.02,5612.29
1779128100000,2100.01,2100.33,2093.39,2095.02,23676.57
1779128400000,2095.02,2096.11,2091.5,2092.69,17309.503
1779128700000,2092.7,2093.37,2076.01,2087.54,156919.307
1779129000000,2087.54,2091.55,2086.8,2090.01,18847.139
1779129300000,2090.02,2090.9,2086.0,2086.42,9448.516
1779129600000,2086.41,2089.05,2083.37,2086.42,15054.89
1779129900000,2086.43,2089.56,2083.05,2083.84,10198.763
1779130200000,2083.84,2087.03,2082.59,2082.82,10756.586
1779130500000,2082.82,2085.97,2078.37,2080.17,25625.379
1779130800000,2080.17,2112.98,2078.1,2107.19,126464.71
1779131100000,2107.19,2111.8,2096.22,2102.84,52251.894
1779131400000,2102.84,2106.91,2100.53,2104.9,18941.867
1779131700000,2104.91,2106.8,2101.36,2104.83,11513.441
1779132000000,2104.83,2109.21,2103.87,2104.52,14810.329
1779132300000,2104.53,2106.25,2101.57,2105.04,6129.584
1779132600000,2105.03,2108.69,2104.19,2105.68,10561.065
1779132900000,2105.67,2111.0,2105.67,2108.88,13764.973
1779133200000,2108.87,2117.43,2108.2,2115.84,31786.617
1779133500000,2115.85,2124.84,2115.27,2121.79,60403.067
1779133800000,2121.8,2127.94,2120.2,2122.55,32755.035
1779134100000,2122.55,2125.9,2122.22,2124.4,11817.378
1779134400000,2124.41,2129.0,2123.28,2123.6,17792.507
1779134700000,2123.6,2126.17,2122.01,2124.43,8688.886
1779135000000,2124.43,2127.91,2124.42,2126.46,7534.356
1779135300000,2126.46,2128.19,2125.3,2125.79,4981.289
1779135600000,2125.79,2126.49,2123.66,2126.49,4961.27
1779135900000,2126.49,2128.35,2125.86,2127.76,3168.677
1779136200000,2127.76,2130.6,2124.16,2124.39,11465.649
1779136500000,2124.39,2125.35,2122.99,2123.71,7370.667
1779136800000,2123.7,2123.88,2121.0,2121.41,7173.484
1779137100000,2121.41,2121.41,2115.09,2115.85,26129.922
1779137400000,2115.84,2118.52,2113.69,2117.66,12133.569
1779137700000,2117.66,2119.28,2115.26,2116.61,7488.93
1779138000000,2116.6,2118.37,2113.32,2117.18,8625.983
1779138300000,2117.18,2119.71,2116.05,2119.46,4230.019
1779138600000,2119.46,2124.06,2116.81,2120.96,9447.613
1779138900000,2120.96,2123.6,2120.96,2123.45,8079.306
1779139200000,2123.45,2126.21,2123.44,2123.77,5213.645
1779139500000,2123.78,2132.7,2123.3,2129.92,14620.425
1779139800000,2129.92,2142.0,2129.92,2133.3,39707.49
1779140100000,2133.31,2137.14,2130.31,2135.5,14858.034
1779140400000,2135.49,2138.38,2134.0,2136.78,6531.144
1779140700000,2136.77,2138.49,2132.23,2133.0,8012.528
1779141000000,2132.99,2137.0,2132.66,2135.1,4443.823
1779141300000,2135.1,2138.07,2134.75,2136.12,4190.099
1779141600000,2136.13,2138.41,2132.18,2134.77,12907.948
1779141900000,2134.77,2138.35,2134.63,2136.32,6637.93
1779142200000,2136.32,2136.99,2134.75,2135.51,3291.792
1779142500000,2135.5,2139.38,2134.42,2138.3,6959.668
1779142800000,2138.3,2142.0,2138.29,2140.45,10792.787
1779143100000,2140.46,2140.64,2138.17,2138.56,4947.847
1779143400000,2138.57,2140.62,2137.51,2137.51,4975.321
1779143700000,2137.52,2139.89,2137.52,2139.14,5849.469
1779144000000,2139.14,2139.15,2132.89,2133.98,12017.012
1779144300000,2133.98,2133.99,2130.21,2130.99,9539.706
1779144600000,2131.0,2133.38,2128.49,2132.66,10987.28
1779144900000,2132.66,2134.93,2131.94,2134.5,2715.863
1779145200000,2134.51,2137.95,2134.22,2137.54,6872.31
1779145500000,2137.54,2137.54,2135.25,2136.53,4391.678
1779145800000,2136.53,2136.53,2133.32,2134.08,4417.191
1779146100000,2134.09,2134.26,2131.68,2132.46,3981.833
1779146400000,2132.46,2133.44,2131.5,2132.87,3102.166
1779146700000,2132.87,2132.88,2131.6,2131.61,2728.455
1779147000000,2131.61,2131.61,2128.88,2129.96,8261.91
1779147300000,2129.95,2131.9,2129.12,2131.87,4090.801
1779147600000,2131.86,2133.68,2131.39,2133.41,3206.426
1779147900000,2133.41,2133.41,2127.39,2128.57,5556.586
1779148200000,2128.57,2129.05,2126.22,2127.84,8064.279
1779148500000,2127.84,2130.0,2127.83,2129.03,6336.021
1779148800000,2129.03,2130.39,2127.33,2127.88,7369.072
1779149100000,2127.88,2131.3,2127.16,2130.19,4627.249
1779149400000,2130.2,2133.56,2129.75,2131.49,7759.495
1779149700000,2131.49,2135.84,2130.48,2135.83,9895.756
1779150000000,2135.84,2146.61,2135.6,2138.0,32519.461
1779150300000,2138.0,2139.7,2137.32,2138.7,8443.405
1779150600000,2138.69,2140.5,2137.59,2138.0,5415.53
1779150900000,2138.0,2139.66,2135.6,2136.46,6790.061
1779151200000,2136.46,2136.67,2134.1,2136.34,6682.495
1779151500000,2136.33,2138.51,2135.2,2138.28,6320.122
1779151800000,2138.27,2141.4,2136.0,2136.57,10277.529
1779152100000,2136.57,2137.0,2134.61,2134.98,5719.575
1779152400000,2134.97,2135.0,2130.76,2132.72,13222.643
1779152700000,2132.71,2135.8,2131.77,2135.51,6066.371
1779153000000,2135.51,2137.28,2133.71,2134.51,4717.579
1779153300000,2134.51,2134.93,2129.36,2130.55,10594.16
1779153600000,2130.56,2130.56,2125.49,2126.8,17002.987
1779153900000,2126.79,2127.66,2122.22,2124.8,21304.995
1779154200000,2124.83,2129.0,2122.73,2128.93,14982.035
1779154500000,2128.94,2132.0,2128.11,2128.52,12245.247
1779154800000,2128.52,2131.33,2127.61,2130.0,5735.805
1779155100000,2130.0,2130.31,2124.09,2125.34,8758.057
1779155400000,2125.35,2127.43,2125.04,2126.3,4414.155
1779155700000,2126.3,2126.45,2123.91,2123.92,5186.368
1779156000000,2123.91,2125.81,2118.21,2120.41,32139.229
1779156300000,2120.4,2123.9,2118.55,2121.81,13537.107
1779156600000,2121.8,2124.61,2121.29,2124.42,4406.155
1779156900000,2124.42,2127.91,2122.78,2127.47,7172.937
1779157200000,2127.48,2135.0,2127.48,2134.46,17508.26
1779157500000,2134.45,2134.9,2130.0,2130.15,12958.569
1779157800000,2130.15,2130.7,2127.13,2127.13,6688.143
1779158100000,2127.12,2128.08,2124.52,2126.29,11163.169
1779158400000,2126.29,2126.64,2124.56,2125.4,4181.075
1779158700000,2125.39,2127.33,2123.72,2125.27,6381.129
1779159000000,2125.28,2126.13,2121.23,2121.96,9399.556
1779159300000,2121.95,2123.46,2121.13,2122.3,6948.643
1779159600000,2122.29,2124.27,2121.13,2123.33,7217.743
1779159900000,2123.33,2125.67,2123.0,2125.49,3347.197
1779160200000,2125.48,2127.99,2124.48,2127.98,4157.066
1779160500000,2127.99,2131.92,2127.27,2128.7,11475.181
1779160800000,2128.7,2129.59,2125.33,2126.59,9163.519
1779161100000,2126.59,2128.0,2126.46,2127.39,4140.946
1779161400000,2127.39,2129.97,2127.39,2129.71,4457.237
1779161700000,2129.71,2131.0,2128.89,2130.18,5210.835
1779162000000,2130.18,2131.95,2129.49,2131.66,4154.529
1779162300000,2131.65,2132.64,2130.93,2132.3,6824.001
1779162600000,2132.3,2133.84,2131.03,2132.34,7001.653
1779162900000,2132.34,2132.72,2130.0,2130.62,3246.658
1779163200000,2130.62,2132.69,2128.24,2132.35,11700.415
1779163500000,2132.35,2135.0,2131.0,2134.15,9355.261
1779163800000,2134.15,2136.0,2134.0,2134.52,10165.888
1779164100000,2134.52,2134.9,2131.56,2131.8,10379.441
1779164400000,2131.8,2133.4,2128.32,2128.94,5657.905
1779164700000,2128.94,2129.0,2126.81,2128.66,4155.766
1779165000000,2128.66,2130.43,2128.29,2129.81,3309.592
1779165300000,2129.8,2133.31,2129.8,2131.56,4341.604
1779165600000,2131.55,2133.48,2131.48,2132.11,2338.862
1779165900000,2132.12,2134.31,2132.11,2133.14,3652.968
1779166200000,2133.15,2134.0,2132.02,2133.06,9278.412
1779166500000,2133.06,2133.78,2132.26,2132.64,2123.616
1779166800000,2132.63,2133.33,2131.02,2132.75,3198.806
1779167100000,2132.74,2133.1,2131.19,2133.0,5105.599
1779167400000,2133.01,2133.2,2127.75,2129.99,8306.18
1779167700000,2130.0,2130.0,2125.52,2126.07,13916.303
1779168000000,2126.08,2126.84,2122.42,2124.07,13234.892
1779168300000,2124.08,2129.47,2124.04,2129.17,10645.558
1779168600000,2129.17,2130.58,2127.54,2129.12,6968.858
1779168900000,2129.11,2134.34,2128.42,2133.5,8229.499
1779169200000,2133.49,2135.67,2131.6,2131.85,19139.761
1779169500000,2131.86,2136.49,2131.35,2135.41,7690.838
1779169800000,2135.4,2136.48,2134.11,2134.11,6852.188
1779170100000,2134.12,2135.0,2133.38,2134.02,2957.253
1779170400000,2134.03,2135.0,2132.82,2134.49,4084.589
1779170700000,2134.5,2134.55,2132.24,2134.0,3657.126
1779171000000,2133.99,2135.55,2132.6,2135.01,3894.717
1779171300000,2135.01,2135.72,2131.2,2132.51,5884.894
1779171600000,2132.51,2134.32,2132.31,2133.0,3441.111
1779171900000,2133.0,2135.72,2133.0,2134.32,8591.349
1779172200000,2134.32,2136.77,2133.73,2135.4,6044.73
1779172500000,2135.4,2138.54,2133.0,2138.31,11055.494
1779172800000,2138.31,2139.38,2137.14,2138.71,9356.802
1779173100000,2138.71,2138.85,2136.07,2136.5,5238.595
1779173400000,2136.5,2137.7,2135.66,2136.33,4413.41
1779173700000,2136.33,2137.38,2135.76,2136.33,3819.713
1779174000000,2136.33,2136.33,2134.11,2134.8,6126.308
1779174300000,2134.8,2141.0,2134.47,2137.76,10947.935
1779174600000,2137.75,2138.67,2135.03,2137.99,8389.893
1779174900000,2138.0,2139.2,2136.5,2138.87,6639.655
1779175200000,2138.88,2140.0,2136.57,2136.89,6884.412
1779175500000,2136.89,2138.1,2136.0,2137.62,2478.895
1779175800000,2137.63,2138.39,2136.88,2138.2,2234.361
1779176100000,2138.19,2140.65,2137.58,2139.61,7546.202
1779176400000,2139.6,2142.47,2138.62,2141.01,11936.335
1779176700000,2141.01,2144.0,2140.6,2143.01,15112.775
1779177000000,2143.0,2143.0,2139.09,2139.49,7588.909
1779177300000,2139.49,2141.3,2139.28,2139.85,3601.055
1779177600000,2139.86,2140.4,2138.5,2138.51,7561.283
1779177900000,2138.51,2138.52,2135.5,2135.7,9468.968
1779178200000,2135.7,2136.0,2132.0,2134.0,19024.838
1779178500000,2134.0,2136.87,2133.46,2135.65,6317.01
1779178800000,2135.66,2136.79,2131.72,2132.69,5261.446
1779179100000,2132.69,2133.81,2129.61,2132.85,14212.285
1779179400000,2132.86,2136.05,2131.91,2135.13,12002.958
1779179700000,2135.13,2136.3,2134.92,2135.3,3517.371
1779180000000,2135.31,2140.58,2135.31,2136.11,9868.766
1779180300000,2136.1,2137.59,2135.35,2135.41,4216.705
1779180600000,2135.41,2135.99,2133.5,2134.23,4349.51
1779180900000,2134.23,2134.33,2132.0,2132.27,4479.275
1779181200000,2132.27,2133.26,2130.7,2132.49,10484.972
1779181500000,2132.49,2132.79,2130.6,2131.5,4482.437
1779181800000,2131.49,2131.91,2130.0,2130.89,4545.172
1779182100000,2130.89,2130.89,2125.5,2125.93,28060.548
1779182400000,2125.92,2127.5,2122.78,2123.0,26327.325
1779182700000,2122.99,2124.0,2113.64,2115.01,74692.967
1779183000000,2115.0,2118.46,2111.0,2113.75,33454.971
1779183300000,2113.76,2117.36,2113.6,2116.7,12558.815
1779183600000,2116.71,2116.71,2114.47,2115.14,10398.914
1779183900000,2115.13,2115.19,2110.3,2114.5,16193.844
1779184200000,2114.5,2115.9,2112.61,2113.55,10031.994
1779184500000,2113.56,2114.91,2113.25,2113.65,6632.412
1779184800000,2113.66,2114.28,2110.11,2111.49,11479.454
1779185100000,2111.49,2115.14,2107.24,2113.22,28068.354
1779185400000,2113.22,2114.8,2112.05,2114.63,8417.612
1779185700000,2114.63,2114.64,2112.68,2113.84,5442.216
1779186000000,2113.84,2114.94,2112.0,2114.39,7220.599
1779186300000,2114.39,2115.93,2114.37,2115.7,8630.464
1779186600000,2115.7,2121.49,2115.69,2119.01,29238.166
1779186900000,2119.0,2119.33,2110.58,2114.75,26856.918
1779187200000,2114.79,2114.88,2108.25,2109.11,27226.106
1779187500000,2109.11,2110.23,2105.6,2107.56,13707.464
