ts,open,high,low,close,volume
1775694900000,82.31,82.45,82.12,82.14,24308.61
1775695200000,82.14,82.22,82.04,82.13,54985.09
1775695500000,82.13,82.2,82.04,82.18,28750.35
1775695800000,82.17,82.21,82.06,82.16,15151.92
1775696100000,82.16,82.27,82.15,82.17,19381.46
1775696400000,82.16,82.23,82.08,82.16,26636.65
1775696700000,82.16,82.19,81.65,81.85,205435.87
1775697000000,81.85,81.98,81.81,81.93,26967.18
1775697300000,81.93,82.01,81.88,81.96,18362.67
1775697600000,81.96,82.04,81.72,81.81,26330.14
1775697900000,81.81,81.95,81.78,81.88,8518.76
1775698200000,81.87,82.28,81.78,82.21,56020.12
1775698500000,82.2,82.22,81.87,81.98,82851.41
1775698800000,81.99,81.99,81.89,81.89,9831.69
1775699100000,81.9,82.04,81.83,82.04,23396.41
1775699400000,82.04,82.19,82.04,82.16,23605.96
1775699700000,82.15,82.21,82.1,82.19,27193.32
1775700000000,82.18,82.29,82.08,82.1,37742.88
1775700300000,82.09,82.2,82.08,82.2,7057.52
1775700600000,82.19,82.22,82.06,82.08,10039.0
1775700900000,82.09,82.32,82.06,82.31,14823.09
1775701200000,82.31,82.32,82.2,82.28,17729.16
1775701500000,82.28,82.4,82.26,82.32,16786.89
1775701800000,82.32,82.34,82.23,82.27,15069.09
1775702100000,82.27,82.28,82.16,82.21,16509.2
1775702400000,82.2,82.21,82.01,82.18,21890.12
1775702700000,82.17,82.29,82.12,82.16,16407.67
1775703000000,82.15,82.23,82.12,82.14,11352.29
1775703300000,82.14,82.18,82.06,82.08,10030.84
1775703600000,82.08,82.11,82.06,82.09,14630.34
1775703900000,82.08,82.13,81.96,82.01,14507.16
1775704200000,82.02,82.02,81.9,81.93,24494.75
1775704500000,81.93,81.97,81.83,81.9,29783.44
1775704800000,81.9,82.09,81.84,82.08,73495.46
1775705100000,82.08,82.1,81.85,81.94,15533.18
1775705400000,81.93,82.05,81.93,81.99,19424.49
1775705700000,81.98,82.05,81.98,82.03,6126.21
1775706000000,82.04,82.05,81.91,81.95,11961.86
1775706300000,81.95,82.07,81.89,82.06,20794.59
1775706600000,82.06,82.13,82.01,82.04,7223.91
1775706900000,82.03,82.05,81.98,81.99,3773.58
1775707200000,81.98,81.98,81.88,81.95,13106.08
1775707500000,81.95,81.98,81.86,81.86,18513.78
1775707800000,81.87,81.93,81.86,81.89,9388.66
1775708100000,81.89,81.9,81.84,81.89,14756.53
1775708400000,81.88,81.89,81.82,81.85,11029.49
1775708700000,81.85,81.89,81.78,81.84,32560.26
1775709000000,81.85,81.91,81.8,81.89,15128.86
1775709300000,81.89,81.94,81.83,81.93,31479.29
1775709600000,81.93,81.98,81.91,81.93,10733.83
1775709900000,81.93,81.97,81.79,81.83,26756.03
1775710200000,81.84,81.9,81.82,81.83,8173.41
1775710500000,81.84,81.87,81.77,81.78,20841.75
1775710800000,81.79,81.83,81.68,81.81,74614.59
1775711100000,81.82,81.88,81.81,81.84,10800.95
1775711400000,81.84,81.89,81.75,81.88,11263.09
1775711700000,81.88,81.95,81.82,81.94,15684.08
1775712000000,81.94,82.01,81.87,81.91,26359.99
1775712300000,81.92,82.02,81.9,81.99,25169.14
1775712600000,81.99,82.12,81.96,82.12,20825.46
1775712900000,82.11,82.27,82.07,82.25,44347.33
1775713200000,82.25,82.25,82.15,82.2,22695.59
1775713500000,82.2,82.21,82.04,82.06,20959.82
1775713800000,82.06,82.08,82.01,82.05,14370.58
1775714100000,82.05,82.12,82.0,82.11,18440.42
1775714400000,82.12,82.31,82.12,82.23,27023.57
1775714700000,82.23,82.3,82.19,82.2,21542.9
1775715000000,82.2,82.25,82.16,82.18,7246.95
1775715300000,82.18,82.19,82.09,82.1,9115.33
1775715600000,82.11,82.11,82.01,82.04,26980.85
1775715900000,82.04,82.05,81.93,81.93,27040.8
1775716200000,81.94,82.07,81.8,82.02,76830.22
1775716500000,82.02,82.11,81.98,82.02,10087.74
1775716800000,82.02,82.06,82.01,82.02,4257.7
1775717100000,82.02,82.08,82.01,82.05,14267.92
1775717400000,82.05,82.13,82.01,82.09,5991.01
1775717700000,82.09,82.14,82.09,82.12,5255.41
1775718000000,82.13,82.29,82.13,82.27,20111.6
1775718300000,82.26,82.29,82.23,82.26,15111.84
1775718600000,82.27,82.3,82.23,82.3,9706.37
1775718900000,82.29,82.34,82.2,82.27,17648.3
1775719200000,82.26,82.27,82.18,82.2,6855.29
1775719500000,82.21,82.23,82.2,82.23,6843.91
1775719800000,82.23,82.42,82.2,82.4,22647.58
1775720100000,82.4,82.43,82.36,82.39,28815.74
1775720400000,82.39,82.39,82.24,82.31,23375.7
1775720700000,82.32,82.36,82.26,82.28,8433.88
1775721000000,82.28,82.32,82.24,82.28,8163.54
1775721300000,82.27,82.31,82.22,82.22,11381.79
1775721600000,82.23,82.36,82.15,82.33,19784.48
1775721900000,82.33,82.36,82.24,82.24,11384.06
1775722200000,82.24,82.25,82.1,82.15,19649.64
1775722500000,82.15,82.21,82.1,82.19,10379.86
1775722800000,82.19,82.36,82.17,82.33,13055.46
1775723100000,82.33,82.38,82.28,82.29,14115.31
1775723400000,82.29,82.45,82.29,82.39,12160.81
1775723700000,82.39,82.47,82.37,82.45,14198.72
1775724000000,82.45,82.55,82.41,82.53,44826.87
1775724300000,82.52,82.6,82.42,82.44,47680.2
1775724600000,82.44,82.44,82.32,82.41,30041.54
1775724900000,82.41,82.46,82.38,82.41,11123.41
1775725200000,82.42,82.42,82.28,82.32,28937.32
1775725500000,82.32,82.36,82.18,82.21,42306.11
1775725800000,82.21,82.29,82.14,82.29,34158.25
1775726100000,82.29,82.47,82.27,82.44,31962.8
1775726400000,82.44,82.44,82.34,82.39,13820.39
1775726700000,82.39,82.45,82.35,82.43,8104.69
1775727000000,82.44,82.54,82.42,82.45,16074.15
1775727300000,82.45,82.47,82.17,82.19,37907.45
1775727600000,82.19,82.2,82.06,82.18,61891.26
1775727900000,82.18,82.3,82.16,82.23,23587.63
1775728200000,82.22,82.41,82.19,82.4,15362.15
1775728500000,82.41,82.64,82.41,82.54,72385.48
1775728800000,82.55,82.56,82.49,82.54,26624.42
1775729100000,82.54,82.55,82.38,82.38,13292.22
1775729400000,82.39,82.4,82.32,82.35,9094.65
1775729700000,82.36,82.44,82.35,82.41,10874.39
1775730000000,82.41,82.51,82.41,82.51,12123.44
1775730300000,82.51,82.55,82.46,82.47,23794.56
1775730600000,82.48,82.52,82.4,82.49,9220.82
1775730900000,82.49,82.54,82.46,82.52,5454.5
1775731200000,82.53,82.59,82.49,82.52,8970.5
1775731500000,82.52,82.61,82.52,82.6,11849.25
1775731800000,82.59,82.59,82.44,82.52,12742.75
1775732100000,82.52,82.59,82.52,82.52,7414.22
1775732400000,82.53,82.66,82.41,82.42,76612.74
1775732700000,82.42,82.48,82.37,82.38,25336.85
1775733000000,82.38,82.38,82.24,82.26,20714.97
1775733300000,82.25,82.26,82.11,82.18,25308.53
1775733600000,82.17,82.24,82.11,82.12,21845.47
1775733900000,82.13,82.17,81.98,82.13,85088.12
1775734200000,82.12,82.25,82.12,82.17,15763.08
1775734500000,82.17,82.18,82.09,82.17,13819.48
1775734800000,82.18,82.23,82.14,82.19,9214.22
1775735100000,82.19,82.29,82.17,82.28,5372.24
1775735400000,82.28,82.29,82.21,82.21,3989.22
1775735700000,82.21,82.21,82.1,82.12,20460.56
1775736000000,82.12,82.16,82.11,82.13,5096.69
1775736300000,82.13,82.25,82.11,82.22,5567.8
1775736600000,82.23,82.27,82.18,82.18,9164.43
1775736900000,82.18,82.24,82.16,82.19,9517.31
1775737200000,82.18,82.18,82.02,82.07,30275.99
1775737500000,82.07,82.31,82.06,82.12,47327.36
1775737800000,82.13,82.22,81.92,82.19,97503.33
1775738100000,82.19,82.26,82.08,82.11,15740.15
1775738400000,82.1,82.35,82.05,82.22,28744.72
1775738700000,82.21,82.24,82.0,82.15,14221.12
1775739000000,82.14,82.16,82.1,82.13,4513.09
1775739300000,82.13,82.3,82.12,82.23,29224.09
1775739600000,82.23,82.32,82.16,82.2,10044.95
1775739900000,82.2,82.22,82.11,82.13,8478.39
1775740200000,82.12,82.19,82.11,82.16,9032.73
1775740500000,82.16,82.18,82.12,82.15,4315.68
1775740800000,82.15,82.17,82.08,82.11,13845.35
1775741100000,82.12,82.25,82.11,82.25,10011.58
1775741400000,82.25,82.36,82.0,82.03,39521.47
1775741700000,82.04,82.17,81.75,81.92,72447.1
1775742000000,81.91,82.06,81.79,81.94,48347.27
1775742300000,81.94,81.97,81.71,81.89,39329.04
1775742600000,81.88,81.89,81.62,81.69,56466.56
1775742900000,81.69,81.84,81.52,81.82,74872.32
1775743200000,81.82,81.85,81.69,81.73,23898.56
1775743500000,81.74,81.77,81.64,81.65,19033.26
1775743800000,81.64,81.95,81.59,81.86,25129.14
1775744100000,81.85,81.91,81.53,81.57,26543.28
1775744400000,81.57,81.7,81.54,81.68,20259.61
1775744700000,81.68,81.69,81.37,81.54,74459.63
1775745000000,81.53,81.6,81.46,81.58,26699.3
1775745300000,81.58,81.75,81.49,81.72,19457.7
1775745600000,81.71,81.86,81.68,81.82,22520.84
1775745900000,81.82,82.08,81.81,82.06,71975.96
1775746200000,82.05,82.27,82.04,82.11,48119.88
1775746500000,82.1,82.2,81.99,82.15,29086.65
1775746800000,82.15,82.16,81.93,82.0,31410.02
1775747100000,82.01,82.02,81.86,81.88,25813.13
1775747400000,81.88,82.48,81.87,82.42,39456.78
1775747700000,82.42,82.64,82.32,82.36,82467.03
1775748000000,82.35,82.57,82.31,82.38,38202.47
1775748300000,82.38,82.41,82.2,82.24,20002.6
1775748600000,82.25,83.28,82.17,83.22,173029.44
1775748900000,83.23,83.56,82.96,83.02,169474.85
1775749200000,83.01,83.41,82.97,83.32,67625.43
1775749500000,83.32,83.81,83.27,83.44,88487.04
1775749800000,83.43,83.83,83.37,83.78,100773.95
1775750100000,83.78,83.9,83.6,83.71,89595.2
1775750400000,83.71,84.2,83.71,84.05,97933.82
1775750700000,84.05,84.05,83.71,83.77,67883.96
1775751000000,83.76,83.93,83.67,83.72,52134.84
1775751300000,83.72,84.07,83.68,84.01,29897.18
1775751600000,84.01,84.01,83.74,83.79,50174.96
1775751900000,83.8,83.89,83.57,83.57,48078.13
1775752200000,83.57,83.61,83.36,83.38,54641.47
1775752500000,83.38,83.48,82.92,83.09,97835.09
1775752800000,83.1,83.32,83.05,83.32,40113.42
1775753100000,83.32,83.36,82.87,82.99,33395.76
1775753400000,82.99,83.24,82.95,83.16,23531.81
1775753700000,83.16,83.66,83.16,83.66,67655.94
1775754000000,83.66,84.26,83.63,84.04,143004.87
1775754300000,84.04,84.1,83.9,83.97,50666.45
1775754600000,83.98,84.08,83.91,84.04,28324.74
1775754900000,84.03,84.17,83.98,84.0,36470.34
1775755200000,84.01,84.06,83.89,83.96,31882.46
1775755500000,83.97,84.12,83.75,84.03,47628.95
1775755800000,84.03,84.03,83.75,83.95,40748.5
1775756100000,83.95,84.49,83.95,84.46,85707.58
1775756400000,84.45,84.47,84.28,84.38,37368.83
1775756700000,84.37,84.44,84.27,84.31,32631.89
1775757000000,84.31,84.62,84.27,84.54,75681.29
1775757300000,84.54,84.69,84.44,84.64,68606.45
1775757600000,84.63,84.69,84.02,84.19,204551.39
1775757900000,84.2,84.47,84.09,84.26,91210.6
1775758200000,84.26,84.32,83.9,83.96,40644.79
1775758500000,83.97,84.08,83.85,83.86,39361.07
1775758800000,83.86,83.89,83.7,83.78,33043.86
1775759100000,83.77,84.04,83.68,83.94,31505.81
1775759400000,83.93,83.99,83.61,83.79,21451.61
1775759700000,83.78,83.95,83.76,83.86,9533.37
1775760000000,83.87,83.92,83.64,83.69,17036.94
1775760300000,83.69,83.72,83.4,83.72,41320.06
1775760600000,83.71,83.94,83.61,83.93,49411.89
1775760900000,83.93,84.04,83.8,83.8,30567.11
1775761200000,83.81,84.01,83.65,83.99,47516.01
1775761500000,83.99,84.13,83.85,84.07,29110.88
1775761800000,84.07,84.19,83.92,83.98,19263.14
1775762100000,83.98,84.06,83.74,83.76,28008.92
1775762400000,83.75,83.8,83.4,83.42,26422.26
1775762700000,83.42,83.58,83.41,83.56,18266.55
1775763000000,83.56,83.83,83.55,83.57,51035.25
1775763300000,83.57,83.83,83.52,83.82,10698.53
1775763600000,83.83,84.04,83.75,84.0,35866.17
1775763900000,84.0,84.17,84.0,84.06,9761.35
1775764200000,84.06,84.19,83.98,84.02,19607.04
1775764500000,84.02,84.29,83.82,84.12,70540.99
1775764800000,84.12,84.34,84.07,84.22,46476.93
1775765100000,84.22,84.3,84.19,84.27,15819.32
1775765400000,84.27,84.34,84.22,84.3,14927.95
1775765700000,84.3,84.46,84.25,84.4,19416.99
1775766000000,84.4,84.51,84.35,84.39,25250.92
1775766300000,84.39,84.42,84.29,84.33,22091.78
1775766600000,84.33,84.45,84.27,84.42,18947.63
1775766900000,84.42,84.44,84.22,84.22,9227.33
1775767200000,84.23,84.34,84.2,84.24,17716.95
1775767500000,84.24,84.24,84.13,84.14,11165.16
1775767800000,84.14,84.37,84.07,84.37,24660.95
1775768100000,84.37,84.42,84.22,84.23,48030.58
1775768400000,84.22,84.48,84.15,84.44,23179.04
1775768700000,84.43,84.73,84.2,84.21,73839.22
1775769000000,84.2,84.31,84.14,84.27,16027.99
1775769300000,84.27,84.34,84.2,84.28,5324.08
1775769600000,84.28,84.33,84.11,84.32,15311.58
1775769900000,84.31,84.41,84.22,84.23,16270.96
1775770200000,84.23,84.33,84.15,84.29,8664.2
1775770500000,84.29,84.37,84.2,84.28,7100.63
1775770800000,84.28,84.46,84.28,84.4,16425.82
1775771100000,84.41,84.51,84.37,84.47,14113.98
1775771400000,84.47,84.47,84.3,84.3,5019.6
1775771700000,84.31,84.33,84.16,84.24,16364.56
1775772000000,84.24,84.38,84.13,84.31,21476.44
1775772300000,84.31,84.53,84.21,84.53,18228.1
1775772600000,84.52,84.67,84.44,84.66,15538.62
1775772900000,84.66,85.91,84.65,85.38,243112.78
1775773200000,85.38,85.46,85.04,85.17,59809.1
1775773500000,85.16,85.17,84.81,84.9,58117.66
1775773800000,84.89,84.93,84.71,84.75,27176.34
1775774100000,84.75,84.77,84.45,84.45,47176.91
1775774400000,84.45,84.6,84.37,84.43,37496.6
1775774700000,84.44,84.59,84.24,84.54,41408.62
1775775000000,84.54,84.54,84.04,84.18,39512.73
1775775300000,84.19,84.23,83.89,83.96,54951.98
1775775600000,83.96,84.08,83.8,83.89,65051.41
1775775900000,83.89,84.07,83.85,83.9,50927.4
1775776200000,83.9,83.93,83.5,83.67,50839.08
1775776500000,83.67,83.79,83.38,83.66,73542.2
1775776800000,83.67,83.76,83.61,83.63,27975.31
1775777100000,83.62,83.62,83.45,83.46,21313.8
1775777400000,83.46,83.46,83.11,83.27,92484.24
1775777700000,83.27,83.29,83.12,83.27,30269.23
1775778000000,83.27,83.39,83.26,83.29,25001.37
1775778300000,83.29,83.38,83.17,83.25,21210.93
1775778600000,83.26,83.32,83.18,83.28,18273.7
1775778900000,83.28,83.32,83.22,83.29,10649.77
1775779200000,83.29,83.34,83.07,83.16,51709.61
1775779500000,83.16,83.24,83.01,83.17,40420.05
1775779800000,83.17,83.22,83.01,83.15,21494.43
1775780100000,83.14,83.18,82.86,82.91,42273.88
1775780400000,82.92,83.12,82.85,82.94,35546.86
1775780700000,82.94,83.14,82.89,83.12,16133.65
1775781000000,83.13,83.25,83.03,83.12,23143.53
1775781300000,83.12,83.2,82.9,82.99,35186.94
1775781600000,82.99,83.12,82.95,83.06,27030.08
1775781900000,83.05,83.18,83.0,83.1,8218.99
1775782200000,83.11,83.21,83.02,83.05,11803.51
1775782500000,83.05,83.1,82.98,83.1,26951.65
1775782800000,83.09,83.1,82.91,83.02,24446.64
1775783100000,83.03,83.2,82.89,83.19,70377.33
1775783400000,83.2,83.38,83.15,83.25,34196.48
1775783700000,83.25,83.38,83.25,83.31,20397.34
1775784000000,83.3,83.33,82.78,83.13,70374.13
1775784300000,83.13,83.22,83.09,83.19,31873.35
1775784600000,83.19,83.55,83.14,83.52,57463.21
1775784900000,83.52,83.76,83.49,83.52,86391.92
1775785200000,83.51,83.57,83.36,83.42,55732.35
1775785500000,83.42,83.47,83.33,83.41,18487.22
1775785800000,83.42,83.55,83.4,83.4,10958.21
1775786100000,83.4,83.46,83.11,83.12,62856.48
1775786400000,83.11,83.24,83.04,83.19,48327.38
1775786700000,83.19,83.37,83.17,83.33,16691.61
1775787000000,83.33,83.37,83.26,83.32,9467.53
1775787300000,83.32,83.36,83.25,83.28,17404.32
1775787600000,83.29,83.39,83.28,83.32,20395.88
1775787900000,83.32,83.42,83.32,83.39,14016.25
1775788200000,83.39,83.42,83.29,83.4,6051.86
1775788500000,83.4,83.42,83.32,83.36,7117.68
1775788800000,83.36,83.39,83.28,83.36,9398.03
1775789100000,83.37,83.37,83.17,83.18,11443.52
1775789400000,83.18,83.21,82.99,83.07,52238.19
1775789700000,83.07,83.21,82.98,83.2,24676.21
1775790000000,83.21,83.24,83.01,83.15,42530.94
1775790300000,83.15,83.18,83.07,83.09,8402.65
1775790600000,83.08,83.15,83.03,83.04,9556.31
1775790900000,83.04,83.11,83.0,83.06,6755.69
1775791200000,83.06,83.06,82.71,82.81,66714.58
1775791500000,82.81,82.83,82.56,82.75,67739.15
1775791800000,82.76,82.88,82.74,82.84,12314.95
1775792100000,82.84,82.95,82.83,82.9,12779.78
1775792400000,82.9,82.98,82.88,82.96,11655.32
1775792700000,82.96,83.04,82.89,82.9,10878.14
1775793000000,82.89,82.94,82.81,82.94,7401.92
1775793300000,82.94,82.94,82.82,82.86,5635.24
1775793600000,82.85,82.92,82.85,82.88,4775.32
1775793900000,82.89,82.97,82.85,82.93,7185.66
1775794200000,82.93,83.0,82.92,82.95,5364.68
1775794500000,82.95,83.04,82.93,82.96,8514.58
1775794800000,82.96,83.1,82.96,83.0,15171.98
1775795100000,83.0,83.11,82.98,83.06,13332.36
1775795400000,83.07,83.12,82.96,83.06,20546.11
1775795700000,83.06,83.14,83.02,83.08,10910.75
1775796000000,83.08,83.09,83.03,83.06,5066.1
1775796300000,83.06,83.14,83.05,83.1,5781.58
1775796600000,83.11,83.48,83.06,83.34,46574.38
1775796900000,83.33,83.37,83.22,83.3,35349.18
1775797200000,83.3,83.34,83.19,83.33,9738.12
1775797500000,83.33,83.39,83.15,83.22,18452.72
1775797800000,83.23,83.24,83.06,83.19,50299.51
1775798100000,83.2,83.23,83.12,83.23,12441.35
1775798400000,83.22,83.4,83.22,83.39,27415.36
1775798700000,83.39,83.49,83.39,83.43,24777.03
1775799000000,83.44,83.55,83.42,83.44,27929.54
1775799300000,83.44,83.54,83.42,83.53,7432.89
1775799600000,83.54,83.54,83.39,83.39,7405.19
1775799900000,83.39,83.46,83.39,83.43,4054.05
1775800200000,83.43,83.49,83.3,83.31,16732.66
1775800500000,83.3,83.35,83.24,83.35,16685.67
1775800800000,83.35,83.38,83.27,83.38,10534.14
1775801100000,83.38,83.42,83.33,83.36,27437.04
1775801400000,83.36,83.41,83.25,83.41,10341.76
1775801700000,83.41,83.41,83.2,83.24,15641.43
1775802000000,83.23,83.32,83.18,83.3,14726.71
1775802300000,83.31,83.31,83.21,83.27,9393.24
1775802600000,83.26,83.28,83.14,83.2,11423.6
1775802900000,83.19,83.28,83.07,83.26,37459.62
1775803200000,83.25,83.25,83.14,83.14,18200.97
1775803500000,83.14,83.22,83.11,83.13,16701.7
1775803800000,83.13,83.17,83.06,83.14,12111.79
1775804100000,83.14,83.16,83.1,83.14,11214.93
1775804400000,83.14,83.2,83.1,83.13,25832.86
1775804700000,83.13,83.21,83.13,83.17,12245.97
1775805000000,83.18,83.22,83.09,83.09,6034.86
1775805300000,83.09,83.21,83.09,83.17,17772.35
1775805600000,83.18,83.19,83.1,83.15,13013.44
1775805900000,83.15,83.16,83.11,83.13,5618.35
1775806200000,83.13,83.23,83.11,83.17,13194.79
1775806500000,83.17,83.19,83.06,83.12,29632.61
1775806800000,83.12,83.12,83.03,83.08,10017.73
1775807100000,83.07,83.1,82.98,82.99,9702.62
1775807400000,82.98,83.03,82.83,82.85,45312.74
1775807700000,82.84,82.94,82.84,82.91,34531.16
1775808000000,82.91,82.92,82.8,82.83,21925.81
1775808300000,82.83,83.02,82.8,83.0,35149.33
1775808600000,83.0,83.08,82.92,82.94,21929.48
1775808900000,82.94,82.99,82.85,82.92,19814.76
1775809200000,82.92,82.94,82.84,82.9,11006.85
1775809500000,82.9,82.93,82.88,82.89,11322.98
1775809800000,82.88,83.01,82.86,82.92,23536.79
1775810100000,82.92,83.05,82.89,83.03,29388.66
1775810400000,83.03,83.06,82.91,82.91,14698.97
1775810700000,82.91,82.91,82.69,82.74,134971.59
1775811000000,82.74,82.88,82.67,82.87,52932.81
1775811300000,82.87,82.93,82.83,82.89,8128.12
1775811600000,82.88,83.06,82.87,83.02,29290.55
1775811900000,83.02,83.13,83.02,83.09,20279.6
1775812200000,83.1,83.18,83.05,83.17,11667.02
1775812500000,83.17,83.42,83.08,83.32,68267.12
1775812800000,83.32,83.44,83.29,83.36,43619.93
1775813100000,83.36,83.39,83.32,83.35,17587.55
1775813400000,83.35,83.39,83.3,83.37,17661.83
1775813700000,83.37,83.42,83.32,83.38,8266.18
1775814000000,83.37,83.38,83.31,83.36,8130.64
1775814300000,83.36,83.38,83.32,83.33,15884.28
1775814600000,83.34,83.39,83.32,83.38,25995.97
1775814900000,83.39,83.55,83.36,83.5,105675.52
1775815200000,83.5,83.52,83.44,83.46,15723.6
1775815500000,83.46,83.5,83.38,83.47,14702.58
1775815800000,83.47,83.48,83.43,83.43,6040.29
1775816100000,83.43,83.44,83.38,83.4,14463.62
1775816400000,83.41,83.41,83.24,83.26,13023.31
1775816700000,83.26,83.32,83.18,83.21,19471.3
1775817000000,83.21,83.28,83.18,83.24,7590.44
1775817300000,83.24,83.26,83.16,83.26,6253.19
1775817600000,83.25,83.3,83.14,83.14,15009.75
1775817900000,83.14,83.19,83.12,83.14,9695.77
1775818200000,83.15,83.3,83.07,83.26,68923.45
1775818500000,83.26,83.31,83.21,83.27,9806.91
1775818800000,83.26,83.44,83.26,83.38,20928.93
1775819100000,83.38,83.65,83.35,83.59,38062.21
1775819400000,83.59,83.64,83.54,83.63,22290.09
1775819700000,83.63,83.65,83.53,83.59,45438.01
1775820000000,83.59,83.64,83.54,83.63,19104.23
1775820300000,83.63,83.63,83.54,83.59,18171.01
1775820600000,83.6,83.62,83.4,83.52,22778.62
1775820900000,83.52,83.75,83.51,83.67,55179.47
1775821200000,83.67,83.7,83.55,83.56,35404.84
1775821500000,83.57,83.7,83.53,83.66,21427.41
1775821800000,83.67,83.67,83.57,83.58,23778.83
1775822100000,83.58,83.59,83.47,83.49,15736.52
1775822400000,83.49,83.61,83.46,83.61,28119.23
1775822700000,83.61,83.66,83.51,83.54,18472.3
1775823000000,83.53,83.54,83.49,83.49,17888.3
1775823300000,83.49,83.62,83.44,83.59,9638.07
1775823600000,83.6,83.78,83.45,83.49,39526.2
1775823900000,83.49,83.73,83.31,83.63,92008.45
1775824200000,83.62,83.93,83.31,83.82,244014.57
1775824500000,83.82,84.19,83.73,84.18,146879.96
1775824800000,84.18,84.4,84.08,84.08,100474.73
1775825100000,84.08,84.36,84.08,84.33,62170.85
1775825400000,84.33,84.34,84.09,84.1,40498.59
1775825700000,84.09,84.14,84.03,84.07,25912.63
1775826000000,84.07,84.08,83.96,83.96,28159.77
1775826300000,83.96,84.02,83.85,83.97,32415.75
1775826600000,83.97,84.05,83.93,84.0,11945.87
1775826900000,83.99,84.09,83.92,84.05,27095.07
1775827200000,84.04,84.18,83.98,84.08,17373.01
1775827500000,84.08,84.13,84.0,84.02,11794.42
1775827800000,84.02,84.17,83.77,83.8,53687.56
1775828100000,83.8,83.83,83.53,83.6,61279.37
1775828400000,83.6,83.82,83.56,83.82,17939.18
1775828700000,83.82,84.34,83.76,84.25,54920.63
1775829000000,84.25,84.26,84.01,84.19,32348.43
1775829300000,84.18,84.35,84.14,84.23,29578.9
1775829600000,84.22,84.32,84.15,84.23,28433.2
1775829900000,84.23,84.46,84.14,84.18,57029.58
1775830200000,84.18,84.68,84.15,84.56,72061.35
1775830500000,84.56,84.78,84.48,84.64,95291.45
1775830800000,84.65,85.07,84.64,85.04,116919.99
1775831100000,85.03,85.09,84.81,84.87,76362.89
1775831400000,84.88,85.2,84.88,85.04,63430.13
1775831700000,85.03,85.2,84.96,85.04,43289.88
1775832000000,85.05,85.06,84.62,84.77,163417.2
1775832300000,84.78,84.91,84.7,84.77,48073.78
1775832600000,84.78,85.12,84.78,85.01,49211.62
1775832900000,85.02,85.08,84.92,85.06,35072.22
1775833200000,85.06,85.27,85.04,85.11,56173.99
1775833500000,85.12,85.22,84.99,85.18,33615.48
1775833800000,85.18,85.33,85.09,85.1,34371.24
1775834100000,85.09,85.14,84.94,85.08,30718.3
1775834400000,85.08,85.55,85.06,85.49,55202.98
1775834700000,85.49,85.49,84.8,84.81,56307.36
1775835000000,84.81,84.91,84.72,84.73,54712.97
1775835300000,84.73,84.77,84.62,84.68,53894.8
1775835600000,84.67,84.68,84.43,84.64,58837.76
1775835900000,84.63,84.66,84.32,84.4,32560.15
1775836200000,84.4,84.52,84.35,84.38,25775.41
1775836500000,84.38,84.42,84.03,84.2,106974.16
1775836800000,84.2,84.32,84.06,84.17,58522.11
1775837100000,84.16,84.32,84.14,84.25,19865.82
1775837400000,84.25,84.51,84.25,84.46,34108.11
1775837700000,84.46,84.67,84.43,84.58,52172.07
1775838000000,84.58,84.6,84.34,84.59,34683.26
1775838300000,84.59,84.61,84.5,84.56,17961.93
1775838600000,84.56,84.62,84.37,84.6,19524.79
1775838900000,84.6,84.65,84.51,84.51,12021.06
1775839200000,84.51,84.54,84.4,84.48,21179.5
1775839500000,84.47,84.67,84.47,84.62,16078.29
1775839800000,84.62,84.83,84.62,84.75,37556.61
1775840100000,84.75,84.87,84.74,84.81,26718.52
1775840400000,84.8,84.8,84.66,84.7,28235.2
1775840700000,84.71,84.72,84.63,84.67,10895.91
1775841000000,84.68,84.71,84.55,84.69,7753.52
1775841300000,84.69,84.83,84.62,84.77,7099.71
1775841600000,84.77,84.85,84.71,84.77,11302.73
1775841900000,84.77,84.83,84.64,84.65,17259.12
1775842200000,84.66,84.68,84.54,84.63,18169.46
1775842500000,84.63,84.64,84.42,84.58,14655.03
1775842800000,84.58,84.62,84.43,84.57,6096.37
1775843100000,84.57,84.72,84.57,84.65,6778.62
1775843400000,84.65,84.83,84.64,84.76,8986.3
1775843700000,84.76,84.86,84.74,84.83,7685.11
1775844000000,84.83,84.87,84.61,84.65,15079.56
1775844300000,84.64,84.75,84.58,84.72,11032.79
1775844600000,84.73,84.86,84.71,84.85,10810.88
1775844900000,84.85,84.99,84.73,84.74,20691.03
1775845200000,84.74,84.87,84.74,84.77,7469.64
1775845500000,84.77,84.87,84.66,84.84,14302.96
1775845800000,84.84,84.9,84.82,84.82,7994.06
1775846100000,84.82,84.95,84.79,84.88,8305.38
1775846400000,84.88,84.95,84.81,84.89,20737.61
1775846700000,84.89,84.95,84.87,84.93,7888.53
1775847000000,84.94,85.22,84.92,85.21,38405.23
1775847300000,85.2,85.23,85.11,85.17,15139.74
1775847600000,85.17,85.21,85.11,85.12,6877.36
1775847900000,85.12,85.32,85.12,85.18,23568.39
1775848200000,85.19,85.44,85.17,85.43,25719.7
1775848500000,85.43,85.44,85.28,85.3,13126.83
1775848800000,85.31,85.32,85.17,85.27,28040.31
1775849100000,85.27,85.28,85.15,85.17,19682.96
1775849400000,85.18,85.18,85.07,85.17,27785.14
1775849700000,85.17,85.17,85.1,85.11,7609.15
1775850000000,85.11,85.14,85.09,85.14,8097.64
1775850300000,85.13,85.17,85.08,85.17,6846.1
1775850600000,85.17,85.38,85.14,85.34,15963.2
1775850900000,85.34,85.43,85.31,85.41,12512.01
1775851200000,85.41,85.5,85.37,85.41,39542.1
1775851500000,85.42,85.43,85.21,85.4,16027.97
1775851800000,85.39,85.39,85.27,85.33,17547.39
1775852100000,85.33,85.45,85.29,85.41,14459.28
1775852400000,85.41,85.41,85.23,85.24,12780.1
1775852700000,85.24,85.34,85.24,85.32,5608.0
1775853000000,85.33,85.64,85.3,85.35,58692.32
1775853300000,85.36,85.4,85.01,85.02,23565.39
1775853600000,85.03,85.15,85.02,85.14,8058.01
1775853900000,85.14,85.26,85.02,85.21,8945.14
1775854200000,85.2,85.28,85.17,85.24,5085.33
1775854500000,85.25,85.51,85.25,85.4,14697.04
1775854800000,85.41,85.41,85.3,85.32,22140.45
1775855100000,85.31,85.32,84.98,85.11,30112.33
1775855400000,85.1,85.11,84.94,85.0,15602.53
1775855700000,85.0,85.01,84.92,84.97,8198.76
1775856000000,84.97,85.09,84.93,85.04,8787.77
1775856300000,85.04,85.11,85.0,85.05,5384.22
1775856600000,85.05,85.05,84.95,84.95,4757.02
1775856900000,84.96,85.11,84.95,85.02,7270.84
1775857200000,85.01,85.08,84.92,85.05,13540.17
1775857500000,85.05,85.06,84.95,85.03,7321.92
1775857800000,85.04,85.16,85.02,85.12,6427.81
1775858100000,85.12,85.21,85.12,85.18,7484.73
1775858400000,85.19,85.22,85.03,85.17,11440.08
1775858700000,85.17,85.24,85.12,85.14,13754.52
1775859000000,85.13,85.2,85.1,85.11,5307.73
1775859300000,85.1,85.16,85.02,85.06,11782.68
1775859600000,85.05,85.05,84.89,84.93,21076.96
1775859900000,84.93,84.99,84.92,84.95,7785.36
1775860200000,84.95,84.98,84.93,84.95,4977.89
1775860500000,84.95,84.97,84.63,84.71,46589.22
1775860800000,84.72,84.73,84.59,84.71,30947.53
1775861100000,84.71,84.75,84.69,84.69,9805.68
1775861400000,84.69,84.8,84.68,84.79,7070.67
1775861700000,84.79,84.84,84.77,84.83,3851.37
1775862000000,84.84,84.85,84.72,84.74,9604.56
1775862300000,84.74,84.8,84.7,84.76,10175.73
1775862600000,84.76,84.79,84.69,84.75,4960.6
1775862900000,84.75,84.79,84.69,84.71,7030.59
1775863200000,84.72,84.91,84.72,84.79,7938.9
1775863500000,84.79,84.84,84.77,84.82,5225.21
1775863800000,84.83,84.83,84.73,84.81,4596.23
1775864100000,84.82,84.84,84.75,84.76,5379.79
1775864400000,84.75,84.78,84.73,84.73,15386.51
1775864700000,84.73,84.77,84.7,84.74,3449.86
1775865000000,84.75,84.78,84.7,84.72,6612.35
1775865300000,84.72,84.78,84.7,84.77,5811.02
1775865600000,84.78,84.8,84.57,84.58,29095.94
1775865900000,84.57,84.6,84.46,84.56,56475.63
1775866200000,84.56,84.6,84.52,84.6,14171.19
1775866500000,84.6,84.67,84.59,84.66,5934.33
1775866800000,84.65,84.71,84.59,84.67,6916.36
1775867100000,84.67,84.68,84.63,84.65,4911.35
1775867400000,84.65,84.65,84.57,84.62,4606.11
1775867700000,84.62,84.72,84.61,84.71,8009.31
1775868000000,84.71,84.72,84.61,84.62,4375.6
1775868300000,84.62,84.64,84.53,84.62,20876.25
1775868600000,84.63,84.67,84.6,84.64,8432.25
1775868900000,84.64,84.64,84.62,84.63,2113.55
1775869200000,84.63,84.63,84.5,84.53,11133.56
1775869500000,84.53,84.67,84.52,84.66,7776.5
1775869800000,84.66,84.66,84.5,84.52,8520.84
1775870100000,84.52,84.52,84.33,84.42,36978.34
1775870400000,84.43,84.43,84.36,84.41,8121.17
1775870700000,84.41,84.49,84.35,84.46,11664.36
1775871000000,84.47,84.64,84.45,84.56,14911.79
1775871300000,84.56,84.56,84.41,84.45,7647.73
1775871600000,84.45,84.49,84.44,84.47,8486.2
1775871900000,84.47,84.6,84.46,84.56,3955.49
1775872200000,84.57,84.63,84.56,84.61,15896.92
1775872500000,84.6,84.63,84.59,84.63,9804.27
1775872800000,84.63,84.65,84.53,84.64,11678.34
1775873100000,84.64,84.73,84.57,84.61,18540.56
1775873400000,84.6,84.62,84.54,84.6,23120.52
1775873700000,84.6,84.73,84.59,84.71,11372.68
1775874000000,84.7,84.71,84.63,84.63,8448.14
1775874300000,84.64,84.74,84.62,84.74,7233.6
1775874600000,84.74,84.87,84.72,84.82,24816.36
1775874900000,84.82,84.83,84.74,84.81,18165.87
1775875200000,84.8,84.81,84.68,84.75,6215.46
1775875500000,84.75,84.76,84.62,84.63,12593.5
1775875800000,84.62,84.74,84.62,84.69,9119.03
1775876100000,84.69,84.76,84.69,84.76,3586.86
1775876400000,84.76,84.8,84.73,84.75,10578.71
1775876700000,84.75,84.76,84.62,84.71,16030.28
1775877000000,84.71,84.86,84.7,84.83,11682.69
1775877300000,84.83,84.86,84.78,84.8,9600.07
1775877600000,84.79,84.84,84.76,84.76,9076.13
1775877900000,84.76,84.82,84.75,84.78,11587.1
1775878200000,84.78,84.8,84.65,84.66,10932.41
1775878500000,84.66,84.68,84.58,84.67,12369.22
1775878800000,84.66,84.77,84.64,84.68,5203.6
1775879100000,84.68,84.68,84.58,84.61,21191.48
1775879400000,84.6,84.6,84.45,84.47,36471.86
1775879700000,84.48,84.48,84.19,84.36,72618.88
1775880000000,84.36,84.46,84.28,84.42,21468.0
1775880300000,84.42,84.57,84.41,84.45,15455.49
1775880600000,84.45,84.48,84.34,84.36,10053.41
1775880900000,84.36,84.37,84.23,84.25,23416.19
1775881200000,84.24,84.27,84.2,84.23,18036.98
1775881500000,84.23,84.29,84.16,84.27,13353.97
1775881800000,84.27,84.37,84.26,84.3,6628.31
1775882100000,84.3,84.35,84.22,84.34,11449.1
1775882400000,84.34,84.35,84.28,84.34,11238.0
1775882700000,84.33,84.35,84.24,84.28,23752.91
1775883000000,84.28,84.32,84.24,84.3,18743.81
1775883300000,84.29,84.33,84.29,84.33,5485.97
1775883600000,84.32,84.36,84.27,84.27,10040.97
1775883900000,84.27,84.33,84.24,84.24,10273.46
1775884200000,84.24,84.28,84.1,84.15,22228.7
1775884500000,84.15,84.18,84.05,84.11,19029.03
1775884800000,84.12,84.22,84.11,84.16,19357.7
1775885100000,84.16,84.22,84.16,84.21,3886.48
1775885400000,84.2,84.29,84.2,84.2,44419.67
1775885700000,84.2,84.23,84.11,84.18,15866.72
1775886000000,84.18,84.28,84.17,84.19,24472.61
1775886300000,84.19,84.23,84.14,84.18,20937.9
1775886600000,84.17,84.18,84.09,84.14,10852.52
1775886900000,84.14,84.15,84.03,84.04,14130.31
1775887200000,84.04,84.04,83.91,83.97,42202.72
1775887500000,83.97,84.0,83.86,83.93,19340.59
1775887800000,83.94,84.03,83.92,83.95,30514.52
1775888100000,83.95,84.02,83.94,83.98,6322.83
1775888400000,83.98,84.01,83.93,83.94,7323.42
1775888700000,83.94,83.95,83.82,83.93,19643.47
1775889000000,83.93,83.99,83.93,83.94,4934.83
1775889300000,83.93,84.04,83.93,83.99,10118.73
1775889600000,83.99,84.03,83.96,84.0,12882.2
1775889900000,84.0,84.05,83.97,84.03,11143.43
1775890200000,84.03,84.09,84.03,84.05,8658.83
1775890500000,84.05,84.1,84.05,84.07,11908.64
1775890800000,84.08,84.08,84.02,84.04,10006.6
1775891100000,84.04,84.08,84.02,84.05,5127.47
1775891400000,84.05,84.1,84.03,84.09,9249.22
1775891700000,84.1,84.21,84.1,84.16,23136.03
1775892000000,84.15,84.3,84.15,84.26,29694.61
1775892300000,84.26,84.28,84.22,84.22,10784.31
1775892600000,84.22,84.28,84.21,84.26,14679.7
1775892900000,84.26,84.27,84.22,84.26,6539.62
1775893200000,84.26,84.27,84.17,84.17,11055.61
1775893500000,84.17,84.18,84.11,84.14,7941.5
1775893800000,84.15,84.17,84.1,84.14,11934.24
1775894100000,84.14,84.23,84.14,84.23,5899.12
1775894400000,84.23,84.23,84.15,84.18,12507.28
1775894700000,84.19,84.26,84.18,84.26,10085.87
1775895000000,84.26,84.33,84.24,84.3,17831.08
1775895300000,84.3,84.32,84.28,84.28,6481.89
1775895600000,84.28,84.35,84.27,84.31,7411.39
1775895900000,84.32,84.33,84.29,84.29,4505.01
1775896200000,84.29,84.37,84.29,84.33,16964.56
1775896500000,84.33,84.34,84.28,84.33,12606.69
1775896800000,84.33,84.39,84.3,84.34,8351.6
1775897100000,84.34,84.34,84.28,84.28,12522.77
1775897400000,84.29,84.29,84.14,84.2,26816.96
1775897700000,84.2,84.2,84.11,84.11,10406.24
1775898000000,84.11,84.17,84.1,84.16,9559.46
1775898300000,84.17,84.17,84.12,84.15,5881.35
1775898600000,84.15,84.19,84.13,84.19,5839.09
1775898900000,84.19,84.64,84.18,84.53,87187.84
1775899200000,84.54,84.75,84.52,84.6,57101.47
1775899500000,84.6,84.66,84.59,84.62,12218.99
1775899800000,84.61,84.62,84.42,84.43,20193.0
1775900100000,84.43,84.67,84.43,84.63,49767.4
1775900400000,84.62,84.71,84.43,84.44,74464.42
1775900700000,84.44,84.53,84.42,84.42,10721.43
1775901000000,84.43,84.51,84.41,84.45,23461.87
1775901300000,84.45,84.51,84.4,84.47,22179.13
1775901600000,84.47,84.48,84.4,84.42,9448.1
1775901900000,84.42,84.45,84.4,84.42,11289.15
1775902200000,84.42,84.43,84.15,84.21,71965.92
1775902500000,84.21,84.22,84.08,84.11,29455.51
1775902800000,84.12,84.22,84.11,84.22,9954.22
1775903100000,84.22,84.26,84.2,84.24,7280.81
1775903400000,84.25,84.25,84.18,84.21,12533.8
1775903700000,84.21,84.22,84.06,84.07,18560.2
1775904000000,84.08,84.11,84.02,84.03,17997.18
1775904300000,84.03,84.03,83.9,84.0,43596.54
1775904600000,84.0,84.06,83.99,84.05,14789.5
1775904900000,84.05,84.09,84.0,84.01,9161.69
1775905200000,84.0,84.02,83.95,84.0,20846.67
1775905500000,83.99,84.1,83.99,84.03,28564.55
1775905800000,84.04,84.06,83.95,83.96,56433.9
1775906100000,83.95,84.03,83.71,84.01,128590.2
1775906400000,84.0,84.06,84.0,84.05,9774.53
1775906700000,84.06,84.09,84.01,84.01,12063.96
1775907000000,84.01,84.04,84.0,84.02,6120.02
1775907300000,84.02,84.08,84.02,84.07,12033.39
1775907600000,84.06,84.08,84.05,84.06,2200.41
1775907900000,84.06,84.11,84.04,84.07,19699.72
1775908200000,84.08,84.2,84.07,84.16,19759.17
1775908500000,84.16,84.22,84.16,84.2,26908.22
1775908800000,84.19,84.2,84.1,84.14,21127.25
1775909100000,84.14,84.22,84.14,84.17,18273.14
1775909400000,84.17,84.18,84.08,84.14,14819.66
1775909700000,84.13,84.17,84.09,84.09,8630.95
1775910000000,84.09,84.11,84.01,84.01,7753.78
1775910300000,84.01,84.17,84.01,84.14,4428.0
1775910600000,84.14,84.2,84.09,84.2,12484.71
1775910900000,84.19,84.22,84.15,84.19,13391.56
1775911200000,84.18,84.36,84.18,84.36,69433.02
1775911500000,84.36,84.48,84.18,84.18,121870.69
1775911800000,84.18,84.2,84.16,84.16,6464.0
1775912100000,84.17,84.18,84.14,84.17,6181.61
1775912400000,84.17,84.18,84.02,84.12,20602.2
1775912700000,84.11,84.13,84.03,84.03,6840.89
1775913000000,84.04,84.04,83.76,83.92,89356.41
1775913300000,83.92,84.27,83.92,84.24,35075.23
1775913600000,84.24,84.25,84.08,84.08,19125.6
1775913900000,84.08,84.18,84.0,84.01,33804.6
1775914200000,84.02,84.06,83.96,83.99,14245.93
1775914500000,83.99,84.08,83.99,84.05,10713.1
1775914800000,84.04,84.16,84.04,84.08,7196.27
1775915100000,84.08,84.14,84.05,84.13,7544.02
1775915400000,84.13,84.14,84.06,84.08,7052.25
1775915700000,84.08,84.12,84.03,84.03,9172.17
1775916000000,84.04,84.09,84.01,84.06,23721.11
1775916300000,84.06,84.26,83.98,84.23,141770.9
1775916600000,84.23,84.25,84.21,84.23,8331.6
1775916900000,84.22,84.25,84.2,84.23,25840.4
1775917200000,84.23,84.37,84.23,84.29,64569.8
1775917500000,84.29,84.3,84.21,84.25,8957.85
1775917800000,84.25,84.25,84.13,84.19,5711.42
1775918100000,84.2,84.28,84.19,84.21,8643.69
1775918400000,84.21,84.24,84.15,84.23,5904.12
1775918700000,84.23,84.27,84.22,84.22,4260.16
1775919000000,84.23,84.28,84.23,84.27,7143.31
1775919300000,84.26,84.35,84.24,84.32,5042.29
1775919600000,84.33,84.34,84.18,84.3,22468.85
1775919900000,84.31,84.35,84.27,84.33,6712.28
1775920200000,84.34,84.4,84.33,84.38,7753.52
1775920500000,84.38,84.84,84.36,84.65,98877.49
1775920800000,84.66,84.69,84.57,84.59,24496.5
1775921100000,84.58,84.72,84.47,84.66,45119.2
1775921400000,84.67,84.82,84.57,84.63,89223.74
1775921700000,84.63,84.65,84.57,84.64,15938.69
1775922000000,84.63,84.63,84.48,84.53,15111.86
1775922300000,84.53,84.61,84.48,84.48,22130.74
1775922600000,84.49,84.67,84.48,84.59,21323.76
1775922900000,84.59,84.64,84.55,84.62,13261.05
1775923200000,84.62,84.71,84.6,84.71,25291.28
1775923500000,84.71,84.77,84.54,84.6,18638.19
1775923800000,84.59,84.73,84.57,84.72,11982.78
1775924100000,84.72,84.82,84.64,84.68,23716.15
1775924400000,84.69,84.7,84.56,84.6,17224.52
1775924700000,84.61,84.68,84.57,84.65,12027.32
1775925000000,84.64,84.71,84.64,84.66,5823.79
1775925300000,84.66,84.91,84.66,84.83,23689.59
1775925600000,84.84,85.36,84.83,85.16,138997.17
1775925900000,85.16,85.23,85.0,85.11,42714.33
1775926200000,85.11,85.11,84.92,84.95,19239.41
1775926500000,84.95,85.01,84.93,84.94,13591.18
1775926800000,84.93,84.97,84.87,84.87,19785.0
1775927100000,84.88,84.88,84.73,84.76,24993.86
1775927400000,84.77,84.84,84.72,84.79,18263.69
1775927700000,84.79,84.79,84.63,84.71,23916.65
1775928000000,84.71,84.88,84.67,84.83,15870.4
1775928300000,84.83,84.86,84.73,84.8,21813.72
1775928600000,84.81,84.94,84.81,84.91,26447.35
1775928900000,84.92,84.93,84.84,84.87,17540.89
1775929200000,84.88,84.89,84.82,84.84,5243.28
1775929500000,84.84,84.87,84.71,84.76,22089.09
1775929800000,84.76,84.85,84.74,84.77,13750.68
1775930100000,84.77,84.78,84.69,84.75,12692.7
1775930400000,84.76,84.78,84.62,84.62,14381.11
1775930700000,84.61,84.7,84.6,84.68,10789.96
1775931000000,84.68,84.71,84.64,84.69,8311.7
1775931300000,84.69,84.86,84.69,84.86,10517.47
1775931600000,84.86,84.96,84.86,84.88,20909.05
1775931900000,84.88,84.93,84.87,84.91,7314.39
1775932200000,84.92,85.19,84.91,85.12,49943.06
1775932500000,85.12,85.8,85.12,85.5,214093.83
1775932800000,85.5,85.55,85.36,85.42,40253.24
1775933100000,85.43,85.6,85.32,85.51,30164.66
1775933400000,85.52,85.53,85.37,85.38,19640.88
1775933700000,85.37,85.45,85.32,85.44,17551.22
1775934000000,85.45,85.55,85.38,85.48,31055.36
1775934300000,85.48,85.85,85.47,85.72,61288.29
1775934600000,85.72,85.78,85.56,85.59,19348.7
1775934900000,85.59,85.9,85.59,85.63,43358.08
1775935200000,85.63,85.63,85.48,85.6,13270.11
1775935500000,85.6,85.84,85.59,85.78,18226.07
1775935800000,85.78,86.24,85.77,86.08,127914.17
1775936100000,86.08,86.11,86.02,86.07,23745.85
1775936400000,86.07,86.07,86.01,86.05,16649.17
1775936700000,86.05,86.06,85.88,85.93,66866.16
1775937000000,85.94,86.02,85.88,85.91,12805.45
1775937300000,85.91,85.99,85.84,85.98,8127.01
1775937600000,85.99,86.06,85.63,85.71,39619.55
1775937900000,85.71,85.79,85.65,85.73,12776.96
1775938200000,85.73,85.73,85.56,85.66,18542.11
1775938500000,85.66,85.75,85.57,85.57,9556.11
1775938800000,85.57,85.58,85.37,85.38,31091.97
1775939100000,85.38,85.47,85.38,85.43,19199.63
1775939400000,85.43,85.43,85.09,85.17,36348.9
1775939700000,85.17,85.31,85.08,85.2,33429.75
1775940000000,85.2,85.32,85.17,85.31,5453.59
1775940300000,85.31,85.48,85.26,85.43,20395.27
1775940600000,85.44,85.52,85.43,85.48,12445.14
1775940900000,85.48,85.48,85.35,85.36,5918.03
1775941200000,85.37,85.43,85.15,85.38,18349.83
1775941500000,85.38,85.46,85.36,85.46,5554.57
1775941800000,85.46,85.5,85.38,85.39,13194.03
1775942100000,85.4,85.42,85.33,85.39,4359.5
1775942400000,85.39,85.42,85.25,85.3,9863.72
1775942700000,85.3,85.31,85.21,85.27,3641.24
1775943000000,85.27,85.29,85.16,85.25,8416.87
1775943300000,85.26,85.35,85.25,85.29,4744.23
1775943600000,85.29,85.35,85.25,85.25,3951.42
1775943900000,85.25,85.4,85.24,85.32,8738.3
1775944200000,85.33,85.45,85.33,85.37,8137.95
1775944500000,85.37,85.37,85.26,85.3,9204.46
1775944800000,85.3,85.38,85.2,85.38,10516.21
1775945100000,85.38,85.55,85.38,85.47,21994.03
1775945400000,85.47,85.53,85.41,85.46,7494.7
1775945700000,85.45,86.13,85.44,85.84,147733.51
1775946000000,85.85,85.88,85.74,85.74,18211.48
1775946300000,85.74,85.74,85.53,85.63,23045.13
1775946600000,85.62,85.63,85.25,85.29,35683.99
1775946900000,85.29,85.39,85.01,85.11,37573.28
1775947200000,85.12,85.24,85.1,85.12,23436.35
1775947500000,85.12,85.22,85.11,85.18,15866.48
1775947800000,85.18,85.18,85.08,85.12,8186.82
1775948100000,85.12,85.28,85.11,85.24,16692.94
1775948400000,85.24,85.24,84.73,84.79,39908.7
1775948700000,84.8,84.85,84.57,84.6,55076.52
1775949000000,84.6,84.78,84.47,84.75,56336.68
1775949300000,84.75,84.87,84.7,84.85,12287.27
1775949600000,84.84,84.99,84.83,84.98,9169.46
1775949900000,84.97,85.0,84.92,84.92,9406.08
1775950200000,84.92,85.04,84.89,85.01,15161.89
1775950500000,85.01,85.05,84.96,85.01,9733.48
1775950800000,85.01,85.01,84.8,84.81,27048.36
1775951100000,84.82,84.93,84.8,84.88,18999.19
1775951400000,84.88,84.92,84.81,84.82,9729.91
1775951700000,84.82,84.9,84.82,84.88,11889.23
1775952000000,84.88,84.89,84.66,84.73,22507.62
1775952300000,84.72,84.9,84.72,84.81,18703.06
1775952600000,84.82,84.93,84.74,84.8,18963.99
1775952900000,84.79,84.86,84.75,84.86,12717.92
1775953200000,84.87,84.95,84.84,84.9,14879.46
1775953500000,84.89,84.96,84.86,84.86,17102.15
1775953800000,84.86,84.91,84.79,84.88,13479.65
1775954100000,84.88,84.95,84.78,84.79,10346.56
1775954400000,84.78,84.87,84.72,84.85,13921.37
1775954700000,84.84,84.87,84.72,84.74,37157.97
1775955000000,84.74,84.82,84.74,84.78,5651.97
1775955300000,84.78,84.85,84.78,84.84,4712.38
1775955600000,84.84,84.93,84.78,84.79,12142.39
1775955900000,84.79,84.85,84.69,84.83,13708.74
1775956200000,84.83,84.87,84.73,84.76,12789.81
1775956500000,84.75,84.78,84.61,84.71,27435.57
1775956800000,84.71,84.77,84.67,84.69,5770.56
1775957100000,84.69,84.72,84.64,84.66,9801.41
1775957400000,84.66,84.67,84.07,84.07,122608.85
1775957700000,84.07,84.08,83.2,83.55,422401.3
1775958000000,83.55,83.61,82.51,82.79,263508.72
1775958300000,82.78,82.78,82.13,82.23,225570.7
1775958600000,82.23,82.43,81.97,82.42,177050.06
1775958900000,82.43,82.43,82.08,82.22,98331.73
1775959200000,82.23,82.33,81.88,81.92,187952.89
1775959500000,81.92,82.2,81.81,82.19,77804.61
1775959800000,82.19,82.65,82.11,82.5,118030.21
1775960100000,82.51,82.91,82.49,82.77,156069.93
1775960400000,82.78,82.78,82.53,82.58,56074.18
1775960700000,82.58,82.69,82.48,82.6,54716.37
1775961000000,82.6,82.82,82.58,82.74,40533.87
1775961300000,82.74,82.78,82.56,82.56,30277.53
1775961600000,82.56,82.63,82.49,82.59,42429.6
1775961900000,82.59,82.67,82.51,82.62,18444.48
1775962200000,82.61,82.66,82.53,82.57,21028.09
1775962500000,82.57,82.65,82.54,82.6,16728.34
1775962800000,82.6,82.72,82.56,82.68,39469.87
1775963100000,82.67,82.73,82.5,82.53,21010.82
1775963400000,82.54,82.63,82.43,82.59,31804.98
1775963700000,82.59,82.65,82.5,82.53,13142.0
1775964000000,82.53,82.59,82.44,82.45,17165.6
1775964300000,82.45,82.53,82.44,82.5,13778.27
1775964600000,82.49,82.54,82.26,82.43,24986.53
1775964900000,82.43,82.47,82.3,82.42,34996.69
1775965200000,82.42,82.5,82.41,82.44,20426.65
1775965500000,82.44,82.48,82.34,82.37,28901.33
1775965800000,82.38,82.46,82.37,82.41,8856.43
1775966100000,82.41,82.43,82.26,82.26,20013.12
1775966400000,82.26,82.36,82.23,82.33,43167.53
1775966700000,82.33,82.4,82.24,82.25,10244.69
1775967000000,82.26,82.32,82.22,82.32,17062.81
1775967300000,82.32,82.38,82.16,82.25,27136.99
1775967600000,82.24,82.32,82.17,82.22,12693.83
1775967900000,82.22,82.26,82.14,82.15,31309.14
1775968200000,82.16,82.25,82.11,82.22,21598.13
1775968500000,82.22,82.22,82.14,82.17,22097.87
1775968800000,82.17,82.25,82.11,82.22,14185.42
1775969100000,82.22,82.23,82.16,82.22,13887.71
1775969400000,82.22,82.25,82.1,82.17,13564.46
1775969700000,82.16,82.19,82.12,82.16,8290.54
1775970000000,82.17,82.27,82.1,82.21,12553.6
1775970300000,82.2,82.29,82.17,82.24,18368.43
1775970600000,82.24,82.25,82.1,82.1,9457.08
1775970900000,82.1,82.17,82.01,82.14,18752.89
1775971200000,82.13,82.31,82.13,82.28,21781.8
1775971500000,82.28,82.39,82.27,82.38,14761.53
1775971800000,82.39,82.42,82.29,82.29,21934.07
1775972100000,82.29,82.3,82.18,82.22,25364.25
1775972400000,82.23,82.24,82.19,82.22,9964.62
1775972700000,82.22,82.28,82.19,82.27,8911.78
1775973000000,82.26,82.38,82.25,82.35,26309.65
1775973300000,82.36,82.41,82.31,82.34,18277.85
1775973600000,82.34,82.41,82.29,82.39,14489.79
1775973900000,82.4,82.45,82.32,82.35,14623.19
1775974200000,82.35,82.41,82.31,82.38,14503.29
1775974500000,82.38,82.38,82.19,82.29,24553.91
1775974800000,82.29,82.32,82.22,82.32,11354.67
1775975100000,82.31,82.38,82.29,82.36,15805.12
1775975400000,82.35,82.35,82.28,82.3,5195.11
1775975700000,82.31,82.33,82.18,82.22,14519.29
1775976000000,82.23,82.29,82.21,82.24,10197.21
1775976300000,82.23,82.26,82.2,82.24,3835.68
1775976600000,82.24,82.28,82.15,82.16,16950.39
1775976900000,82.16,82.24,82.15,82.22,19199.88
1775977200000,82.21,82.27,82.18,82.22,5718.74
1775977500000,82.22,82.31,82.22,82.27,6289.18
1775977800000,82.27,82.36,82.26,82.26,4913.59
1775978100000,82.26,82.27,82.21,82.26,11618.86
1775978400000,82.25,82.32,82.25,82.28,6528.97
1775978700000,82.28,82.32,82.26,82.29,3902.95
1775979000000,82.28,82.33,82.28,82.33,6477.97
1775979300000,82.33,82.4,82.31,82.38,8008.93
1775979600000,82.37,82.39,82.36,82.37,5355.41
1775979900000,82.37,82.41,82.23,82.25,20119.42
1775980200000,82.25,82.33,82.23,82.3,11701.69
1775980500000,82.3,82.3,82.22,82.23,23297.06
1775980800000,82.22,82.25,82.15,82.16,29559.23
1775981100000,82.16,82.22,82.15,82.17,8197.35
1775981400000,82.16,82.18,82.15,82.15,8265.23
1775981700000,82.15,82.21,82.1,82.11,17540.54
1775982000000,82.11,82.17,82.1,82.17,23386.3
1775982300000,82.17,82.22,82.17,82.21,6042.1
1775982600000,82.21,82.22,82.15,82.17,12784.52
1775982900000,82.17,82.23,82.16,82.2,5510.87
1775983200000,82.2,82.24,82.18,82.22,7461.97
1775983500000,82.23,82.23,82.11,82.11,9157.2
1775983800000,82.11,82.17,82.08,82.15,15711.3
1775984100000,82.15,82.23,82.15,82.23,6511.24
1775984400000,82.23,82.27,82.21,82.25,8859.09
1775984700000,82.25,82.35,82.11,82.16,56857.3
1775985000000,82.16,82.22,82.16,82.22,6402.63
1775985300000,82.22,82.22,82.18,82.18,3253.36
1775985600000,82.19,82.21,82.13,82.21,11127.04
1775985900000,82.21,82.22,82.15,82.15,5050.97
1775986200000,82.14,82.22,82.12,82.21,4735.93
1775986500000,82.21,82.25,82.15,82.25,4340.07
1775986800000,82.25,82.25,82.15,82.18,13625.64
1775987100000,82.18,82.21,82.06,82.11,21142.1
1775987400000,82.11,82.16,82.11,82.13,2891.69
1775987700000,82.13,82.16,82.12,82.15,9062.98
1775988000000,82.15,82.15,82.11,82.12,8674.72
1775988300000,82.12,82.27,82.12,82.25,10872.33
1775988600000,82.24,82.25,82.11,82.13,10191.66
1775988900000,82.12,82.18,82.12,82.17,13068.63
1775989200000,82.18,82.24,82.17,82.21,4388.01
1775989500000,82.21,82.25,82.19,82.25,3517.4
1775989800000,82.25,82.28,82.21,82.21,16104.49
1775990100000,82.21,82.23,82.19,82.2,4512.16
1775990400000,82.19,82.22,82.19,82.2,2649.76
1775990700000,82.21,82.21,82.15,82.17,7688.72
1775991000000,82.17,82.21,81.9,81.96,62222.23
1775991300000,81.95,82.04,81.9,81.99,37879.67
1775991600000,81.98,82.03,81.92,81.92,30436.18
1775991900000,81.92,82.1,81.91,82.07,23467.15
1775992200000,82.06,82.21,81.92,82.18,90593.06
1775992500000,82.18,82.21,82.15,82.16,6385.14
1775992800000,82.16,82.19,82.13,82.13,12627.72
1775993100000,82.13,82.29,82.13,82.27,12841.05
1775993400000,82.27,82.32,82.19,82.19,24850.34
1775993700000,82.19,82.23,82.19,82.22,7468.68
1775994000000,82.21,82.25,82.2,82.2,3489.43
1775994300000,82.2,82.21,82.15,82.16,15537.57
1775994600000,82.16,82.18,82.15,82.16,8748.25
1775994900000,82.16,82.17,82.15,82.16,2614.55
1775995200000,82.15,82.22,82.09,82.18,16305.12
1775995500000,82.19,82.19,82.14,82.17,4089.39
1775995800000,82.17,82.24,82.15,82.24,4818.83
1775996100000,82.24,82.29,82.23,82.29,13118.59
1775996400000,82.29,82.34,82.24,82.34,19296.22
1775996700000,82.33,82.4,82.32,82.4,18284.29
1775997000000,82.39,82.5,82.16,82.24,84151.54
1775997300000,82.24,82.39,82.23,82.35,11887.92
1775997600000,82.35,82.42,82.32,82.37,12367.69
1775997900000,82.37,82.39,82.31,82.31,7257.36
1775998200000,82.31,82.31,81.82,82.08,98384.05
1775998500000,82.09,82.17,81.9,81.97,55713.03
1775998800000,81.97,82.05,81.85,82.03,71343.46
1775999100000,82.03,82.19,81.98,82.09,47681.92
1775999400000,82.08,82.09,81.9,81.91,33549.28
1775999700000,81.91,82.03,81.9,81.95,15386.64
1776000000000,81.94,82.02,81.94,81.98,15737.07
1776000300000,81.98,82.03,81.9,81.9,24113.26
1776000600000,81.91,81.99,81.71,81.99,121333.02
1776000900000,81.99,82.04,81.85,81.91,39737.83
1776001200000,81.92,82.0,81.83,81.97,11225.94
1776001500000,81.97,81.98,81.8,81.95,25067.46
1776001800000,81.94,81.95,81.8,81.86,26950.58
1776002100000,81.86,81.92,81.8,81.86,26195.56
1776002400000,81.85,82.0,81.83,81.91,31108.55
1776002700000,81.91,82.03,81.89,82.0,19428.94
1776003000000,82.0,82.06,81.82,81.94,74440.1
1776003300000,81.94,81.97,81.9,81.97,14439.35
1776003600000,81.97,82.04,81.91,81.98,43227.43
1776003900000,81.98,81.99,81.87,81.91,10931.87
1776004200000,81.91,81.92,81.64,81.69,84710.33
1776004500000,81.68,81.74,81.55,81.56,40224.92
1776004800000,81.57,81.64,81.24,81.35,201859.14
1776005100000,81.35,81.53,81.25,81.42,115051.81
1776005400000,81.42,81.55,81.42,81.48,51197.95
1776005700000,81.48,81.62,81.42,81.52,15253.68
1776006000000,81.53,81.63,81.51,81.61,14129.86
1776006300000,81.61,81.67,81.58,81.64,15736.65
1776006600000,81.64,81.76,81.63,81.74,28031.68
1776006900000,81.74,81.79,81.44,81.52,91749.89
1776007200000,81.52,81.6,81.5,81.54,11489.87
1776007500000,81.54,81.56,81.4,81.4,13999.54
1776007800000,81.4,81.59,81.26,81.52,85801.05
1776008100000,81.53,81.57,81.47,81.53,8189.42
1776008400000,81.53,81.61,81.5,81.56,14755.31
1776008700000,81.56,81.58,81.51,81.53,11904.36
1776009000000,81.54,81.66,81.53,81.61,11477.64
1776009300000,81.6,81.6,81.52,81.54,9635.17
1776009600000,81.54,81.7,81.48,81.65,19177.14
1776009900000,81.65,81.66,81.51,81.53,12893.93
1776010200000,81.53,81.71,81.52,81.68,9962.41
1776010500000,81.68,81.71,81.56,81.56,12762.33
1776010800000,81.56,81.7,81.5,81.7,21052.38
1776011100000,81.7,81.74,81.65,81.73,10337.58
1776011400000,81.73,81.82,81.72,81.79,12481.46
1776011700000,81.79,81.79,81.64,81.64,9680.21
1776012000000,81.65,81.73,81.63,81.7,7151.18
1776012300000,81.69,81.76,81.66,81.71,6016.35
1776012600000,81.71,81.82,81.71,81.78,10482.84
1776012900000,81.77,81.84,81.72,81.83,10890.45
1776013200000,81.83,81.91,81.75,81.85,15035.03
1776013500000,81.85,81.88,81.76,81.79,4962.43
1776013800000,81.79,81.79,81.71,81.71,4836.08
1776014100000,81.71,81.79,81.71,81.79,3701.18
1776014400000,81.79,81.88,81.79,81.87,9922.03
1776014700000,81.87,81.91,81.84,81.87,20694.88
1776015000000,81.88,81.99,81.87,81.96,10706.12
1776015300000,81.95,81.96,81.83,81.91,18212.81
1776015600000,81.91,81.95,81.88,81.92,14909.27
1776015900000,81.91,81.91,81.77,81.86,13732.63
1776016200000,81.86,82.27,81.85,82.1,55418.46
1776016500000,82.1,82.16,82.05,82.13,16341.98
1776016800000,82.14,82.17,82.0,82.14,30634.97
1776017100000,82.14,82.23,82.04,82.09,35236.31
1776017400000,82.1,82.13,82.06,82.12,4318.93
1776017700000,82.13,82.27,82.08,82.11,22324.76
1776018000000,82.1,82.16,82.04,82.07,8370.46
1776018300000,82.07,82.07,82.0,82.02,6251.55
1776018600000,82.01,82.07,81.99,82.0,12122.39
1776018900000,82.0,82.17,81.99,82.16,3698.07
1776019200000,82.17,82.17,82.02,82.03,5789.58
1776019500000,82.03,82.08,82.03,82.05,3909.68
1776019800000,82.06,82.11,82.05,82.09,5979.42
1776020100000,82.09,82.14,82.06,82.07,15302.3
1776020400000,82.07,82.11,82.07,82.1,3147.57
1776020700000,82.1,82.18,82.1,82.15,3350.89
1776021000000,82.15,82.27,82.12,82.12,7121.72
1776021300000,82.13,82.15,82.05,82.06,6766.84
1776021600000,82.07,82.13,82.06,82.12,1289.61
1776021900000,82.12,82.16,82.09,82.15,1273.01
1776022200000,82.15,82.19,82.1,82.19,4187.75
1776022500000,82.18,82.18,82.02,82.05,8926.42
1776022800000,82.06,82.09,82.04,82.06,1992.68
1776023100000,82.06,82.09,81.94,81.98,10729.57
1776023400000,81.97,81.98,81.87,81.98,8342.81
1776023700000,81.97,81.97,81.87,81.92,4457.62
1776024000000,81.92,81.99,81.92,81.96,8132.92
1776024300000,81.96,81.97,81.87,81.91,6212.65
1776024600000,81.9,82.02,81.9,82.0,6127.58
1776024900000,82.0,82.01,81.91,82.0,6125.66
1776025200000,82.0,82.05,81.97,82.04,4481.41
1776025500000,82.04,82.07,82.01,82.02,5081.65
1776025800000,82.03,82.18,82.02,82.16,17613.27
1776026100000,82.16,82.3,82.15,82.28,12553.52
1776026400000,82.28,82.84,82.27,82.67,94129.16
1776026700000,82.67,82.79,82.47,82.49,36496.88
1776027000000,82.49,82.63,82.44,82.57,36513.59
1776027300000,82.57,82.67,82.55,82.62,7179.93
1776027600000,82.62,82.84,82.61,82.63,23808.0
1776027900000,82.63,82.7,82.52,82.53,18973.87
1776028200000,82.53,82.56,82.38,82.47,26990.49
1776028500000,82.48,82.73,82.46,82.62,19240.97
1776028800000,82.63,82.63,82.57,82.62,6507.8
1776029100000,82.62,82.63,82.53,82.59,6624.95
1776029400000,82.59,82.62,82.42,82.45,13903.79
1776029700000,82.45,82.69,82.44,82.64,21935.09
1776030000000,82.64,82.78,82.61,82.71,9496.37
1776030300000,82.71,82.73,82.57,82.64,8379.23
1776030600000,82.64,82.66,82.5,82.6,20716.16
1776030900000,82.6,82.77,82.6,82.74,9430.8
1776031200000,82.74,82.77,81.82,82.04,127220.02
1776031500000,82.04,82.51,82.0,82.14,113998.16
1776031800000,82.14,82.19,81.89,82.11,66549.89
1776032100000,82.12,82.15,81.57,81.61,121548.99
1776032400000,81.6,81.95,81.56,81.81,82102.64
1776032700000,81.81,81.83,81.45,81.5,58436.23
1776033000000,81.5,81.71,81.32,81.65,75410.13
1776033300000,81.65,81.96,81.63,81.86,31094.21
1776033600000,81.87,82.0,81.8,81.87,12978.91
1776033900000,81.87,81.94,81.75,81.76,12256.81
1776034200000,81.77,81.91,81.77,81.87,13989.55
1776034500000,81.87,81.98,81.84,81.95,11666.2
1776034800000,81.95,81.95,81.63,81.79,18660.78
1776035100000,81.79,81.84,81.68,81.74,8120.79
1776035400000,81.75,81.8,81.41,81.45,33214.4
1776035700000,81.45,81.56,81.22,81.55,67277.04
1776036000000,81.55,81.56,81.35,81.38,16770.68
1776036300000,81.38,81.56,81.37,81.5,6939.48
1776036600000,81.5,81.5,81.25,81.37,11746.38
1776036900000,81.36,81.46,81.36,81.42,10674.92
1776037200000,81.42,81.54,81.34,81.52,12600.27
1776037500000,81.52,81.54,81.33,81.42,18430.71
1776037800000,81.42,81.64,81.42,81.47,20202.49
1776038100000,81.47,81.54,81.46,81.49,5487.7
1776038400000,81.49,81.58,81.36,81.58,14964.47
1776038700000,81.58,81.78,81.58,81.77,17357.46
1776039000000,81.76,81.86,81.63,81.72,23394.36
1776039300000,81.72,81.77,81.64,81.65,10082.9
1776039600000,81.65,81.8,81.64,81.77,6978.34
1776039900000,81.77,81.93,81.72,81.72,20153.68
1776040200000,81.73,81.92,81.69,81.91,17135.38
1776040500000,81.91,81.92,81.8,81.8,17973.26
1776040800000,81.8,81.89,81.8,81.85,10651.59
1776041100000,81.85,82.01,81.8,81.95,17155.44
1776041400000,81.95,82.18,81.91,82.12,19159.3
1776041700000,82.12,82.14,82.02,82.09,9655.73
1776042000000,82.1,82.21,82.07,82.16,21216.7
1776042300000,82.16,82.19,82.07,82.08,14417.54
1776042600000,82.08,82.3,81.91,81.94,92530.8
1776042900000,81.94,82.01,81.94,81.97,10681.67
1776043200000,81.97,82.01,81.94,81.97,8416.32
1776043500000,81.97,82.1,81.96,82.02,13501.73
1776043800000,82.02,82.14,81.94,82.12,18268.33
1776044100000,82.11,82.22,82.0,82.02,8818.92
1776044400000,82.02,82.12,82.0,82.09,8329.47
1776044700000,82.09,82.19,82.06,82.16,5673.79
1776045000000,82.16,82.23,82.14,82.15,21318.59
1776045300000,82.15,82.3,82.14,82.27,7896.11
1776045600000,82.28,82.39,82.24,82.27,18284.45
1776045900000,82.27,82.28,82.15,82.2,10691.75
1776046200000,82.21,82.22,81.98,82.01,17915.96
1776046500000,82.01,82.07,81.97,82.02,12494.92
1776046800000,82.03,82.17,82.02,82.16,9564.56
1776047100000,82.16,82.38,82.16,82.29,16645.59
1776047400000,82.29,82.35,82.09,82.13,22272.61
1776047700000,82.13,82.17,81.87,81.98,25847.57
1776048000000,81.98,82.02,81.88,81.88,10002.47
1776048300000,81.88,81.97,81.87,81.95,8739.49
1776048600000,81.94,81.95,81.84,81.93,7127.16
1776048900000,81.93,81.93,81.86,81.9,5213.18
1776049200000,81.9,81.94,81.76,81.93,19108.69
1776049500000,81.93,81.93,81.76,81.78,7185.04
1776049800000,81.77,81.85,81.76,81.82,11536.4
1776050100000,81.83,82.02,81.71,81.99,22205.85
1776050400000,81.99,82.02,81.84,81.86,10117.72
1776050700000,81.86,81.98,81.86,81.92,7343.9
1776051000000,81.92,82.01,81.91,81.95,4243.69
1776051300000,81.96,81.99,81.7,81.79,16137.97
1776051600000,81.79,81.85,81.75,81.84,8694.95
1776051900000,81.84,81.85,81.79,81.84,3073.52
1776052200000,81.85,81.88,81.82,81.84,5195.65
1776052500000,81.84,81.9,81.84,81.86,3081.95
1776052800000,81.87,81.97,81.86,81.92,9401.57
1776053100000,81.92,81.92,81.8,81.86,5114.66
1776053400000,81.86,81.93,81.83,81.92,6507.87
1776053700000,81.91,81.93,81.83,81.92,7295.52
1776054000000,81.92,81.95,81.89,81.9,4219.05
1776054300000,81.91,82.02,81.9,81.98,11430.93
1776054600000,81.97,82.07,81.97,82.04,10894.2
1776054900000,82.05,82.12,82.02,82.12,9673.57
1776055200000,82.12,82.22,82.09,82.09,16070.4
1776055500000,82.09,82.1,82.01,82.05,14184.55
1776055800000,82.06,82.06,81.84,81.93,27289.73
1776056100000,81.93,82.05,81.84,81.87,58836.93
1776056400000,81.87,81.94,81.83,81.87,11712.41
1776056700000,81.87,81.9,81.71,81.72,20845.72
1776057000000,81.71,81.76,81.63,81.7,19567.66
1776057300000,81.7,81.78,81.68,81.68,16409.98
1776057600000,81.68,81.73,81.62,81.72,7787.62
1776057900000,81.72,81.75,81.59,81.72,26432.25
1776058200000,81.72,81.73,81.54,81.66,21870.66
1776058500000,81.66,81.68,81.48,81.55,25216.65
1776058800000,81.56,81.66,81.55,81.62,11701.04
1776059100000,81.62,81.81,81.62,81.7,21550.19
1776059400000,81.69,81.79,81.67,81.76,4028.31
1776059700000,81.77,81.82,81.7,81.8,13566.76
1776060000000,81.8,82.02,81.77,82.02,19352.12
1776060300000,82.01,82.1,81.97,81.97,24785.46
1776060600000,81.97,82.03,81.95,82.02,4905.54
1776060900000,82.02,82.33,81.97,82.25,60559.38
1776061200000,82.24,82.37,82.19,82.34,59093.1
1776061500000,82.34,82.36,82.2,82.31,34526.69
1776061800000,82.31,82.43,82.26,82.26,51289.4
1776062100000,82.27,82.42,82.14,82.35,90510.38
1776062400000,82.36,82.37,82.2,82.3,22944.35
1776062700000,82.3,82.48,82.27,82.44,47727.67
1776063000000,82.44,82.56,82.37,82.37,50654.89
1776063300000,82.37,82.42,82.28,82.31,12624.36
1776063600000,82.3,82.37,82.21,82.31,25890.09
1776063900000,82.31,82.31,82.13,82.17,14163.65
1776064200000,82.16,82.21,82.14,82.19,9241.69
1776064500000,82.19,82.19,82.04,82.06,24419.85
1776064800000,82.06,82.06,81.81,81.85,43936.44
1776065100000,81.85,81.92,81.84,81.88,8800.39
1776065400000,81.88,81.98,81.88,81.9,11266.1
1776065700000,81.9,82.07,81.89,82.02,11031.58
1776066000000,82.01,82.04,81.95,82.03,15048.35
1776066300000,82.02,82.16,81.99,82.09,18654.7
1776066600000,82.09,82.15,82.05,82.06,10249.77
1776066900000,82.06,82.14,82.05,82.12,4010.01
1776067200000,82.11,82.2,82.01,82.17,36531.68
1776067500000,82.17,82.23,81.96,82.02,64008.23
1776067800000,82.03,82.1,81.94,81.94,19221.81
1776068100000,81.95,81.96,81.83,81.84,50097.89
1776068400000,81.83,81.91,81.8,81.91,13166.72
1776068700000,81.91,82.02,81.91,81.94,13837.09
1776069000000,81.93,81.93,81.82,81.85,15026.21
1776069300000,81.85,81.89,81.8,81.8,8466.99
1776069600000,81.8,81.83,81.7,81.73,26274.99
1776069900000,81.74,81.84,81.68,81.8,20780.96
1776070200000,81.81,81.81,81.71,81.78,14474.35
1776070500000,81.79,81.83,81.77,81.81,3487.15
1776070800000,81.81,82.17,81.81,82.09,39936.41
1776071100000,82.09,82.11,81.88,81.89,14176.22
1776071400000,81.89,81.92,81.82,81.82,19568.0
1776071700000,81.82,82.01,81.76,81.94,96103.14
1776072000000,81.94,82.06,81.94,81.97,37127.14
1776072300000,81.97,82.03,81.95,81.95,5449.05
1776072600000,81.95,82.0,81.94,81.96,5940.68
1776072900000,81.96,82.0,81.9,81.94,2973.61
1776073200000,81.95,81.96,81.89,81.9,3639.18
1776073500000,81.9,81.92,81.84,81.86,7318.36
1776073800000,81.85,81.86,81.81,81.84,7059.72
1776074100000,81.84,81.89,81.81,81.81,7025.04
1776074400000,81.81,81.88,81.79,81.84,17166.59
1776074700000,81.85,81.93,81.84,81.86,13580.55
1776075000000,81.85,81.88,81.82,81.88,6565.62
1776075300000,81.89,81.89,81.75,81.83,7553.6
1776075600000,81.82,81.87,81.77,81.78,8950.47
1776075900000,81.79,81.83,81.69,81.73,13384.81
1776076200000,81.73,81.81,81.73,81.75,8228.98
1776076500000,81.74,81.86,81.66,81.82,13718.83
1776076800000,81.81,81.82,81.73,81.75,4230.01
1776077100000,81.76,81.82,81.73,81.75,7581.82
1776077400000,81.75,81.81,81.7,81.71,4996.45
1776077700000,81.72,81.8,81.61,81.7,30365.1
1776078000000,81.7,81.91,81.64,81.8,43167.14
1776078300000,81.79,81.86,81.79,81.81,8973.16
1776078600000,81.81,81.85,81.81,81.84,3622.65
1776078900000,81.84,81.88,81.81,81.83,6405.56
1776079200000,81.83,81.91,81.8,81.84,4074.62
1776079500000,81.85,81.87,81.8,81.82,8386.95
1776079800000,81.82,81.88,81.77,81.78,4302.22
1776080100000,81.78,81.86,81.76,81.81,4755.04
1776080400000,81.82,81.96,81.78,81.95,16064.96
1776080700000,81.95,82.01,81.75,81.79,44306.71
1776081000000,81.8,81.88,81.75,81.86,35422.64
1776081300000,81.86,81.87,81.81,81.81,4973.68
1776081600000,81.81,81.9,81.77,81.81,13799.66
1776081900000,81.81,82.12,81.8,82.07,41225.54
1776082200000,82.08,82.16,82.05,82.05,23300.9
1776082500000,82.05,82.14,81.98,82.09,24848.94
1776082800000,82.1,82.1,81.98,81.98,10360.31
1776083100000,81.98,82.0,81.88,81.93,26288.46
1776083400000,81.93,82.07,81.86,82.03,27380.56
1776083700000,82.03,82.04,81.97,82.01,9252.56
1776084000000,82.0,82.1,81.97,82.09,14347.76
1776084300000,82.1,82.3,82.09,82.28,36421.47
1776084600000,82.28,82.73,82.27,82.72,108362.39
1776084900000,82.72,82.73,82.4,82.48,112879.69
1776085200000,82.49,82.64,82.48,82.6,38916.96
1776085500000,82.6,82.63,82.35,82.46,43262.33
1776085800000,82.45,82.65,82.45,82.63,32312.37
1776086100000,82.63,82.63,82.44,82.52,15670.04
1776086400000,82.52,82.53,82.39,82.48,47684.42
1776086700000,82.47,82.63,82.39,82.55,102528.39
1776087000000,82.55,82.63,82.35,82.44,28811.86
1776087300000,82.45,82.48,82.23,82.33,71185.95
1776087600000,82.33,82.77,82.3,82.53,94234.12
1776087900000,82.53,83.52,82.39,83.48,229255.76
1776088200000,83.48,83.58,82.98,83.29,131876.91
1776088500000,83.3,83.64,83.21,83.57,75209.37
1776088800000,83.56,83.74,83.26,83.36,101424.49
1776089100000,83.35,83.38,83.06,83.1,41966.28
1776089400000,83.1,83.25,83.04,83.12,35301.44
1776089700000,83.12,83.26,82.88,82.99,120269.88
1776090000000,83.0,83.14,82.73,83.0,76153.31
1776090300000,83.0,83.06,82.93,82.97,14717.85
1776090600000,82.97,83.25,82.91,83.15,31020.86
1776090900000,83.16,83.29,83.08,83.28,23843.16
1776091200000,83.28,83.49,83.14,83.42,46417.92
1776091500000,83.42,83.59,83.21,83.23,72926.9
1776091800000,83.24,83.38,83.12,83.37,47737.83
1776092100000,83.37,83.79,83.31,83.74,122465.2
1776092400000,83.74,83.79,83.22,83.25,137102.53
1776092700000,83.25,83.39,83.1,83.22,55662.8
1776093000000,83.22,83.3,83.08,83.17,29727.6
1776093300000,83.17,83.21,82.98,83.0,22317.13
1776093600000,83.01,83.1,82.94,82.94,31289.89
1776093900000,82.94,82.97,82.76,82.85,40260.23
1776094200000,82.85,82.85,82.4,82.47,78247.51
1776094500000,82.47,82.56,82.31,82.42,67846.52
1776094800000,82.43,82.5,82.37,82.46,33047.2
1776095100000,82.46,82.57,82.38,82.43,30535.99
1776095400000,82.43,82.53,82.35,82.45,35836.63
1776095700000,82.46,82.68,82.45,82.63,42593.95
1776096000000,82.62,82.74,82.51,82.55,50539.38
1776096300000,82.55,82.79,82.29,82.79,66767.71
1776096600000,82.79,82.91,82.78,82.89,38844.72
1776096900000,82.89,83.12,82.76,83.05,40464.44
1776097200000,83.04,83.25,82.96,83.15,34466.26
1776097500000,83.16,83.38,83.08,83.33,74416.85
1776097800000,83.33,83.47,83.22,83.37,40563.32
1776098100000,83.36,83.51,83.23,83.36,49310.69
1776098400000,83.37,83.49,83.2,83.4,33076.22
1776098700000,83.4,83.59,83.33,83.36,48305.78
1776099000000,83.36,83.47,83.1,83.14,44038.22
1776099300000,83.14,83.38,83.14,83.32,11496.23
1776099600000,83.33,83.35,83.19,83.26,20686.31
1776099900000,83.26,83.32,83.14,83.32,14397.89
1776100200000,83.32,83.48,83.26,83.26,31636.72
1776100500000,83.27,83.44,83.24,83.44,9916.69
1776100800000,83.45,83.45,83.26,83.28,5354.17
1776101100000,83.28,83.59,83.28,83.57,38033.54
1776101400000,83.58,83.81,83.58,83.63,109309.15
1776101700000,83.63,83.65,83.47,83.48,20810.09
1776102000000,83.48,83.52,83.42,83.46,10678.18
1776102300000,83.46,83.53,83.28,83.29,25082.97
1776102600000,83.3,83.33,82.99,83.08,59698.67
1776102900000,83.09,83.09,82.98,83.03,17911.25
1776103200000,83.03,83.08,82.94,83.04,26770.44
1776103500000,83.04,83.11,82.98,83.03,14012.03
1776103800000,83.03,83.08,82.89,83.07,12837.79
1776104100000,83.07,83.08,82.89,83.0,25256.37
1776104400000,83.0,83.12,82.67,82.69,43776.52
1776104700000,82.68,82.76,82.55,82.76,44784.97
1776105000000,82.75,82.98,82.72,82.97,19228.64
1776105300000,82.96,83.02,82.91,82.95,13392.64
1776105600000,82.95,83.19,82.93,83.05,19273.43
1776105900000,83.04,83.21,83.04,83.11,32196.76
1776106200000,83.12,83.19,83.08,83.19,8888.01
1776106500000,83.19,83.24,83.15,83.18,10004.15
1776106800000,83.19,83.22,83.07,83.12,18036.31
1776107100000,83.12,83.2,83.07,83.08,8773.87
1776107400000,83.08,83.17,83.07,83.08,14713.58
1776107700000,83.08,83.44,83.08,83.29,36256.09
1776108000000,83.3,83.57,83.24,83.41,46508.14
1776108300000,83.41,83.53,83.35,83.49,24059.01
1776108600000,83.49,83.81,83.46,83.76,66333.68
1776108900000,83.76,83.79,83.54,83.79,76140.29
1776109200000,83.78,83.8,83.6,83.69,39637.4
1776109500000,83.69,83.97,83.69,83.85,75711.64
1776109800000,83.86,84.15,83.86,84.12,55135.21
1776110100000,84.12,84.23,84.04,84.07,73203.0
1776110400000,84.08,84.22,83.97,83.98,84595.89
1776110700000,83.99,84.12,83.92,84.06,26034.45
1776111000000,84.06,84.07,83.79,83.82,62269.2
1776111300000,83.82,83.93,83.82,83.86,14649.72
1776111600000,83.87,83.93,83.81,83.82,12752.73
1776111900000,83.82,84.04,83.81,84.04,32365.9
1776112200000,84.04,84.14,84.01,84.14,26320.3
1776112500000,84.14,84.35,84.04,84.05,55174.12
1776112800000,84.05,84.17,84.04,84.12,15873.93
1776113100000,84.13,84.13,83.97,83.97,23646.0
1776113400000,83.97,83.98,83.84,83.86,15447.39
1776113700000,83.86,83.99,83.82,83.92,14027.97
1776114000000,83.92,83.96,83.83,83.88,8714.83
1776114300000,83.88,84.01,83.88,83.94,22893.38
1776114600000,83.94,84.11,83.93,83.96,19677.68
1776114900000,83.96,84.07,83.85,83.87,10296.0
1776115200000,83.87,83.94,83.81,83.89,19309.82
1776115500000,83.89,83.9,83.83,83.84,6162.56
1776115800000,83.84,84.02,83.83,83.99,11919.62
1776116100000,83.99,84.03,83.89,84.03,5184.38
1776116400000,84.02,84.12,83.88,84.0,26315.05
1776116700000,84.01,84.02,83.81,83.94,17197.28
1776117000000,83.94,84.05,83.92,83.99,5296.57
1776117300000,83.99,84.03,83.92,83.92,7249.6
1776117600000,83.92,84.06,83.91,83.99,15412.85
1776117900000,83.99,84.59,83.98,84.21,90639.37
1776118200000,84.2,85.04,84.19,84.76,122927.64
1776118500000,84.76,85.71,84.76,85.46,257384.05
1776118800000,85.45,85.88,85.42,85.67,169265.73
1776119100000,85.67,85.72,85.51,85.67,57609.76
1776119400000,85.66,86.07,85.66,85.93,142054.74
1776119700000,85.93,86.04,85.58,85.63,102636.96
1776120000000,85.63,85.82,85.6,85.8,58114.61
1776120300000,85.79,85.97,85.75,85.8,51066.93
1776120600000,85.8,86.32,85.78,86.24,113134.77
1776120900000,86.24,86.46,86.12,86.2,96671.28
1776121200000,86.19,86.39,85.89,86.38,138015.12
1776121500000,86.37,86.48,86.28,86.37,65138.02
1776121800000,86.36,86.54,86.16,86.18,51453.67
1776122100000,86.17,86.31,85.98,86.25,55463.13
1776122400000,86.25,86.46,86.21,86.25,85182.6
1776122700000,86.25,86.8,86.25,86.58,116938.5
1776123000000,86.58,86.76,86.39,86.49,69325.15
1776123300000,86.5,86.66,86.46,86.5,26107.26
1776123600000,86.5,86.53,86.38,86.43,33979.95
1776123900000,86.43,86.47,86.22,86.25,37481.14
1776124200000,86.25,86.56,86.16,86.54,66797.23
1776124500000,86.54,86.7,86.49,86.51,94636.57
1776124800000,86.51,86.65,86.43,86.46,54330.72
1776125100000,86.47,86.56,86.34,86.34,57799.54
1776125400000,86.34,86.58,86.28,86.56,41656.07
1776125700000,86.56,86.74,86.45,86.49,66799.19
1776126000000,86.49,86.5,86.25,86.31,33202.71
1776126300000,86.31,86.35,86.12,86.2,25547.59
1776126600000,86.2,86.21,86.0,86.07,52520.36
1776126900000,86.08,86.39,86.06,86.24,43328.55
1776127200000,86.24,86.28,86.14,86.18,22880.42
1776127500000,86.18,86.18,85.87,85.88,42636.52
1776127800000,85.89,86.04,85.76,85.81,148545.29
1776128100000,85.8,85.97,85.77,85.89,80773.54
1776128400000,85.89,85.95,85.66,85.87,96841.47
1776128700000,85.87,85.98,85.86,85.98,14033.97
1776129000000,85.98,86.04,85.89,86.0,22746.33
1776129300000,86.0,86.07,85.85,86.05,85917.93
1776129600000,86.05,86.12,85.92,85.94,28793.69
1776129900000,85.93,85.94,85.84,85.9,13701.69
1776130200000,85.9,85.9,85.8,85.82,9625.89
1776130500000,85.83,85.96,85.82,85.93,24909.01
1776130800000,85.93,86.09,85.93,86.02,14046.91
1776131100000,86.01,86.1,85.96,86.05,11831.86
1776131400000,86.04,86.1,86.01,86.03,11912.24
1776131700000,86.03,86.05,85.94,85.94,8162.31
1776132000000,85.94,85.97,85.85,85.87,29364.72
1776132300000,85.87,86.11,85.86,86.03,47654.01
1776132600000,86.02,86.25,85.91,86.16,84710.34
1776132900000,86.16,86.28,86.07,86.2,28580.68
1776133200000,86.19,86.28,86.16,86.18,21956.41
1776133500000,86.18,86.24,86.13,86.14,9958.7
1776133800000,86.14,86.14,85.97,85.98,25441.3
1776134100000,85.98,86.22,85.97,86.19,28036.11
1776134400000,86.19,86.26,86.14,86.18,19322.23
1776134700000,86.18,86.36,86.14,86.34,39615.38
1776135000000,86.33,86.39,86.2,86.22,45623.56
1776135300000,86.22,86.27,86.19,86.2,12235.01
1776135600000,86.2,86.2,86.14,86.17,12327.67
1776135900000,86.17,86.25,86.15,86.25,16851.56
1776136200000,86.24,86.24,86.11,86.14,12590.66
1776136500000,86.14,86.19,86.03,86.14,15799.57
1776136800000,86.14,86.15,86.08,86.09,10337.58
1776137100000,86.09,86.09,85.97,86.01,23294.11
1776137400000,86.0,86.15,85.98,86.08,22994.7
1776137700000,86.08,86.1,86.02,86.09,10745.13
1776138000000,86.09,86.18,86.08,86.11,23864.63
1776138300000,86.12,86.12,86.02,86.04,6446.7
1776138600000,86.04,86.1,85.98,86.04,6861.58
1776138900000,86.04,86.11,85.98,86.03,10860.75
1776139200000,86.03,86.03,85.9,85.92,15980.36
1776139500000,85.93,86.01,85.9,85.94,13912.9
1776139800000,85.94,85.95,85.9,85.93,7207.05
1776140100000,85.93,85.95,85.89,85.93,28148.84
1776140400000,85.93,85.94,85.8,85.82,16151.94
1776140700000,85.82,85.84,85.78,85.81,21208.68
1776141000000,85.8,85.81,85.7,85.71,19949.03
1776141300000,85.71,85.72,85.69,85.71,15091.44
1776141600000,85.72,85.72,85.63,85.64,14258.12
1776141900000,85.64,85.74,85.53,85.7,71330.63
1776142200000,85.71,85.8,85.6,85.76,19678.96
1776142500000,85.76,85.88,85.73,85.87,39528.02
1776142800000,85.87,85.9,85.76,85.85,20356.59
1776143100000,85.86,85.86,85.75,85.77,6652.67
1776143400000,85.76,85.79,85.72,85.74,10848.57
1776143700000,85.74,85.74,85.65,85.69,14445.67
1776144000000,85.7,85.87,85.66,85.7,19644.68
1776144300000,85.7,85.76,85.65,85.74,9799.88
1776144600000,85.73,85.73,85.66,85.68,12382.28
1776144900000,85.68,85.8,85.67,85.76,23845.45
1776145200000,85.76,85.78,85.68,85.71,10993.51
1776145500000,85.72,85.72,85.61,85.61,12668.77
1776145800000,85.62,85.62,85.53,85.57,26874.05
1776146100000,85.56,85.57,85.4,85.48,43853.24
1776146400000,85.47,85.65,85.47,85.57,21303.29
1776146700000,85.57,85.64,85.56,85.64,20664.09
1776147000000,85.64,85.67,85.6,85.64,9114.38
1776147300000,85.65,85.76,85.62,85.75,11441.83
1776147600000,85.75,85.87,85.75,85.87,15065.44
1776147900000,85.87,85.96,85.69,85.73,82017.34
1776148200000,85.73,85.73,85.57,85.6,17092.61
1776148500000,85.59,85.73,85.56,85.68,9088.66
1776148800000,85.69,85.74,85.64,85.68,12341.03
1776149100000,85.67,85.8,85.64,85.77,12783.68
1776149400000,85.76,85.9,85.74,85.89,24539.84
1776149700000,85.89,86.07,85.89,85.93,63822.36
1776150000000,85.92,86.0,85.79,85.9,42532.22
1776150300000,85.9,86.17,85.83,86.15,53463.59
1776150600000,86.15,86.17,85.93,85.98,33387.48
1776150900000,85.99,86.12,85.85,86.03,85744.65
1776151200000,86.03,86.11,85.93,85.94,16781.45
1776151500000,85.95,86.11,85.92,86.08,34330.51
1776151800000,86.08,86.12,85.9,85.9,54704.87
1776152100000,85.9,85.94,85.81,85.91,32614.36
1776152400000,85.9,85.95,85.78,85.81,8363.66
1776152700000,85.81,85.93,85.77,85.92,14136.28
1776153000000,85.91,85.93,85.84,85.92,7186.32
1776153300000,85.92,85.94,85.78,85.88,31376.23
1776153600000,85.88,85.89,85.7,85.86,11663.73
1776153900000,85.86,85.91,85.81,85.82,7586.41
1776154200000,85.81,85.86,85.73,85.81,9772.87
1776154500000,85.81,85.83,85.71,85.81,7081.32
1776154800000,85.8,85.98,85.77,85.97,28029.88
1776155100000,85.98,86.05,85.96,86.0,20844.46
1776155400000,86.0,86.28,85.99,86.24,63362.74
1776155700000,86.23,86.38,86.16,86.24,48887.22
1776156000000,86.23,86.23,86.02,86.09,31028.7
1776156300000,86.1,86.16,85.97,86.12,18820.86
1776156600000,86.13,86.21,86.04,86.09,27752.97
1776156900000,86.09,86.12,86.06,86.12,6433.35
1776157200000,86.12,86.19,86.09,86.11,11618.09
1776157500000,86.11,86.21,86.05,86.19,14845.52
1776157800000,86.2,86.23,86.11,86.21,11102.14
1776158100000,86.2,86.25,86.16,86.16,15083.15
1776158400000,86.17,86.17,86.03,86.06,13660.56
1776158700000,86.06,86.08,85.98,86.04,12529.42
1776159000000,86.03,86.14,86.0,86.11,13458.51
1776159300000,86.11,86.14,86.03,86.11,8044.83
1776159600000,86.12,86.17,86.02,86.04,16227.65
1776159900000,86.04,86.1,85.95,85.99,13107.08
1776160200000,85.99,86.03,85.97,86.03,5347.5
1776160500000,86.03,86.14,86.02,86.09,10826.39
1776160800000,86.09,86.15,85.98,86.12,13985.32
1776161100000,86.12,86.24,86.11,86.19,23954.94
1776161400000,86.19,86.33,86.19,86.32,28588.48
1776161700000,86.33,86.36,86.22,86.27,35340.71
1776162000000,86.26,86.27,86.2,86.23,9042.39
1776162300000,86.23,86.28,86.19,86.23,15384.47
1776162600000,86.24,86.36,86.19,86.35,18749.86
1776162900000,86.36,86.57,86.14,86.14,123984.61
1776163200000,86.14,86.2,86.09,86.1,22072.66
1776163500000,86.1,86.11,86.04,86.1,19939.23
1776163800000,86.1,86.19,86.05,86.07,28371.58
1776164100000,86.08,86.14,86.0,86.0,16045.92
1776164400000,86.0,86.0,85.88,85.93,32949.52
1776164700000,85.93,86.04,85.8,85.93,109640.87
1776165000000,85.92,86.02,85.74,85.98,46306.12
1776165300000,85.98,86.1,85.89,85.94,33452.18
1776165600000,85.94,86.0,85.81,85.84,6936.11
1776165900000,85.84,85.94,85.61,85.66,41172.16
1776166200000,85.66,85.76,85.58,85.76,46689.14
1776166500000,85.76,85.89,85.75,85.83,11126.4
1776166800000,85.83,85.87,85.76,85.85,15650.75
1776167100000,85.85,85.93,85.76,85.87,15516.66
1776167400000,85.87,85.93,85.85,85.9,22369.51
1776167700000,85.9,85.95,85.63,85.76,103672.99
1776168000000,85.75,85.87,85.75,85.87,18029.58
1776168300000,85.87,85.96,85.81,85.95,12506.06
1776168600000,85.94,85.99,85.72,85.8,19310.91
1776168900000,85.8,85.89,85.76,85.83,5008.24
1776169200000,85.82,85.82,85.69,85.73,14239.38
1776169500000,85.73,85.78,85.61,85.64,26421.4
1776169800000,85.64,85.85,85.57,85.71,52066.5
1776170100000,85.71,85.92,85.68,85.88,27755.17
1776170400000,85.87,85.91,85.68,85.74,12294.19
1776170700000,85.74,85.83,85.7,85.81,9694.87
1776171000000,85.8,85.88,85.78,85.88,9009.83
1776171300000,85.88,85.96,85.84,85.93,20186.55
1776171600000,85.93,86.15,85.89,86.1,37861.39
1776171900000,86.1,86.14,86.02,86.1,13685.51
1776172200000,86.11,86.11,86.02,86.08,6161.51
1776172500000,86.07,86.35,85.98,86.28,75735.77
1776172800000,86.29,86.29,86.18,86.26,20919.18
1776173100000,86.27,86.3,86.09,86.09,16028.45
1776173400000,86.1,86.64,86.1,86.47,61909.99
1776173700000,86.47,86.72,86.44,86.5,55151.97
1776174000000,86.51,87.19,86.48,87.02,199900.33
1776174300000,87.02,87.14,86.79,86.84,91676.81
1776174600000,86.85,87.36,86.82,87.27,121590.65
1776174900000,87.27,87.38,87.18,87.27,44946.29
1776175200000,87.27,87.38,86.96,87.03,94292.48
1776175500000,87.03,87.07,86.6,86.88,94192.09
1776175800000,86.88,86.98,86.75,86.88,39185.18
1776176100000,86.88,86.94,86.65,86.71,45327.39
1776176400000,86.7,86.84,86.68,86.72,33794.23
1776176700000,86.72,87.25,86.71,87.22,58872.17
1776177000000,87.23,87.64,86.88,86.93,175943.6
1776177300000,86.93,87.14,86.35,86.57,119510.44
1776177600000,86.56,86.57,86.31,86.4,112654.47
1776177900000,86.39,86.49,86.11,86.12,64827.39
1776178200000,86.12,86.35,86.09,86.32,47967.83
1776178500000,86.33,86.35,85.95,85.96,66511.1
1776178800000,85.95,86.1,85.8,85.96,98499.12
1776179100000,85.96,85.99,85.21,85.45,186831.38
1776179400000,85.45,85.65,85.36,85.58,68996.27
1776179700000,85.58,85.64,85.35,85.45,87605.37
1776180000000,85.45,85.62,85.4,85.57,50684.56
1776180300000,85.56,85.61,85.33,85.39,44128.77
1776180600000,85.4,85.83,85.36,85.81,104464.19
1776180900000,85.81,86.02,85.73,85.92,55130.04
1776181200000,85.91,86.17,85.91,86.15,42034.06
1776181500000,86.15,86.18,85.92,86.03,50453.62
1776181800000,86.02,86.28,86.02,86.14,35612.01
1776182100000,86.14,86.15,85.87,85.92,34782.46
1776182400000,85.92,86.14,85.91,86.02,39481.69
1776182700000,86.02,86.08,85.91,85.95,60546.44
1776183000000,85.96,85.97,85.61,85.81,61430.54
1776183300000,85.81,85.86,85.37,85.48,69297.5
1776183600000,85.48,85.61,85.37,85.51,36156.64
1776183900000,85.51,85.74,85.51,85.64,27611.1
1776184200000,85.64,85.69,85.53,85.62,12851.99
1776184500000,85.62,85.7,85.39,85.56,29469.39
1776184800000,85.56,85.6,85.5,85.5,16146.32
1776185100000,85.5,85.55,85.36,85.39,20003.46
1776185400000,85.39,85.39,84.81,84.91,111850.23
1776185700000,84.91,85.02,84.71,84.99,119790.29
1776186000000,84.99,85.04,84.82,84.91,48335.51
1776186300000,84.92,85.11,84.91,85.09,27114.72
1776186600000,85.09,85.32,85.09,85.23,39891.35
1776186900000,85.24,85.3,85.14,85.22,18762.39
1776187200000,85.21,85.39,85.2,85.31,17010.02
1776187500000,85.32,85.4,85.11,85.11,10214.49
1776187800000,85.11,85.16,84.77,84.82,28542.63
1776188100000,84.81,84.9,84.65,84.86,66882.68
1776188400000,84.86,85.21,84.86,85.11,66010.3
1776188700000,85.11,85.18,85.04,85.16,9433.14
1776189000000,85.15,85.28,85.11,85.14,17587.05
1776189300000,85.14,85.25,85.12,85.2,3932.73
1776189600000,85.2,85.37,85.2,85.33,21715.18
1776189900000,85.34,85.38,85.21,85.28,19449.2
1776190200000,85.29,85.3,85.03,85.15,18969.89
1776190500000,85.16,85.22,85.05,85.09,10417.06
1776190800000,85.1,85.14,84.7,84.82,63922.18
1776191100000,84.82,85.0,84.75,84.89,25241.4
1776191400000,84.89,85.0,84.81,84.82,10814.47
1776191700000,84.82,84.85,84.42,84.48,85949.09
1776192000000,84.49,84.56,84.41,84.52,19982.21
1776192300000,84.52,84.55,83.89,83.9,121880.49
1776192600000,83.9,84.15,83.83,84.07,66574.77
1776192900000,84.07,84.1,83.96,84.04,18628.27
1776193200000,84.03,84.22,83.93,84.18,66954.09
1776193500000,84.18,84.27,84.18,84.25,20777.34
1776193800000,84.25,84.26,83.96,83.96,56868.17
1776194100000,83.96,84.18,83.96,84.1,38344.59
1776194400000,84.1,84.14,83.71,83.74,32914.16
1776194700000,83.75,84.1,83.65,84.04,71457.88
1776195000000,84.05,84.19,83.92,83.95,35714.9
1776195300000,83.94,84.04,83.81,84.02,52226.78
1776195600000,84.02,84.07,83.9,83.95,14298.45
1776195900000,83.95,84.03,83.93,84.02,7782.54
1776196200000,84.03,84.05,83.72,83.81,76340.92
1776196500000,83.82,83.96,83.68,83.89,66628.36
1776196800000,83.89,84.09,83.81,83.88,35904.96
1776197100000,83.87,83.92,83.83,83.92,10285.66
1776197400000,83.92,84.08,83.85,84.05,22748.6
1776197700000,84.05,84.09,83.86,83.9,13647.83
1776198000000,83.89,83.92,83.45,83.5,74085.84
1776198300000,83.5,83.55,83.36,83.5,96219.86
1776198600000,83.5,83.64,83.5,83.51,14982.08
1776198900000,83.51,83.58,83.38,83.56,28115.06
1776199200000,83.55,83.71,83.54,83.71,8717.58
1776199500000,83.7,83.77,83.62,83.68,12088.95
1776199800000,83.68,83.69,83.44,83.45,22274.33
1776200100000,83.45,83.55,83.34,83.55,36094.75
1776200400000,83.55,83.89,83.52,83.86,16163.03
1776200700000,83.86,83.86,83.66,83.8,10484.13
1776201000000,83.8,83.8,83.63,83.71,12075.25
1776201300000,83.71,83.73,83.66,83.72,5040.1
1776201600000,83.72,83.76,83.55,83.62,8505.37
1776201900000,83.62,83.72,83.61,83.7,4699.36
1776202200000,83.71,83.75,83.63,83.7,7782.73
1776202500000,83.7,83.75,83.6,83.61,15648.79
1776202800000,83.62,83.64,83.48,83.62,22047.87
1776203100000,83.62,83.66,83.56,83.57,3433.66
1776203400000,83.57,83.76,83.57,83.72,9181.26
1776203700000,83.72,83.8,83.69,83.76,14720.95
1776204000000,83.75,83.75,83.5,83.62,27852.99
1776204300000,83.62,83.87,83.56,83.82,23510.01
1776204600000,83.82,83.89,83.69,83.7,33441.44
1776204900000,83.7,83.71,83.55,83.56,19023.22
1776205200000,83.56,83.62,83.45,83.6,17715.86
1776205500000,83.6,83.62,83.31,83.36,27770.36
1776205800000,83.37,83.59,83.26,83.39,94876.21
1776206100000,83.4,83.42,83.27,83.36,26810.87
1776206400000,83.35,83.42,83.22,83.3,34308.25
1776206700000,83.29,83.43,83.28,83.28,26167.55
1776207000000,83.28,83.38,83.27,83.31,10502.08
1776207300000,83.31,83.54,83.29,83.46,60447.05
1776207600000,83.46,83.55,83.38,83.53,20103.52
1776207900000,83.53,83.58,83.45,83.45,10112.39
1776208200000,83.45,83.57,83.43,83.55,14713.22
1776208500000,83.55,83.73,83.54,83.71,44211.22
1776208800000,83.71,83.76,83.68,83.68,18861.54
1776209100000,83.68,83.7,83.56,83.67,29182.95
1776209400000,83.67,83.83,83.66,83.8,25088.81
1776209700000,83.8,83.85,83.71,83.85,13516.23
1776210000000,83.84,83.93,83.83,83.89,21415.34
1776210300000,83.9,84.01,83.7,83.74,99990.76
1776210600000,83.74,83.78,83.57,83.66,25592.32
1776210900000,83.66,83.71,83.65,83.65,19225.72
1776211200000,83.66,83.99,83.61,83.91,41991.41
1776211500000,83.91,84.02,83.84,83.89,49805.46
1776211800000,83.88,83.9,83.67,83.72,55113.96
1776212100000,83.72,83.73,83.51,83.54,47776.09
1776212400000,83.54,83.95,83.48,83.81,116876.1
1776212700000,83.82,83.92,83.78,83.89,20246.34
1776213000000,83.89,83.91,83.61,83.69,45288.83
1776213300000,83.69,83.74,83.55,83.57,58299.02
1776213600000,83.56,83.74,83.5,83.73,45056.53
1776213900000,83.73,83.85,83.54,83.56,99016.06
1776214200000,83.55,83.68,83.54,83.56,13292.69
1776214500000,83.55,83.76,83.51,83.71,16793.56
1776214800000,83.71,83.71,83.53,83.6,23176.75
1776215100000,83.6,83.73,83.57,83.65,26877.07
1776215400000,83.65,83.79,83.5,83.7,89044.19
1776215700000,83.7,83.81,83.66,83.76,29272.59
1776216000000,83.75,83.78,83.62,83.68,19764.6
1776216300000,83.68,83.8,83.68,83.78,12708.94
1776216600000,83.78,83.82,83.69,83.73,7445.75
1776216900000,83.73,83.84,83.62,83.79,11152.94
1776217200000,83.79,83.9,83.75,83.87,13237.15
1776217500000,83.87,83.88,83.76,83.84,7002.31
1776217800000,83.85,83.98,83.73,83.78,25308.99
1776218100000,83.77,83.89,83.73,83.85,16256.85
1776218400000,83.85,83.95,83.81,83.84,17833.12
1776218700000,83.84,83.85,83.73,83.73,8525.62
1776219000000,83.73,83.79,83.7,83.78,7079.21
1776219300000,83.78,83.81,83.71,83.72,6139.91
1776219600000,83.73,83.83,83.64,83.68,28346.01
1776219900000,83.68,83.69,83.55,83.6,18771.37
1776220200000,83.6,83.6,83.21,83.24,60553.94
1776220500000,83.25,83.29,83.09,83.17,87236.14
1776220800000,83.17,83.24,83.08,83.23,26516.39
1776221100000,83.22,83.24,83.1,83.11,17468.67
1776221400000,83.11,83.23,83.09,83.22,17630.11
1776221700000,83.22,83.37,83.21,83.33,33669.44
1776222000000,83.34,83.37,83.23,83.27,18704.3
1776222300000,83.27,83.32,83.25,83.3,9567.18
1776222600000,83.3,83.32,83.26,83.3,7496.48
1776222900000,83.3,83.33,83.24,83.31,6925.29
1776223200000,83.32,83.47,83.29,83.43,15954.05
1776223500000,83.42,83.45,83.34,83.34,10240.34
1776223800000,83.34,83.42,83.33,83.34,16537.45
1776224100000,83.34,83.36,83.23,83.33,18354.2
1776224400000,83.33,83.33,83.24,83.26,9549.58
1776224700000,83.26,83.36,83.25,83.34,6733.83
1776225000000,83.34,83.4,83.33,83.35,7675.72
1776225300000,83.35,83.45,83.35,83.4,14622.82
1776225600000,83.4,83.61,83.34,83.57,49101.92
1776225900000,83.58,83.59,83.46,83.5,6608.77
1776226200000,83.49,83.5,83.42,83.42,4605.95
1776226500000,83.42,83.53,83.41,83.41,7559.34
1776226800000,83.41,83.41,83.33,83.39,12741.74
1776227100000,83.4,83.41,83.34,83.36,9914.97
1776227400000,83.36,83.39,83.28,83.37,11413.42
1776227700000,83.38,83.56,83.37,83.47,17323.49
1776228000000,83.48,83.55,83.46,83.47,14977.83
1776228300000,83.47,83.54,83.39,83.53,14881.69
1776228600000,83.52,83.59,83.47,83.54,21050.74
1776228900000,83.55,83.57,83.48,83.55,12615.51
1776229200000,83.54,83.74,83.52,83.62,54297.44
1776229500000,83.62,83.62,83.43,83.48,20922.76
1776229800000,83.47,83.53,83.42,83.45,21073.53
1776230100000,83.45,83.49,83.42,83.45,8651.62
1776230400000,83.45,83.46,83.28,83.32,15267.9
1776230700000,83.32,83.41,83.22,83.29,24489.86
1776231000000,83.29,83.31,83.06,83.15,100166.08
1776231300000,83.15,83.18,83.01,83.02,43563.37
1776231600000,83.03,83.05,82.85,83.0,88059.78
1776231900000,83.0,83.08,82.93,82.97,30839.32
1776232200000,82.98,83.04,82.9,82.95,38188.47
1776232500000,82.95,83.1,82.95,83.07,26475.82
1776232800000,83.07,83.09,82.88,82.89,24727.97
1776233100000,82.9,82.99,82.89,82.91,8240.59
1776233400000,82.91,83.0,82.91,82.93,13384.21
1776233700000,82.93,82.99,82.9,82.94,10477.37
1776234000000,82.94,82.98,82.85,82.91,11539.99
1776234300000,82.9,82.97,82.89,82.93,9172.21
1776234600000,82.92,83.02,82.92,82.93,10259.93
1776234900000,82.93,83.0,82.87,82.93,20345.4
1776235200000,82.92,83.03,82.92,83.02,5979.7
1776235500000,83.03,83.08,83.0,83.05,11529.47
1776235800000,83.05,83.07,82.97,82.97,17709.2
1776236100000,82.98,82.98,82.81,82.95,55526.58
1776236400000,82.95,83.0,82.9,82.96,16657.41
1776236700000,82.97,82.98,82.89,82.98,14111.52
1776237000000,82.97,83.17,82.97,83.04,53197.42
1776237300000,83.04,83.04,82.61,82.73,98877.56
1776237600000,82.73,82.82,82.59,82.7,46215.19
1776237900000,82.7,82.81,82.62,82.78,49117.86
1776238200000,82.78,82.78,82.67,82.74,20571.45
1776238500000,82.74,82.84,82.72,82.77,29059.85
1776238800000,82.77,82.83,82.73,82.75,12720.72
1776239100000,82.76,82.89,82.64,82.89,36980.64
1776239400000,82.9,83.02,82.83,82.94,31551.83
1776239700000,82.95,82.95,82.79,82.88,29712.33
1776240000000,82.88,82.89,82.69,82.88,45157.52
1776240300000,82.88,82.97,82.76,82.8,15893.62
1776240600000,82.81,82.92,82.76,82.91,14112.38
1776240900000,82.91,82.95,82.82,82.89,23733.04
1776241200000,82.89,83.02,82.87,83.01,19941.26
1776241500000,83.01,83.09,83.0,83.08,31051.08
1776241800000,83.07,83.22,82.99,83.22,34221.09
1776242100000,83.21,83.26,83.08,83.08,25118.48
1776242400000,83.08,83.14,83.05,83.12,18293.65
1776242700000,83.12,83.13,82.98,83.02,12224.29
1776243000000,83.03,83.21,83.0,83.18,14416.41
1776243300000,83.18,83.2,83.08,83.08,8104.71
1776243600000,83.09,83.2,82.98,82.98,14675.08
1776243900000,82.98,83.05,82.96,82.98,7592.99
1776244200000,82.99,83.14,82.83,83.06,80904.64
1776244500000,83.07,83.15,83.05,83.15,8753.13
1776244800000,83.15,83.17,83.03,83.03,9207.89
1776245100000,83.03,83.08,82.92,82.95,15328.26
1776245400000,82.95,83.07,82.95,82.99,6916.15
1776245700000,82.99,83.08,82.95,82.96,5077.32
1776246000000,82.96,83.1,82.94,83.05,5612.66
1776246300000,83.05,83.12,83.02,83.09,4282.83
1776246600000,83.09,83.13,83.03,83.09,3414.35
1776246900000,83.09,83.2,83.06,83.11,23012.98
1776247200000,83.11,83.21,83.08,83.11,16605.54
1776247500000,83.11,83.38,83.11,83.33,23345.06
1776247800000,83.33,83.33,83.04,83.08,38105.09
1776248100000,83.08,83.09,82.89,83.06,63899.28
1776248400000,83.06,83.12,82.98,83.08,10166.29
1776248700000,83.08,83.14,82.97,83.01,11356.82
1776249000000,83.01,83.05,82.86,82.94,49709.76
1776249300000,82.94,83.01,82.88,82.98,32084.84
1776249600000,82.98,83.24,82.97,83.24,32516.49
1776249900000,83.24,83.6,83.24,83.33,91612.45
1776250200000,83.33,83.35,83.23,83.34,18257.89
1776250500000,83.34,83.35,82.99,83.11,68637.44
1776250800000,83.11,83.23,83.0,83.17,20071.98
1776251100000,83.17,83.23,83.02,83.15,44372.42
1776251400000,83.15,83.35,83.13,83.22,40101.18
1776251700000,83.22,83.23,83.13,83.19,11634.4
1776252000000,83.2,83.26,83.14,83.23,9166.72
1776252300000,83.24,83.27,83.13,83.16,20560.99
1776252600000,83.16,83.31,83.15,83.25,32260.27
1776252900000,83.25,83.34,83.24,83.32,13375.94
1776253200000,83.32,83.36,83.29,83.35,4598.87
1776253500000,83.35,83.66,83.33,83.43,99225.2
1776253800000,83.42,83.62,83.42,83.55,51674.6
1776254100000,83.54,83.58,83.5,83.55,14918.76
1776254400000,83.54,83.59,83.42,83.49,33829.95
1776254700000,83.49,83.51,83.34,83.43,14334.54
1776255000000,83.44,83.5,83.37,83.45,12166.72
1776255300000,83.45,83.5,83.33,83.46,15983.91
1776255600000,83.47,83.53,83.43,83.47,5407.72
1776255900000,83.47,83.52,83.38,83.44,14419.63
1776256200000,83.43,83.52,83.43,83.47,12485.59
1776256500000,83.47,83.82,83.47,83.8,61365.2
1776256800000,83.8,83.83,83.66,83.72,31368.99
1776257100000,83.72,83.75,83.65,83.72,20954.13
1776257400000,83.73,83.75,83.66,83.7,7529.77
1776257700000,83.7,83.73,83.65,83.66,9520.13
1776258000000,83.65,83.67,83.44,83.48,39823.14
1776258300000,83.48,83.67,83.47,83.61,18598.11
1776258600000,83.6,83.61,83.53,83.57,18925.9
1776258900000,83.57,83.61,83.53,83.55,8210.34
1776259200000,83.56,83.6,83.49,83.55,7972.0
1776259500000,83.54,83.76,83.54,83.68,27291.54
1776259800000,83.69,83.74,83.32,83.45,58737.55
1776260100000,83.45,83.57,83.31,83.54,57921.09
1776260400000,83.53,83.59,83.16,83.23,57673.14
1776260700000,83.22,83.37,83.19,83.32,31499.28
1776261000000,83.33,83.41,83.25,83.3,11889.5
1776261300000,83.3,83.66,83.29,83.58,24158.87
1776261600000,83.59,83.63,83.44,83.54,23548.3
1776261900000,83.54,83.61,83.36,83.43,19272.32
1776262200000,83.42,83.66,83.41,83.65,30548.11
1776262500000,83.66,84.27,83.59,83.99,108207.67
1776262800000,83.99,84.4,83.99,84.37,79397.65
1776263100000,84.38,84.46,84.21,84.22,58821.6
1776263400000,84.22,84.31,84.05,84.08,46615.55
1776263700000,84.08,84.23,83.8,83.84,57090.76
1776264000000,83.85,83.93,83.77,83.85,27192.2
1776264300000,83.86,84.26,83.86,84.23,24927.35
1776264600000,84.23,84.32,84.14,84.27,29251.13
1776264900000,84.27,84.39,84.18,84.26,24394.72
1776265200000,84.26,84.42,84.16,84.19,35304.46
1776265500000,84.18,84.21,83.88,83.95,40238.45
1776265800000,83.95,84.33,83.9,84.27,31433.68
1776266100000,84.27,84.32,84.07,84.07,20867.96
1776266400000,84.07,84.15,83.91,83.98,38001.95
1776266700000,83.98,84.08,83.84,83.93,14338.06
1776267000000,83.93,83.93,83.45,83.55,111480.74
1776267300000,83.55,83.85,83.55,83.79,43343.19
1776267600000,83.79,83.88,83.69,83.69,26597.9
1776267900000,83.68,84.05,83.63,83.91,72445.01
1776268200000,83.92,84.05,83.91,83.94,16896.43
1776268500000,83.93,83.99,83.79,83.96,19214.58
1776268800000,83.95,84.19,83.85,84.18,30888.93
1776269100000,84.18,84.26,84.09,84.26,24681.64
1776269400000,84.26,84.45,84.17,84.44,33104.45
1776269700000,84.45,84.64,84.32,84.58,84835.48
1776270000000,84.59,84.64,84.48,84.57,63288.11
1776270300000,84.56,84.67,84.47,84.5,32591.68
1776270600000,84.5,84.55,84.35,84.49,42169.55
1776270900000,84.5,84.67,84.38,84.38,24109.42
1776271200000,84.39,84.45,84.17,84.34,31811.19
1776271500000,84.34,84.47,84.17,84.45,26952.33
1776271800000,84.44,84.52,84.33,84.4,59626.42
1776272100000,84.4,84.62,84.35,84.51,33087.98
1776272400000,84.52,84.71,84.51,84.69,25599.53
1776272700000,84.69,84.95,84.68,84.91,52464.88
1776273000000,84.92,84.99,84.62,84.75,62817.37
1776273300000,84.75,84.77,84.57,84.6,23905.97
1776273600000,84.6,84.63,84.48,84.6,23635.4
1776273900000,84.59,85.13,84.59,84.96,84622.47
1776274200000,84.96,85.07,84.8,84.92,25455.29
1776274500000,84.91,84.98,84.66,84.67,17076.46
1776274800000,84.67,84.72,84.42,84.5,24669.39
1776275100000,84.5,84.55,84.43,84.53,22218.93
1776275400000,84.52,84.72,84.52,84.66,36399.64
1776275700000,84.66,84.7,84.6,84.68,22723.53
1776276000000,84.68,84.88,84.56,84.87,43293.61
1776276300000,84.87,84.94,84.76,84.76,24153.99
1776276600000,84.77,84.94,84.74,84.87,10746.75
1776276900000,84.87,85.0,84.86,84.93,15047.53
1776277200000,84.93,84.94,84.84,84.86,4623.55
1776277500000,84.86,84.91,84.74,84.78,7785.07
1776277800000,84.78,84.95,84.76,84.9,9427.22
1776278100000,84.89,84.93,84.81,84.89,10214.98
1776278400000,84.89,84.93,84.82,84.91,7370.14
1776278700000,84.91,84.96,84.86,84.96,8544.45
1776279000000,84.95,85.03,84.93,85.0,9490.92
1776279300000,85.0,85.04,84.95,85.0,11625.25
1776279600000,84.99,85.1,84.9,85.0,27290.43
1776279900000,85.0,85.22,85.0,85.15,22808.85
1776280200000,85.14,85.18,84.99,85.06,17773.96
1776280500000,85.07,85.14,84.96,85.06,13109.38
1776280800000,85.06,85.1,84.94,85.07,8363.78
1776281100000,85.08,85.19,85.04,85.13,8724.51
1776281400000,85.13,85.38,85.13,85.37,35569.48
1776281700000,85.37,85.81,85.32,85.51,112298.26
1776282000000,85.51,85.64,85.38,85.53,35963.37
1776282300000,85.53,85.62,85.41,85.45,44941.82
1776282600000,85.46,85.59,85.39,85.47,24698.49
1776282900000,85.47,85.57,85.38,85.48,47808.51
1776283200000,85.48,85.54,85.19,85.22,45668.7
1776283500000,85.22,85.24,84.95,85.05,30760.6
1776283800000,85.05,85.08,84.79,84.96,26731.31
1776284100000,84.96,84.96,84.68,84.76,43658.06
1776284400000,84.76,84.79,84.68,84.76,20935.97
1776284700000,84.76,84.79,84.59,84.77,19778.85
1776285000000,84.78,84.98,84.68,84.74,18613.49
1776285300000,84.74,84.86,84.68,84.68,7254.81
1776285600000,84.68,84.77,84.64,84.73,5428.7
1776285900000,84.73,84.83,84.72,84.77,12879.49
1776286200000,84.76,84.85,84.73,84.85,11512.11
1776286500000,84.85,84.88,84.73,84.76,10204.6
1776286800000,84.76,84.77,84.62,84.64,7833.46
1776287100000,84.63,84.65,84.43,84.48,31663.84
1776287400000,84.48,84.54,84.33,84.34,40168.55
1776287700000,84.34,84.34,84.13,84.21,46471.81
1776288000000,84.2,84.41,84.17,84.41,24554.85
1776288300000,84.41,84.46,84.34,84.42,10196.02
1776288600000,84.41,84.45,84.32,84.34,10574.27
1776288900000,84.34,84.66,84.34,84.64,14116.24
1776289200000,84.64,84.72,84.51,84.61,21835.38
1776289500000,84.61,84.69,84.6,84.65,12576.02
1776289800000,84.66,84.84,84.65,84.8,18974.09
1776290100000,84.8,84.83,84.69,84.74,10487.92
1776290400000,84.73,85.2,84.69,85.03,41015.59
1776290700000,85.03,85.39,84.95,85.36,42884.58
1776291000000,85.35,85.36,85.13,85.16,37781.67
1776291300000,85.16,85.18,84.93,84.99,24951.05
1776291600000,84.99,85.24,84.98,85.12,12783.11
1776291900000,85.12,85.17,85.01,85.09,13738.83
1776292200000,85.08,85.29,85.04,85.05,54120.49
1776292500000,85.04,85.57,84.94,85.37,54798.24
1776292800000,85.36,85.38,85.15,85.15,16044.31
1776293100000,85.14,85.28,85.12,85.18,10135.54
1776293400000,85.19,85.26,85.08,85.15,10462.56
1776293700000,85.16,85.16,84.96,84.99,18833.82
1776294000000,84.99,84.99,84.78,84.87,19293.03
1776294300000,84.87,84.96,84.74,84.82,40416.81
1776294600000,84.82,84.83,84.68,84.76,9143.94
1776294900000,84.76,84.77,84.59,84.65,30700.38
1776295200000,84.65,84.77,84.62,84.72,32423.49
1776295500000,84.72,84.81,84.69,84.8,17192.85
1776295800000,84.79,84.92,84.76,84.81,15719.15
1776296100000,84.81,84.88,84.73,84.75,20043.56
1776296400000,84.75,84.88,84.74,84.8,33938.54
1776296700000,84.81,84.9,84.77,84.84,6796.15
1776297000000,84.84,84.97,84.84,84.87,6923.5
1776297300000,84.87,84.91,84.82,84.85,13220.09
1776297600000,84.86,84.94,84.6,84.6,17078.86
1776297900000,84.61,84.75,84.6,84.7,15653.9
1776298200000,84.69,84.77,84.63,84.64,10760.75
1776298500000,84.63,84.73,84.58,84.59,16415.29
1776298800000,84.59,84.64,84.53,84.56,19779.32
1776299100000,84.56,84.66,84.42,84.66,50484.74
1776299400000,84.66,84.98,84.66,84.94,44349.97
1776299700000,84.94,84.94,84.85,84.88,13517.93
1776300000000,84.87,84.97,84.87,84.9,11824.27
1776300300000,84.9,84.9,84.8,84.88,9883.23
1776300600000,84.88,85.03,84.83,84.85,10321.92
1776300900000,84.85,84.94,84.82,84.9,10107.31
1776301200000,84.89,84.89,84.7,84.73,6327.3
1776301500000,84.74,84.75,84.41,84.7,41579.23
1776301800000,84.7,84.78,84.64,84.7,10180.72
1776302100000,84.7,84.77,84.63,84.77,5297.81
1776302400000,84.76,84.86,84.68,84.72,9887.93
1776302700000,84.72,84.77,84.65,84.72,5466.72
1776303000000,84.71,84.8,84.66,84.78,5039.5
1776303300000,84.78,84.8,84.69,84.7,4805.28
1776303600000,84.7,84.88,84.67,84.84,5826.93
1776303900000,84.84,84.91,84.77,84.88,6647.02
1776304200000,84.89,84.89,84.77,84.78,3208.47
1776304500000,84.77,84.83,84.65,84.82,9096.14
1776304800000,84.81,84.95,84.79,84.94,20084.05
1776305100000,84.94,84.99,84.8,84.81,19901.83
1776305400000,84.81,84.97,84.81,84.83,7930.17
1776305700000,84.83,84.9,84.67,84.73,10921.34
1776306000000,84.72,84.87,84.7,84.81,6365.04
1776306300000,84.81,85.13,84.79,85.11,33503.46
1776306600000,85.11,85.45,85.1,85.26,51973.0
1776306900000,85.26,85.42,85.24,85.41,35936.95
1776307200000,85.42,85.55,85.35,85.45,32615.55
1776307500000,85.46,85.52,85.08,85.17,36278.2
1776307800000,85.16,85.21,84.96,85.09,15217.96
1776308100000,85.09,85.16,85.02,85.07,40481.86
1776308400000,85.07,85.27,85.04,85.25,14065.11
1776308700000,85.25,85.36,85.14,85.14,13426.8
1776309000000,85.13,85.24,85.1,85.16,17645.89
1776309300000,85.17,85.36,85.16,85.36,13178.94
1776309600000,85.36,85.4,85.3,85.38,13906.08
1776309900000,85.38,85.47,85.26,85.26,24710.17
1776310200000,85.27,85.29,85.12,85.21,28178.28
1776310500000,85.21,85.28,85.18,85.26,5256.79
1776310800000,85.26,85.34,85.23,85.3,10648.87
1776311100000,85.3,85.36,85.27,85.32,9575.32
1776311400000,85.31,85.33,85.19,85.32,19251.28
1776311700000,85.32,85.36,85.22,85.25,8931.81
1776312000000,85.24,85.25,85.09,85.19,13428.4
1776312300000,85.19,85.38,85.14,85.25,15443.11
1776312600000,85.25,85.4,85.23,85.28,7363.02
1776312900000,85.28,85.37,85.25,85.37,13214.41
1776313200000,85.37,85.39,85.23,85.26,21197.35
1776313500000,85.26,85.35,85.25,85.32,11832.28
1776313800000,85.32,85.34,85.23,85.33,5473.86
1776314100000,85.33,85.44,85.3,85.43,17041.65
1776314400000,85.43,85.53,85.39,85.41,25139.15
1776314700000,85.4,85.41,84.94,85.08,49053.06
1776315000000,85.08,85.24,85.08,85.2,26396.57
1776315300000,85.2,85.24,85.12,85.21,7935.93
1776315600000,85.2,85.26,85.13,85.24,22558.02
1776315900000,85.24,85.24,85.02,85.05,18970.97
1776316200000,85.04,85.14,85.01,85.12,13053.8
1776316500000,85.11,85.21,85.05,85.19,13909.6
1776316800000,85.2,85.3,85.16,85.3,7963.15
1776317100000,85.29,85.4,85.29,85.36,8957.65
1776317400000,85.36,85.44,85.31,85.43,12581.97
1776317700000,85.43,85.5,85.36,85.4,9971.94
1776318000000,85.4,85.4,85.27,85.35,8048.21
1776318300000,85.35,85.4,85.32,85.33,6164.91
1776318600000,85.33,85.41,85.33,85.36,5050.98
1776318900000,85.36,85.38,85.29,85.36,4259.17
1776319200000,85.36,85.44,85.33,85.35,9913.25
1776319500000,85.36,85.5,85.32,85.42,11986.54
1776319800000,85.42,85.48,85.37,85.38,15597.62
1776320100000,85.38,85.47,85.34,85.44,7081.0
1776320400000,85.43,85.44,85.29,85.36,12806.11
1776320700000,85.36,85.37,85.29,85.34,3592.52
1776321000000,85.34,85.39,85.25,85.3,4383.87
1776321300000,85.3,85.39,85.3,85.32,9437.84
1776321600000,85.33,85.33,85.14,85.28,22611.23
1776321900000,85.28,85.35,85.22,85.34,23219.29
1776322200000,85.33,85.45,85.32,85.4,24041.38
1776322500000,85.4,85.44,85.37,85.42,14372.76
1776322800000,85.42,85.6,85.41,85.54,20260.53
1776323100000,85.55,85.61,85.44,85.49,47229.2
1776323400000,85.49,85.5,85.39,85.49,13693.4
1776323700000,85.49,85.56,85.45,85.52,15170.24
1776324000000,85.51,85.56,85.48,85.48,15737.12
1776324300000,85.48,85.48,85.38,85.45,10856.07
1776324600000,85.44,85.47,85.38,85.44,9649.92
1776324900000,85.43,85.45,85.34,85.38,6532.55
1776325200000,85.37,85.43,85.36,85.42,6938.37
1776325500000,85.42,85.43,85.23,85.37,25917.46
1776325800000,85.36,85.37,85.05,85.11,60071.03
1776326100000,85.1,85.23,85.05,85.16,43060.5
1776326400000,85.16,85.26,85.03,85.04,71182.43
1776326700000,85.03,85.13,84.98,84.99,46689.23
1776327000000,84.99,85.09,84.97,84.99,31898.74
1776327300000,84.98,85.13,84.98,85.11,9611.32
1776327600000,85.11,85.21,85.11,85.14,17761.6
1776327900000,85.14,85.15,85.05,85.1,13094.43
1776328200000,85.11,85.15,85.05,85.12,11180.38
1776328500000,85.11,85.13,85.06,85.08,6675.32
1776328800000,85.08,85.08,84.86,84.97,24253.06
1776329100000,84.97,85.15,84.94,85.14,18896.7
1776329400000,85.13,85.2,85.05,85.08,15966.85
1776329700000,85.08,85.11,84.98,85.01,10994.45
1776330000000,85.0,85.1,84.92,85.1,17846.06
1776330300000,85.1,85.1,85.03,85.09,5991.93
1776330600000,85.09,85.17,85.01,85.17,14340.35
1776330900000,85.17,85.39,85.16,85.34,33736.73
1776331200000,85.35,85.47,85.22,85.41,87199.84
1776331500000,85.41,85.47,85.31,85.34,18285.06
1776331800000,85.34,85.39,85.3,85.32,14133.99
1776332100000,85.33,85.39,85.3,85.34,4868.42
1776332400000,85.33,85.37,85.18,85.21,20926.53
1776332700000,85.21,85.27,85.18,85.23,12854.4
1776333000000,85.23,85.29,85.21,85.27,15163.66
1776333300000,85.26,85.35,85.11,85.16,96197.19
1776333600000,85.16,85.2,85.0,85.04,28299.81
1776333900000,85.04,85.04,84.83,85.03,47073.02
1776334200000,85.04,85.04,84.82,84.86,34651.58
1776334500000,84.86,84.9,84.58,84.6,51507.65
1776334800000,84.6,85.02,84.59,84.98,62266.91
1776335100000,84.98,85.15,84.97,85.03,64279.48
1776335400000,85.03,85.17,85.0,85.12,18018.29
1776335700000,85.12,85.18,85.07,85.15,13017.99
1776336000000,85.15,85.18,85.02,85.02,11182.19
1776336300000,85.02,85.04,84.88,84.92,19458.36
1776336600000,84.93,85.07,84.93,85.07,16154.78
1776336900000,85.07,85.15,84.98,85.0,7480.3
1776337200000,85.0,85.08,84.99,85.08,10231.82
1776337500000,85.08,85.08,84.92,84.93,9386.4
1776337800000,84.92,84.99,84.9,84.93,16523.89
1776338100000,84.93,84.97,84.88,84.89,10888.85
1776338400000,84.88,84.96,84.88,84.91,7368.18
1776338700000,84.91,85.0,84.9,84.98,9031.45
1776339000000,84.99,85.12,84.91,85.06,24817.51
1776339300000,85.06,85.1,84.96,84.99,21078.33
1776339600000,84.98,85.0,84.91,84.97,9960.07
1776339900000,84.97,84.97,84.91,84.95,6444.26
1776340200000,84.95,85.04,84.95,85.01,12721.66
1776340500000,85.01,85.04,84.98,85.02,6624.4
1776340800000,85.01,85.32,85.01,85.32,48430.26
1776341100000,85.32,85.32,85.12,85.2,25584.46
1776341400000,85.2,85.45,85.2,85.35,47281.38
1776341700000,85.36,85.43,85.29,85.34,18381.26
1776342000000,85.33,85.37,85.22,85.26,11114.21
1776342300000,85.26,85.33,85.21,85.25,9140.97
1776342600000,85.24,85.26,85.18,85.26,9500.39
1776342900000,85.26,85.3,85.18,85.21,5397.95
1776343200000,85.21,85.27,85.17,85.27,17603.48
1776343500000,85.27,85.28,85.2,85.24,6647.44
1776343800000,85.24,85.35,85.23,85.24,12034.89
1776344100000,85.24,85.34,85.18,85.33,19485.05
1776344400000,85.34,85.44,85.29,85.35,17049.05
1776344700000,85.34,85.67,85.33,85.62,43327.54
1776345000000,85.62,85.88,85.53,85.85,43118.95
1776345300000,85.86,86.23,85.8,86.11,171356.52
1776345600000,86.11,86.12,85.96,86.1,69589.07
1776345900000,86.1,86.24,86.02,86.11,53363.57
1776346200000,86.11,86.17,85.79,85.8,70765.26
1776346500000,85.81,85.84,85.52,85.56,59582.52
1776346800000,85.56,85.76,85.51,85.7,79650.61
1776347100000,85.7,85.7,85.44,85.53,72399.26
1776347400000,85.54,85.54,83.89,83.97,312982.41
1776347700000,83.97,84.75,83.74,84.74,343987.36
1776348000000,84.73,84.84,84.45,84.56,138894.04
1776348300000,84.57,84.85,84.39,84.81,82803.61
1776348600000,84.81,84.87,84.57,84.58,57690.52
1776348900000,84.58,84.69,83.97,84.2,161412.61
1776349200000,84.21,84.33,84.0,84.15,90489.3
1776349500000,84.16,84.42,84.08,84.35,44798.76
1776349800000,84.34,84.72,84.29,84.65,59251.58
1776350100000,84.64,84.8,84.59,84.66,34313.49
1776350400000,84.66,84.86,84.57,84.8,20892.44
1776350700000,84.8,85.37,84.74,85.31,56154.1
1776351000000,85.32,85.65,85.21,85.29,115464.57
1776351300000,85.29,85.36,85.15,85.33,39124.54
1776351600000,85.33,85.54,85.25,85.46,43722.34
1776351900000,85.46,86.14,85.41,85.95,126220.91
1776352200000,85.96,86.25,85.95,86.09,120867.71
1776352500000,86.1,86.28,85.98,86.19,79049.28
1776352800000,86.19,86.58,86.19,86.46,125914.28
1776353100000,86.46,86.57,86.19,86.2,71900.21
1776353400000,86.19,86.34,86.15,86.21,82072.29
1776353700000,86.22,87.1,86.1,86.71,240233.21
1776354000000,86.71,86.76,86.54,86.68,87883.32
1776354300000,86.68,86.88,86.36,86.44,75510.51
1776354600000,86.45,86.71,86.44,86.48,50711.42
1776354900000,86.48,86.72,86.48,86.58,46052.7
1776355200000,86.58,86.83,86.58,86.76,60671.83
1776355500000,86.77,87.06,86.6,86.63,64597.65
1776355800000,86.64,86.75,86.39,86.46,84079.44
1776356100000,86.46,86.87,86.46,86.72,41241.37
1776356400000,86.73,86.79,86.3,86.51,47974.98
1776356700000,86.51,86.78,86.48,86.6,44455.26
1776357000000,86.6,86.77,86.14,86.36,123067.69
1776357300000,86.36,86.6,86.19,86.49,91497.88
1776357600000,86.48,86.58,86.18,86.25,52466.13
1776357900000,86.25,86.34,86.09,86.12,43463.17
1776358200000,86.12,86.23,85.55,85.79,116101.99
1776358500000,85.79,85.97,85.73,85.9,54753.17
1776358800000,85.9,86.05,85.79,85.9,40330.26
1776359100000,85.91,85.99,85.75,85.94,25682.57
1776359400000,85.94,86.13,85.72,85.74,28416.71
1776359700000,85.74,85.99,85.67,85.95,58041.0
1776360000000,85.95,86.13,85.81,86.11,32856.26
1776360300000,86.11,86.16,85.88,86.01,24753.2
1776360600000,86.02,86.16,86.0,86.01,17939.88
1776360900000,86.01,86.07,85.86,86.07,30707.24
1776361200000,86.07,86.4,86.07,86.38,31579.36
1776361500000,86.38,86.4,86.22,86.4,25896.49
1776361800000,86.39,86.69,86.21,86.57,92336.52
1776362100000,86.57,86.75,86.43,86.6,49552.84
1776362400000,86.6,87.09,86.59,86.65,132032.45
1776362700000,86.65,86.87,86.47,86.55,32274.02
1776363000000,86.55,86.83,86.48,86.79,37299.6
1776363300000,86.79,87.5,86.78,87.49,198320.88
1776363600000,87.48,87.64,87.24,87.28,111988.48
1776363900000,87.29,87.36,87.09,87.15,62338.16
1776364200000,87.15,87.52,87.0,87.49,83419.14
1776364500000,87.49,87.77,87.37,87.64,122322.71
1776364800000,87.64,87.93,87.64,87.79,117465.07
1776365100000,87.79,88.73,87.79,88.35,245327.02
1776365400000,88.34,88.94,88.27,88.74,167114.03
1776365700000,88.75,89.03,88.72,88.94,81078.47
1776366000000,88.94,89.1,88.89,88.89,60142.77
1776366300000,88.89,88.96,88.6,88.94,90413.43
1776366600000,88.94,88.98,88.76,88.87,49152.09
1776366900000,88.87,88.97,88.76,88.93,34126.68
1776367200000,88.93,89.18,88.88,89.16,49779.11
1776367500000,89.15,89.28,88.98,89.12,81737.82
1776367800000,89.12,89.59,89.05,89.12,120124.15
1776368100000,89.12,89.55,89.05,89.51,99142.44
1776368400000,89.52,89.93,89.52,89.8,111714.7
1776368700000,89.8,89.92,89.72,89.88,65411.95
1776369000000,89.89,90.1,89.78,90.02,95425.52
1776369300000,90.02,90.09,89.85,90.05,85731.79
1776369600000,90.05,90.47,89.88,90.25,234041.72
1776369900000,90.24,90.38,89.86,89.96,75079.17
1776370200000,89.95,90.13,89.89,90.08,40642.54
1776370500000,90.08,90.21,89.78,89.8,63733.76
1776370800000,89.81,89.81,89.48,89.65,88636.98
1776371100000,89.65,89.84,89.57,89.82,42201.1
1776371400000,89.82,89.83,89.54,89.63,48400.98
1776371700000,89.63,89.65,89.39,89.39,28781.69
1776372000000,89.39,89.41,89.25,89.34,61012.25
1776372300000,89.34,89.65,89.22,89.52,66239.28
1776372600000,89.51,89.61,89.42,89.47,35549.91
1776372900000,89.47,89.63,89.45,89.53,12543.12
1776373200000,89.54,89.63,89.3,89.34,38366.88
1776373500000,89.35,89.5,89.27,89.47,29529.17
1776373800000,89.48,89.61,89.43,89.48,30248.44
1776374100000,89.48,89.71,89.39,89.6,24800.4
1776374400000,89.59,89.59,88.83,88.94,86777.73
1776374700000,88.94,88.97,88.78,88.87,38041.67
1776375000000,88.88,88.97,88.69,88.93,21598.56
1776375300000,88.93,89.05,88.78,88.86,93157.99
1776375600000,88.86,88.97,88.79,88.86,25809.36
1776375900000,88.86,89.13,88.85,89.09,68683.24
1776376200000,89.09,89.1,88.9,88.96,9603.05
1776376500000,88.96,88.97,88.83,88.89,7745.07
1776376800000,88.89,89.41,88.88,89.2,74045.15
1776377100000,89.21,89.42,89.16,89.17,36495.98
1776377400000,89.17,89.23,89.01,89.09,20109.04
1776377700000,89.08,89.09,88.84,88.87,23138.53
1776378000000,88.87,88.94,88.83,88.94,15909.0
1776378300000,88.94,89.24,88.94,89.12,26532.66
1776378600000,89.12,89.2,89.06,89.1,12586.99
1776378900000,89.1,89.15,89.0,89.05,8525.69
1776379200000,89.06,89.19,89.01,89.13,19485.76
1776379500000,89.13,89.2,89.07,89.18,10454.33
1776379800000,89.18,89.21,88.95,89.03,14295.02
1776380100000,89.03,89.05,88.92,88.95,6414.48
1776380400000,88.95,88.98,88.85,88.92,21874.65
1776380700000,88.92,89.0,88.9,88.92,9834.28
1776381000000,88.92,88.99,88.89,88.93,21237.53
1776381300000,88.93,88.94,88.81,88.88,9696.11
1776381600000,88.89,89.06,88.79,88.97,47392.73
1776381900000,88.97,88.99,88.87,88.89,5425.51
1776382200000,88.89,89.08,88.85,88.99,11902.24
1776382500000,88.99,89.18,88.94,89.09,16055.77
1776382800000,89.09,89.12,88.97,89.06,15770.81
1776383100000,89.06,89.07,88.93,88.96,13139.79
1776383400000,88.96,88.99,88.88,88.89,5441.96
1776383700000,88.89,89.04,88.84,89.01,14875.08
1776384000000,89.02,89.14,88.96,88.98,27251.03
1776384300000,88.98,88.99,88.8,88.84,17743.09
1776384600000,88.83,88.88,88.69,88.71,23136.67
1776384900000,88.71,88.84,88.65,88.84,18478.64
1776385200000,88.84,88.99,88.69,88.73,24886.59
1776385500000,88.73,88.85,88.53,88.62,59922.61
1776385800000,88.63,88.79,88.58,88.73,33702.56
1776386100000,88.74,88.79,88.68,88.79,11597.59
1776386400000,88.79,88.8,88.67,88.69,7246.07
1776386700000,88.69,88.77,88.64,88.74,11379.74
1776387000000,88.74,88.8,88.66,88.72,6749.47
1776387300000,88.72,88.82,88.69,88.77,11460.33
1776387600000,88.76,88.93,88.75,88.8,94672.12
1776387900000,88.81,88.97,88.8,88.88,14188.81
1776388200000,88.89,88.89,88.73,88.84,8959.75
1776388500000,88.84,88.9,88.76,88.77,9354.21
1776388800000,88.77,88.77,88.29,88.35,68692.65
1776389100000,88.34,88.47,88.24,88.33,38659.29
1776389400000,88.33,88.33,88.17,88.31,50084.4
1776389700000,88.31,88.38,88.3,88.36,13010.19
1776390000000,88.36,88.41,88.13,88.17,25046.7
1776390300000,88.17,88.23,87.97,88.03,51097.49
1776390600000,88.03,88.1,87.87,87.91,33814.22
1776390900000,87.91,88.34,87.9,88.19,47659.59
1776391200000,88.19,88.3,88.13,88.28,33138.91
1776391500000,88.28,88.32,87.94,88.03,23767.58
1776391800000,88.03,88.14,87.98,88.06,13578.82
1776392100000,88.06,88.06,87.8,87.84,40995.28
1776392400000,87.84,87.88,87.77,87.81,26241.4
1776392700000,87.81,87.89,87.62,87.63,65201.15
1776393000000,87.63,87.71,87.43,87.71,100205.45
1776393300000,87.71,87.87,87.66,87.81,35393.68
1776393600000,87.8,87.91,87.79,87.8,16333.58
1776393900000,87.8,87.9,87.64,87.65,41318.98
1776394200000,87.64,87.73,87.56,87.7,23152.11
1776394500000,87.71,87.82,87.71,87.82,12811.15
1776394800000,87.81,87.81,87.73,87.77,10931.73
1776395100000,87.77,87.89,87.7,87.81,16762.95
1776395400000,87.81,87.9,87.78,87.86,11090.12
1776395700000,87.86,87.9,87.73,87.74,5168.37
1776396000000,87.74,87.74,87.61,87.69,16901.23
1776396300000,87.69,87.71,87.57,87.62,12975.51
1776396600000,87.63,87.73,87.61,87.67,20450.65
1776396900000,87.67,87.73,87.62,87.63,20090.14
1776397200000,87.63,87.78,87.41,87.74,83123.44
1776397500000,87.75,87.82,87.67,87.76,28790.93
1776397800000,87.75,87.78,87.67,87.67,5618.28
1776398100000,87.67,87.7,87.64,87.67,5556.07
1776398400000,87.67,87.8,87.64,87.8,17112.99
1776398700000,87.8,87.9,87.74,87.8,14819.44
1776399000000,87.8,87.88,87.77,87.86,6226.85
1776399300000,87.85,88.09,87.82,88.08,32839.8
1776399600000,88.07,88.07,87.9,87.98,20841.64
1776399900000,87.98,88.03,87.94,88.02,30715.19
1776400200000,88.02,88.15,88.02,88.11,43311.73
1776400500000,88.11,88.15,88.06,88.14,23185.37
1776400800000,88.14,88.17,88.07,88.15,29707.71
1776401100000,88.14,88.24,87.97,88.0,63204.13
1776401400000,88.0,88.08,87.93,87.95,11422.04
1776401700000,87.95,87.98,87.87,87.95,13234.55
1776402000000,87.94,87.95,87.73,87.73,32178.36
1776402300000,87.73,87.77,87.5,87.52,39635.03
1776402600000,87.53,87.6,87.41,87.5,46467.04
1776402900000,87.5,87.53,87.43,87.52,23027.42
1776403200000,87.53,87.65,87.52,87.6,31858.67
1776403500000,87.6,87.67,87.5,87.53,58216.49
1776403800000,87.52,87.64,87.48,87.64,22501.82
1776404100000,87.64,87.65,87.51,87.51,12226.18
1776404400000,87.51,87.59,87.46,87.53,7551.58
1776404700000,87.52,87.64,87.5,87.55,10199.18
1776405000000,87.54,87.61,87.47,87.52,22401.19
1776405300000,87.52,87.52,87.32,87.35,33285.79
1776405600000,87.36,87.5,87.31,87.48,17045.26
1776405900000,87.47,87.65,87.45,87.47,22132.35
1776406200000,87.47,87.63,87.47,87.6,7772.85
1776406500000,87.6,87.74,87.58,87.63,16939.53
1776406800000,87.63,87.7,87.58,87.65,14466.81
1776407100000,87.64,87.7,87.6,87.69,8918.12
1776407400000,87.69,87.88,87.63,87.86,31883.22
1776407700000,87.85,87.86,87.7,87.82,23031.36
1776408000000,87.82,87.9,87.73,87.86,17892.66
1776408300000,87.87,87.88,87.82,87.87,8805.14
1776408600000,87.87,88.05,87.87,87.96,21430.23
1776408900000,87.96,87.97,87.9,87.95,12576.53
1776409200000,87.96,88.23,87.96,88.19,34081.85
1776409500000,88.19,88.44,88.17,88.42,70547.78
1776409800000,88.41,88.42,88.24,88.32,26543.13
1776410100000,88.32,88.32,88.13,88.2,19422.66
1776410400000,88.2,88.2,88.04,88.09,29354.08
1776410700000,88.09,88.12,88.06,88.11,9046.0
1776411000000,88.1,88.24,88.03,88.1,14168.36
1776411300000,88.11,88.15,88.05,88.15,5963.2
1776411600000,88.14,88.15,88.04,88.11,9994.61
1776411900000,88.1,88.12,87.94,87.97,10314.5
1776412200000,87.97,88.07,87.93,88.07,10459.07
1776412500000,88.06,88.1,87.95,88.1,6769.79
1776412800000,88.09,88.24,88.07,88.24,30128.37
1776413100000,88.24,88.45,88.19,88.23,33309.28
1776413400000,88.23,88.3,88.16,88.24,15988.13
1776413700000,88.24,88.46,88.18,88.33,51915.59
1776414000000,88.34,88.55,88.29,88.52,34237.86
1776414300000,88.53,88.6,88.34,88.35,72239.73
1776414600000,88.36,88.7,88.34,88.62,55206.85
1776414900000,88.62,88.69,88.42,88.48,30923.14
1776415200000,88.49,88.61,88.44,88.53,18436.56
1776415500000,88.53,88.86,88.41,88.68,62586.64
1776415800000,88.68,88.95,88.66,88.87,47787.59
1776416100000,88.87,89.03,88.85,88.9,53706.47
1776416400000,88.91,88.91,88.75,88.78,23532.36
1776416700000,88.78,88.82,88.66,88.76,30566.07
1776417000000,88.76,88.85,88.68,88.78,34990.5
1776417300000,88.78,88.88,88.63,88.64,26250.57
1776417600000,88.65,88.78,88.64,88.75,13561.53
1776417900000,88.75,89.47,88.74,89.38,104837.43
1776418200000,89.38,89.44,88.26,88.47,200022.15
1776418500000,88.47,88.52,88.27,88.37,56172.52
1776418800000,88.37,88.53,88.34,88.47,47507.25
1776419100000,88.48,88.56,88.33,88.5,22204.45
1776419400000,88.5,88.67,88.45,88.56,29601.31
1776419700000,88.56,88.65,88.55,88.65,12277.83
1776420000000,88.65,88.68,88.52,88.61,36403.38
1776420300000,88.6,88.67,88.45,88.45,21132.75
1776420600000,88.45,88.46,88.13,88.21,80627.09
1776420900000,88.21,88.28,88.12,88.19,43979.7
1776421200000,88.18,88.24,88.14,88.19,15002.58
1776421500000,88.19,88.22,87.8,87.8,120709.8
1776421800000,87.81,87.83,87.54,87.72,106788.0
1776422100000,87.72,87.87,87.61,87.64,56036.86
1776422400000,87.65,87.77,87.38,87.41,58736.81
1776422700000,87.4,87.57,87.31,87.56,71987.59
1776423000000,87.56,87.63,87.5,87.59,26479.48
1776423300000,87.6,87.65,87.54,87.63,18688.97
1776423600000,87.63,87.73,87.57,87.69,21297.15
1776423900000,87.69,87.78,87.61,87.75,21632.67
1776424200000,87.75,87.8,87.69,87.7,16528.78
1776424500000,87.7,87.96,87.69,87.86,23062.63
1776424800000,87.87,87.98,87.8,87.97,26271.04
1776425100000,87.97,88.04,87.9,87.94,43003.17
1776425400000,87.95,88.15,87.94,88.14,48646.85
1776425700000,88.15,88.15,88.05,88.05,17881.35
1776426000000,88.05,88.1,87.95,87.96,15976.72
1776426300000,87.96,88.08,87.83,88.06,51681.75
1776426600000,88.05,88.28,88.05,88.15,24838.31
1776426900000,88.15,88.2,88.1,88.16,14039.8
1776427200000,88.16,88.25,88.09,88.14,18930.09
1776427500000,88.14,88.19,88.05,88.17,19536.33
1776427800000,88.18,88.24,88.1,88.12,37276.39
1776428100000,88.12,88.21,88.06,88.18,27261.57
1776428400000,88.17,88.23,87.86,88.08,75379.14
1776428700000,88.08,88.38,87.87,88.15,92737.36
1776429000000,88.15,88.44,88.14,88.29,36497.31
1776429300000,88.29,88.3,88.06,88.06,10141.73
1776429600000,88.07,88.18,88.05,88.14,16017.88
1776429900000,88.15,88.69,88.1,88.68,124903.16
1776430200000,88.68,88.87,88.55,88.79,84966.22
1776430500000,88.79,88.87,88.65,88.83,51912.89
1776430800000,88.84,89.05,88.53,88.73,72726.15
1776431100000,88.73,89.37,88.66,89.34,126883.75
1776431400000,89.34,89.81,89.2,89.76,227196.08
1776431700000,89.77,90.04,89.62,90.02,169436.36
1776432000000,90.02,90.43,89.92,90.35,128078.54
1776432300000,90.34,90.49,89.33,89.55,422524.1
1776432600000,89.55,89.65,88.83,89.36,482831.16
1776432900000,89.37,89.64,89.26,89.39,108433.49
1776433200000,89.39,89.84,89.33,89.78,89061.15
1776433500000,89.78,89.95,89.2,89.68,164748.96
1776433800000,89.69,90.11,89.63,89.99,184469.05
1776434100000,89.98,90.15,89.8,90.08,87626.99
1776434400000,90.09,90.27,89.86,89.94,198720.73
1776434700000,89.93,90.0,89.7,89.78,74650.87
1776435000000,89.77,89.92,89.6,89.76,89632.95
1776435300000,89.76,89.91,89.66,89.9,49418.55
1776435600000,89.9,90.15,89.74,90.0,75165.28
1776435900000,90.0,90.2,89.71,89.75,42708.16
1776436200000,89.75,90.21,89.74,90.2,46745.65
1776436500000,90.2,90.3,90.0,90.29,47701.43
1776436800000,90.29,90.74,89.89,90.12,228670.74
1776437100000,90.11,90.21,89.99,90.19,82601.8
1776437400000,90.19,90.37,89.91,89.92,80454.06
1776437700000,89.91,90.18,89.74,89.97,101842.51
1776438000000,89.98,90.02,89.44,89.64,107112.77
1776438300000,89.63,89.96,89.55,89.92,44691.97
1776438600000,89.92,90.08,89.8,89.84,52426.81
1776438900000,89.85,90.17,89.8,89.92,59331.75
1776439200000,89.93,90.05,89.84,89.9,28012.63
1776439500000,89.9,89.93,89.58,89.79,48409.33
1776439800000,89.8,89.85,89.59,89.85,53908.11
1776440100000,89.85,89.99,89.76,89.79,30665.76
1776440400000,89.78,89.87,89.52,89.57,32580.94
1776440700000,89.57,89.92,89.56,89.56,113323.89
1776441000000,89.57,90.04,89.51,89.93,39285.31
1776441300000,89.93,90.05,89.89,89.91,31673.03
1776441600000,89.91,90.16,89.85,90.06,37708.13
1776441900000,90.06,90.34,90.03,90.04,75419.25
1776442200000,90.04,90.38,90.02,90.06,44848.67
1776442500000,90.06,90.15,89.87,90.15,51159.05
1776442800000,90.15,90.59,90.08,90.23,106549.62
1776443100000,90.24,90.37,90.22,90.24,22316.22
1776443400000,90.25,90.4,90.0,90.15,49935.05
1776443700000,90.15,90.31,90.1,90.15,18494.55
1776444000000,90.15,90.21,89.97,90.15,32329.78
1776444300000,90.15,90.24,90.12,90.16,33587.7
1776444600000,90.17,90.28,90.1,90.2,35246.35
1776444900000,90.2,90.39,90.2,90.38,19490.99
1776445200000,90.39,90.4,90.16,90.29,22225.05
1776445500000,90.29,90.29,89.83,89.91,62274.06
1776445800000,89.92,89.95,89.46,89.73,105695.37
1776446100000,89.73,89.96,89.72,89.82,25945.41
1776446400000,89.81,89.82,89.04,89.18,113093.49
1776446700000,89.19,89.39,89.04,89.35,93879.19
1776447000000,89.35,89.76,89.35,89.62,47607.46
1776447300000,89.62,89.65,89.44,89.55,20122.3
1776447600000,89.55,89.58,89.4,89.52,17363.53
1776447900000,89.52,89.87,89.5,89.73,57553.82
1776448200000,89.72,89.8,89.59,89.65,28046.63
1776448500000,89.64,89.71,89.61,89.7,8844.84
1776448800000,89.7,89.79,89.34,89.38,18117.8
1776449100000,89.38,89.41,88.97,89.06,66268.15
1776449400000,89.06,89.09,88.83,88.91,47332.9
1776449700000,88.91,89.21,88.85,89.06,26098.69
1776450000000,89.06,89.21,88.95,89.16,19832.35
1776450300000,89.16,89.28,88.94,88.99,19827.36
1776450600000,88.99,89.16,88.91,89.16,15903.38
1776450900000,89.16,89.18,89.1,89.16,7384.62
1776451200000,89.15,89.36,89.14,89.32,23076.83
1776451500000,89.32,89.33,89.18,89.19,9523.77
1776451800000,89.2,89.22,88.87,89.13,18323.9
1776452100000,89.13,89.17,89.0,89.12,10851.02
1776452400000,89.13,89.24,89.02,89.03,11296.05
1776452700000,89.03,89.08,88.87,89.03,13682.49
1776453000000,89.04,89.15,88.96,89.13,11097.69
1776453300000,89.13,89.42,89.13,89.3,37984.39
1776453600000,89.3,89.4,89.25,89.34,22734.3
1776453900000,89.34,89.4,89.14,89.18,21649.97
1776454200000,89.19,89.4,89.19,89.35,8460.25
1776454500000,89.34,89.45,89.21,89.41,9754.05
1776454800000,89.41,89.45,89.34,89.41,9873.56
1776455100000,89.41,89.41,89.08,89.25,23705.62
1776455400000,89.26,89.29,89.12,89.23,16901.24
1776455700000,89.23,89.28,89.13,89.17,17865.42
1776456000000,89.18,89.32,89.17,89.26,18936.46
1776456300000,89.26,89.29,89.18,89.23,11344.83
1776456600000,89.22,89.26,89.1,89.23,7984.82
1776456900000,89.23,89.23,89.15,89.21,3242.79
1776457200000,89.21,89.23,89.08,89.17,5530.02
1776457500000,89.17,89.18,89.01,89.04,9693.32
1776457800000,89.04,89.1,88.37,88.6,127511.36
1776458100000,88.6,88.73,88.55,88.73,11715.85
1776458400000,88.73,88.77,88.65,88.72,22942.65
1776458700000,88.71,88.93,88.6,88.9,19692.0
1776459000000,88.89,88.92,88.8,88.86,13764.76
1776459300000,88.86,88.97,88.84,88.95,10674.47
1776459600000,88.94,89.19,88.93,89.11,17632.33
1776459900000,89.11,89.12,88.93,89.07,24749.52
1776460200000,89.07,89.18,89.04,89.09,47394.68
1776460500000,89.09,89.14,89.0,89.12,8079.33
1776460800000,89.11,89.21,89.11,89.12,3712.7
1776461100000,89.12,89.16,89.03,89.08,7260.78
1776461400000,89.07,89.07,88.94,88.97,5127.99
1776461700000,88.97,89.03,88.74,88.77,12830.1
1776462000000,88.78,89.1,88.78,89.03,32511.28
1776462300000,89.03,89.09,88.99,89.09,4094.71
1776462600000,89.09,89.14,89.05,89.14,3029.33
1776462900000,89.14,89.17,89.07,89.08,8111.12
1776463200000,89.07,89.17,89.01,89.14,11227.66
1776463500000,89.15,89.22,89.14,89.22,6390.47
1776463800000,89.21,89.22,89.01,89.03,11533.77
1776464100000,89.02,89.1,88.89,88.98,17658.49
1776464400000,88.98,89.17,88.96,89.07,11536.96
1776464700000,89.07,89.18,89.06,89.13,3891.42
1776465000000,89.12,89.36,89.06,89.35,29780.12
1776465300000,89.35,89.37,89.25,89.3,27240.95
1776465600000,89.3,89.42,89.29,89.3,8668.67
1776465900000,89.29,89.32,89.24,89.3,8854.94
1776466200000,89.3,89.35,89.25,89.3,4823.82
1776466500000,89.3,89.31,89.14,89.17,6171.42
1776466800000,89.16,89.16,89.02,89.05,8542.98
1776467100000,89.05,89.09,88.91,88.93,28038.4
1776467400000,88.92,88.99,88.86,88.94,15885.41
1776467700000,88.94,88.95,88.43,88.52,42463.36
1776468000000,88.53,88.72,88.45,88.69,35954.13
1776468300000,88.69,88.8,88.69,88.73,16598.7
1776468600000,88.73,88.87,88.67,88.67,12174.19
1776468900000,88.67,88.78,88.66,88.68,7024.68
1776469200000,88.68,88.78,88.63,88.65,16284.24
1776469500000,88.65,88.8,88.62,88.79,8970.88
1776469800000,88.78,88.8,88.72,88.78,6162.6
1776470100000,88.78,88.84,88.71,88.71,4503.52
1776470400000,88.71,88.92,88.68,88.83,10786.66
1776470700000,88.83,88.89,88.7,88.71,17211.78
1776471000000,88.71,88.85,88.69,88.72,7800.91
1776471300000,88.72,88.93,88.71,88.86,12162.62
1776471600000,88.86,88.86,88.69,88.77,14191.66
1776471900000,88.77,88.9,88.76,88.88,6263.3
1776472200000,88.89,88.95,88.62,88.7,14697.37
1776472500000,88.7,88.82,88.62,88.7,22677.28
1776472800000,88.7,88.76,88.64,88.68,11637.03
1776473100000,88.68,88.9,88.65,88.89,17213.86
1776473400000,88.9,89.03,88.81,89.02,17240.26
1776473700000,89.03,89.1,88.87,88.93,23658.62
1776474000000,88.93,88.94,88.73,88.93,11978.04
1776474300000,88.92,89.0,88.87,88.88,17113.76
1776474600000,88.88,89.04,88.87,89.02,11587.82
1776474900000,89.02,89.08,88.99,89.07,8150.31
1776475200000,89.07,89.11,89.02,89.09,8404.82
1776475500000,89.09,89.1,89.02,89.08,4275.42
1776475800000,89.07,89.08,88.86,88.87,4878.96
1776476100000,88.86,88.87,88.72,88.75,12719.81
1776476400000,88.75,88.9,88.73,88.76,9098.15
1776476700000,88.76,88.94,88.71,88.72,17294.71
1776477000000,88.71,88.75,88.65,88.69,7634.62
1776477300000,88.69,88.82,88.69,88.82,5922.41
1776477600000,88.81,88.82,88.61,88.7,35544.21
1776477900000,88.7,88.85,88.68,88.79,11727.88
1776478200000,88.79,88.87,88.75,88.87,8204.26
1776478500000,88.87,88.96,88.86,88.94,11717.61
1776478800000,88.94,89.04,88.92,88.93,22333.07
1776479100000,88.92,89.0,88.9,88.98,6337.79
1776479400000,88.97,88.98,88.83,88.87,5980.74
1776479700000,88.87,89.04,88.84,88.98,5645.59
1776480000000,88.99,89.03,88.87,88.91,6227.63
1776480300000,88.91,88.94,88.85,88.89,7316.36
1776480600000,88.88,88.9,88.82,88.87,3466.74
1776480900000,88.87,88.9,88.83,88.88,3607.83
1776481200000,88.88,88.88,88.7,88.8,19329.24
1776481500000,88.8,88.82,88.74,88.82,3060.88
1776481800000,88.82,88.82,88.75,88.8,3378.6
1776482100000,88.79,88.83,88.71,88.81,4510.17
1776482400000,88.81,88.84,88.76,88.82,5308.65
1776482700000,88.83,88.83,88.66,88.69,8459.63
1776483000000,88.69,88.78,88.62,88.73,11404.15
1776483300000,88.73,88.78,88.69,88.71,8458.43
1776483600000,88.7,88.8,88.7,88.75,2892.65
1776483900000,88.76,88.8,88.66,88.71,11712.29
1776484200000,88.71,88.8,88.24,88.26,80563.35
1776484500000,88.27,88.35,88.16,88.27,86172.5
1776484800000,88.28,88.38,88.19,88.38,35134.33
1776485100000,88.38,88.49,88.37,88.45,15781.62
1776485400000,88.46,88.49,88.41,88.44,6305.25
1776485700000,88.43,88.49,88.39,88.47,27333.78
1776486000000,88.48,88.49,88.4,88.44,12530.4
1776486300000,88.44,88.47,88.29,88.35,15131.14
1776486600000,88.35,88.35,88.19,88.26,17141.19
1776486900000,88.26,88.44,88.25,88.38,10111.86
1776487200000,88.38,88.42,88.25,88.26,7750.18
1776487500000,88.26,88.41,88.25,88.34,22139.37
1776487800000,88.34,88.43,88.34,88.4,7951.96
1776488100000,88.4,88.44,88.3,88.3,16508.35
1776488400000,88.3,88.41,88.27,88.41,17903.22
1776488700000,88.41,88.55,88.41,88.52,21136.43
1776489000000,88.53,88.61,88.49,88.5,37531.67
1776489300000,88.5,88.51,88.37,88.37,15021.61
1776489600000,88.38,88.41,88.3,88.35,7907.17
1776489900000,88.35,88.37,88.28,88.28,21384.11
1776490200000,88.28,88.32,88.21,88.27,16120.49
1776490500000,88.27,88.27,88.11,88.23,28034.05
1776490800000,88.23,88.32,88.12,88.31,47746.38
1776491100000,88.31,88.34,88.25,88.34,8502.72
1776491400000,88.33,88.35,88.3,88.3,6228.52
1776491700000,88.3,88.37,88.3,88.35,10862.02
1776492000000,88.36,88.48,88.35,88.38,14052.53
1776492300000,88.39,88.45,88.34,88.42,3522.88
1776492600000,88.43,88.47,88.4,88.4,6339.27
1776492900000,88.4,88.42,88.36,88.39,4519.99
1776493200000,88.4,88.4,88.31,88.31,7594.22
1776493500000,88.31,88.45,88.27,88.44,9379.2
1776493800000,88.45,88.51,88.42,88.46,19269.04
1776494100000,88.46,88.53,88.41,88.41,10736.89
1776494400000,88.42,88.5,88.4,88.49,6763.32
1776494700000,88.49,88.56,88.46,88.55,10949.54
1776495000000,88.56,88.58,88.52,88.55,19123.41
1776495300000,88.55,88.56,88.44,88.45,6805.84
1776495600000,88.45,88.5,88.4,88.41,11474.07
1776495900000,88.41,88.42,88.33,88.35,5464.51
1776496200000,88.35,88.44,88.35,88.35,6878.95
1776496500000,88.35,88.4,88.33,88.35,10126.57
1776496800000,88.35,88.47,88.35,88.46,4418.32
1776497100000,88.46,88.48,88.4,88.45,14085.77
1776497400000,88.46,88.52,88.42,88.51,10344.12
1776497700000,88.51,88.51,88.41,88.41,5250.16
1776498000000,88.41,88.42,88.31,88.41,20102.52
1776498300000,88.4,88.43,88.34,88.36,11512.29
1776498600000,88.36,88.39,88.26,88.37,12293.07
1776498900000,88.37,88.44,88.34,88.41,13907.78
1776499200000,88.42,88.47,88.19,88.24,61028.18
1776499500000,88.24,88.3,88.2,88.27,8954.42
1776499800000,88.27,88.28,88.04,88.04,24772.41
1776500100000,88.04,88.07,87.6,87.95,157409.56
1776500400000,87.96,87.96,87.54,87.7,47063.28
1776500700000,87.7,87.74,87.61,87.63,35671.29
1776501000000,87.63,87.71,87.43,87.45,62439.18
1776501300000,87.45,87.46,87.09,87.25,127236.17
1776501600000,87.25,87.26,87.05,87.17,46263.65
1776501900000,87.17,87.33,87.12,87.26,36102.08
1776502200000,87.25,87.41,87.2,87.37,48701.5
1776502500000,87.37,87.55,87.34,87.48,89856.02
1776502800000,87.49,87.49,87.34,87.41,30608.06
1776503100000,87.41,87.47,87.13,87.17,35779.35
1776503400000,87.18,87.41,87.17,87.29,29061.45
1776503700000,87.28,87.49,87.09,87.32,83925.08
1776504000000,87.32,87.42,87.28,87.33,30830.36
1776504300000,87.33,87.47,87.33,87.47,24397.9
1776504600000,87.47,87.62,87.43,87.59,23238.05
1776504900000,87.59,87.61,87.45,87.52,25776.92
1776505200000,87.53,87.62,87.52,87.53,7216.78
1776505500000,87.53,87.61,87.49,87.58,16721.78
1776505800000,87.58,87.59,87.4,87.43,24747.14
1776506100000,87.44,87.57,87.41,87.57,15439.18
1776506400000,87.56,87.58,87.1,87.17,107790.37
1776506700000,87.16,87.22,86.9,87.01,135572.26
1776507000000,87.01,87.11,86.93,87.09,41991.98
1776507300000,87.09,87.19,87.04,87.15,33218.93
1776507600000,87.14,87.19,87.02,87.1,18706.76
1776507900000,87.1,87.17,87.07,87.13,7626.42
1776508200000,87.13,87.14,86.99,87.1,16181.81
1776508500000,87.1,87.14,87.06,87.11,6233.86
1776508800000,87.12,87.16,86.81,86.82,83616.67
1776509100000,86.82,86.94,86.76,86.87,44267.22
1776509400000,86.86,86.86,86.72,86.81,37905.64
1776509700000,86.81,86.92,86.81,86.91,15080.78
1776510000000,86.91,86.92,86.75,86.87,30135.82
1776510300000,86.87,86.9,86.56,86.74,56686.8
1776510600000,86.74,86.82,86.56,86.61,40920.87
1776510900000,86.61,86.77,86.57,86.74,27368.51
1776511200000,86.74,86.81,86.68,86.75,18274.87
1776511500000,86.75,86.76,86.68,86.75,7956.76
1776511800000,86.75,86.82,86.67,86.73,16402.09
1776512100000,86.73,86.74,86.37,86.38,38349.9
1776512400000,86.39,86.46,86.23,86.37,75410.88
1776512700000,86.37,86.42,86.27,86.35,44577.93
1776513000000,86.35,86.56,86.33,86.49,25635.8
1776513300000,86.5,86.62,86.41,86.49,24232.51
1776513600000,86.48,86.79,86.45,86.78,49722.19
1776513900000,86.77,86.81,86.68,86.71,16764.35
1776514200000,86.71,86.75,86.65,86.73,24073.68
1776514500000,86.73,86.79,86.65,86.69,38988.67
1776514800000,86.69,86.73,86.6,86.69,13127.31
1776515100000,86.69,86.72,86.65,86.66,6112.22
1776515400000,86.65,86.77,86.63,86.71,13044.81
1776515700000,86.71,86.72,86.56,86.57,13128.44
1776516000000,86.57,86.75,86.56,86.75,14993.49
1776516300000,86.74,86.83,86.69,86.83,27164.89
1776516600000,86.82,86.9,86.82,86.87,22473.3
1776516900000,86.87,86.9,86.8,86.84,15055.69
1776517200000,86.84,86.92,86.79,86.83,22551.11
1776517500000,86.83,86.89,86.77,86.79,33343.31
1776517800000,86.79,86.82,86.76,86.8,24829.29
1776518100000,86.81,86.82,86.65,86.74,23216.99
1776518400000,86.74,86.9,86.74,86.76,18907.12
1776518700000,86.76,86.8,86.62,86.68,20012.1
1776519000000,86.68,86.72,86.55,86.58,12282.21
1776519300000,86.59,86.64,86.44,86.44,31390.46
1776519600000,86.44,86.56,86.35,86.52,23457.88
1776519900000,86.52,86.67,86.46,86.66,17833.85
1776520200000,86.66,86.78,86.65,86.74,41970.65
1776520500000,86.74,86.75,86.68,86.68,10800.14
1776520800000,86.68,86.78,86.59,86.61,22775.41
1776521100000,86.61,86.68,86.53,86.59,52500.43
1776521400000,86.6,86.65,86.55,86.65,14312.88
1776521700000,86.65,86.7,86.63,86.64,6394.63
1776522000000,86.64,86.64,86.4,86.51,16330.22
1776522300000,86.5,86.73,86.48,86.71,10512.22
1776522600000,86.71,86.82,86.64,86.71,23891.37
1776522900000,86.71,86.79,86.68,86.76,34301.31
1776523200000,86.76,86.79,86.68,86.71,16550.84
1776523500000,86.71,86.75,86.67,86.71,9024.68
1776523800000,86.72,86.78,86.7,86.75,19851.36
1776524100000,86.75,86.83,86.71,86.78,26363.33
1776524400000,86.78,86.92,86.71,86.78,40890.88
1776524700000,86.78,86.8,86.7,86.72,14615.64
1776525000000,86.73,86.79,86.63,86.75,14785.66
1776525300000,86.75,86.78,86.67,86.71,4579.26
1776525600000,86.71,86.84,86.69,86.82,9044.15
1776525900000,86.81,86.86,86.74,86.75,6344.33
1776526200000,86.76,86.84,86.75,86.81,7608.36
1776526500000,86.81,86.81,86.73,86.75,6931.14
1776526800000,86.75,86.76,86.63,86.63,8196.95
1776527100000,86.63,86.68,86.6,86.63,3646.21
1776527400000,86.64,86.66,86.53,86.65,10226.84
1776527700000,86.65,86.73,86.65,86.72,8081.9
1776528000000,86.71,86.71,86.56,86.61,17281.53
1776528300000,86.61,86.78,86.61,86.77,11030.24
1776528600000,86.77,86.88,86.76,86.87,20563.64
1776528900000,86.87,86.87,86.41,86.72,71860.79
1776529200000,86.72,86.95,86.66,86.78,36735.27
1776529500000,86.78,86.86,86.72,86.74,9188.25
1776529800000,86.75,86.8,86.64,86.69,11803.02
1776530100000,86.69,86.74,86.66,86.67,5130.67
1776530400000,86.67,86.69,86.61,86.62,9446.11
1776530700000,86.62,86.7,86.59,86.59,12251.19
1776531000000,86.59,86.6,86.49,86.57,25835.9
1776531300000,86.57,86.65,86.56,86.65,17601.68
1776531600000,86.64,86.67,86.56,86.61,15175.24
1776531900000,86.61,86.64,86.52,86.6,8388.19
1776532200000,86.6,86.67,86.45,86.54,31381.31
1776532500000,86.54,86.64,86.53,86.63,11027.63
1776532800000,86.62,86.63,86.52,86.6,4003.96
1776533100000,86.6,86.72,86.57,86.68,11763.69
1776533400000,86.69,86.76,86.68,86.73,10444.62
1776533700000,86.73,86.76,86.71,86.73,14272.55
1776534000000,86.74,86.74,86.68,86.71,9856.54
1776534300000,86.71,86.79,86.71,86.79,6315.46
1776534600000,86.8,86.8,86.75,86.78,2251.66
1776534900000,86.79,86.79,86.7,86.7,5925.23
1776535200000,86.7,86.7,86.51,86.64,40908.38
1776535500000,86.64,86.7,86.58,86.7,5027.23
1776535800000,86.69,86.7,86.57,86.58,3327.29
1776536100000,86.58,86.59,86.44,86.47,17546.09
1776536400000,86.47,86.51,86.31,86.33,28728.88
1776536700000,86.33,86.4,86.28,86.3,11520.95
1776537000000,86.3,86.34,86.02,86.14,133592.0
1776537300000,86.15,86.15,85.83,85.91,95358.91
1776537600000,85.9,85.94,85.72,85.94,89775.43
1776537900000,85.94,86.12,85.87,85.98,30578.36
1776538200000,85.98,86.01,85.84,85.85,23483.19
1776538500000,85.85,85.91,85.75,85.9,18655.13
1776538800000,85.9,86.18,85.87,86.18,20839.3
1776539100000,86.18,86.23,86.11,86.15,7595.03
1776539400000,86.14,86.22,86.13,86.2,5603.23
1776539700000,86.19,86.22,86.13,86.15,5107.97
1776540000000,86.15,86.17,86.04,86.06,9100.47
1776540300000,86.06,86.17,86.06,86.15,3267.76
1776540600000,86.15,86.18,85.97,85.99,12519.02
1776540900000,85.99,86.03,85.91,85.97,7417.24
1776541200000,85.96,86.01,85.93,85.97,7955.84
1776541500000,85.96,86.1,85.93,86.08,9005.37
1776541800000,86.07,86.12,86.01,86.04,5350.09
1776542100000,86.04,86.15,86.03,86.06,9553.55
1776542400000,86.06,86.09,85.94,85.96,18366.36
1776542700000,85.97,86.11,85.97,86.11,6946.09
1776543000000,86.11,86.11,86.03,86.06,12280.55
1776543300000,86.06,86.15,86.0,86.01,7537.38
1776543600000,86.01,86.08,85.99,86.05,12422.37
1776543900000,86.05,86.07,86.01,86.06,2444.17
1776544200000,86.06,86.11,86.06,86.1,4790.86
1776544500000,86.1,86.13,86.01,86.1,7644.78
1776544800000,86.1,86.18,86.08,86.16,7223.39
1776545100000,86.16,86.25,86.13,86.17,18526.03
1776545400000,86.18,86.22,86.16,86.19,16186.14
1776545700000,86.19,86.2,86.09,86.12,13042.04
1776546000000,86.13,86.21,86.1,86.12,3776.12
1776546300000,86.12,86.16,86.08,86.15,6006.1
1776546600000,86.15,86.16,86.02,86.09,11606.55
1776546900000,86.09,86.13,86.0,86.0,13383.36
1776547200000,86.0,86.08,85.97,86.06,8910.96
1776547500000,86.06,86.2,86.04,86.19,3455.49
1776547800000,86.18,86.18,86.08,86.08,2006.44
1776548100000,86.08,86.15,86.07,86.1,4670.95
1776548400000,86.11,86.19,86.07,86.13,3325.16
1776548700000,86.13,86.23,86.12,86.15,9822.32
1776549000000,86.15,86.18,86.08,86.16,5062.52
1776549300000,86.16,86.2,86.13,86.15,4052.07
1776549600000,86.15,86.15,85.84,85.94,55305.72
1776549900000,85.94,85.99,85.87,85.91,7438.25
1776550200000,85.92,85.99,85.89,85.92,5138.22
1776550500000,85.92,86.03,85.91,85.98,18229.69
1776550800000,85.97,86.02,85.91,86.02,32300.1
1776551100000,86.02,86.12,85.99,86.11,12486.04
1776551400000,86.1,86.17,86.09,86.15,15333.15
1776551700000,86.15,86.18,86.02,86.07,13469.57
1776552000000,86.07,86.1,86.01,86.1,15173.78
1776552300000,86.1,86.28,86.09,86.26,33384.29
1776552600000,86.25,86.31,86.18,86.23,8294.2
1776552900000,86.23,86.26,86.19,86.23,3688.0
1776553200000,86.23,86.34,86.22,86.29,5569.56
1776553500000,86.3,86.41,86.25,86.28,14700.77
1776553800000,86.28,86.28,86.22,86.23,4424.86
1776554100000,86.24,86.28,86.23,86.25,4356.48
1776554400000,86.26,86.28,86.23,86.26,3587.77
1776554700000,86.26,86.27,86.2,86.2,12328.29
1776555000000,86.19,86.22,86.14,86.18,10442.62
1776555300000,86.18,86.19,86.12,86.13,9699.52
1776555600000,86.14,86.27,86.14,86.19,16220.34
1776555900000,86.19,86.21,86.14,86.2,2973.99
1776556200000,86.21,86.21,86.07,86.09,13611.31
1776556500000,86.1,86.13,86.07,86.1,4701.05
1776556800000,86.1,86.19,86.07,86.18,6820.69
1776557100000,86.18,86.32,86.16,86.31,9792.65
1776557400000,86.31,86.32,86.13,86.13,9791.4
1776557700000,86.13,86.13,85.97,86.07,13824.31
1776558000000,86.08,86.11,85.96,86.02,12107.23
1776558300000,86.02,86.05,85.97,86.02,6213.45
1776558600000,86.02,86.07,85.91,85.93,13855.69
1776558900000,85.94,85.94,85.81,85.85,18054.88
1776559200000,85.85,85.88,85.82,85.84,9126.27
1776559500000,85.84,86.08,85.84,86.06,58091.88
1776559800000,86.06,86.06,85.97,85.97,5711.04
1776560100000,85.97,85.98,85.9,85.96,8473.77
1776560400000,85.97,86.18,85.96,86.0,8178.69
1776560700000,86.0,86.03,85.9,85.9,52360.9
1776561000000,85.89,85.96,85.85,85.92,35351.77
1776561300000,85.92,85.94,85.81,85.82,7878.93
1776561600000,85.83,85.83,85.73,85.76,19539.48
1776561900000,85.76,85.77,85.65,85.68,25406.37
1776562200000,85.68,85.71,85.55,85.65,19744.01
1776562500000,85.65,85.68,85.54,85.55,20437.07
1776562800000,85.56,85.64,85.56,85.62,9128.45
1776563100000,85.62,85.68,85.61,85.66,10127.76
1776563400000,85.65,85.79,85.63,85.78,16876.41
1776563700000,85.78,85.83,85.68,85.68,15506.44
1776564000000,85.69,85.71,85.6,85.63,9528.31
1776564300000,85.63,85.68,85.61,85.66,5887.31
1776564600000,85.66,85.74,85.66,85.74,4664.25
1776564900000,85.74,85.8,85.66,85.7,7777.06
1776565200000,85.7,85.76,85.3,85.33,46283.99
1776565500000,85.33,85.37,85.17,85.29,62028.4
1776565800000,85.29,85.41,85.21,85.28,28442.17
1776566100000,85.28,85.39,85.23,85.35,22760.28
1776566400000,85.36,85.78,85.36,85.69,42939.29
1776566700000,85.69,85.73,85.49,85.5,34442.25
1776567000000,85.5,85.53,85.44,85.47,25956.84
1776567300000,85.48,85.55,85.43,85.47,34249.49
1776567600000,85.46,85.52,85.36,85.41,14134.97
1776567900000,85.41,85.44,85.25,85.4,28058.4
1776568200000,85.4,85.63,85.4,85.62,15449.49
1776568500000,85.62,85.66,85.52,85.53,15858.12
1776568800000,85.53,85.62,85.48,85.53,10580.81
1776569100000,85.53,85.67,85.53,85.67,60295.77
1776569400000,85.67,85.68,85.54,85.63,40915.58
1776569700000,85.63,85.73,85.6,85.63,10598.52
1776570000000,85.63,85.71,85.59,85.69,4885.85
1776570300000,85.69,85.73,85.66,85.69,6480.97
1776570600000,85.7,85.72,85.62,85.65,5814.02
1776570900000,85.65,85.66,85.52,85.55,6374.1
1776571200000,85.55,85.62,85.52,85.6,5596.33
1776571500000,85.61,85.69,85.6,85.62,5417.85
1776571800000,85.62,85.88,85.62,85.8,34472.17
1776572100000,85.8,85.9,85.75,85.84,30951.8
1776572400000,85.84,85.88,85.79,85.85,10180.2
1776572700000,85.85,85.87,85.79,85.82,10658.5
1776573000000,85.82,85.83,85.5,85.52,54463.62
1776573300000,85.52,85.57,85.4,85.41,24164.77
1776573600000,85.42,85.42,85.06,85.3,102295.25
1776573900000,85.3,85.43,85.25,85.4,18830.25
1776574200000,85.41,85.57,85.4,85.47,28562.96
1776574500000,85.48,85.52,85.45,85.52,6043.27
1776574800000,85.52,85.58,85.41,85.43,21676.37
1776575100000,85.43,85.48,85.36,85.39,23210.22
1776575400000,85.4,85.5,85.39,85.42,12379.36
1776575700000,85.43,85.51,85.37,85.42,18004.53
1776576000000,85.41,85.5,85.39,85.49,18935.84
1776576300000,85.5,85.5,85.4,85.48,18611.46
1776576600000,85.49,85.72,85.48,85.7,39149.39
1776576900000,85.7,85.75,85.63,85.64,11758.15
1776577200000,85.64,85.64,85.42,85.49,30755.02
1776577500000,85.49,85.54,85.33,85.51,57454.09
1776577800000,85.5,85.51,85.41,85.42,6314.6
1776578100000,85.42,85.47,85.39,85.44,8093.39
1776578400000,85.43,85.45,85.3,85.33,19885.5
1776578700000,85.33,85.43,85.28,85.32,42667.16
1776579000000,85.33,85.39,85.17,85.22,39756.96
1776579300000,85.22,85.28,85.08,85.26,51693.79
1776579600000,85.25,85.39,85.19,85.39,41496.15
1776579900000,85.39,85.4,85.3,85.32,7442.5
1776580200000,85.32,85.48,85.31,85.47,20820.89
1776580500000,85.48,85.61,85.41,85.46,46759.94
1776580800000,85.46,85.48,85.42,85.42,6062.59
1776581100000,85.42,85.49,85.42,85.48,3696.99
1776581400000,85.48,85.49,85.37,85.39,8377.97
1776581700000,85.38,85.4,85.34,85.39,3627.15
1776582000000,85.39,85.39,85.27,85.29,7280.19
1776582300000,85.29,85.3,85.01,85.05,38616.48
1776582600000,85.06,85.13,84.97,85.01,55182.91
1776582900000,85.01,85.03,84.69,84.71,125425.61
1776583200000,84.7,84.8,84.36,84.64,224949.87
1776583500000,84.64,84.65,84.45,84.53,63069.82
1776583800000,84.52,84.71,84.49,84.6,38072.65
1776584100000,84.6,84.65,84.36,84.49,61033.05
1776584400000,84.5,84.83,84.48,84.72,92651.24
1776584700000,84.71,84.76,84.68,84.74,16298.84
1776585000000,84.74,84.88,84.68,84.8,42516.08
1776585300000,84.8,84.9,84.76,84.8,12418.21
1776585600000,84.8,84.87,84.71,84.77,24988.56
1776585900000,84.77,84.83,84.69,84.76,38779.76
1776586200000,84.76,84.95,84.76,84.94,25908.37
1776586500000,84.94,85.09,84.84,84.91,79100.83
1776586800000,84.91,84.91,84.82,84.85,16083.11
1776587100000,84.85,84.88,84.77,84.78,8344.1
1776587400000,84.78,84.81,84.68,84.81,17758.53
1776587700000,84.81,84.89,84.79,84.8,15812.81
1776588000000,84.8,84.85,84.74,84.75,12997.41
1776588300000,84.75,84.77,84.67,84.69,34643.75
1776588600000,84.69,84.82,84.56,84.72,115149.71
1776588900000,84.72,84.77,84.68,84.75,20705.89
1776589200000,84.75,84.8,84.72,84.79,23067.4
1776589500000,84.8,84.84,84.72,84.78,10373.44
1776589800000,84.79,84.86,84.68,84.75,19460.48
1776590100000,84.75,84.77,84.68,84.75,13263.45
1776590400000,84.75,84.75,84.62,84.66,11313.63
1776590700000,84.66,84.81,84.54,84.81,25894.24
1776591000000,84.81,84.99,84.74,84.77,76030.42
1776591300000,84.77,84.8,84.69,84.69,13545.04
1776591600000,84.7,84.75,84.68,84.69,4778.54
1776591900000,84.69,84.69,84.56,84.63,13251.45
1776592200000,84.63,84.7,84.52,84.63,21468.68
1776592500000,84.64,84.64,84.52,84.54,20626.03
1776592800000,84.54,84.6,84.38,84.53,74151.49
1776593100000,84.53,84.56,84.48,84.55,20975.06
1776593400000,84.56,84.64,84.53,84.59,10238.35
1776593700000,84.58,84.59,84.52,84.57,8585.44
1776594000000,84.56,84.68,84.54,84.54,15665.57
1776594300000,84.54,84.64,84.51,84.59,11478.39
1776594600000,84.59,84.66,84.58,84.65,5355.41
1776594900000,84.65,84.66,84.59,84.59,4960.12
1776595200000,84.59,84.65,84.57,84.65,17294.0
1776595500000,84.64,84.77,84.64,84.75,78272.29
1776595800000,84.75,84.85,84.73,84.76,24271.73
1776596100000,84.75,84.78,84.71,84.73,9889.34
1776596400000,84.74,84.85,84.71,84.83,11990.42
1776596700000,84.83,85.39,84.8,85.36,82044.06
1776597000000,85.36,85.38,85.13,85.27,35950.51
1776597300000,85.26,85.41,85.2,85.23,42391.65
1776597600000,85.23,85.29,85.16,85.24,91211.26
1776597900000,85.24,85.29,85.18,85.2,32293.01
1776598200000,85.2,85.36,85.18,85.27,18899.41
1776598500000,85.27,85.37,85.24,85.33,10511.89
1776598800000,85.33,85.45,85.32,85.43,20571.07
1776599100000,85.43,85.48,85.39,85.45,30000.21
1776599400000,85.45,85.64,85.45,85.59,88139.23
1776599700000,85.59,85.63,85.45,85.54,30500.18
1776600000000,85.55,85.63,85.5,85.54,41433.02
1776600300000,85.55,85.71,85.52,85.67,37086.84
1776600600000,85.67,85.7,85.5,85.63,34936.82
1776600900000,85.63,85.79,85.61,85.68,40768.53
1776601200000,85.69,85.72,85.64,85.65,9891.79
1776601500000,85.65,85.67,85.58,85.61,20115.28
1776601800000,85.61,85.66,85.55,85.6,21778.21
1776602100000,85.6,85.65,85.53,85.54,19743.85
1776602400000,85.54,85.6,85.5,85.57,14141.23
1776602700000,85.57,85.6,85.53,85.53,9061.56
1776603000000,85.54,85.62,85.54,85.6,6162.14
1776603300000,85.6,85.88,85.59,85.72,37848.24
1776603600000,85.73,86.0,85.7,85.99,40904.44
1776603900000,86.0,86.26,85.96,86.26,79757.76
1776604200000,86.26,86.26,86.05,86.18,54927.63
1776604500000,86.18,86.8,86.16,86.66,144860.44
1776604800000,86.66,86.88,86.47,86.54,125315.97
1776605100000,86.54,86.71,86.49,86.54,54223.8
1776605400000,86.55,86.68,86.4,86.47,64855.9
1776605700000,86.47,86.5,86.21,86.39,52171.96
1776606000000,86.39,86.46,86.27,86.45,20960.35
1776606300000,86.45,86.47,86.26,86.3,41573.91
1776606600000,86.31,86.35,86.24,86.26,19526.75
1776606900000,86.26,86.35,86.16,86.28,36087.08
1776607200000,86.29,86.38,86.04,86.13,34692.66
1776607500000,86.14,86.14,85.92,86.03,79815.44
1776607800000,86.04,86.2,86.0,86.18,42834.18
1776608100000,86.17,86.43,86.14,86.38,44957.95
1776608400000,86.39,86.6,86.32,86.6,32235.55
1776608700000,86.6,87.07,86.6,86.99,134146.01
1776609000000,86.99,87.08,86.46,86.54,102795.18
1776609300000,86.55,86.64,86.42,86.62,23069.54
1776609600000,86.63,86.74,86.6,86.71,21229.88
1776609900000,86.71,86.94,86.67,86.82,36716.22
1776610200000,86.82,86.86,86.57,86.57,27120.03
1776610500000,86.58,86.65,86.45,86.47,34699.82
1776610800000,86.48,86.5,86.16,86.49,114456.7
1776611100000,86.48,86.48,86.3,86.34,14149.58
1776611400000,86.34,86.43,86.34,86.37,6919.95
1776611700000,86.36,86.62,86.35,86.48,13734.99
1776612000000,86.48,86.49,86.21,86.35,17128.94
1776612300000,86.35,86.35,86.26,86.32,15447.05
1776612600000,86.32,86.35,85.9,85.93,59731.86
1776612900000,85.92,85.97,85.54,85.9,88146.62
1776613200000,85.9,85.92,85.79,85.9,25561.5
1776613500000,85.89,86.06,85.82,86.05,21491.95
1776613800000,86.05,86.27,85.89,86.14,20818.62
1776614100000,86.15,86.32,86.14,86.32,17849.79
1776614400000,86.32,86.46,86.15,86.44,41188.05
1776614700000,86.43,86.46,86.18,86.19,23283.3
1776615000000,86.19,86.26,86.09,86.17,13980.76
1776615300000,86.16,86.28,86.06,86.07,29032.22
1776615600000,86.08,86.14,85.97,86.09,17222.26
1776615900000,86.09,86.25,86.0,86.02,11659.66
1776616200000,86.02,86.22,85.96,86.15,13715.54
1776616500000,86.16,86.2,86.07,86.11,8978.38
1776616800000,86.12,86.16,85.97,86.07,11158.45
1776617100000,86.06,86.2,86.04,86.17,8373.79
1776617400000,86.17,86.19,85.76,85.8,33361.38
1776617700000,85.8,85.92,85.69,85.81,44417.66
1776618000000,85.82,85.82,85.51,85.55,47239.34
1776618300000,85.54,85.57,85.27,85.46,80714.6
1776618600000,85.47,85.65,85.4,85.64,26006.49
1776618900000,85.65,85.78,85.59,85.74,25833.04
1776619200000,85.74,85.97,85.6,85.61,31789.28
1776619500000,85.61,85.66,85.54,85.61,10994.1
1776619800000,85.62,85.76,85.31,85.37,17903.1
1776620100000,85.36,85.55,85.29,85.55,12934.38
1776620400000,85.55,85.57,85.43,85.48,8149.49
1776620700000,85.48,85.55,85.31,85.33,24773.7
1776621000000,85.33,85.34,84.95,85.1,91790.1
1776621300000,85.09,85.21,85.04,85.09,17381.48
1776621600000,85.1,85.22,84.93,84.96,46070.17
1776621900000,84.96,85.17,84.93,85.15,27070.37
1776622200000,85.15,85.2,85.08,85.17,16217.91
1776622500000,85.17,85.19,85.02,85.03,8839.02
1776622800000,85.03,85.12,84.93,84.94,28525.97
1776623100000,84.94,85.26,84.89,85.1,26326.25
1776623400000,85.11,85.11,84.9,84.95,14723.89
1776623700000,84.96,85.06,84.92,85.05,17500.18
1776624000000,85.05,85.05,84.9,84.97,7782.98
1776624300000,84.97,85.08,84.82,85.08,14511.56
1776624600000,85.07,85.12,85.0,85.03,7581.32
1776624900000,85.03,85.07,84.96,85.07,6050.58
1776625200000,85.06,85.34,85.06,85.25,19225.86
1776625500000,85.25,85.37,85.25,85.32,11615.94
1776625800000,85.32,85.45,85.25,85.33,22973.4
1776626100000,85.33,85.51,85.3,85.51,20261.61
1776626400000,85.51,85.52,85.23,85.27,11650.82
1776626700000,85.28,85.44,85.23,85.35,7516.84
1776627000000,85.35,85.5,85.26,85.3,15852.33
1776627300000,85.3,85.35,85.24,85.35,9646.56
1776627600000,85.35,85.4,85.22,85.22,9731.16
1776627900000,85.22,85.31,85.21,85.26,9731.98
1776628200000,85.25,85.31,85.23,85.26,4645.93
1776628500000,85.27,85.31,85.18,85.3,12807.8
1776628800000,85.29,85.33,85.07,85.12,22471.42
1776629100000,85.12,85.15,85.02,85.12,20504.93
1776629400000,85.11,85.19,85.01,85.14,13760.71
1776629700000,85.14,85.15,84.85,84.97,16622.07
1776630000000,84.97,85.01,84.89,84.92,6609.97
1776630300000,84.93,85.03,84.91,85.0,25789.75
1776630600000,84.99,85.22,84.94,85.2,11954.74
1776630900000,85.19,85.2,85.08,85.09,5243.38
1776631200000,85.09,85.09,84.75,84.81,50519.54
1776631500000,84.82,84.92,84.7,84.86,18320.83
1776631800000,84.86,85.12,84.78,85.05,21529.42
1776632100000,85.05,85.06,84.91,84.93,10157.49
1776632400000,84.93,84.99,84.84,84.95,11628.27
1776632700000,84.95,85.08,84.93,85.08,9059.41
1776633000000,85.08,85.1,84.94,85.05,6466.19
1776633300000,85.04,85.09,84.89,84.99,9116.82
1776633600000,84.98,85.06,84.98,85.02,6861.81
1776633900000,85.01,85.12,84.99,85.07,6239.34
1776634200000,85.07,85.17,85.04,85.09,7717.07
1776634500000,85.08,85.21,85.08,85.11,23344.37
1776634800000,85.12,85.15,85.07,85.07,9666.94
1776635100000,85.07,85.17,84.96,84.98,11447.49
1776635400000,84.97,85.0,84.7,84.7,32750.57
1776635700000,84.7,84.77,84.52,84.67,43048.61
1776636000000,84.66,84.66,84.01,84.16,265941.73
1776636300000,84.17,84.58,84.14,84.31,97201.68
1776636600000,84.31,84.41,83.95,83.98,113522.54
1776636900000,83.98,83.99,83.58,83.64,175495.53
1776637200000,83.63,83.63,82.88,83.33,383499.11
1776637500000,83.34,83.48,83.1,83.36,66205.05
1776637800000,83.37,83.74,83.32,83.63,67380.79
1776638100000,83.63,83.72,83.55,83.69,36248.03
1776638400000,83.68,83.76,83.67,83.75,23162.79
1776638700000,83.75,83.79,83.64,83.74,26073.12
1776639000000,83.75,83.87,83.73,83.8,35056.99
1776639300000,83.8,83.87,83.71,83.71,22559.11
1776639600000,83.71,83.73,83.34,83.48,56242.04
1776639900000,83.48,83.55,83.38,83.52,19991.63
1776640200000,83.52,83.56,83.38,83.54,21759.75
1776640500000,83.53,83.55,83.28,83.49,29709.61
1776640800000,83.48,83.54,83.38,83.44,12109.3
1776641100000,83.44,83.56,83.44,83.52,19042.28
1776641400000,83.53,83.6,83.43,83.46,13408.43
1776641700000,83.46,83.61,83.42,83.51,13235.8
1776642000000,83.51,83.54,83.42,83.51,6797.54
1776642300000,83.51,83.54,83.45,83.53,8935.27
1776642600000,83.53,83.65,83.49,83.58,39230.44
1776642900000,83.58,83.58,83.4,83.43,12190.77
1776643200000,83.43,83.72,83.29,83.52,50452.79
1776643500000,83.52,83.67,83.36,83.63,44093.28
1776643800000,83.62,83.66,83.53,83.53,15510.23
1776644100000,83.53,83.75,83.44,83.47,54359.74
1776644400000,83.47,83.79,83.42,83.78,25372.38
1776644700000,83.78,83.91,83.71,83.88,31663.54
1776645000000,83.87,83.94,83.82,83.89,20168.55
1776645300000,83.89,83.92,83.7,83.71,24863.86
1776645600000,83.7,83.79,83.7,83.76,13968.26
1776645900000,83.76,83.97,83.76,83.95,10363.04
1776646200000,83.96,84.15,83.95,84.01,38927.57
1776646500000,84.01,84.03,83.92,83.95,13368.35
1776646800000,83.94,84.08,83.92,84.03,13644.26
1776647100000,84.03,84.11,83.98,84.05,16225.42
1776647400000,84.05,84.16,84.01,84.15,17969.87
1776647700000,84.15,84.17,84.01,84.04,15259.47
1776648000000,84.03,84.05,83.9,83.95,14734.37
1776648300000,83.95,84.08,83.95,84.06,7012.23
1776648600000,84.06,84.49,84.06,84.48,35241.19
1776648900000,84.47,84.47,84.36,84.4,15791.28
1776649200000,84.41,84.5,84.34,84.39,17514.21
1776649500000,84.38,84.46,84.37,84.45,10658.33
1776649800000,84.45,84.47,84.4,84.4,11150.82
1776650100000,84.4,84.42,84.26,84.29,14191.27
1776650400000,84.3,84.35,84.12,84.13,18740.45
1776650700000,84.13,84.15,84.03,84.15,17589.83
1776651000000,84.15,84.15,83.84,83.87,26145.26
1776651300000,83.87,84.05,83.66,83.9,36873.51
1776651600000,83.91,84.0,83.88,84.0,11949.54
1776651900000,84.0,84.04,83.95,84.01,6996.25
1776652200000,84.02,84.1,84.0,84.1,6241.76
1776652500000,84.1,84.18,83.98,84.04,25980.8
1776652800000,84.05,84.15,84.0,84.15,5305.93
1776653100000,84.14,84.23,84.06,84.23,5965.09
1776653400000,84.23,84.25,84.18,84.2,10029.68
1776653700000,84.2,84.25,84.14,84.15,10334.99
1776654000000,84.16,84.2,84.11,84.12,8543.04
1776654300000,84.12,84.16,84.07,84.13,8503.27
1776654600000,84.13,84.32,84.13,84.31,16646.02
1776654900000,84.31,84.38,84.2,84.22,7546.23
1776655200000,84.22,84.38,84.2,84.31,21709.52
1776655500000,84.31,84.33,84.27,84.28,5891.74
1776655800000,84.29,84.36,84.26,84.34,10171.84
1776656100000,84.34,84.41,84.32,84.39,9732.13
1776656400000,84.38,84.44,84.35,84.43,5557.87
1776656700000,84.42,84.46,84.39,84.41,9772.71
1776657000000,84.41,84.55,84.35,84.54,14350.19
1776657300000,84.53,84.55,84.5,84.52,9744.37
1776657600000,84.53,84.53,84.42,84.42,11423.66
1776657900000,84.42,84.45,84.35,84.4,11955.56
1776658200000,84.4,84.42,84.35,84.35,13314.68
1776658500000,84.35,84.4,84.28,84.28,5967.57
1776658800000,84.28,84.31,84.2,84.28,15236.44
1776659100000,84.28,84.35,84.26,84.33,5714.83
1776659400000,84.33,84.4,84.31,84.4,8514.91
1776659700000,84.41,84.41,84.35,84.36,4678.88
1776660000000,84.36,84.38,84.31,84.34,7819.29
1776660300000,84.34,84.53,84.34,84.5,11843.56
1776660600000,84.5,84.56,84.48,84.52,8104.76
1776660900000,84.52,84.54,84.46,84.51,10702.22
1776661200000,84.52,84.54,84.38,84.41,20245.58
1776661500000,84.41,84.43,84.24,84.3,24184.37
1776661800000,84.29,84.29,84.02,84.16,51274.69
1776662100000,84.16,84.16,83.98,84.01,26595.02
1776662400000,84.01,84.02,83.89,83.89,14485.23
1776662700000,83.9,83.96,83.81,83.86,16705.88
1776663000000,83.85,83.9,83.78,83.85,19863.2
1776663300000,83.86,83.97,83.81,83.81,11365.83
1776663600000,83.81,83.85,83.74,83.74,15530.33
1776663900000,83.74,83.83,83.7,83.73,18652.23
1776664200000,83.74,83.89,83.73,83.88,13235.52
1776664500000,83.88,83.92,83.79,83.81,19722.8
1776664800000,83.82,83.95,83.73,83.88,35499.85
1776665100000,83.88,83.98,83.76,83.91,53045.27
1776665400000,83.92,83.92,83.79,83.83,8643.77
1776665700000,83.83,83.97,83.79,83.96,7534.86
1776666000000,83.97,83.97,83.87,83.9,5539.97
1776666300000,83.9,83.99,83.87,83.93,9534.92
1776666600000,83.94,84.27,83.94,84.23,25756.24
1776666900000,84.22,84.24,84.12,84.21,11429.18
1776667200000,84.21,84.72,84.21,84.48,57149.9
1776667500000,84.47,84.52,84.37,84.42,21086.13
1776667800000,84.42,84.42,84.33,84.33,13691.16
1776668100000,84.33,84.49,84.28,84.42,43876.52
1776668400000,84.43,84.57,84.43,84.5,31766.16
1776668700000,84.5,84.53,84.39,84.5,16872.64
1776669000000,84.5,84.69,84.47,84.63,28418.28
1776669300000,84.63,84.75,84.53,84.72,26363.67
1776669600000,84.72,85.73,84.72,85.47,216732.13
1776669900000,85.46,85.52,85.22,85.33,77398.58
1776670200000,85.32,85.41,84.86,85.01,120689.95
1776670500000,85.01,85.02,84.71,84.79,50181.9
1776670800000,84.79,84.84,84.76,84.77,24850.63
1776671100000,84.77,84.92,84.68,84.71,39334.8
1776671400000,84.71,84.72,84.49,84.52,41114.96
1776671700000,84.52,84.69,84.46,84.69,17374.72
1776672000000,84.69,84.71,84.53,84.54,32404.22
1776672300000,84.54,84.66,84.5,84.55,25185.26
1776672600000,84.56,84.74,84.55,84.7,23099.79
1776672900000,84.7,85.02,84.66,85.01,30837.17
1776673200000,85.0,85.08,84.87,84.9,25378.08
1776673500000,84.9,84.92,84.7,84.84,18492.39
1776673800000,84.84,85.03,84.82,84.87,22586.11
1776674100000,84.87,84.9,84.66,84.67,12235.81
1776674400000,84.68,84.78,84.62,84.73,20104.71
1776674700000,84.72,84.77,84.62,84.69,22017.95
1776675000000,84.7,84.72,84.51,84.53,24530.55
1776675300000,84.53,84.67,84.51,84.63,20003.03
1776675600000,84.62,84.7,84.57,84.63,12406.79
1776675900000,84.64,85.02,84.62,84.79,38924.08
1776676200000,84.79,84.99,84.68,84.9,19079.15
1776676500000,84.9,85.01,84.86,84.91,8530.53
1776676800000,84.91,85.04,84.85,84.97,20838.15
1776677100000,84.97,85.0,84.85,84.9,5780.03
1776677400000,84.89,84.95,84.86,84.88,8037.44
1776677700000,84.89,85.17,84.87,85.13,28359.75
1776678000000,85.12,85.17,85.04,85.06,22029.51
1776678300000,85.06,85.21,85.02,85.04,13005.66
1776678600000,85.03,85.09,84.96,85.08,19568.54
1776678900000,85.08,85.14,84.96,85.02,10393.63
1776679200000,85.03,85.23,84.98,85.17,28344.51
1776679500000,85.16,85.28,85.1,85.17,18551.77
1776679800000,85.18,85.31,85.17,85.27,21200.46
1776680100000,85.26,85.37,85.25,85.32,19387.19
1776680400000,85.32,85.32,85.14,85.17,10300.54
1776680700000,85.17,85.2,85.14,85.17,5298.04
1776681000000,85.18,85.18,84.95,84.96,31895.94
1776681300000,84.95,84.99,84.82,84.93,53701.96
1776681600000,84.94,84.98,84.88,84.94,4353.4
1776681900000,84.94,84.96,84.9,84.91,4492.76
1776682200000,84.91,84.93,84.86,84.92,5303.26
1776682500000,84.92,84.92,84.77,84.82,13912.1
1776682800000,84.82,84.9,84.72,84.78,27413.07
1776683100000,84.78,84.95,84.78,84.95,8768.84
1776683400000,84.94,85.0,84.88,84.99,7491.99
1776683700000,84.99,85.1,84.99,85.02,14824.31
1776684000000,85.03,85.08,84.88,85.08,9450.64
1776684300000,85.07,85.12,85.0,85.0,11872.03
1776684600000,85.01,85.15,84.92,85.06,18485.8
1776684900000,85.06,85.14,85.0,85.1,18598.45
1776685200000,85.11,85.27,85.08,85.2,27436.52
1776685500000,85.19,85.33,85.07,85.09,32902.23
1776685800000,85.1,85.1,85.0,85.05,10148.19
1776686100000,85.06,85.1,84.98,85.02,7401.13
1776686400000,85.02,85.04,84.82,85.04,57788.23
1776686700000,85.04,85.26,85.01,85.15,37881.11
1776687000000,85.16,85.22,85.12,85.15,14575.05
1776687300000,85.14,85.24,85.09,85.22,13400.53
1776687600000,85.22,85.5,85.21,85.4,53909.64
1776687900000,85.41,85.49,85.31,85.31,30225.06
1776688200000,85.32,85.35,85.13,85.16,17737.13
1776688500000,85.16,85.18,84.9,84.97,22694.95
1776688800000,84.96,85.08,84.81,85.02,73808.34
1776689100000,85.03,85.16,85.02,85.15,8453.85
1776689400000,85.15,85.24,85.12,85.19,12446.29
1776689700000,85.2,85.28,85.12,85.27,10096.34
1776690000000,85.28,85.32,85.11,85.2,13382.45
1776690300000,85.21,85.5,85.12,85.4,56257.46
1776690600000,85.4,85.46,85.26,85.33,87096.17
1776690900000,85.33,85.42,85.09,85.15,21877.45
1776691200000,85.16,85.21,85.02,85.04,13802.48
1776691500000,85.05,85.17,85.02,85.16,31656.52
1776691800000,85.17,85.4,84.82,85.39,91227.57
1776692100000,85.39,85.5,85.17,85.19,45474.0
1776692400000,85.19,85.28,85.0,85.24,32992.48
1776692700000,85.23,85.37,85.03,85.1,30625.92
1776693000000,85.09,85.16,85.01,85.14,24298.92
1776693300000,85.13,85.41,85.09,85.27,42169.52
1776693600000,85.27,85.27,85.03,85.12,32254.92
1776693900000,85.13,85.24,84.92,85.14,50273.92
1776694200000,85.13,85.2,84.9,85.01,30991.52
1776694500000,85.01,85.32,84.97,85.28,48740.38
1776694800000,85.28,85.78,85.26,85.57,148397.62
1776695100000,85.57,85.79,85.32,85.43,51183.11
1776695400000,85.44,85.56,85.31,85.38,23613.59
1776695700000,85.39,85.45,85.29,85.33,13055.14
1776696000000,85.34,85.34,85.0,85.26,38390.5
1776696300000,85.25,85.32,85.12,85.32,17889.61
1776696600000,85.32,85.36,84.67,84.74,105386.9
1776696900000,84.73,84.75,84.47,84.74,70089.75
1776697200000,84.74,84.81,84.42,84.53,59073.16
1776697500000,84.54,84.67,84.36,84.61,50025.54
1776697800000,84.61,84.91,84.59,84.81,38772.24
1776698100000,84.81,85.11,84.75,85.09,32845.47
1776698400000,85.08,85.49,85.0,85.37,109414.12
1776698700000,85.37,85.76,85.37,85.71,63023.85
1776699000000,85.71,85.71,85.4,85.49,32079.46
1776699300000,85.49,85.58,85.4,85.48,32200.6
1776699600000,85.48,85.64,85.46,85.49,14019.84
1776699900000,85.48,85.57,85.39,85.4,16494.74
1776700200000,85.4,85.59,85.39,85.55,23411.99
1776700500000,85.55,85.85,85.54,85.81,54254.2
1776700800000,85.82,85.85,85.5,85.55,89998.77
1776701100000,85.54,85.64,85.44,85.53,25252.22
1776701400000,85.53,85.63,85.52,85.59,9939.97
1776701700000,85.59,85.59,85.43,85.54,11493.08
1776702000000,85.55,85.66,85.46,85.59,19952.09
1776702300000,85.6,85.6,85.41,85.51,12308.5
1776702600000,85.5,85.57,85.39,85.51,22324.8
1776702900000,85.51,85.52,85.4,85.51,29443.45
1776703200000,85.5,85.7,85.44,85.59,12291.53
1776703500000,85.59,85.62,85.33,85.37,17242.61
1776703800000,85.36,85.4,85.29,85.36,15505.26
1776704100000,85.36,85.38,85.22,85.25,16068.01
1776704400000,85.26,85.49,85.22,85.44,19612.42
1776704700000,85.44,85.67,85.41,85.6,14864.02
1776705000000,85.59,85.91,85.58,85.8,34264.21
1776705300000,85.8,86.08,85.69,86.07,39119.2
1776705600000,86.07,86.08,85.79,85.83,24833.25
1776705900000,85.83,85.88,85.77,85.8,6380.37
1776706200000,85.8,85.83,85.6,85.66,13225.6
1776706500000,85.66,85.82,85.62,85.76,8678.69
1776706800000,85.75,85.91,85.73,85.74,10459.1
1776707100000,85.74,85.97,85.71,85.96,26581.37
1776707400000,85.96,86.04,85.65,85.72,29990.23
1776707700000,85.72,85.73,85.6,85.65,19174.7
1776708000000,85.66,86.14,85.66,85.88,64528.72
1776708300000,85.89,86.13,85.87,86.12,18164.62
1776708600000,86.11,86.11,85.98,86.04,21079.0
1776708900000,86.05,86.14,86.03,86.11,34561.23
1776709200000,86.12,86.19,86.0,86.03,40492.02
1776709500000,86.02,86.07,85.95,85.95,22500.56
1776709800000,85.96,85.97,85.77,85.95,18045.07
1776710100000,85.95,85.96,85.79,85.85,12908.05
1776710400000,85.84,86.14,85.84,86.02,38395.03
1776710700000,86.02,86.02,85.69,85.76,44822.87
1776711000000,85.76,86.03,85.76,86.0,30397.85
1776711300000,86.01,86.1,85.94,86.03,24125.99
1776711600000,86.04,86.06,85.93,86.03,12370.47
1776711900000,86.02,86.07,85.97,86.02,28254.8
1776712200000,86.02,86.06,85.94,85.99,14956.95
1776712500000,85.99,85.99,85.82,85.82,16185.58
1776712800000,85.81,85.85,85.76,85.79,15241.93
1776713100000,85.79,85.87,85.72,85.86,5830.86
1776713400000,85.86,85.91,85.8,85.86,8817.7
1776713700000,85.85,85.92,85.84,85.87,4161.77
1776714000000,85.87,85.89,85.81,85.83,4097.35
1776714300000,85.83,85.83,85.78,85.82,2965.54
1776714600000,85.82,85.9,85.8,85.86,8239.93
1776714900000,85.86,85.97,85.75,85.76,28193.04
1776715200000,85.76,85.86,85.63,85.83,20941.79
1776715500000,85.83,85.87,85.71,85.74,17861.18
1776715800000,85.74,85.88,85.74,85.85,16136.12
1776716100000,85.84,85.95,85.81,85.95,11440.8
1776716400000,85.94,86.13,85.9,86.0,19396.85
1776716700000,86.0,86.03,85.86,85.87,12403.85
1776717000000,85.86,85.88,85.75,85.85,20071.56
1776717300000,85.85,85.86,85.77,85.77,3290.38
1776717600000,85.77,85.82,85.74,85.81,7496.84
1776717900000,85.81,85.93,85.74,85.93,21239.79
1776718200000,85.93,85.93,85.86,85.89,3387.78
1776718500000,85.89,85.94,85.88,85.92,5428.99
1776718800000,85.91,86.05,85.91,86.05,15817.34
1776719100000,86.05,86.19,85.86,85.88,41978.07
1776719400000,85.88,85.88,85.61,85.77,51108.43
1776719700000,85.77,85.83,85.62,85.71,24890.07
1776720000000,85.71,85.82,85.67,85.72,9510.44
1776720300000,85.72,85.72,85.64,85.71,9354.58
1776720600000,85.7,85.71,85.54,85.68,16674.87
1776720900000,85.68,85.77,85.64,85.67,8672.85
1776721200000,85.66,85.77,85.64,85.68,7630.75
1776721500000,85.68,85.74,85.64,85.7,6189.54
1776721800000,85.71,85.76,85.66,85.72,10804.99
1776722100000,85.72,85.82,85.7,85.76,4260.19
1776722400000,85.76,85.91,85.75,85.91,25833.29
1776722700000,85.91,86.03,85.86,85.89,18990.17
1776723000000,85.88,85.97,85.85,85.9,7105.32
1776723300000,85.9,85.92,85.65,85.67,11050.67
1776723600000,85.66,85.73,85.62,85.73,8406.82
1776723900000,85.73,85.75,85.66,85.7,2282.29
1776724200000,85.69,85.84,85.67,85.82,7554.97
1776724500000,85.82,85.86,85.64,85.64,5708.65
1776724800000,85.65,85.71,85.55,85.69,14419.96
1776725100000,85.69,85.69,85.59,85.6,3570.13
1776725400000,85.59,85.65,85.57,85.65,3274.59
1776725700000,85.65,85.67,85.6,85.66,5268.16
1776726000000,85.66,85.66,85.31,85.42,52611.74
1776726300000,85.43,85.43,85.34,85.38,15926.64
1776726600000,85.38,85.42,85.3,85.34,21338.98
1776726900000,85.34,85.36,85.25,85.27,9531.46
1776727200000,85.27,85.39,85.26,85.36,8117.96
1776727500000,85.36,85.36,85.18,85.23,20922.59
1776727800000,85.23,85.27,85.17,85.23,8827.81
1776728100000,85.23,85.32,85.22,85.28,11166.49
1776728400000,85.27,85.32,85.21,85.26,13630.18
1776728700000,85.26,85.3,85.18,85.29,9420.63
1776729000000,85.29,85.29,85.23,85.26,4369.77
1776729300000,85.26,85.3,85.22,85.25,12362.75
1776729600000,85.25,85.39,85.21,85.31,14570.48
1776729900000,85.31,85.36,85.25,85.29,27104.41
1776730200000,85.29,85.49,85.29,85.42,20130.64
1776730500000,85.42,85.5,85.36,85.48,21190.43
1776730800000,85.48,85.51,85.42,85.48,10091.0
1776731100000,85.47,85.51,85.34,85.49,28302.33
1776731400000,85.48,85.53,85.39,85.49,10448.7
1776731700000,85.49,85.54,85.47,85.48,7915.54
1776732000000,85.48,85.54,85.46,85.46,6728.95
1776732300000,85.45,85.75,85.45,85.62,34428.03
1776732600000,85.62,85.62,85.49,85.52,8295.96
1776732900000,85.51,85.65,85.51,85.64,8212.79
1776733200000,85.64,85.64,85.52,85.61,12962.37
1776733500000,85.61,85.79,85.59,85.7,17370.83
1776733800000,85.69,85.75,85.63,85.72,5706.23
1776734100000,85.71,85.71,85.58,85.62,7512.22
1776734400000,85.62,85.68,85.61,85.63,4281.29
1776734700000,85.63,85.67,85.56,85.67,6794.03
1776735000000,85.67,85.79,85.66,85.67,9799.48
1776735300000,85.67,85.67,85.51,85.53,12542.75
1776735600000,85.52,85.58,85.47,85.57,11894.91
1776735900000,85.57,85.57,85.46,85.55,19484.86
1776736200000,85.55,85.58,85.35,85.4,17534.42
1776736500000,85.4,85.41,85.33,85.41,11592.78
1776736800000,85.41,85.43,85.21,85.26,27109.64
1776737100000,85.26,85.31,85.21,85.25,8032.64
1776737400000,85.24,85.31,85.21,85.25,13482.73
1776737700000,85.25,85.33,85.23,85.26,12581.51
1776738000000,85.27,85.31,85.21,85.23,10158.91
1776738300000,85.23,85.33,85.15,85.24,24927.36
1776738600000,85.25,85.37,85.24,85.31,15608.42
1776738900000,85.32,85.37,85.28,85.31,8814.3
1776739200000,85.31,85.35,85.24,85.26,8198.04
1776739500000,85.26,85.27,85.21,85.21,10479.83
1776739800000,85.21,85.28,85.21,85.28,5282.16
1776740100000,85.28,85.3,85.22,85.24,3807.87
1776740400000,85.24,85.25,85.05,85.19,35772.63
1776740700000,85.2,85.21,85.09,85.11,31197.11
1776741000000,85.1,85.18,85.09,85.17,12703.75
1776741300000,85.17,85.2,85.05,85.06,19141.54
1776741600000,85.06,85.19,85.04,85.19,8028.06
1776741900000,85.19,85.35,85.17,85.3,20311.72
1776742200000,85.3,85.49,85.29,85.49,30771.53
1776742500000,85.49,85.49,85.01,85.06,90976.05
1776742800000,85.05,85.12,84.94,85.1,52298.24
1776743100000,85.1,85.22,85.09,85.2,8532.09
1776743400000,85.2,85.28,85.13,85.17,26388.01
1776743700000,85.16,85.17,85.05,85.13,31732.82
1776744000000,85.12,85.23,85.12,85.22,7497.05
1776744300000,85.22,85.22,85.13,85.13,11166.12
1776744600000,85.14,85.15,85.06,85.07,18513.18
1776744900000,85.07,85.16,85.01,85.03,13251.51
1776745200000,85.03,85.05,84.98,85.02,15760.14
1776745500000,85.02,85.15,84.98,85.05,13455.79
1776745800000,85.06,85.13,85.05,85.06,7805.84
1776746100000,85.05,85.19,85.05,85.11,7308.08
1776746400000,85.12,85.17,84.98,85.16,54769.2
1776746700000,85.17,85.26,85.12,85.24,15695.32
1776747000000,85.24,85.38,85.24,85.32,17157.05
1776747300000,85.32,85.43,85.31,85.39,11507.72
1776747600000,85.39,85.48,85.37,85.48,16169.04
1776747900000,85.48,85.81,85.47,85.73,67678.63
1776748200000,85.72,85.72,85.57,85.64,25988.34
1776748500000,85.64,85.64,85.52,85.55,12960.42
1776748800000,85.54,85.76,85.54,85.75,20956.73
1776749100000,85.75,85.78,85.53,85.64,63089.43
1776749400000,85.64,85.67,85.56,85.58,10147.02
1776749700000,85.59,85.66,85.58,85.6,14110.55
1776750000000,85.6,85.67,85.6,85.66,8043.2
1776750300000,85.66,85.66,85.57,85.63,16171.08
1776750600000,85.62,85.65,85.57,85.65,16491.05
1776750900000,85.65,85.66,85.6,85.63,8114.12
1776751200000,85.63,85.68,85.53,85.57,8594.37
1776751500000,85.57,85.58,85.54,85.55,9651.41
1776751800000,85.55,85.58,85.42,85.49,24043.97
1776752100000,85.48,85.51,85.39,85.4,9299.27
1776752400000,85.4,85.45,85.19,85.22,55019.91
1776752700000,85.22,85.27,85.12,85.27,32846.09
1776753000000,85.27,85.72,85.27,85.72,31992.83
1776753300000,85.72,85.92,85.66,85.68,59144.64
1776753600000,85.68,85.74,85.66,85.67,5904.88
1776753900000,85.67,85.73,85.63,85.69,8190.73
1776754200000,85.69,85.71,85.6,85.64,17554.98
1776754500000,85.64,85.68,85.61,85.62,4114.97
1776754800000,85.62,85.62,85.37,85.43,18091.96
1776755100000,85.43,85.5,85.4,85.49,13504.36
1776755400000,85.49,85.56,85.46,85.47,8753.2
1776755700000,85.47,85.55,85.36,85.55,12831.55
1776756000000,85.55,85.59,85.5,85.59,14153.67
1776756300000,85.59,85.85,85.59,85.72,27308.3
1776756600000,85.72,85.75,85.54,85.75,25449.83
1776756900000,85.74,85.8,85.66,85.73,37900.99
1776757200000,85.73,85.87,85.73,85.78,22065.35
1776757500000,85.77,85.8,85.67,85.78,13248.52
1776757800000,85.79,85.96,85.7,85.71,31536.05
1776758100000,85.71,85.74,85.66,85.66,17854.66
1776758400000,85.67,85.73,85.61,85.72,12145.47
1776758700000,85.72,85.8,85.64,85.72,5036.98
1776759000000,85.72,85.74,85.58,85.66,6211.58
1776759300000,85.67,85.74,85.64,85.73,3398.34
1776759600000,85.73,85.92,85.71,85.85,18090.45
1776759900000,85.86,85.89,85.81,85.86,15721.68
1776760200000,85.86,85.87,85.73,85.79,23098.72
1776760500000,85.8,85.84,85.72,85.83,13230.37
1776760800000,85.83,85.97,85.81,85.9,23991.38
1776761100000,85.9,86.32,85.84,86.0,102984.37
1776761400000,85.99,86.04,85.84,85.86,32035.7
1776761700000,85.86,85.86,85.73,85.76,19771.87
1776762000000,85.76,85.82,85.58,85.69,28101.13
1776762300000,85.68,85.74,85.62,85.69,15918.76
1776762600000,85.69,85.72,85.66,85.7,9129.89
1776762900000,85.7,85.8,85.69,85.78,10437.95
1776763200000,85.77,85.83,85.76,85.77,10274.44
1776763500000,85.77,85.77,85.47,85.56,26908.1
1776763800000,85.56,85.63,85.54,85.57,12841.25
1776764100000,85.57,85.65,85.55,85.65,4948.6
1776764400000,85.66,85.75,85.65,85.75,7583.41
1776764700000,85.75,85.78,85.68,85.74,11020.71
1776765000000,85.73,85.79,85.72,85.75,8235.34
1776765300000,85.76,85.85,85.76,85.85,10418.45
1776765600000,85.85,85.9,85.83,85.88,9720.32
1776765900000,85.88,86.03,85.87,86.0,15094.34
1776766200000,86.01,86.01,85.9,85.92,16535.32
1776766500000,85.92,85.99,85.84,85.9,13448.16
1776766800000,85.89,85.97,85.81,85.93,7982.73
1776767100000,85.94,85.95,85.87,85.9,6335.49
1776767400000,85.91,85.95,85.88,85.95,8302.98
1776767700000,85.95,85.95,85.91,85.91,5202.49
1776768000000,85.9,86.08,85.86,86.07,10084.79
1776768300000,86.07,86.15,86.03,86.13,20154.49
1776768600000,86.14,86.28,86.14,86.21,28992.29
1776768900000,86.21,86.25,86.1,86.11,20725.72
1776769200000,86.11,86.13,85.98,86.04,17233.06
1776769500000,86.05,86.07,85.87,85.96,27190.96
1776769800000,85.95,86.04,85.68,85.77,78751.62
1776770100000,85.77,85.94,85.73,85.94,25650.14
1776770400000,85.94,86.13,85.91,86.1,17651.27
1776770700000,86.1,86.1,85.99,86.03,14254.74
1776771000000,86.03,86.09,86.01,86.01,15921.03
1776771300000,86.01,86.03,85.96,85.98,11130.69
1776771600000,85.99,86.0,85.83,85.86,15008.59
1776771900000,85.87,85.87,85.79,85.81,14774.79
1776772200000,85.82,85.86,85.81,85.83,5031.27
1776772500000,85.83,85.86,85.79,85.79,6855.0
1776772800000,85.8,86.0,85.8,85.84,23198.33
1776773100000,85.84,85.94,85.81,85.91,9054.38
1776773400000,85.9,85.9,85.77,85.77,14032.96
1776773700000,85.77,85.8,85.71,85.73,27820.68
1776774000000,85.73,85.77,85.71,85.72,12309.4
1776774300000,85.72,85.81,85.72,85.79,4331.77
1776774600000,85.8,85.83,85.65,85.8,16193.67
1776774900000,85.8,85.85,85.37,85.41,40628.84
1776775200000,85.41,85.44,85.12,85.26,127430.23
1776775500000,85.26,85.29,85.13,85.2,34296.32
1776775800000,85.19,85.41,85.17,85.4,35052.63
1776776100000,85.41,85.53,85.39,85.47,27290.4
1776776400000,85.47,85.5,85.34,85.34,16366.55
1776776700000,85.34,85.46,85.32,85.37,32309.28
1776777000000,85.37,85.4,85.33,85.35,13901.47
1776777300000,85.35,85.45,85.32,85.44,4857.65
1776777600000,85.44,85.46,85.37,85.45,7527.07
1776777900000,85.46,85.54,85.39,85.41,8200.78
1776778200000,85.41,85.47,85.29,85.46,23525.95
1776778500000,85.46,85.49,85.3,85.3,17280.79
1776778800000,85.3,85.81,85.25,85.65,46539.53
1776779100000,85.64,85.74,85.56,85.65,21753.68
1776779400000,85.65,85.81,85.61,85.65,32641.46
1776779700000,85.65,85.8,85.64,85.77,27657.07
1776780000000,85.76,85.86,85.57,85.69,26558.68
1776780300000,85.69,85.76,85.55,85.71,23422.71
1776780600000,85.72,85.73,85.58,85.63,9349.67
1776780900000,85.63,86.21,85.62,85.85,93016.63
1776781200000,85.85,86.04,85.82,85.94,23367.54
1776781500000,85.94,86.07,85.93,85.98,29000.83
1776781800000,85.98,86.38,85.94,86.3,69836.23
1776782100000,86.3,86.59,86.23,86.54,110106.63
1776782400000,86.54,86.85,86.52,86.55,126480.93
1776782700000,86.54,86.56,86.17,86.3,62701.81
1776783000000,86.29,86.49,86.2,86.34,47666.63
1776783300000,86.33,86.33,85.67,85.72,119960.15
1776783600000,85.72,85.9,85.52,85.85,91058.02
1776783900000,85.85,85.91,85.66,85.86,39101.54
1776784200000,85.86,86.21,85.78,86.16,101251.92
1776784500000,86.16,86.24,85.99,86.17,42154.81
1776784800000,86.17,86.17,85.75,85.79,27473.34
1776785100000,85.79,85.8,85.5,85.66,37901.74
1776785400000,85.66,85.74,85.56,85.61,15314.38
1776785700000,85.62,85.77,85.34,85.77,56920.57
1776786000000,85.77,85.86,85.64,85.69,14616.27
1776786300000,85.68,85.86,85.65,85.81,26610.48
1776786600000,85.8,85.84,85.71,85.75,10079.84
1776786900000,85.75,86.01,85.71,86.0,25859.58
1776787200000,86.0,86.21,85.92,85.92,62399.1
1776787500000,85.92,86.08,85.87,86.08,15702.76
1776787800000,86.07,86.08,85.97,86.06,8262.43
1776788100000,86.07,86.1,85.93,85.97,21550.58
1776788400000,85.97,85.97,85.78,85.8,37102.0
1776788700000,85.8,86.05,85.8,85.85,20947.88
1776789000000,85.85,86.11,85.81,86.11,33902.83
1776789300000,86.11,86.25,85.89,85.95,32417.56
1776789600000,85.96,86.08,85.81,85.87,16984.82
1776789900000,85.87,86.06,85.87,86.05,9711.94
1776790200000,86.05,86.05,85.82,85.82,8265.91
1776790500000,85.83,85.83,85.59,85.63,15612.26
1776790800000,85.64,85.72,85.56,85.67,14616.44
1776791100000,85.67,85.67,85.47,85.58,41523.39
1776791400000,85.58,85.58,85.18,85.33,52083.9
1776791700000,85.33,85.35,84.71,84.75,140763.43
1776792000000,84.74,85.06,84.63,85.01,50484.7
1776792300000,85.01,85.15,84.86,84.98,31212.2
1776792600000,84.98,84.98,84.82,84.91,22637.67
1776792900000,84.91,85.36,84.81,85.26,92655.53
1776793200000,85.26,85.76,85.24,85.49,71652.39
1776793500000,85.49,85.54,85.37,85.43,33052.25
1776793800000,85.43,85.54,85.27,85.33,18296.77
1776794100000,85.32,85.32,85.23,85.26,11555.0
1776794400000,85.26,85.34,85.19,85.21,9548.74
1776794700000,85.21,85.31,85.18,85.23,12598.77
1776795000000,85.23,85.23,85.09,85.23,6491.04
1776795300000,85.24,85.35,85.01,85.07,50503.69
1776795600000,85.06,85.09,84.97,85.01,6575.12
1776795900000,85.01,85.07,84.77,84.85,42507.57
1776796200000,84.86,85.04,84.84,85.02,31280.45
1776796500000,85.01,85.03,84.85,84.94,13129.32
1776796800000,84.93,84.97,84.87,84.93,7601.77
1776797100000,84.93,85.0,84.8,84.8,9405.94
1776797400000,84.8,85.0,84.68,84.95,47594.51
1776797700000,84.95,85.2,84.88,85.19,31164.84
1776798000000,85.2,85.4,85.18,85.39,13774.32
1776798300000,85.39,85.5,85.37,85.38,15936.29
1776798600000,85.38,85.52,85.09,85.19,54698.27
1776798900000,85.19,85.3,85.11,85.25,30273.91
1776799200000,85.26,85.62,85.26,85.55,25255.59
1776799500000,85.55,85.68,85.45,85.47,20350.39
1776799800000,85.48,85.48,85.17,85.17,9643.01
1776800100000,85.17,85.18,84.55,84.73,72598.71
1776800400000,84.74,84.74,84.24,84.32,109506.94
1776800700000,84.31,84.5,84.29,84.48,36282.07
1776801000000,84.48,84.61,84.4,84.53,21152.06
1776801300000,84.53,84.61,84.48,84.51,18516.31
1776801600000,84.51,84.67,84.46,84.62,26494.91
1776801900000,84.62,85.11,84.4,84.97,114518.91
1776802200000,84.98,85.39,84.93,85.31,135581.39
1776802500000,85.31,85.51,85.25,85.39,29608.35
1776802800000,85.39,85.53,85.36,85.47,12359.77
1776803100000,85.47,85.62,85.4,85.42,22748.87
1776803400000,85.42,85.71,85.42,85.64,20432.34
1776803700000,85.64,85.71,85.54,85.61,9148.61
1776804000000,85.61,85.61,85.44,85.48,21915.38
1776804300000,85.48,85.49,85.32,85.46,10165.17
1776804600000,85.47,85.5,85.44,85.49,3666.61
1776804900000,85.49,85.57,85.33,85.37,26753.04
1776805200000,85.37,85.52,85.37,85.42,13278.16
1776805500000,85.42,85.45,85.31,85.32,5628.36
1776805800000,85.31,85.32,85.07,85.23,38861.11
1776806100000,85.23,85.27,85.14,85.18,4606.8
1776806400000,85.18,85.33,85.18,85.22,3358.26
1776806700000,85.22,85.26,85.07,85.1,7828.4
1776807000000,85.09,85.12,85.0,85.12,21503.73
1776807300000,85.12,85.2,85.03,85.08,7263.93
1776807600000,85.08,85.12,84.96,84.98,10657.6
1776807900000,84.99,85.15,84.98,85.09,7348.75
1776808200000,85.09,85.15,85.07,85.08,4862.34
1776808500000,85.09,85.16,85.04,85.1,4880.13
1776808800000,85.09,85.18,84.99,85.16,18661.46
1776809100000,85.15,85.34,85.02,85.06,23599.78
1776809400000,85.06,85.39,85.05,85.32,33251.85
1776809700000,85.32,85.35,84.97,84.97,18607.12
1776810000000,84.98,85.1,84.93,85.06,14996.04
1776810300000,85.07,85.12,85.02,85.07,4818.47
1776810600000,85.07,85.12,84.96,85.07,12501.76
1776810900000,85.07,85.15,85.05,85.07,5850.43
1776811200000,85.07,85.3,85.06,85.25,4859.54
1776811500000,85.25,85.29,85.16,85.16,6105.46
1776811800000,85.17,85.28,85.17,85.27,3506.4
1776812100000,85.27,85.35,85.27,85.32,7765.56
1776812400000,85.31,85.61,85.29,85.51,14193.92
1776812700000,85.51,85.68,85.5,85.62,20844.11
1776813000000,85.62,85.67,85.46,85.67,21259.98
1776813300000,85.67,85.82,85.63,85.63,35324.04
1776813600000,85.63,85.64,85.49,85.54,10200.08
1776813900000,85.55,85.55,85.45,85.49,9645.25
1776814200000,85.49,85.61,85.47,85.58,7385.33
1776814500000,85.57,85.7,85.56,85.69,4372.69
1776814800000,85.69,85.8,85.61,85.79,19204.02
1776815100000,85.79,86.09,85.78,85.93,53585.98
1776815400000,85.94,86.04,85.91,85.97,10694.48
1776815700000,85.97,86.02,85.93,85.99,9426.06
1776816000000,85.99,86.09,85.97,85.97,25867.88
1776816300000,85.97,86.17,85.97,86.15,17357.82
1776816600000,86.14,86.14,86.02,86.11,11732.09
1776816900000,86.11,86.38,86.0,86.35,48537.47
1776817200000,86.34,86.45,86.11,86.11,58614.8
1776817500000,86.11,86.31,86.07,86.27,24901.27
1776817800000,86.28,86.42,86.24,86.24,39926.63
1776818100000,86.25,86.25,86.07,86.23,21815.31
1776818400000,86.23,86.27,86.11,86.21,29571.56
1776818700000,86.22,86.44,86.19,86.34,26996.4
1776819000000,86.33,86.5,86.3,86.4,51370.49
1776819300000,86.4,86.46,86.34,86.45,29014.74
1776819600000,86.45,86.49,86.31,86.31,24393.38
1776819900000,86.31,86.38,86.27,86.3,11108.33
1776820200000,86.3,86.52,86.25,86.36,26240.54
1776820500000,86.36,86.39,86.08,86.1,25820.18
1776820800000,86.1,86.41,86.06,86.27,48048.93
1776821100000,86.26,86.35,86.16,86.18,26455.56
1776821400000,86.18,86.24,86.14,86.14,6604.38
1776821700000,86.14,86.32,86.13,86.31,16129.62
1776822000000,86.31,86.33,86.21,86.21,5672.37
1776822300000,86.21,86.27,86.15,86.26,10674.14
1776822600000,86.26,86.38,86.18,86.19,13064.51
1776822900000,86.19,86.32,86.19,86.23,6755.92
1776823200000,86.24,86.34,86.16,86.27,12563.81
1776823500000,86.27,86.33,86.18,86.32,6516.53
1776823800000,86.31,86.84,86.31,86.65,95506.32
1776824100000,86.66,87.19,86.66,86.91,189267.16
1776824400000,86.92,87.09,86.8,87.0,79086.99
1776824700000,86.99,87.33,86.99,87.23,52863.23
1776825000000,87.24,87.44,87.04,87.14,104051.75
1776825300000,87.14,87.27,87.06,87.11,43953.5
1776825600000,87.12,87.53,87.07,87.48,91787.13
1776825900000,87.47,87.55,87.24,87.29,60190.77
1776826200000,87.28,87.47,87.24,87.43,50873.32
1776826500000,87.42,87.47,87.31,87.38,35398.29
1776826800000,87.38,87.48,87.27,87.39,49938.45
1776827100000,87.4,87.64,87.36,87.62,79239.26
1776827400000,87.63,87.85,87.55,87.58,82096.79
1776827700000,87.58,87.58,87.39,87.44,31243.98
1776828000000,87.45,87.5,87.38,87.42,22275.78
1776828300000,87.42,87.51,87.33,87.38,21542.09
1776828600000,87.38,87.4,87.1,87.1,31827.12
1776828900000,87.1,87.17,87.1,87.14,24593.06
1776829200000,87.15,87.28,87.12,87.28,20807.88
1776829500000,87.28,87.37,87.17,87.23,20147.44
1776829800000,87.22,87.32,87.2,87.21,7197.81
1776830100000,87.21,87.32,87.21,87.23,16720.93
1776830400000,87.22,87.32,87.22,87.3,18659.86
1776830700000,87.3,87.31,87.21,87.24,7885.42
1776831000000,87.25,87.28,87.09,87.11,18851.47
1776831300000,87.11,87.16,87.03,87.08,20062.62
1776831600000,87.08,87.14,87.01,87.06,14261.13
1776831900000,87.06,87.13,87.04,87.09,44024.59
1776832200000,87.08,87.22,87.07,87.11,55269.74
1776832500000,87.12,87.28,87.09,87.25,14798.48
1776832800000,87.24,87.3,87.12,87.13,15263.57
1776833100000,87.13,87.14,87.05,87.05,10694.2
1776833400000,87.06,87.08,86.96,86.97,24872.64
1776833700000,86.96,87.06,86.94,87.06,13487.01
1776834000000,87.06,87.08,87.0,87.04,12641.16
1776834300000,87.04,87.2,87.04,87.17,39469.72
1776834600000,87.17,87.23,87.13,87.19,14855.1
1776834900000,87.19,87.8,87.16,87.72,145882.57
1776835200000,87.72,88.08,87.67,87.84,138880.45
1776835500000,87.84,88.18,87.84,88.02,162154.86
1776835800000,88.02,88.24,88.01,88.09,91421.24
1776836100000,88.09,88.28,87.88,87.89,58530.21
1776836400000,87.88,88.19,87.84,87.99,62618.15
1776836700000,87.99,88.14,87.96,88.1,51052.0
1776837000000,88.11,88.33,87.96,88.12,125802.91
1776837300000,88.12,88.2,87.95,87.98,31209.1
1776837600000,87.99,88.05,87.86,88.03,40028.46
1776837900000,88.03,88.05,87.96,87.99,13982.52
1776838200000,87.99,88.05,87.92,87.97,18184.87
1776838500000,87.97,88.04,87.89,87.94,18254.19
1776838800000,87.94,88.02,87.91,88.0,17108.54
1776839100000,88.0,88.09,87.98,88.09,20232.22
1776839400000,88.09,88.16,87.92,87.93,37141.91
1776839700000,87.93,87.94,87.82,87.87,21642.79
1776840000000,87.88,88.02,87.87,87.89,38111.83
1776840300000,87.89,87.89,87.79,87.8,16147.99
1776840600000,87.79,87.91,87.79,87.81,12543.62
1776840900000,87.82,87.97,87.78,87.92,46029.64
1776841200000,87.92,87.92,87.67,87.68,38912.72
1776841500000,87.68,87.93,87.67,87.88,69172.8
1776841800000,87.89,87.96,87.83,87.95,13924.22
1776842100000,87.95,87.96,87.83,87.95,26192.38
1776842400000,87.94,87.94,87.75,87.84,35189.86
1776842700000,87.84,87.87,87.77,87.85,12381.45
1776843000000,87.84,87.9,87.78,87.89,16048.06
1776843300000,87.89,87.97,87.83,87.87,8253.95
1776843600000,87.87,88.12,87.85,88.1,25688.9
1776843900000,88.1,88.17,88.06,88.09,28329.05
1776844200000,88.08,88.25,87.91,87.96,91523.03
1776844500000,87.96,88.07,87.91,88.03,21447.97
1776844800000,88.03,88.18,87.98,88.0,22536.95
1776845100000,88.0,88.06,87.95,87.96,18273.8
1776845400000,87.96,88.01,87.9,87.93,14417.56
1776845700000,87.93,87.94,87.88,87.89,15103.21
1776846000000,87.89,87.97,87.72,87.73,37684.91
1776846300000,87.73,87.8,87.67,87.68,61870.57
1776846600000,87.68,87.7,87.58,87.59,25285.82
1776846900000,87.59,87.78,87.56,87.62,56606.18
1776847200000,87.63,87.71,87.6,87.65,16590.58
1776847500000,87.65,87.77,87.65,87.75,17513.58
1776847800000,87.75,87.93,87.75,87.93,17617.39
1776848100000,87.93,88.25,87.86,87.97,80855.35
1776848400000,87.97,88.02,87.8,87.91,14424.53
1776848700000,87.91,88.7,87.87,88.68,151797.33
1776849000000,88.67,88.83,88.36,88.37,96008.48
1776849300000,88.37,88.52,88.33,88.39,36083.94
1776849600000,88.39,88.47,88.37,88.45,25081.69
1776849900000,88.45,88.57,88.43,88.5,23077.47
1776850200000,88.5,88.53,88.43,88.45,11513.75
1776850500000,88.46,88.47,88.36,88.46,7591.53
1776850800000,88.45,88.54,88.38,88.43,15077.98
1776851100000,88.43,88.43,88.35,88.38,7338.59
1776851400000,88.38,88.4,88.21,88.23,21699.91
1776851700000,88.23,88.3,88.17,88.27,10918.14
1776852000000,88.26,88.38,88.18,88.2,12596.71
1776852300000,88.2,88.26,88.12,88.13,11611.57
1776852600000,88.13,88.22,88.12,88.2,6319.04
1776852900000,88.2,88.22,88.1,88.17,12028.66
1776853200000,88.16,88.18,88.14,88.17,6435.11
1776853500000,88.17,88.25,88.14,88.18,20221.87
1776853800000,88.18,88.34,88.17,88.31,23822.11
1776854100000,88.32,88.35,88.27,88.28,8439.18
1776854400000,88.29,88.37,88.28,88.34,23834.37
1776854700000,88.34,88.35,88.3,88.32,11765.89
1776855000000,88.32,88.32,88.29,88.29,3245.27
1776855300000,88.29,88.32,88.23,88.3,11774.02
1776855600000,88.3,88.39,88.27,88.28,12807.93
1776855900000,88.28,88.35,88.13,88.17,11735.33
1776856200000,88.17,88.28,88.17,88.23,12733.59
1776856500000,88.23,88.49,88.22,88.27,27584.38
1776856800000,88.27,88.28,88.19,88.25,10235.06
1776857100000,88.25,88.26,88.22,88.25,2297.08
1776857400000,88.25,88.28,88.22,88.28,6643.58
1776857700000,88.28,88.39,88.14,88.17,11412.75
1776858000000,88.17,88.23,88.13,88.16,8894.82
1776858300000,88.16,88.28,88.16,88.26,11381.04
1776858600000,88.25,88.32,88.2,88.27,13529.59
1776858900000,88.27,88.31,88.21,88.28,3540.38
1776859200000,88.29,88.35,88.18,88.24,21352.77
1776859500000,88.24,88.31,88.19,88.31,7278.44
1776859800000,88.3,88.44,88.3,88.38,26110.91
1776860100000,88.38,88.45,88.31,88.36,18906.98
1776860400000,88.36,88.41,88.31,88.32,7772.83
1776860700000,88.32,88.41,88.26,88.29,12382.1
1776861000000,88.28,88.4,88.24,88.39,14564.55
1776861300000,88.39,88.4,88.3,88.35,6834.73
1776861600000,88.34,88.49,88.34,88.41,9642.74
1776861900000,88.41,88.62,88.4,88.52,27549.14
1776862200000,88.51,88.63,88.48,88.58,32590.72
1776862500000,88.58,88.61,88.53,88.54,34098.04
1776862800000,88.54,88.61,88.42,88.56,23320.65
1776863100000,88.57,88.88,88.5,88.58,60877.2
1776863400000,88.57,88.75,88.57,88.67,21776.91
1776863700000,88.68,88.77,88.62,88.72,47967.97
1776864000000,88.72,88.78,88.66,88.73,21513.91
1776864300000,88.72,88.72,88.67,88.69,17375.09
1776864600000,88.7,88.9,88.56,88.64,55604.99
1776864900000,88.63,88.67,88.38,88.62,52058.39
1776865200000,88.63,89.0,88.63,88.95,82795.36
1776865500000,88.95,89.14,88.9,89.01,92000.02
1776865800000,89.01,89.1,88.85,89.02,45902.44
1776866100000,89.01,89.06,88.96,89.05,16762.27
1776866400000,89.06,89.24,89.03,89.08,57994.77
1776866700000,89.08,89.13,88.88,89.03,42807.0
1776867000000,89.04,89.28,89.03,89.25,34077.07
1776867300000,89.25,89.28,88.85,88.86,33315.39
1776867600000,88.87,89.2,88.83,89.08,41613.09
1776867900000,89.07,89.2,88.99,89.0,25296.6
1776868200000,89.01,89.04,88.43,88.73,127292.83
1776868500000,88.73,88.85,88.7,88.81,25784.44
1776868800000,88.82,88.92,88.54,88.58,43055.79
1776869100000,88.58,88.73,88.52,88.73,40345.9
1776869400000,88.73,88.78,88.59,88.7,24571.12
1776869700000,88.69,88.83,88.58,88.68,18874.12
1776870000000,88.69,88.75,88.42,88.46,61794.83
1776870300000,88.46,88.55,88.35,88.47,29519.81
1776870600000,88.47,88.6,88.32,88.34,33191.22
1776870900000,88.34,88.42,88.23,88.34,38969.83
1776871200000,88.34,88.42,88.26,88.3,29594.44
1776871500000,88.29,88.31,87.98,88.1,94564.83
1776871800000,88.09,88.4,88.08,88.23,65332.48
1776872100000,88.22,88.46,88.1,88.44,49437.45
1776872400000,88.44,88.44,88.16,88.26,34052.23
1776872700000,88.27,88.41,88.24,88.31,21994.4
1776873000000,88.32,88.43,88.23,88.41,21382.16
1776873300000,88.4,88.44,88.13,88.15,24817.0
1776873600000,88.15,88.41,88.12,88.38,35118.1
1776873900000,88.37,88.43,88.11,88.19,33617.0
1776874200000,88.19,88.25,88.05,88.2,37152.34
1776874500000,88.21,88.25,88.03,88.05,49386.99
1776874800000,88.05,88.08,87.77,87.82,61764.9
1776875100000,87.82,87.96,87.79,87.86,31195.25
1776875400000,87.86,87.96,87.78,87.92,27993.28
1776875700000,87.91,87.95,87.86,87.91,18216.06
1776876000000,87.91,87.94,87.73,87.8,27203.65
1776876300000,87.8,87.83,87.69,87.83,23021.74
1776876600000,87.83,87.83,87.56,87.6,33286.89
1776876900000,87.6,87.65,87.48,87.62,46148.71
1776877200000,87.61,87.83,87.58,87.74,43552.99
1776877500000,87.74,87.81,87.7,87.81,16143.58
1776877800000,87.82,87.97,87.82,87.85,13211.14
1776878100000,87.85,87.91,87.71,87.91,29637.32
1776878400000,87.91,87.97,87.76,87.82,19408.49
1776878700000,87.82,87.96,87.74,87.83,11414.43
1776879000000,87.83,87.88,87.77,87.77,14226.13
1776879300000,87.77,87.9,87.74,87.87,6819.59
1776879600000,87.88,87.96,87.85,87.86,7142.52
1776879900000,87.86,87.98,87.68,87.85,22085.95
1776880200000,87.86,87.98,87.84,87.96,29819.27
1776880500000,87.96,87.97,87.79,87.8,10895.72
1776880800000,87.81,87.91,87.79,87.87,8745.18
1776881100000,87.88,87.96,87.82,87.94,14670.14
1776881400000,87.94,88.11,87.92,88.09,19713.58
1776881700000,88.09,88.12,88.04,88.09,14130.86
1776882000000,88.1,88.15,88.04,88.15,7011.5
1776882300000,88.15,88.16,88.09,88.12,4431.67
1776882600000,88.12,88.18,88.08,88.15,12386.9
1776882900000,88.16,88.19,88.14,88.19,4731.6
1776883200000,88.19,88.23,88.09,88.09,14720.89
1776883500000,88.09,88.32,88.09,88.32,11730.75
1776883800000,88.32,88.34,88.23,88.23,10145.78
1776884100000,88.22,88.23,87.74,87.77,62635.23
1776884400000,87.77,87.78,87.38,87.52,98702.32
1776884700000,87.51,87.57,87.4,87.57,24014.79
1776885000000,87.57,87.62,87.49,87.51,21626.95
1776885300000,87.51,87.72,87.45,87.68,17841.83
1776885600000,87.67,87.77,87.66,87.75,22487.57
1776885900000,87.76,87.79,87.64,87.65,9145.83
1776886200000,87.64,87.67,87.17,87.17,49775.41
1776886500000,87.17,87.26,87.04,87.23,60587.23
1776886800000,87.24,87.36,87.2,87.26,18266.45
1776887100000,87.26,87.3,87.2,87.3,15278.82
1776887400000,87.3,87.35,87.18,87.29,14061.73
1776887700000,87.28,87.44,87.26,87.33,32642.32
1776888000000,87.34,87.45,87.26,87.44,33079.22
1776888300000,87.44,87.45,87.3,87.31,8431.21
1776888600000,87.3,87.36,87.24,87.36,6787.51
1776888900000,87.35,87.36,87.15,87.17,10927.54
1776889200000,87.18,87.2,87.04,87.17,22578.6
1776889500000,87.17,87.27,87.16,87.24,4629.52
1776889800000,87.25,87.3,87.16,87.17,10949.89
1776890100000,87.17,87.2,87.05,87.19,26932.01
1776890400000,87.19,87.22,87.16,87.17,3439.36
1776890700000,87.17,87.17,87.11,87.12,6289.02
1776891000000,87.12,87.13,87.07,87.08,11619.9
1776891300000,87.08,87.13,87.05,87.09,13165.0
1776891600000,87.09,87.18,87.07,87.17,8806.72
1776891900000,87.17,87.22,87.16,87.22,6200.99
1776892200000,87.21,87.28,87.21,87.25,5708.03
1776892500000,87.25,87.29,87.22,87.24,5751.5
1776892800000,87.24,87.35,87.22,87.32,6367.1
1776893100000,87.32,87.41,87.31,87.39,9022.8
1776893400000,87.39,87.51,87.39,87.42,17283.4
1776893700000,87.42,87.44,87.3,87.44,15610.34
1776894000000,87.45,87.59,87.4,87.5,16217.4
1776894300000,87.5,87.57,87.49,87.52,9520.77
1776894600000,87.53,87.53,87.46,87.47,4935.12
1776894900000,87.47,87.6,87.46,87.53,6822.86
1776895200000,87.53,87.68,87.39,87.49,30403.38
1776895500000,87.49,87.58,87.43,87.55,20760.52
1776895800000,87.55,87.57,87.45,87.48,11104.63
1776896100000,87.49,87.52,87.3,87.35,18957.88
1776896400000,87.34,87.36,87.25,87.32,11816.41
1776896700000,87.32,87.32,87.24,87.27,4203.35
1776897000000,87.27,87.41,87.27,87.3,11632.73
1776897300000,87.29,87.35,87.25,87.31,6455.33
1776897600000,87.32,87.41,87.32,87.32,4252.58
1776897900000,87.32,87.37,87.24,87.28,9660.18
1776898200000,87.29,87.36,87.27,87.3,7037.9
1776898500000,87.31,87.38,87.27,87.37,10855.85
1776898800000,87.38,87.44,87.17,87.22,22291.05
1776899100000,87.22,87.27,87.16,87.27,13439.71
1776899400000,87.26,87.37,87.24,87.24,9988.23
1776899700000,87.24,87.28,87.2,87.21,6087.26
1776900000000,87.21,87.21,86.78,86.8,70728.07
1776900300000,86.81,86.97,86.78,86.97,27737.18
1776900600000,86.97,86.97,86.76,86.88,20002.92
1776900900000,86.88,86.95,86.78,86.83,17048.11
1776901200000,86.83,86.94,86.81,86.92,9456.69
1776901500000,86.92,86.97,86.9,86.9,10718.6
1776901800000,86.9,86.93,86.83,86.85,11913.09
1776902100000,86.85,86.9,86.73,86.82,34646.48
1776902400000,86.83,86.99,86.83,86.84,39440.35
1776902700000,86.84,86.86,86.64,86.65,45374.98
1776903000000,86.66,86.67,86.4,86.4,59004.06
1776903300000,86.4,87.04,85.9,86.98,268310.29
1776903600000,86.98,86.98,86.65,86.67,61874.16
1776903900000,86.67,86.92,86.62,86.88,27312.92
1776904200000,86.89,87.02,86.73,86.96,36796.17
1776904500000,86.95,87.11,86.84,87.01,55481.13
1776904800000,87.01,87.03,86.9,86.94,17507.92
1776905100000,86.94,87.01,86.64,86.77,36650.33
1776905400000,86.77,86.82,86.68,86.7,16016.5
1776905700000,86.7,86.82,86.69,86.81,7819.12
1776906000000,86.82,86.82,86.63,86.64,8179.81
1776906300000,86.64,86.81,86.62,86.63,12217.93
1776906600000,86.63,86.65,86.46,86.5,28546.63
1776906900000,86.5,86.51,86.29,86.32,17177.93
1776907200000,86.32,86.32,86.08,86.11,62947.96
1776907500000,86.11,86.42,86.1,86.14,63362.37
1776907800000,86.13,86.28,86.07,86.14,35832.46
1776908100000,86.14,86.3,86.14,86.23,41914.55
1776908400000,86.22,86.44,86.21,86.33,35933.08
1776908700000,86.33,86.39,86.18,86.38,21422.45
1776909000000,86.38,86.46,86.3,86.33,13818.66
1776909300000,86.32,86.41,86.32,86.38,5923.4
1776909600000,86.39,86.41,86.23,86.23,24533.88
1776909900000,86.23,86.32,86.18,86.26,10342.93
1776910200000,86.26,86.33,86.15,86.15,11830.67
1776910500000,86.15,86.28,86.06,86.15,17742.19
1776910800000,86.15,86.29,86.03,86.05,48782.04
1776911100000,86.04,86.17,85.91,86.01,53224.68
1776911400000,86.01,86.06,85.87,85.96,52192.0
1776911700000,85.96,86.06,85.68,85.79,51454.83
1776912000000,85.79,85.88,85.67,85.84,51864.43
1776912300000,85.84,85.92,85.77,85.87,15086.25
1776912600000,85.87,86.05,85.86,85.9,30842.48
1776912900000,85.91,85.95,85.83,85.9,13463.93
1776913200000,85.89,86.04,85.82,85.96,23848.0
1776913500000,85.96,85.96,85.82,85.83,23222.32
1776913800000,85.84,85.89,85.74,85.74,28395.17
1776914100000,85.75,85.82,85.65,85.68,16090.42
1776914400000,85.69,85.83,85.66,85.71,18800.82
1776914700000,85.71,85.79,85.71,85.76,10131.39
1776915000000,85.76,85.81,85.64,85.66,24999.11
1776915300000,85.66,85.72,85.48,85.62,37999.97
1776915600000,85.62,85.65,85.4,85.64,71989.28
1776915900000,85.63,85.68,85.5,85.55,26517.51
1776916200000,85.56,85.67,85.55,85.67,12730.38
1776916500000,85.67,85.75,85.56,85.72,25767.66
1776916800000,85.71,85.72,85.6,85.68,23613.48
1776917100000,85.67,85.73,85.59,85.72,37108.18
1776917400000,85.73,85.85,85.72,85.76,35792.98
1776917700000,85.76,85.79,85.69,85.72,17134.22
1776918000000,85.73,85.82,85.72,85.72,15197.95
1776918300000,85.73,85.76,85.69,85.75,10581.97
1776918600000,85.74,85.92,85.74,85.85,17988.68
1776918900000,85.85,85.92,85.83,85.88,19599.51
1776919200000,85.88,85.91,85.85,85.86,12804.87
1776919500000,85.86,85.94,85.84,85.88,17378.29
1776919800000,85.88,85.9,85.82,85.89,7912.74
1776920100000,85.89,85.94,85.84,85.9,15356.0
1776920400000,85.9,86.05,85.88,86.02,25561.74
1776920700000,86.03,86.07,85.82,85.94,48829.44
1776921000000,85.94,85.94,85.78,85.92,54677.17
1776921300000,85.92,85.96,85.83,85.96,16359.9
1776921600000,85.96,86.01,85.92,85.93,10772.9
1776921900000,85.93,85.95,85.84,85.9,15116.24
1776922200000,85.91,85.94,85.59,85.68,45808.23
1776922500000,85.69,85.69,85.45,85.54,52298.57
1776922800000,85.54,85.66,85.54,85.65,13250.89
1776923100000,85.66,85.78,85.61,85.78,13167.1
1776923400000,85.78,85.88,85.74,85.74,20628.41
1776923700000,85.74,85.86,85.74,85.83,15596.4
1776924000000,85.82,85.95,85.79,85.94,14705.29
1776924300000,85.94,86.08,85.92,85.96,27766.37
1776924600000,85.96,86.0,85.9,85.93,18030.37
1776924900000,85.93,86.08,85.93,85.95,15272.01
1776925200000,85.95,86.08,85.93,86.02,24687.85
1776925500000,86.03,86.1,86.02,86.08,23036.08
1776925800000,86.07,86.19,86.04,86.1,40212.23
1776926100000,86.1,86.11,85.96,85.97,24369.31
1776926400000,85.97,85.98,85.9,85.95,12578.81
1776926700000,85.96,86.06,85.95,85.95,16418.13
1776927000000,85.96,86.13,85.95,86.13,8717.41
1776927300000,86.12,86.16,86.07,86.12,8909.38
1776927600000,86.13,86.17,86.04,86.07,9061.34
1776927900000,86.07,86.1,86.03,86.03,13796.11
1776928200000,86.03,86.1,86.01,86.03,10056.36
1776928500000,86.02,86.06,85.95,85.98,20624.18
1776928800000,85.99,86.04,85.95,86.01,11924.06
1776929100000,86.01,86.06,85.97,86.02,8368.87
1776929400000,86.03,86.1,85.99,86.09,8237.7
1776929700000,86.09,86.12,85.98,86.09,16247.81
1776930000000,86.09,86.16,85.95,86.0,39555.09
1776930300000,86.0,86.05,85.95,86.01,11064.83
1776930600000,86.01,86.03,85.8,85.8,28418.87
1776930900000,85.8,85.87,85.8,85.84,17033.11
1776931200000,85.84,85.85,85.71,85.76,25006.66
1776931500000,85.76,85.82,85.69,85.82,20276.38
1776931800000,85.82,85.87,85.72,85.82,36184.37
1776932100000,85.82,85.85,85.8,85.84,10117.67
1776932400000,85.84,85.88,85.71,85.73,9508.02
1776932700000,85.73,85.81,85.58,85.76,76362.65
1776933000000,85.76,85.79,85.59,85.64,28141.43
1776933300000,85.64,85.69,85.58,85.59,19417.77
1776933600000,85.58,85.59,85.5,85.54,22388.77
1776933900000,85.53,85.65,85.53,85.62,11116.45
1776934200000,85.62,85.69,85.62,85.68,9011.15
1776934500000,85.68,85.72,85.64,85.64,19138.47
1776934800000,85.65,85.65,85.43,85.46,20866.35
1776935100000,85.46,85.56,85.22,85.38,67128.35
1776935400000,85.37,85.39,85.23,85.38,32130.06
1776935700000,85.39,85.59,85.38,85.56,13682.71
1776936000000,85.57,85.57,85.44,85.45,14974.65
1776936300000,85.45,85.53,85.44,85.53,11457.5
1776936600000,85.52,85.59,85.52,85.58,12264.23
1776936900000,85.58,85.59,85.54,85.57,5736.08
1776937200000,85.56,85.6,85.54,85.54,6596.78
1776937500000,85.54,85.57,85.32,85.42,32817.44
1776937800000,85.42,85.48,85.4,85.44,6360.34
1776938100000,85.44,85.49,85.43,85.48,7166.08
1776938400000,85.47,85.56,85.44,85.53,7922.5
1776938700000,85.53,85.54,85.25,85.34,77403.6
1776939000000,85.35,85.36,85.1,85.17,108895.84
1776939300000,85.18,85.27,85.17,85.24,44120.64
1776939600000,85.24,85.34,85.22,85.3,22104.4
1776939900000,85.3,85.36,85.3,85.31,30934.0
1776940200000,85.31,85.39,85.3,85.37,8437.27
1776940500000,85.38,85.4,85.3,85.39,9296.69
1776940800000,85.39,85.41,85.32,85.34,9949.67
1776941100000,85.34,85.44,85.31,85.33,8475.98
1776941400000,85.34,85.38,85.27,85.3,16139.1
1776941700000,85.29,85.4,85.27,85.38,11267.83
1776942000000,85.38,85.45,85.37,85.41,12128.13
1776942300000,85.41,85.44,85.34,85.38,9568.42
1776942600000,85.38,85.43,85.31,85.41,8351.45
1776942900000,85.41,85.48,85.39,85.46,8176.25
1776943200000,85.46,85.52,85.45,85.51,29724.9
1776943500000,85.51,85.64,85.51,85.55,26087.64
1776943800000,85.55,85.59,85.5,85.51,9441.36
1776944100000,85.51,85.71,85.51,85.59,42062.33
1776944400000,85.59,85.68,85.58,85.65,11096.44
1776944700000,85.65,85.8,85.63,85.69,32218.6
1776945000000,85.69,85.82,85.67,85.78,16166.01
1776945300000,85.77,85.85,85.76,85.77,23420.14
1776945600000,85.77,85.93,85.75,85.92,31127.23
1776945900000,85.93,86.04,85.88,85.9,42335.17
1776946200000,85.91,86.04,85.9,85.96,25603.63
1776946500000,85.96,85.99,85.88,85.95,12053.95
1776946800000,85.96,85.99,85.86,85.95,14698.9
1776947100000,85.96,86.01,85.91,85.95,13439.78
1776947400000,85.96,86.0,85.89,85.92,11479.71
1776947700000,85.91,85.95,85.9,85.91,10671.02
1776948000000,85.91,86.0,85.9,85.9,13806.2
1776948300000,85.9,86.0,85.66,85.74,95622.3
1776948600000,85.75,85.87,85.69,85.77,19841.47
1776948900000,85.76,85.91,85.76,85.91,8932.26
1776949200000,85.9,85.98,85.85,85.91,18822.8
1776949500000,85.91,85.92,85.83,85.89,16660.75
1776949800000,85.9,85.92,85.68,85.71,36036.09
1776950100000,85.71,85.8,85.58,85.68,30847.59
1776950400000,85.67,85.73,85.67,85.71,15922.14
1776950700000,85.7,85.72,85.61,85.67,20532.88
1776951000000,85.67,85.81,85.63,85.79,24028.81
1776951300000,85.78,85.86,85.68,85.76,19494.7
1776951600000,85.76,85.82,85.69,85.77,10858.73
1776951900000,85.77,85.94,85.69,85.89,32372.42
1776952200000,85.89,85.89,85.51,85.6,72014.85
1776952500000,85.6,85.77,85.57,85.72,26441.22
1776952800000,85.72,85.78,85.49,85.76,21335.82
1776953100000,85.76,85.77,85.52,85.62,12482.58
1776953400000,85.62,85.64,85.51,85.54,22258.65
1776953700000,85.54,85.68,85.52,85.53,17094.91
1776954000000,85.53,85.9,85.51,85.8,28009.82
1776954300000,85.8,86.04,85.76,85.79,38896.87
1776954600000,85.8,85.99,85.79,85.86,15676.52
1776954900000,85.86,86.05,85.83,85.89,24557.23
1776955200000,85.89,86.0,85.83,85.96,8642.92
1776955500000,85.96,86.1,85.96,85.98,28836.43
1776955800000,85.99,86.14,85.98,86.02,16360.53
1776956100000,86.02,86.13,85.95,85.99,42497.78
1776956400000,85.99,86.01,85.8,85.81,49086.11
1776956700000,85.8,85.86,85.74,85.81,29951.58
1776957000000,85.81,85.88,85.78,85.81,10514.66
1776957300000,85.81,86.36,85.76,86.22,77112.5
1776957600000,86.23,86.44,86.17,86.28,63458.47
1776957900000,86.28,86.28,86.03,86.04,30599.57
1776958200000,86.03,86.2,85.93,86.16,44183.77
1776958500000,86.15,86.24,86.1,86.22,24663.58
1776958800000,86.21,86.41,86.09,86.28,91587.09
1776959100000,86.28,86.5,86.1,86.5,57233.0
1776959400000,86.5,86.6,86.1,86.13,188833.25
1776959700000,86.12,86.3,86.1,86.3,54808.78
1776960000000,86.3,86.34,86.14,86.15,30985.54
1776960300000,86.15,86.37,86.13,86.22,15376.13
1776960600000,86.22,86.3,86.11,86.12,11657.29
1776960900000,86.12,86.2,86.01,86.19,45440.86
1776961200000,86.2,86.21,86.02,86.18,13772.31
1776961500000,86.18,86.21,86.03,86.03,9831.66
1776961800000,86.03,86.15,86.0,86.14,14889.55
1776962100000,86.14,86.18,86.01,86.02,11159.03
1776962400000,86.02,86.12,86.0,86.07,10711.7
1776962700000,86.06,86.1,85.97,85.97,11705.69
1776963000000,85.97,86.07,85.78,85.79,40773.34
1776963300000,85.79,85.89,85.73,85.76,23273.26
1776963600000,85.76,85.82,85.39,85.5,73322.87
1776963900000,85.5,85.5,85.25,85.28,37081.02
1776964200000,85.28,85.48,85.21,85.31,34916.56
1776964500000,85.31,85.31,84.82,84.94,195506.41
1776964800000,84.94,85.12,84.85,85.02,59999.73
1776965100000,85.02,85.24,84.93,84.95,34120.04
1776965400000,84.96,85.07,84.84,85.06,33590.56
1776965700000,85.05,85.15,84.58,84.66,113871.44
1776966000000,84.65,84.73,84.4,84.7,118408.26
1776966300000,84.7,84.82,84.47,84.77,77174.08
1776966600000,84.77,85.31,84.65,85.17,108908.79
1776966900000,85.17,85.39,85.1,85.27,39324.53
1776967200000,85.28,85.46,85.21,85.29,39294.86
1776967500000,85.29,85.55,85.21,85.4,32048.27
1776967800000,85.4,85.59,85.35,85.35,28628.78
1776968100000,85.35,85.48,85.33,85.34,18576.24
1776968400000,85.35,85.43,85.28,85.32,18644.38
1776968700000,85.32,85.34,85.2,85.27,16867.76
1776969000000,85.28,85.44,85.28,85.37,13375.54
1776969300000,85.37,85.6,85.35,85.52,20254.44
1776969600000,85.53,85.56,85.41,85.47,14497.81
1776969900000,85.46,85.51,85.36,85.38,10426.17
1776970200000,85.38,85.49,85.28,85.43,7318.73
1776970500000,85.43,85.43,85.15,85.19,27131.8
1776970800000,85.2,85.28,85.07,85.07,35152.37
1776971100000,85.08,85.28,85.07,85.2,14473.7
1776971400000,85.2,85.3,85.09,85.25,19295.55
1776971700000,85.25,85.44,85.25,85.38,15239.44
1776972000000,85.39,85.45,85.37,85.38,4480.63
1776972300000,85.38,85.5,85.28,85.28,29325.16
1776972600000,85.29,85.35,85.18,85.24,23843.0
1776972900000,85.24,85.3,85.13,85.22,28906.41
1776973200000,85.22,85.3,85.21,85.22,5806.61
1776973500000,85.22,85.47,85.22,85.45,18672.2
1776973800000,85.44,85.44,85.17,85.36,39428.05
1776974100000,85.37,85.45,85.22,85.24,32327.77
1776974400000,85.24,85.53,85.22,85.53,22851.14
1776974700000,85.53,85.59,85.5,85.53,23969.34
1776975000000,85.54,85.55,85.41,85.45,7115.35
1776975300000,85.44,85.55,85.38,85.55,19844.79
1776975600000,85.55,85.6,85.5,85.5,18069.94
1776975900000,85.51,85.52,85.42,85.46,10565.06
1776976200000,85.46,85.62,85.41,85.55,13218.08
1776976500000,85.55,85.76,85.51,85.73,37787.98
1776976800000,85.72,85.8,85.67,85.72,38243.11
1776977100000,85.73,85.77,85.66,85.72,13035.77
1776977400000,85.72,85.75,85.58,85.61,21256.35
1776977700000,85.6,85.64,85.53,85.54,10050.58
1776978000000,85.54,85.58,85.45,85.47,13149.09
1776978300000,85.47,85.57,85.46,85.56,7522.26
1776978600000,85.56,85.63,85.54,85.55,9325.61
1776978900000,85.56,85.6,85.53,85.6,5144.94
1776979200000,85.6,85.66,85.53,85.65,3099.9
1776979500000,85.65,85.75,85.63,85.75,4883.4
1776979800000,85.74,85.87,85.74,85.86,25670.07
1776980100000,85.86,85.9,85.84,85.85,9104.61
1776980400000,85.85,85.95,85.83,85.91,13219.78
1776980700000,85.91,85.94,85.89,85.94,3268.15
1776981000000,85.94,85.95,85.89,85.94,7955.26
1776981300000,85.94,85.95,85.73,85.74,16951.49
1776981600000,85.74,85.92,85.74,85.9,20731.7
1776981900000,85.91,86.03,85.86,85.86,25152.58
1776982200000,85.87,85.97,85.84,85.92,5579.2
1776982500000,85.92,86.13,85.9,86.07,32482.36
1776982800000,86.08,86.11,85.95,86.04,10335.15
1776983100000,86.04,86.2,85.98,86.1,43140.98
1776983400000,86.1,86.19,86.06,86.07,31624.7
1776983700000,86.07,86.14,86.07,86.08,6540.69
1776984000000,86.07,86.11,86.06,86.11,5285.46
1776984300000,86.12,86.15,86.07,86.09,13857.75
1776984600000,86.1,86.11,86.0,86.04,10132.21
1776984900000,86.04,86.05,85.86,85.91,26914.3
1776985200000,85.92,85.95,85.85,85.87,13720.41
1776985500000,85.87,85.89,85.8,85.8,9252.71
1776985800000,85.8,85.8,85.68,85.7,10699.73
1776986100000,85.69,85.82,85.56,85.8,44952.21
1776986400000,85.79,86.04,85.78,86.01,51128.23
1776986700000,86.0,86.05,85.9,85.91,17438.8
1776987000000,85.92,85.98,85.92,85.95,2657.48
1776987300000,85.95,86.01,85.95,85.99,4242.34
1776987600000,86.0,86.09,85.99,86.06,5128.87
1776987900000,86.06,86.14,86.05,86.05,9924.96
1776988200000,86.06,86.12,86.03,86.04,7746.57
1776988500000,86.04,86.1,86.03,86.07,16253.46
1776988800000,86.07,86.13,86.0,86.0,10075.6
1776989100000,86.0,86.14,85.99,86.11,8916.66
1776989400000,86.11,86.11,86.01,86.04,7782.33
1776989700000,86.04,86.28,85.99,86.25,39149.75
1776990000000,86.24,86.31,86.08,86.08,28630.34
1776990300000,86.08,86.21,86.08,86.14,6820.64
1776990600000,86.15,86.22,86.1,86.17,4583.87
1776990900000,86.17,86.3,86.17,86.19,9036.71
1776991200000,86.18,86.19,86.11,86.11,4529.35
1776991500000,86.12,86.22,86.11,86.21,5558.99
1776991800000,86.21,86.24,86.13,86.15,5511.69
1776992100000,86.15,86.16,86.08,86.16,17821.07
1776992400000,86.16,86.16,85.98,86.0,17408.07
1776992700000,85.99,86.0,85.82,85.89,26221.3
1776993000000,85.88,85.93,85.88,85.88,5288.18
1776993300000,85.88,85.9,85.85,85.87,6970.34
1776993600000,85.87,85.89,85.78,85.89,12038.53
1776993900000,85.88,85.93,85.84,85.88,5289.95
1776994200000,85.88,85.92,85.77,85.86,10782.34
1776994500000,85.85,85.96,85.82,85.93,10591.32
1776994800000,85.93,85.97,85.84,85.87,4847.35
1776995100000,85.87,86.19,85.87,86.19,13570.82
1776995400000,86.19,86.28,86.16,86.19,26835.23
1776995700000,86.19,86.28,86.18,86.23,11647.52
1776996000000,86.23,86.32,86.21,86.22,14186.65
1776996300000,86.22,86.22,86.1,86.12,11639.01
1776996600000,86.11,86.12,86.05,86.09,10951.3
1776996900000,86.09,86.14,86.07,86.13,5758.28
1776997200000,86.12,86.15,85.99,86.0,14242.66
1776997500000,85.99,86.0,85.96,85.98,5155.25
1776997800000,85.97,86.04,85.97,86.02,15286.08
1776998100000,86.02,86.06,85.99,86.01,9935.84
1776998400000,86.01,86.06,85.99,86.05,8766.8
1776998700000,86.05,86.07,85.97,86.02,10335.2
1776999000000,86.02,86.07,85.72,85.8,32660.59
1776999300000,85.81,85.86,85.76,85.83,11547.68
1776999600000,85.83,85.88,85.79,85.84,8549.09
1776999900000,85.85,85.89,85.79,85.86,16221.99
1777000200000,85.85,85.89,85.8,85.86,6961.41
1777000500000,85.85,85.85,85.76,85.82,5860.48
1777000800000,85.81,85.84,85.53,85.55,45933.7
1777001100000,85.56,85.75,85.56,85.64,21504.56
1777001400000,85.64,85.65,85.36,85.37,36804.67
1777001700000,85.36,85.5,85.35,85.43,16972.58
1777002000000,85.43,85.46,85.4,85.46,8383.6
1777002300000,85.46,85.61,85.43,85.57,11354.68
1777002600000,85.56,85.61,85.53,85.57,6329.91
1777002900000,85.58,85.67,85.5,85.64,26330.82
1777003200000,85.64,85.64,85.52,85.52,4526.62
1777003500000,85.52,85.57,85.52,85.52,5226.17
1777003800000,85.52,85.58,85.52,85.55,6379.0
1777004100000,85.56,85.58,85.49,85.57,9299.27
1777004400000,85.57,85.66,85.52,85.53,11989.37
1777004700000,85.53,85.54,85.36,85.4,10743.43
1777005000000,85.4,85.47,85.35,85.37,15507.39
1777005300000,85.37,85.45,85.13,85.2,49649.94
1777005600000,85.2,85.28,85.14,85.28,34998.95
1777005900000,85.28,85.4,85.24,85.38,15454.49
1777006200000,85.38,85.4,85.3,85.31,11444.51
1777006500000,85.31,85.34,85.26,85.26,10163.21
1777006800000,85.26,85.28,85.14,85.16,24373.61
1777007100000,85.15,85.33,85.08,85.28,79034.01
1777007400000,85.28,85.37,85.26,85.28,23310.02
1777007700000,85.28,85.37,85.23,85.33,14283.89
1777008000000,85.33,85.39,85.12,85.19,32479.17
1777008300000,85.19,85.31,85.12,85.3,27112.67
1777008600000,85.31,85.4,85.22,85.24,35444.79
1777008900000,85.24,85.32,85.18,85.32,33465.03
1777009200000,85.32,85.45,85.31,85.42,30474.51
1777009500000,85.42,85.6,85.39,85.46,104874.21
1777009800000,85.45,85.59,85.45,85.51,21951.0
1777010100000,85.51,85.78,85.5,85.64,56996.82
1777010400000,85.65,85.69,85.53,85.6,13249.83
1777010700000,85.59,85.64,85.57,85.64,13604.52
1777011000000,85.63,85.65,85.58,85.64,8307.95
1777011300000,85.64,85.65,85.59,85.63,7801.46
1777011600000,85.63,85.64,85.57,85.59,5287.15
1777011900000,85.59,85.64,85.45,85.6,73820.18
1777012200000,85.6,85.62,85.36,85.46,31303.98
1777012500000,85.46,85.46,85.27,85.37,35218.28
1777012800000,85.38,85.46,85.37,85.4,10630.24
1777013100000,85.39,85.45,85.34,85.44,10377.94
1777013400000,85.45,85.49,85.44,85.48,8319.46
1777013700000,85.47,85.48,85.37,85.38,5766.33
1777014000000,85.39,85.47,85.36,85.46,4742.58
1777014300000,85.47,85.52,85.45,85.49,9282.61
1777014600000,85.5,85.57,85.45,85.46,10939.87
1777014900000,85.45,85.47,85.42,85.43,6285.74
1777015200000,85.43,85.44,85.35,85.36,13405.92
1777015500000,85.36,85.42,85.34,85.39,9082.64
1777015800000,85.4,85.41,85.33,85.38,6201.93
1777016100000,85.38,85.42,85.29,85.39,34141.59
1777016400000,85.39,85.4,85.33,85.35,15446.24
1777016700000,85.35,85.45,85.35,85.45,6945.05
1777017000000,85.44,85.49,85.37,85.42,17286.95
1777017300000,85.42,85.45,85.35,85.45,13092.78
1777017600000,85.45,85.46,85.31,85.31,15833.63
1777017900000,85.31,85.34,85.26,85.29,14587.41
1777018200000,85.28,85.32,85.25,85.32,10590.16
1777018500000,85.32,85.58,85.32,85.52,48082.09
1777018800000,85.52,85.7,85.5,85.56,43374.96
1777019100000,85.56,85.57,85.48,85.48,4816.18
1777019400000,85.49,85.49,85.32,85.32,17615.21
1777019700000,85.32,85.38,85.27,85.37,19988.77
1777020000000,85.37,85.42,85.29,85.36,27892.48
1777020300000,85.37,85.47,85.36,85.46,5524.4
1777020600000,85.47,85.47,85.38,85.44,20910.86
1777020900000,85.45,85.45,85.3,85.31,24690.67
1777021200000,85.31,85.33,85.21,85.25,17198.95
1777021500000,85.26,85.26,84.86,85.0,96202.76
1777021800000,85.01,85.1,84.92,85.08,37022.43
1777022100000,85.09,85.18,85.05,85.11,15243.0
1777022400000,85.12,85.12,85.0,85.07,17026.85
1777022700000,85.07,85.15,85.07,85.11,14458.34
1777023000000,85.12,85.2,85.11,85.2,10184.58
1777023300000,85.19,85.22,85.15,85.22,9114.2
1777023600000,85.22,85.28,85.21,85.28,14154.81
1777023900000,85.27,85.31,85.25,85.27,13221.35
1777024200000,85.27,85.29,85.12,85.29,33324.71
1777024500000,85.28,85.44,85.22,85.43,46300.52
1777024800000,85.42,85.43,85.14,85.29,72890.14
1777025100000,85.29,85.33,85.21,85.27,13847.87
1777025400000,85.27,85.29,85.23,85.29,4912.07
1777025700000,85.29,85.37,85.27,85.33,8421.31
1777026000000,85.34,85.46,85.32,85.45,14314.67
1777026300000,85.45,85.56,85.45,85.46,33352.8
1777026600000,85.45,85.5,85.44,85.49,4936.57
1777026900000,85.49,85.56,85.47,85.49,15055.7
1777027200000,85.49,85.52,85.47,85.47,3875.17
1777027500000,85.47,85.6,85.43,85.53,34678.91
1777027800000,85.53,85.61,85.51,85.61,9183.73
1777028100000,85.61,85.7,85.57,85.66,37780.29
1777028400000,85.66,85.94,85.65,85.83,58984.79
1777028700000,85.83,86.1,85.78,85.94,82312.06
1777029000000,85.94,86.06,85.93,86.02,14251.07
1777029300000,86.01,86.06,85.87,85.87,30832.34
1777029600000,85.88,86.19,85.88,86.14,45085.2
1777029900000,86.14,86.19,86.04,86.19,32186.19
1777030200000,86.18,86.23,86.12,86.16,22398.06
1777030500000,86.17,86.19,86.1,86.13,26797.61
1777030800000,86.13,86.15,86.09,86.13,25749.28
1777031100000,86.12,86.14,86.04,86.1,32832.08
1777031400000,86.11,86.16,86.09,86.09,16439.79
1777031700000,86.1,86.19,85.97,86.14,41151.13
1777032000000,86.14,86.39,86.1,86.29,102561.29
1777032300000,86.29,86.46,86.26,86.41,93159.7
1777032600000,86.4,86.72,86.31,86.66,157576.19
1777032900000,86.66,86.77,86.47,86.52,152570.47
1777033200000,86.52,86.52,86.3,86.49,28960.29
1777033500000,86.49,86.5,86.39,86.43,10045.0
1777033800000,86.44,86.44,86.25,86.28,34528.04
1777034100000,86.28,86.38,86.28,86.34,15804.41
1777034400000,86.34,86.38,86.19,86.21,37909.1
1777034700000,86.22,86.34,86.12,86.14,23950.63
1777035000000,86.14,86.15,86.0,86.1,48608.31
1777035300000,86.09,86.3,86.08,86.3,23453.59
1777035600000,86.3,86.43,86.27,86.41,21225.72
1777035900000,86.4,86.5,86.39,86.4,18391.5
1777036200000,86.41,86.57,86.39,86.4,34877.72
1777036500000,86.41,86.43,86.31,86.42,12843.01
1777036800000,86.42,86.45,86.27,86.29,11931.1
1777037100000,86.29,86.3,86.2,86.22,20485.79
1777037400000,86.23,86.26,86.04,86.18,40757.26
1777037700000,86.18,86.26,86.07,86.18,28207.85
1777038000000,86.18,86.21,86.03,86.09,12747.76
1777038300000,86.1,86.15,85.93,85.99,39303.87
1777038600000,85.99,86.04,85.89,85.92,38594.47
1777038900000,85.93,86.04,85.8,86.02,37942.16
1777039200000,86.02,86.02,85.8,85.89,33798.15
1777039500000,85.89,86.01,85.78,85.97,45542.91
1777039800000,85.97,86.09,85.8,85.84,16987.32
1777040100000,85.84,86.04,85.81,85.95,20992.0
1777040400000,85.94,86.0,85.78,85.78,22467.45
1777040700000,85.78,85.79,85.6,85.74,29402.05
1777041000000,85.73,86.01,85.71,86.0,30609.96
1777041300000,86.0,86.16,85.94,86.12,44729.16
1777041600000,86.11,86.16,86.04,86.12,14976.7
1777041900000,86.12,86.14,85.89,85.95,10691.33
1777042200000,85.95,86.0,85.82,85.86,11426.47
1777042500000,85.86,85.99,85.85,85.99,9959.28
1777042800000,85.99,86.0,85.8,85.8,7352.47
1777043100000,85.8,85.8,85.47,85.64,62654.92
1777043400000,85.65,85.8,85.64,85.72,15157.76
1777043700000,85.73,85.8,85.67,85.7,11823.77
1777044000000,85.7,85.97,85.68,85.91,11934.25
1777044300000,85.91,86.06,85.88,86.0,24549.77
1777044600000,86.0,86.18,85.99,86.07,24201.7
1777044900000,86.07,86.08,85.98,86.0,11870.69
1777045200000,86.01,86.43,86.0,86.34,39155.68
1777045500000,86.33,86.53,86.18,86.22,41393.03
1777045800000,86.21,86.39,86.21,86.34,17836.85
1777046100000,86.35,86.49,86.31,86.46,26858.48
1777046400000,86.45,86.52,86.32,86.35,27003.73
1777046700000,86.35,86.41,86.24,86.3,21748.05
1777047000000,86.3,86.38,86.23,86.24,14024.38
1777047300000,86.23,86.23,86.04,86.05,22701.0
1777047600000,86.06,86.18,86.03,86.16,11913.21
1777047900000,86.16,86.2,86.12,86.19,7555.14
1777048200000,86.18,86.37,86.18,86.37,13173.88
1777048500000,86.37,86.42,86.26,86.26,6217.48
1777048800000,86.27,86.29,86.05,86.24,16315.63
1777049100000,86.24,86.27,86.12,86.12,15034.37
1777049400000,86.13,86.25,86.13,86.25,9993.43
1777049700000,86.24,86.29,86.16,86.28,4011.12
1777050000000,86.27,86.33,86.23,86.29,8677.95
1777050300000,86.29,86.36,86.22,86.28,15519.39
1777050600000,86.28,86.48,86.28,86.46,18621.09
1777050900000,86.45,86.46,86.3,86.34,8954.27
1777051200000,86.34,86.37,86.27,86.32,6920.1
1777051500000,86.31,86.39,86.28,86.35,9652.49
1777051800000,86.35,86.36,86.05,86.12,27287.06
1777052100000,86.12,86.26,86.11,86.15,13442.59
1777052400000,86.16,86.34,86.16,86.32,9704.13
1777052700000,86.32,86.38,86.2,86.28,12760.07
1777053000000,86.27,86.51,86.24,86.4,28103.97
1777053300000,86.39,86.5,86.37,86.42,19887.62
1777053600000,86.43,86.49,86.34,86.36,10288.26
1777053900000,86.36,86.39,86.29,86.31,5756.92
1777054200000,86.32,86.35,86.14,86.14,6561.42
1777054500000,86.15,86.15,85.9,86.05,39949.53
1777054800000,86.04,86.2,86.01,86.18,11582.02
1777055100000,86.17,86.23,86.16,86.16,5750.73
1777055400000,86.17,86.34,86.15,86.33,9297.45
1777055700000,86.33,86.41,86.27,86.29,11660.3
1777056000000,86.29,86.34,86.28,86.34,4852.93
1777056300000,86.34,86.36,86.28,86.3,3118.04
1777056600000,86.3,86.36,86.28,86.33,2636.32
1777056900000,86.34,86.35,86.29,86.33,2911.77
1777057200000,86.33,86.48,86.3,86.31,18545.93
1777057500000,86.32,86.36,86.25,86.27,8246.97
1777057800000,86.28,86.31,86.21,86.24,3732.43
1777058100000,86.24,86.31,86.23,86.29,4816.07
1777058400000,86.29,86.33,86.23,86.24,2897.12
1777058700000,86.24,86.31,86.23,86.26,3826.8
1777059000000,86.27,86.35,86.21,86.27,10211.85
1777059300000,86.27,86.3,86.2,86.3,8032.62
1777059600000,86.29,86.32,86.26,86.29,3812.12
1777059900000,86.28,86.29,86.21,86.23,6338.97
1777060200000,86.23,86.3,86.23,86.28,13666.21
1777060500000,86.28,86.36,86.25,86.28,22793.26
1777060800000,86.27,86.49,86.21,86.47,37849.47
1777061100000,86.47,86.5,86.33,86.39,20467.9
1777061400000,86.38,86.46,86.37,86.43,10205.39
1777061700000,86.43,86.43,86.29,86.29,5875.04
1777062000000,86.29,86.36,86.25,86.28,9358.74
1777062300000,86.28,86.3,86.17,86.24,9327.08
1777062600000,86.24,86.59,86.23,86.53,68184.41
1777062900000,86.54,86.9,86.54,86.75,88602.58
1777063200000,86.75,86.76,86.64,86.64,12622.36
1777063500000,86.64,86.78,86.64,86.75,13363.76
1777063800000,86.75,86.84,86.71,86.77,11913.34
1777064100000,86.78,86.85,86.73,86.83,10353.74
1777064400000,86.82,86.83,86.75,86.82,10738.2
1777064700000,86.81,86.86,86.77,86.85,10465.52
1777065000000,86.86,86.9,86.53,86.54,38135.82
1777065300000,86.54,86.58,86.48,86.57,16840.36
1777065600000,86.57,86.59,86.46,86.58,10545.75
1777065900000,86.58,86.6,86.46,86.51,8237.81
1777066200000,86.51,86.54,86.47,86.54,5263.43
1777066500000,86.54,86.54,86.31,86.42,13469.18
1777066800000,86.42,86.48,86.4,86.4,7868.29
1777067100000,86.4,86.45,86.33,86.45,3375.14
1777067400000,86.44,86.47,86.41,86.42,6189.29
1777067700000,86.42,86.47,86.38,86.41,8472.43
1777068000000,86.4,86.41,86.3,86.32,13818.4
1777068300000,86.32,86.39,86.3,86.31,7064.97
1777068600000,86.31,86.38,86.3,86.38,3369.05
1777068900000,86.38,86.38,86.31,86.38,11874.03
1777069200000,86.39,86.4,86.32,86.35,7555.86
1777069500000,86.34,86.35,86.3,86.31,8893.34
1777069800000,86.3,86.32,86.22,86.22,15832.32
1777070100000,86.22,86.29,86.05,86.12,16368.49
1777070400000,86.11,86.17,86.07,86.17,12786.76
1777070700000,86.17,86.28,86.16,86.21,15827.11
1777071000000,86.21,86.25,86.14,86.16,6988.87
1777071300000,86.17,86.19,86.05,86.13,15889.98
1777071600000,86.13,86.2,86.12,86.17,7309.43
1777071900000,86.17,86.18,86.13,86.17,5669.13
1777072200000,86.17,86.23,86.17,86.21,9978.11
1777072500000,86.21,86.22,86.16,86.19,8791.55
1777072800000,86.2,86.21,86.1,86.16,8348.12
1777073100000,86.16,86.18,86.14,86.16,9666.41
1777073400000,86.17,86.26,86.15,86.24,6599.81
1777073700000,86.24,86.24,86.18,86.18,5865.77
1777074000000,86.18,86.18,86.15,86.17,4498.92
1777074300000,86.17,86.18,86.14,86.16,3760.41
1777074600000,86.17,86.18,86.14,86.16,5764.09
1777074900000,86.15,86.18,86.12,86.14,10102.62
1777075200000,86.13,86.18,86.11,86.12,20838.87
1777075500000,86.13,86.14,86.12,86.13,2792.56
1777075800000,86.13,86.13,86.04,86.05,8415.69
1777076100000,86.05,86.1,86.04,86.07,6297.99
1777076400000,86.07,86.09,86.05,86.05,4684.57
1777076700000,86.06,86.06,85.98,86.0,7743.71
1777077000000,85.99,86.03,85.98,86.03,4269.66
1777077300000,86.03,86.14,86.02,86.11,12315.62
1777077600000,86.12,86.18,86.1,86.1,9622.51
1777077900000,86.1,86.18,86.1,86.18,5556.45
1777078200000,86.17,86.19,86.16,86.17,2243.01
1777078500000,86.17,86.22,86.17,86.19,4221.85
1777078800000,86.19,86.24,86.17,86.18,7513.64
1777079100000,86.18,86.19,86.1,86.13,14019.78
1777079400000,86.14,86.23,86.13,86.22,6361.61
1777079700000,86.21,86.29,86.21,86.21,6075.75
1777080000000,86.22,86.22,86.1,86.1,9829.54
1777080300000,86.1,86.13,86.07,86.12,15558.96
1777080600000,86.13,86.24,86.11,86.24,13679.52
1777080900000,86.24,86.26,86.18,86.23,8278.37
1777081200000,86.23,86.25,86.22,86.24,2118.77
1777081500000,86.23,86.31,86.23,86.27,5330.79
1777081800000,86.27,86.28,86.23,86.24,3090.86
1777082100000,86.23,86.24,86.22,86.23,1692.42
1777082400000,86.22,86.26,86.15,86.16,6436.48
1777082700000,86.17,86.25,86.16,86.24,5745.93
1777083000000,86.24,86.35,86.22,86.26,16560.47
1777083300000,86.26,86.27,86.19,86.19,13025.54
1777083600000,86.2,86.2,86.09,86.19,23128.77
1777083900000,86.18,86.27,86.18,86.22,13349.84
1777084200000,86.23,86.27,86.2,86.22,5488.27
1777084500000,86.23,86.24,86.2,86.22,1646.22
1777084800000,86.23,86.24,86.19,86.22,4436.41
1777085100000,86.21,86.22,86.18,86.19,1679.39
1777085400000,86.2,86.24,86.19,86.23,2767.66
1777085700000,86.23,86.25,86.2,86.24,13227.64
1777086000000,86.23,86.28,86.22,86.28,6140.42
1777086300000,86.27,86.34,86.22,86.26,7725.26
1777086600000,86.26,86.26,86.22,86.25,3609.9
1777086900000,86.25,86.33,86.24,86.32,3726.35
1777087200000,86.33,86.37,86.29,86.31,5617.82
1777087500000,86.31,86.32,86.24,86.29,4213.35
1777087800000,86.28,86.32,86.27,86.31,6152.53
1777088100000,86.31,86.35,86.29,86.33,2746.22
1777088400000,86.33,86.38,86.32,86.36,5123.11
1777088700000,86.35,86.47,86.35,86.42,20041.1
1777089000000,86.42,86.44,86.4,86.43,11886.57
1777089300000,86.44,86.44,86.37,86.4,8282.85
1777089600000,86.41,86.45,86.34,86.39,25656.14
1777089900000,86.39,86.43,86.34,86.43,5202.77
1777090200000,86.43,86.45,86.39,86.39,7790.52
1777090500000,86.39,86.4,86.34,86.35,4639.24
1777090800000,86.35,86.35,86.29,86.32,5654.03
1777091100000,86.32,86.35,86.26,86.28,6909.9
1777091400000,86.29,86.29,86.28,86.28,971.59
1777091700000,86.28,86.28,86.23,86.25,7006.74
1777092000000,86.25,86.26,86.23,86.23,2333.13
1777092300000,86.23,86.32,86.23,86.28,18828.21
1777092600000,86.28,86.3,86.26,86.28,4524.14
1777092900000,86.29,86.31,86.27,86.27,2370.29
1777093200000,86.27,86.28,86.1,86.11,24978.45
1777093500000,86.11,86.17,86.1,86.16,8385.12
1777093800000,86.17,86.18,86.11,86.12,7063.71
1777094100000,86.12,86.14,86.08,86.11,5812.95
1777094400000,86.11,86.12,86.1,86.1,3170.46
1777094700000,86.1,86.12,86.08,86.08,8638.14
1777095000000,86.09,86.19,86.08,86.13,11590.69
1777095300000,86.13,86.15,86.13,86.14,1117.24
1777095600000,86.14,86.21,86.14,86.16,5513.87
1777095900000,86.16,86.19,86.15,86.15,2063.24
1777096200000,86.15,86.16,86.14,86.15,2351.31
1777096500000,86.15,86.16,86.14,86.15,1269.67
1777096800000,86.15,86.21,86.15,86.2,2956.93
1777097100000,86.2,86.3,86.2,86.3,12923.19
1777097400000,86.3,86.31,86.29,86.3,5550.12
1777097700000,86.3,86.31,86.24,86.24,5416.9
1777098000000,86.25,86.25,86.19,86.19,3554.18
1777098300000,86.2,86.22,86.16,86.22,4500.35
1777098600000,86.22,86.4,86.22,86.35,7791.53
1777098900000,86.34,86.38,86.3,86.37,3827.69
1777099200000,86.38,86.42,86.36,86.36,9134.01
1777099500000,86.37,86.46,86.37,86.46,9964.07
1777099800000,86.46,86.61,86.37,86.41,87073.65
1777100100000,86.41,86.45,86.39,86.39,6853.6
1777100400000,86.39,86.39,86.26,86.3,11018.26
1777100700000,86.3,86.3,86.25,86.26,9856.91
1777101000000,86.26,86.34,86.2,86.29,17508.03
1777101300000,86.29,86.33,86.28,86.33,2464.07
1777101600000,86.33,86.33,86.24,86.27,6959.94
1777101900000,86.26,86.28,86.2,86.26,32904.34
1777102200000,86.27,86.46,86.22,86.45,75852.96
1777102500000,86.45,86.47,86.35,86.4,37556.03
1777102800000,86.4,86.4,86.34,86.34,4125.35
1777103100000,86.33,86.36,86.29,86.35,6429.05
1777103400000,86.34,86.41,86.34,86.35,15597.86
1777103700000,86.34,86.42,86.32,86.32,16952.44
1777104000000,86.32,86.4,86.27,86.36,10834.51
1777104300000,86.36,86.42,86.36,86.42,2592.09
1777104600000,86.41,86.43,86.38,86.38,4289.01
1777104900000,86.39,86.44,86.38,86.4,5710.05
1777105200000,86.39,86.49,86.39,86.47,7757.8
1777105500000,86.47,86.55,86.47,86.55,12671.49
1777105800000,86.55,86.78,86.5,86.52,95242.12
1777106100000,86.53,86.69,86.52,86.65,32253.15
1777106400000,86.66,86.67,86.58,86.59,13492.18
1777106700000,86.58,86.59,86.51,86.56,12679.31
1777107000000,86.56,86.58,86.54,86.55,2622.22
1777107300000,86.54,86.58,86.52,86.57,2590.17
1777107600000,86.57,86.58,86.51,86.56,6925.56
1777107900000,86.56,86.6,86.54,86.6,2166.09
1777108200000,86.6,86.62,86.57,86.6,9826.56
1777108500000,86.6,86.62,86.59,86.6,7013.67
1777108800000,86.6,86.62,86.53,86.6,20408.83
1777109100000,86.6,86.62,86.51,86.51,6195.02
1777109400000,86.52,86.59,86.51,86.56,6470.01
1777109700000,86.56,86.75,86.55,86.69,6922.03
1777110000000,86.69,86.69,86.61,86.65,8849.3
1777110300000,86.65,86.69,86.62,86.67,7154.87
1777110600000,86.66,86.69,86.62,86.68,6396.03
1777110900000,86.67,86.71,86.52,86.52,48639.95
1777111200000,86.53,86.65,86.52,86.57,5220.85
1777111500000,86.56,86.6,86.54,86.56,3350.63
1777111800000,86.56,86.6,86.53,86.57,13626.61
1777112100000,86.57,86.62,86.56,86.56,16097.61
1777112400000,86.56,86.64,86.56,86.63,3862.77
1777112700000,86.63,86.68,86.57,86.59,5442.29
1777113000000,86.58,86.67,86.58,86.64,6917.33
1777113300000,86.64,86.64,86.56,86.59,3264.54
1777113600000,86.59,86.59,86.51,86.56,6101.99
1777113900000,86.57,86.6,86.53,86.55,5644.25
1777114200000,86.55,86.59,86.54,86.56,3860.7
1777114500000,86.56,86.59,86.54,86.57,3962.01
1777114800000,86.58,86.58,86.37,86.45,41985.78
1777115100000,86.45,86.47,86.39,86.4,34396.05
1777115400000,86.39,86.43,86.37,86.39,11679.2
1777115700000,86.39,86.44,86.39,86.42,4819.5
1777116000000,86.41,86.43,86.3,86.34,18678.29
1777116300000,86.34,86.36,86.32,86.34,4744.64
1777116600000,86.34,86.44,86.28,86.37,23770.58
1777116900000,86.36,86.4,86.31,86.37,15383.55
1777117200000,86.36,86.38,86.3,86.3,5446.18
1777117500000,86.31,86.31,86.2,86.28,24676.0
1777117800000,86.29,86.34,86.28,86.29,6108.85
1777118100000,86.29,86.33,86.28,86.31,13963.58
1777118400000,86.31,86.32,86.18,86.26,21618.13
1777118700000,86.25,86.33,86.24,86.29,10962.45
1777119000000,86.29,86.32,86.28,86.3,2316.31
1777119300000,86.3,86.34,86.3,86.32,6976.63
1777119600000,86.32,86.38,86.32,86.38,3276.77
1777119900000,86.37,86.38,86.27,86.28,2592.95
1777120200000,86.27,86.38,86.21,86.36,13202.03
1777120500000,86.35,86.36,86.28,86.29,9101.61
1777120800000,86.29,86.31,86.23,86.28,8391.17
1777121100000,86.27,86.32,86.27,86.3,2444.72
1777121400000,86.29,86.37,86.29,86.35,10622.62
1777121700000,86.35,86.37,86.31,86.33,2824.25
1777122000000,86.32,86.37,86.32,86.36,5751.55
1777122300000,86.35,86.46,86.35,86.43,14728.31
1777122600000,86.43,86.48,86.43,86.47,4013.45
1777122900000,86.48,86.48,86.43,86.47,4888.64
1777123200000,86.46,86.51,86.46,86.51,8232.04
1777123500000,86.51,86.52,86.49,86.49,5130.26
1777123800000,86.5,86.52,86.47,86.49,3755.13
1777124100000,86.5,86.57,86.48,86.56,6850.29
1777124400000,86.56,86.61,86.54,86.6,11822.06
1777124700000,86.61,86.62,86.53,86.55,22212.54
1777125000000,86.56,86.61,86.55,86.6,6977.65
1777125300000,86.6,86.6,86.54,86.55,4611.46
1777125600000,86.55,86.59,86.45,86.45,13280.97
1777125900000,86.46,86.57,86.43,86.56,4984.38
1777126200000,86.56,86.56,86.47,86.52,7209.15
1777126500000,86.53,86.55,86.44,86.44,10291.28
1777126800000,86.44,86.55,86.44,86.51,8497.29
1777127100000,86.51,86.6,86.5,86.58,6339.37
1777127400000,86.58,86.61,86.58,86.59,6738.54
1777127700000,86.59,86.6,86.54,86.58,8156.1
1777128000000,86.58,86.6,86.57,86.58,3385.9
1777128300000,86.58,86.61,86.57,86.59,3626.28
1777128600000,86.58,86.59,86.49,86.52,8847.3
1777128900000,86.53,86.53,86.4,86.4,10290.34
1777129200000,86.4,86.43,86.36,86.42,10762.8
1777129500000,86.42,86.5,86.41,86.46,5253.06
1777129800000,86.46,86.54,86.44,86.52,4127.69
1777130100000,86.52,86.52,86.49,86.5,2594.0
1777130400000,86.5,86.55,86.49,86.55,3625.89
1777130700000,86.55,86.59,86.54,86.56,8424.44
1777131000000,86.56,86.58,86.53,86.55,3292.09
1777131300000,86.55,86.56,86.5,86.52,4679.1
1777131600000,86.52,86.55,86.47,86.47,6718.99
1777131900000,86.48,86.48,86.29,86.29,17691.87
1777132200000,86.29,86.34,86.01,86.16,63795.59
1777132500000,86.17,86.22,86.11,86.17,34841.57
1777132800000,86.16,86.27,86.1,86.16,30908.05
1777133100000,86.15,86.23,86.09,86.18,14826.91
1777133400000,86.18,86.22,86.13,86.21,4634.8
1777133700000,86.21,86.25,86.15,86.16,9995.03
1777134000000,86.16,86.17,86.11,86.14,15301.78
1777134300000,86.14,86.14,85.99,86.08,54046.77
1777134600000,86.08,86.11,85.9,85.9,28228.94
1777134900000,85.9,85.92,85.54,85.76,117679.17
1777135200000,85.76,85.86,85.73,85.83,32309.37
1777135500000,85.83,85.9,85.8,85.83,16585.13
1777135800000,85.83,85.85,85.78,85.79,12290.12
1777136100000,85.8,85.86,85.78,85.83,6358.58
1777136400000,85.82,85.83,85.74,85.76,17991.8
1777136700000,85.76,85.77,85.7,85.72,17899.97
1777137000000,85.72,85.73,85.65,85.7,35990.53
1777137300000,85.71,85.71,85.63,85.67,22198.92
1777137600000,85.68,85.8,85.67,85.74,11562.35
1777137900000,85.73,85.79,85.6,85.6,8176.81
1777138200000,85.6,85.62,85.52,85.57,25765.01
1777138500000,85.56,85.66,85.56,85.66,7789.0
1777138800000,85.66,85.67,85.6,85.62,11824.21
1777139100000,85.62,85.67,85.61,85.62,8246.24
1777139400000,85.62,85.63,85.59,85.59,5895.43
1777139700000,85.59,85.62,85.46,85.49,21467.67
1777140000000,85.5,85.73,85.48,85.69,71970.22
1777140300000,85.68,85.69,85.62,85.66,6615.69
1777140600000,85.66,85.68,85.6,85.67,15755.09
1777140900000,85.68,85.7,85.65,85.67,17501.75
1777141200000,85.67,85.7,85.5,85.57,85407.74
1777141500000,85.57,85.65,85.56,85.64,8601.27
1777141800000,85.65,85.73,85.64,85.7,15133.04
1777142100000,85.69,85.76,85.69,85.69,23628.29
1777142400000,85.69,85.7,85.63,85.64,15157.35
1777142700000,85.65,85.76,85.64,85.7,16617.58
1777143000000,85.71,85.76,85.68,85.68,2313.58
1777143300000,85.69,85.71,85.61,85.62,19640.06
1777143600000,85.62,85.66,85.57,85.66,26051.76
1777143900000,85.65,85.66,85.58,85.61,8371.79
1777144200000,85.61,85.63,85.56,85.59,13541.77
1777144500000,85.6,85.6,85.54,85.59,11001.8
1777144800000,85.59,85.66,85.49,85.63,52661.97
1777145100000,85.63,85.64,85.52,85.53,4968.19
1777145400000,85.53,85.56,85.51,85.56,5819.04
1777145700000,85.55,85.59,85.54,85.59,6594.16
1777146000000,85.59,85.59,85.52,85.54,3120.82
1777146300000,85.53,85.56,85.52,85.55,4949.07
1777146600000,85.54,85.63,85.54,85.62,3776.09
1777146900000,85.63,85.65,85.61,85.61,2113.49
1777147200000,85.62,85.66,85.54,85.56,12510.55
1777147500000,85.57,85.66,85.55,85.65,2437.41
1777147800000,85.65,85.68,85.65,85.67,1413.67
1777148100000,85.67,85.72,85.66,85.71,3135.61
1777148400000,85.71,85.79,85.71,85.74,7440.8
1777148700000,85.74,85.75,85.7,85.75,5432.51
1777149000000,85.75,85.75,85.7,85.72,3934.32
1777149300000,85.72,85.8,85.72,85.76,3380.21
1777149600000,85.76,85.8,85.75,85.78,6213.55
1777149900000,85.77,85.84,85.76,85.76,19076.02
1777150200000,85.76,85.8,85.73,85.79,13320.18
1777150500000,85.78,85.86,85.78,85.85,11750.28
1777150800000,85.85,85.96,85.84,85.94,19974.53
1777151100000,85.94,85.97,85.92,85.97,6915.36
1777151400000,85.97,86.02,85.94,85.97,14921.58
1777151700000,85.97,86.0,85.96,85.98,11891.33
1777152000000,85.98,86.04,85.97,85.99,15839.55
1777152300000,86.0,86.0,85.86,85.9,14985.83
1777152600000,85.89,85.89,85.78,85.81,6122.44
1777152900000,85.8,85.84,85.75,85.75,6455.06
1777153200000,85.76,85.77,85.67,85.75,8516.24
1777153500000,85.76,85.83,85.7,85.79,4711.59
1777153800000,85.79,85.86,85.78,85.86,2783.7
1777154100000,85.86,85.88,85.81,85.84,4824.93
1777154400000,85.85,85.9,85.8,85.88,9219.12
1777154700000,85.88,85.96,85.87,85.95,7474.35
1777155000000,85.94,85.94,85.9,85.92,3934.98
1777155300000,85.92,85.95,85.9,85.91,1886.31
1777155600000,85.92,85.97,85.91,85.97,3196.13
1777155900000,85.96,86.01,85.96,85.99,8059.77
1777156200000,85.99,86.12,85.99,86.09,13333.15
1777156500000,86.1,86.12,86.05,86.06,6326.19
1777156800000,86.06,86.09,86.03,86.08,3512.3
1777157100000,86.08,86.1,86.06,86.06,3838.56
1777157400000,86.06,86.07,86.02,86.05,3861.97
1777157700000,86.05,86.07,86.02,86.05,7119.57
1777158000000,86.04,86.06,85.98,86.03,5895.94
1777158300000,86.04,86.09,86.04,86.04,4848.04
1777158600000,86.05,86.06,86.03,86.03,2970.6
1777158900000,86.03,86.04,85.98,86.04,8697.13
1777159200000,86.03,86.04,85.98,86.03,1767.28
1777159500000,86.03,86.03,85.97,86.02,1135.56
1777159800000,86.02,86.07,86.0,86.06,3716.16
1777160100000,86.07,86.08,86.03,86.05,3974.58
1777160400000,86.05,86.11,86.05,86.06,4810.04
1777160700000,86.07,86.11,86.06,86.07,4472.72
1777161000000,86.07,86.09,86.06,86.08,3864.31
1777161300000,86.07,86.13,86.07,86.12,6686.77
1777161600000,86.13,86.15,86.08,86.1,13268.79
1777161900000,86.1,86.11,85.98,86.03,12264.25
1777162200000,86.03,86.08,86.0,86.06,10232.03
1777162500000,86.05,86.08,86.01,86.04,13549.35
1777162800000,86.04,86.05,85.99,86.0,4756.78
1777163100000,86.0,86.0,85.98,85.99,7179.71
1777163400000,85.99,86.05,85.96,86.05,3149.74
1777163700000,86.05,86.06,86.02,86.05,1771.12
1777164000000,86.05,86.07,86.02,86.07,3447.27
1777164300000,86.06,86.09,86.04,86.05,2339.26
1777164600000,86.05,86.06,85.97,85.97,3890.8
1777164900000,85.98,85.98,85.87,85.98,11678.74
1777165200000,85.98,85.99,85.95,85.97,9483.18
1777165500000,85.97,86.03,85.95,85.99,12343.73
1777165800000,86.0,86.0,85.96,85.99,4784.83
1777166100000,85.98,86.02,85.95,85.96,4502.36
1777166400000,85.95,86.01,85.94,85.96,2962.87
1777166700000,85.96,86.0,85.92,85.93,1601.29
1777167000000,85.94,85.98,85.92,85.98,2856.27
1777167300000,85.98,86.01,85.97,86.0,6834.12
1777167600000,86.0,86.03,85.96,86.02,7875.3
1777167900000,86.01,86.01,85.95,85.97,8767.79
1777168200000,85.98,86.08,85.98,86.04,15387.51
1777168500000,86.04,86.04,85.92,85.92,6887.19
1777168800000,85.92,86.0,85.92,85.99,2046.22
1777169100000,86.0,86.04,86.0,86.04,2631.3
1777169400000,86.03,86.13,86.03,86.13,10643.67
1777169700000,86.13,86.22,86.13,86.15,12501.11
1777170000000,86.15,86.2,86.13,86.19,6902.8
1777170300000,86.2,86.25,86.19,86.24,6927.71
1777170600000,86.23,86.28,86.22,86.24,15497.9
1777170900000,86.24,86.25,86.16,86.24,9941.66
1777171200000,86.25,86.25,86.21,86.21,4790.53
1777171500000,86.2,86.21,86.13,86.16,6111.73
1777171800000,86.16,86.27,86.15,86.24,7415.76
1777172100000,86.24,86.35,86.19,86.35,13850.91
1777172400000,86.35,86.41,86.13,86.19,62255.82
1777172700000,86.19,86.21,86.17,86.21,6310.2
1777173000000,86.2,86.24,86.2,86.24,5780.03
1777173300000,86.24,86.28,86.23,86.24,6200.58
1777173600000,86.24,86.24,86.13,86.13,6326.4
1777173900000,86.14,86.14,85.98,85.98,24445.18
1777174200000,85.98,86.06,85.81,85.91,86260.95
1777174500000,85.92,85.92,85.78,85.82,33402.54
1777174800000,85.82,85.86,85.82,85.84,7821.3
1777175100000,85.83,85.88,85.8,85.87,7377.39
1777175400000,85.87,85.89,85.85,85.88,5322.09
1777175700000,85.88,85.97,85.87,85.95,9596.7
1777176000000,85.94,86.0,85.89,85.95,8400.48
1777176300000,85.94,86.03,85.94,86.03,5223.35
1777176600000,86.03,86.11,86.0,86.03,6489.24
1777176900000,86.04,86.08,86.04,86.07,5054.8
1777177200000,86.07,86.08,86.05,86.08,5093.58
1777177500000,86.07,86.08,86.04,86.07,17448.7
1777177800000,86.08,86.15,86.06,86.14,7563.98
1777178100000,86.15,86.2,86.14,86.17,10782.08
1777178400000,86.17,86.35,86.17,86.28,44798.32
1777178700000,86.28,86.65,86.28,86.55,115529.6
1777179000000,86.56,86.7,86.45,86.48,131069.8
1777179300000,86.49,86.5,86.39,86.39,22172.35
1777179600000,86.4,86.42,86.28,86.29,31892.57
1777179900000,86.28,86.42,86.1,86.4,87014.51
1777180200000,86.4,86.58,86.3,86.51,52507.0
1777180500000,86.5,86.65,86.46,86.62,83851.55
1777180800000,86.61,86.72,86.51,86.51,39481.84
1777181100000,86.51,86.65,86.47,86.52,30295.58
1777181400000,86.53,86.62,86.48,86.52,35339.8
1777181700000,86.52,86.53,86.39,86.43,14257.77
1777182000000,86.43,86.48,86.39,86.43,15287.02
1777182300000,86.43,86.44,86.34,86.42,8275.12
1777182600000,86.43,86.43,86.36,86.37,5273.78
1777182900000,86.37,86.43,86.36,86.42,6801.78
1777183200000,86.42,86.55,86.42,86.51,14743.14
1777183500000,86.51,86.51,86.45,86.45,4660.61
1777183800000,86.46,86.52,86.45,86.49,5330.58
1777184100000,86.49,86.5,86.4,86.4,4713.82
1777184400000,86.4,86.42,86.37,86.37,13092.17
1777184700000,86.38,86.41,86.34,86.36,9334.71
1777185000000,86.37,86.38,86.35,86.36,3616.65
1777185300000,86.37,86.45,86.37,86.45,3550.18
1777185600000,86.45,86.54,86.45,86.49,9109.13
1777185900000,86.49,86.5,86.43,86.43,3653.35
1777186200000,86.44,86.47,86.37,86.44,14433.72
1777186500000,86.44,86.46,86.41,86.46,6351.88
1777186800000,86.46,86.47,86.41,86.42,3035.44
1777187100000,86.42,86.46,86.4,86.43,18882.99
1777187400000,86.43,86.47,86.42,86.47,2168.31
1777187700000,86.47,86.5,86.41,86.49,11583.16
1777188000000,86.5,86.52,86.45,86.47,5493.84
1777188300000,86.47,86.47,86.45,86.46,3050.75
1777188600000,86.46,86.48,86.42,86.43,6282.43
1777188900000,86.42,86.43,86.41,86.42,1082.1
1777189200000,86.42,86.43,86.4,86.42,4155.04
1777189500000,86.42,86.44,86.41,86.44,1957.03
1777189800000,86.44,86.55,86.43,86.54,12460.38
1777190100000,86.55,86.62,86.54,86.6,15362.5
1777190400000,86.59,86.66,86.58,86.6,17171.28
1777190700000,86.6,86.63,86.54,86.55,5358.68
1777191000000,86.55,86.55,86.5,86.54,6330.74
1777191300000,86.55,86.55,86.48,86.48,6797.14
1777191600000,86.49,86.53,86.46,86.5,5073.26
1777191900000,86.51,86.55,86.51,86.55,1379.92
1777192200000,86.55,86.65,86.52,86.63,21021.14
1777192500000,86.63,86.73,86.61,86.61,40214.78
1777192800000,86.62,86.62,86.5,86.55,11027.0
1777193100000,86.55,86.57,86.51,86.51,10840.58
1777193400000,86.51,86.59,86.51,86.59,6016.64
1777193700000,86.59,86.59,86.51,86.53,12278.42
1777194000000,86.52,86.55,86.48,86.52,7112.9
1777194300000,86.52,86.54,86.43,86.46,8595.37
1777194600000,86.47,86.49,86.45,86.49,5180.98
1777194900000,86.49,86.51,86.45,86.46,2526.96
1777195200000,86.46,86.52,86.46,86.51,4101.84
1777195500000,86.52,86.55,86.48,86.51,4325.28
1777195800000,86.51,86.52,86.48,86.49,3036.24
1777196100000,86.49,86.49,86.42,86.43,13475.37
1777196400000,86.44,86.49,86.41,86.46,10942.34
1777196700000,86.46,86.49,86.44,86.48,3210.88
1777197000000,86.48,86.51,86.48,86.48,4160.21
1777197300000,86.49,86.5,86.48,86.49,1892.28
1777197600000,86.49,86.49,86.45,86.48,5549.88
1777197900000,86.48,86.56,86.47,86.53,9450.02
1777198200000,86.53,86.56,86.52,86.55,2992.25
1777198500000,86.55,86.57,86.54,86.55,5209.1
1777198800000,86.55,86.56,86.53,86.56,1996.69
1777199100000,86.56,86.58,86.52,86.53,4676.38
1777199400000,86.53,86.54,86.51,86.53,2609.88
1777199700000,86.53,86.54,86.49,86.49,4000.38
1777200000000,86.5,86.5,86.43,86.44,8792.4
1777200300000,86.45,86.47,86.42,86.46,9187.45
1777200600000,86.47,86.47,86.39,86.4,4966.72
1777200900000,86.4,86.44,86.38,86.44,3886.45
1777201200000,86.44,86.52,86.44,86.46,5556.23
1777201500000,86.45,86.52,86.45,86.48,19707.52
1777201800000,86.49,86.55,86.47,86.5,10436.19
1777202100000,86.5,86.5,86.46,86.49,2732.02
1777202400000,86.49,86.58,86.42,86.57,20305.47
1777202700000,86.58,86.6,86.51,86.53,5415.45
1777203000000,86.53,86.55,86.45,86.51,11235.64
1777203300000,86.51,86.51,86.45,86.45,3592.25
1777203600000,86.46,86.5,86.45,86.46,5177.36
1777203900000,86.46,86.47,86.42,86.47,8978.68
1777204200000,86.47,86.51,86.46,86.49,4847.09
1777204500000,86.49,86.51,86.44,86.44,5609.74
1777204800000,86.44,86.46,86.36,86.37,5084.44
1777205100000,86.37,86.39,86.32,86.34,10222.79
1777205400000,86.34,86.34,86.2,86.22,32684.34
1777205700000,86.22,86.24,86.19,86.22,11236.52
1777206000000,86.22,86.24,86.15,86.19,22530.33
1777206300000,86.18,86.25,86.14,86.18,22704.69
1777206600000,86.18,86.19,86.15,86.16,10483.95
1777206900000,86.15,86.27,86.14,86.26,10899.06
1777207200000,86.25,86.26,86.09,86.1,30805.63
1777207500000,86.09,86.14,85.83,86.05,141299.68
1777207800000,86.05,86.08,86.0,86.02,24887.97
1777208100000,86.02,86.09,86.0,86.05,9987.08
1777208400000,86.04,86.05,85.96,85.98,12159.94
1777208700000,85.99,86.08,85.97,86.06,11662.49
1777209000000,86.06,86.1,86.05,86.06,14397.09
1777209300000,86.06,86.09,85.93,85.97,27165.31
1777209600000,85.96,86.02,85.96,85.98,7748.84
1777209900000,85.98,85.99,85.92,85.99,15838.27
1777210200000,85.99,86.16,85.98,86.15,24174.15
1777210500000,86.16,86.21,86.0,86.09,70963.84
1777210800000,86.08,86.1,86.01,86.04,23102.03
1777211100000,86.04,86.04,85.95,85.96,21039.34
1777211400000,85.96,86.14,85.88,86.05,78339.44
1777211700000,86.05,86.07,85.99,86.07,7601.65
1777212000000,86.06,86.06,85.98,86.04,9337.29
1777212300000,86.04,86.11,86.02,86.09,8187.52
1777212600000,86.09,86.1,86.06,86.09,4025.52
1777212900000,86.08,86.26,86.07,86.2,11195.06
1777213200000,86.2,86.43,86.2,86.29,54745.74
1777213500000,86.29,86.34,86.26,86.33,30427.09
1777213800000,86.34,86.36,86.25,86.35,14661.55
1777214100000,86.35,86.36,86.28,86.36,6583.03
1777214400000,86.35,86.46,86.32,86.33,12950.21
1777214700000,86.33,86.34,86.3,86.34,6128.51
1777215000000,86.34,86.46,86.33,86.41,19022.53
1777215300000,86.41,86.43,86.34,86.34,9484.34
1777215600000,86.35,86.43,86.35,86.4,10719.64
1777215900000,86.4,86.4,86.29,86.36,10110.85
1777216200000,86.35,86.38,86.35,86.37,3584.14
1777216500000,86.38,86.46,86.37,86.43,11907.2
1777216800000,86.43,86.48,86.39,86.4,12909.73
1777217100000,86.39,86.54,86.39,86.53,24856.96
1777217400000,86.53,86.54,86.43,86.45,10385.71
1777217700000,86.44,86.5,86.44,86.48,6134.16
1777218000000,86.48,86.49,86.44,86.44,4533.31
1777218300000,86.45,86.48,86.37,86.38,13450.66
1777218600000,86.38,86.5,86.37,86.49,4339.83
1777218900000,86.5,86.52,86.45,86.51,6334.93
1777219200000,86.51,86.52,86.45,86.5,10257.51
1777219500000,86.49,86.52,86.46,86.46,14176.8
1777219800000,86.46,86.5,86.41,86.41,15175.19
1777220100000,86.42,86.46,86.4,86.45,2386.3
1777220400000,86.45,86.49,86.43,86.49,5185.31
1777220700000,86.49,86.49,86.43,86.45,6019.78
1777221000000,86.45,86.54,86.43,86.5,17535.92
1777221300000,86.5,86.53,86.46,86.47,14139.66
1777221600000,86.47,86.5,86.39,86.4,20238.61
1777221900000,86.39,86.44,86.32,86.42,8650.19
1777222200000,86.41,86.45,86.41,86.45,3897.63
1777222500000,86.45,86.46,86.36,86.36,9055.14
1777222800000,86.36,86.36,86.22,86.33,20454.31
1777223100000,86.32,86.41,86.31,86.39,5408.28
1777223400000,86.39,86.42,86.38,86.4,7236.37
1777223700000,86.4,86.46,86.4,86.44,7979.78
1777224000000,86.44,86.5,86.42,86.49,17604.33
1777224300000,86.49,86.54,86.46,86.47,18822.17
1777224600000,86.47,86.47,86.35,86.38,6213.14
1777224900000,86.38,86.39,86.35,86.36,2192.45
1777225200000,86.36,86.44,86.36,86.43,2886.74
1777225500000,86.42,86.53,86.39,86.49,8799.84
1777225800000,86.48,86.54,86.48,86.49,12486.06
1777226100000,86.49,86.52,86.49,86.5,9115.24
1777226400000,86.49,86.5,86.41,86.41,18125.13
1777226700000,86.42,86.53,86.37,86.5,13638.7
1777227000000,86.5,86.69,86.44,86.64,53134.0
1777227300000,86.63,86.98,86.63,86.79,158164.77
1777227600000,86.79,86.86,86.76,86.84,17947.45
1777227900000,86.83,86.84,86.64,86.69,13148.98
1777228200000,86.7,86.74,86.65,86.65,5468.25
1777228500000,86.65,86.68,86.63,86.63,8226.84
1777228800000,86.63,86.72,86.63,86.71,5850.99
1777229100000,86.7,86.84,86.67,86.8,7834.82
1777229400000,86.8,86.82,86.79,86.79,3543.64
1777229700000,86.79,86.82,86.76,86.78,6648.67
1777230000000,86.78,86.81,86.73,86.75,13359.2
1777230300000,86.75,86.8,86.74,86.8,3604.96
1777230600000,86.79,86.91,86.78,86.86,25001.57
1777230900000,86.87,87.2,86.87,86.97,131710.17
1777231200000,86.98,87.02,86.79,86.8,27274.26
1777231500000,86.81,86.86,86.63,86.74,19541.94
1777231800000,86.74,86.76,86.65,86.74,10652.35
1777232100000,86.75,86.81,86.67,86.71,21240.26
1777232400000,86.71,86.8,86.71,86.79,3578.23
1777232700000,86.78,86.8,86.76,86.8,4771.66
1777233000000,86.8,86.88,86.8,86.88,2922.34
1777233300000,86.88,86.92,86.83,86.83,4518.62
1777233600000,86.84,86.89,86.79,86.85,13272.36
1777233900000,86.84,86.89,86.8,86.8,8657.91
1777234200000,86.79,86.8,86.69,86.7,5875.15
1777234500000,86.7,86.77,86.69,86.72,7434.08
1777234800000,86.72,86.76,86.72,86.75,7217.98
1777235100000,86.75,86.79,86.73,86.73,3939.05
1777235400000,86.74,86.82,86.7,86.75,21069.03
1777235700000,86.76,86.78,86.56,86.73,65498.2
1777236000000,86.73,86.75,86.7,86.72,8677.21
1777236300000,86.72,86.8,86.71,86.75,4074.17
1777236600000,86.74,86.77,86.71,86.71,2324.59
1777236900000,86.7,86.71,86.64,86.65,5887.56
1777237200000,86.65,86.79,86.64,86.78,37043.7
1777237500000,86.78,86.83,86.78,86.82,8303.32
1777237800000,86.82,86.99,86.82,86.95,33105.78
1777238100000,86.96,87.09,86.76,86.78,64903.61
1777238400000,86.79,86.86,86.78,86.82,8637.39
1777238700000,86.82,86.9,86.76,86.76,8467.61
1777239000000,86.76,86.77,86.38,86.42,70068.29
1777239300000,86.42,86.48,86.35,86.41,15554.96
1777239600000,86.41,86.43,86.33,86.41,19602.33
1777239900000,86.41,86.41,86.11,86.31,35804.71
1777240200000,86.31,86.56,86.14,86.56,22983.79
1777240500000,86.56,86.93,86.51,86.78,105751.46
1777240800000,86.78,87.04,86.71,86.77,48749.05
1777241100000,86.78,87.02,86.7,86.95,38573.36
1777241400000,86.94,86.95,86.83,86.94,17790.89
1777241700000,86.94,87.27,86.92,87.07,82976.17
1777242000000,87.08,87.11,86.94,87.01,47838.5
1777242300000,87.01,87.04,86.79,86.83,14957.23
1777242600000,86.83,86.83,86.25,86.36,88279.95
1777242900000,86.37,86.48,86.31,86.44,17915.32
1777243200000,86.45,86.55,86.41,86.53,10710.52
1777243500000,86.53,86.79,86.52,86.75,32550.02
1777243800000,86.75,86.77,86.67,86.7,5516.11
1777244100000,86.7,86.71,86.6,86.66,17073.28
1777244400000,86.66,86.69,86.59,86.6,9263.32
1777244700000,86.59,86.65,86.54,86.59,6329.06
1777245000000,86.58,86.7,86.58,86.66,6687.5
1777245300000,86.66,86.68,86.58,86.61,2972.44
1777245600000,86.6,86.83,86.6,86.76,7763.89
1777245900000,86.76,86.83,86.57,86.57,7786.94
1777246200000,86.57,86.74,86.45,86.66,23299.54
1777246500000,86.65,86.75,86.61,86.69,3758.78
1777246800000,86.7,86.94,86.68,86.94,11499.77
1777247100000,86.94,87.12,86.89,86.99,27796.51
1777247400000,87.0,87.09,86.9,86.9,21997.24
1777247700000,86.91,86.91,86.85,86.86,7237.7
1777248000000,86.87,87.14,86.85,87.06,87464.39
1777248300000,87.06,87.11,86.92,86.94,27079.15
1777248600000,86.95,86.99,86.75,86.79,15145.67
1777248900000,86.79,86.82,86.7,86.8,11664.39
1777249200000,86.81,86.83,86.67,86.71,15729.98
1777249500000,86.71,86.72,86.55,86.64,28574.15
1777249800000,86.65,86.65,86.5,86.55,37257.62
1777250100000,86.55,86.76,86.5,86.75,25929.51
1777250400000,86.76,86.96,86.75,86.88,29191.14
1777250700000,86.89,87.09,86.89,86.94,37450.92
1777251000000,86.95,87.07,86.78,87.04,79255.13
1777251300000,87.05,87.37,87.04,87.3,168486.0
1777251600000,87.31,87.83,87.31,87.59,190819.89
1777251900000,87.6,87.7,87.4,87.4,80672.52
1777252200000,87.4,87.5,87.38,87.41,34593.16
1777252500000,87.41,87.61,87.26,87.28,65276.41
1777252800000,87.28,87.52,87.28,87.39,40101.5
1777253100000,87.39,87.46,87.22,87.38,30340.04
1777253400000,87.39,87.49,87.32,87.35,19357.17
1777253700000,87.36,87.64,87.34,87.57,20465.23
1777254000000,87.57,87.65,87.49,87.56,11867.95
1777254300000,87.56,87.84,87.56,87.79,49291.8
1777254600000,87.79,87.82,87.72,87.75,25647.35
1777254900000,87.76,87.78,87.63,87.78,19136.15
1777255200000,87.78,87.86,87.67,87.73,30623.06
1777255500000,87.73,87.74,87.57,87.62,25221.6
1777255800000,87.62,87.63,87.4,87.44,42493.22
1777256100000,87.44,87.58,87.4,87.46,25023.41
1777256400000,87.46,87.48,87.42,87.43,11588.68
1777256700000,87.44,87.54,87.33,87.53,24179.74
1777257000000,87.53,87.78,87.53,87.58,22814.17
1777257300000,87.58,87.72,87.57,87.63,32272.62
1777257600000,87.62,87.65,87.53,87.58,13948.81
1777257900000,87.58,87.66,87.57,87.65,8074.32
1777258200000,87.65,88.02,87.61,87.96,82543.46
1777258500000,87.96,88.06,87.78,87.78,77071.4
1777258800000,87.78,87.89,87.72,87.78,31605.36
1777259100000,87.78,87.82,87.72,87.82,9463.15
1777259400000,87.82,88.02,87.81,87.95,24829.34
1777259700000,87.94,88.02,87.81,87.91,26678.47
1777260000000,87.92,88.0,87.91,87.95,16542.15
1777260300000,87.96,87.97,87.9,87.96,13058.91
1777260600000,87.97,88.04,87.87,87.9,15529.71
1777260900000,87.9,87.91,87.79,87.81,12236.18
1777261200000,87.82,87.99,87.81,87.99,8657.29
1777261500000,87.99,87.99,87.82,87.9,9088.43
1777261800000,87.91,87.92,87.78,87.78,15388.26
1777262100000,87.79,87.79,87.65,87.69,16822.79
1777262400000,87.7,87.76,87.64,87.72,21981.24
1777262700000,87.71,87.72,87.6,87.68,8796.84
1777263000000,87.68,87.68,87.58,87.63,9857.77
1777263300000,87.64,87.66,87.55,87.59,5144.29
1777263600000,87.6,87.63,87.54,87.61,13264.78
1777263900000,87.61,87.78,87.6,87.77,14039.2
1777264200000,87.77,87.81,87.6,87.6,8257.77
1777264500000,87.61,87.74,87.6,87.66,13044.55
1777264800000,87.66,87.67,87.61,87.62,4984.08
1777265100000,87.62,87.65,87.53,87.53,11366.8
1777265400000,87.53,87.55,87.45,87.53,22865.29
1777265700000,87.52,87.53,87.38,87.5,18589.09
1777266000000,87.5,87.51,87.23,87.24,35498.27
1777266300000,87.24,87.24,86.93,87.04,97726.72
1777266600000,87.05,87.08,86.74,86.76,90389.07
1777266900000,86.76,86.78,86.21,86.43,327255.99
1777267200000,86.43,86.46,85.95,86.27,199862.03
1777267500000,86.27,86.27,86.07,86.08,99059.85
1777267800000,86.09,86.09,85.96,86.02,96449.84
1777268100000,86.02,86.03,85.75,85.96,130712.89
1777268400000,85.96,85.98,85.87,85.94,63312.28
1777268700000,85.94,85.94,85.7,85.82,136541.3
1777269000000,85.82,85.89,85.72,85.89,38675.56
1777269300000,85.88,85.98,85.82,85.89,121170.25
1777269600000,85.89,85.89,85.66,85.7,69812.82
1777269900000,85.7,85.86,85.58,85.86,56790.75
1777270200000,85.86,85.87,85.76,85.76,16131.77
1777270500000,85.76,85.95,85.7,85.94,40135.1
1777270800000,85.93,85.97,85.9,85.94,29260.62
1777271100000,85.94,85.95,85.83,85.83,23100.01
1777271400000,85.82,85.83,85.34,85.52,141791.27
1777271700000,85.51,85.58,85.43,85.52,36332.69
1777272000000,85.51,85.62,85.49,85.6,13661.72
1777272300000,85.6,85.7,85.53,85.64,22788.09
1777272600000,85.63,85.72,85.58,85.7,18387.8
1777272900000,85.7,85.75,85.65,85.65,11907.49
1777273200000,85.65,85.72,85.61,85.63,11831.94
1777273500000,85.63,85.64,85.53,85.54,10216.97
1777273800000,85.54,85.56,85.49,85.53,17751.88
1777274100000,85.54,85.58,85.4,85.55,48202.83
1777274400000,85.55,85.55,85.41,85.45,47100.37
1777274700000,85.44,85.57,85.39,85.48,49232.63
1777275000000,85.49,85.49,85.37,85.4,22111.26
1777275300000,85.41,85.41,85.28,85.35,52559.52
1777275600000,85.35,85.4,85.31,85.39,9945.26
1777275900000,85.4,85.42,85.35,85.41,18288.71
1777276200000,85.41,85.49,85.4,85.41,17787.5
1777276500000,85.42,85.46,85.19,85.2,63594.97
1777276800000,85.19,85.29,85.09,85.28,76622.16
1777277100000,85.28,85.32,85.2,85.23,29925.72
1777277400000,85.24,85.31,85.22,85.3,25309.01
1777277700000,85.29,85.36,85.28,85.31,18624.38
1777278000000,85.31,85.32,85.2,85.28,24855.43
1777278300000,85.29,85.3,85.02,85.02,60886.68
1777278600000,85.03,85.16,84.97,85.15,68750.83
1777278900000,85.16,85.22,85.13,85.18,17986.75
1777279200000,85.17,85.19,85.1,85.15,10801.93
1777279500000,85.16,85.29,85.15,85.29,21531.45
1777279800000,85.29,85.34,85.24,85.29,20254.2
1777280100000,85.29,85.45,85.29,85.44,33457.94
1777280400000,85.44,85.49,85.42,85.49,17657.3
1777280700000,85.48,85.53,85.45,85.46,17943.55
1777281000000,85.46,85.54,85.43,85.53,13834.1
1777281300000,85.53,85.55,85.43,85.46,20586.22
1777281600000,85.46,85.51,85.15,85.18,115884.78
1777281900000,85.18,85.29,85.09,85.26,83825.35
1777282200000,85.26,85.44,85.24,85.4,29192.11
1777282500000,85.4,85.41,85.29,85.29,32770.8
1777282800000,85.3,85.41,85.27,85.37,16182.38
1777283100000,85.37,85.47,85.37,85.39,17054.53
1777283400000,85.4,85.54,85.34,85.54,14257.16
1777283700000,85.53,85.57,85.41,85.42,37908.99
1777284000000,85.41,85.45,85.35,85.35,12286.51
1777284300000,85.35,85.4,85.25,85.39,19254.87
1777284600000,85.4,85.43,85.38,85.41,7701.12
1777284900000,85.4,85.5,85.25,85.28,69202.2
1777285200000,85.28,85.3,85.16,85.19,25003.63
1777285500000,85.18,85.19,85.1,85.14,33333.53
1777285800000,85.14,85.35,85.1,85.15,84960.6
1777286100000,85.14,85.16,85.08,85.08,21312.67
1777286400000,85.09,85.16,85.08,85.14,22684.91
1777286700000,85.13,85.17,85.11,85.15,6804.23
1777287000000,85.16,85.24,85.14,85.14,7249.69
1777287300000,85.14,85.17,85.11,85.11,15585.66
1777287600000,85.12,85.14,85.03,85.04,20863.93
1777287900000,85.04,85.09,85.01,85.03,12354.31
1777288200000,85.02,85.1,85.0,85.07,14169.88
1777288500000,85.07,85.12,85.04,85.12,7568.02
1777288800000,85.12,85.19,85.11,85.19,11884.02
1777289100000,85.19,85.21,85.14,85.14,14058.53
1777289400000,85.15,85.21,85.14,85.15,15461.95
1777289700000,85.15,85.18,85.08,85.13,10404.4
1777290000000,85.13,85.22,85.13,85.18,9848.93
1777290300000,85.17,85.19,85.16,85.17,4703.72
1777290600000,85.18,85.2,85.16,85.16,7483.07
1777290900000,85.17,85.21,85.16,85.19,6860.33
1777291200000,85.19,85.2,85.07,85.1,12542.78
1777291500000,85.09,85.1,85.06,85.1,4714.53
1777291800000,85.09,85.18,85.07,85.1,8541.05
1777292100000,85.1,85.15,85.09,85.11,4359.66
1777292400000,85.1,85.13,85.02,85.03,13620.41
1777292700000,85.03,85.09,84.99,85.03,18898.06
1777293000000,85.02,85.06,84.99,85.0,19287.75
1777293300000,85.0,85.08,84.86,84.9,56176.6
1777293600000,84.9,85.05,84.9,85.0,27368.62
1777293900000,85.01,85.11,84.96,85.11,19450.25
1777294200000,85.11,85.14,85.03,85.03,13928.66
1777294500000,85.03,85.07,85.0,85.04,11835.44
1777294800000,85.04,85.13,84.99,85.04,18120.69
1777295100000,85.05,85.1,85.01,85.1,12564.87
1777295400000,85.1,85.13,85.06,85.07,23339.44
1777295700000,85.08,85.18,85.05,85.15,18994.31
1777296000000,85.16,85.21,85.15,85.18,16802.15
1777296300000,85.18,85.18,85.08,85.15,7878.87
1777296600000,85.16,85.22,85.04,85.12,20783.34
1777296900000,85.12,85.27,85.1,85.23,14610.14
1777297200000,85.23,85.34,85.09,85.18,31283.2
1777297500000,85.17,85.2,84.75,84.76,95896.76
1777297800000,84.77,85.08,84.65,85.08,103327.17
1777298100000,85.07,85.16,85.03,85.07,26945.75
1777298400000,85.07,85.17,85.0,85.04,36525.31
1777298700000,85.04,85.22,84.96,85.0,73498.32
1777299000000,84.99,85.13,84.92,85.12,75344.32
1777299300000,85.11,85.22,85.06,85.2,23713.05
1777299600000,85.19,85.3,85.13,85.28,15974.51
1777299900000,85.28,85.3,85.18,85.21,15470.64
1777300200000,85.21,85.32,85.12,85.29,17799.55
1777300500000,85.29,85.8,85.28,85.65,164897.47
1777300800000,85.64,85.68,85.31,85.5,71791.56
1777301100000,85.5,85.58,85.35,85.55,38839.77
1777301400000,85.56,85.58,85.17,85.28,44227.49
1777301700000,85.29,85.3,85.11,85.17,37080.7
1777302000000,85.17,85.19,84.43,84.59,139378.57
1777302300000,84.59,84.87,84.51,84.75,61038.3
1777302600000,84.75,84.85,84.63,84.68,27116.44
1777302900000,84.68,84.68,84.09,84.14,172581.03
1777303200000,84.14,84.24,83.56,83.8,222588.17
1777303500000,83.8,84.11,83.61,84.11,118419.76
1777303800000,84.11,84.26,84.06,84.19,89554.31
1777304100000,84.19,84.24,84.13,84.21,22346.1
1777304400000,84.21,84.24,84.12,84.14,22243.45
1777304700000,84.13,84.16,83.91,83.92,30206.04
1777305000000,83.92,84.1,83.86,84.1,25148.03
1777305300000,84.1,84.12,84.0,84.1,21088.44
1777305600000,84.09,84.1,83.96,84.06,36822.97
1777305900000,84.07,84.15,84.01,84.13,28260.18
1777306200000,84.13,84.19,84.05,84.19,18238.11
1777306500000,84.18,84.33,84.17,84.26,29226.08
1777306800000,84.26,84.29,84.2,84.21,12391.04
1777307100000,84.21,84.26,84.14,84.16,11755.99
1777307400000,84.16,84.24,84.14,84.16,14872.96
1777307700000,84.16,84.25,84.05,84.19,10175.15
1777308000000,84.19,84.22,84.14,84.2,11630.67
1777308300000,84.19,84.28,84.19,84.23,13357.79
1777308600000,84.23,84.3,84.21,84.23,10569.98
1777308900000,84.23,84.24,84.11,84.21,19563.75
1777309200000,84.21,84.37,84.21,84.35,26772.31
1777309500000,84.35,84.35,84.22,84.27,9048.15
1777309800000,84.27,84.33,84.22,84.28,8199.92
1777310100000,84.27,84.32,84.2,84.27,5002.72
1777310400000,84.26,84.43,84.23,84.41,23836.89
1777310700000,84.41,84.64,84.4,84.47,47640.6
1777311000000,84.47,84.61,84.45,84.59,14598.48
1777311300000,84.58,84.62,84.41,84.45,32034.1
1777311600000,84.45,84.49,84.33,84.47,38233.85
1777311900000,84.47,84.53,84.46,84.48,5909.14
1777312200000,84.48,84.49,84.4,84.46,4280.58
1777312500000,84.46,84.5,84.4,84.4,11222.81
1777312800000,84.41,84.5,84.34,84.43,11511.4
1777313100000,84.43,84.48,84.35,84.36,4543.31
1777313400000,84.36,84.54,84.35,84.53,8457.24
1777313700000,84.54,84.64,84.51,84.53,11833.72
1777314000000,84.54,84.6,84.5,84.54,3237.64
1777314300000,84.54,84.54,84.36,84.41,5661.13
1777314600000,84.4,84.48,84.36,84.43,2739.17
1777314900000,84.43,84.5,84.43,84.49,2097.44
1777315200000,84.48,84.55,84.47,84.55,4340.78
1777315500000,84.55,84.6,84.49,84.56,8578.26
1777315800000,84.56,84.6,84.54,84.55,5712.54
1777316100000,84.56,84.6,84.5,84.51,3581.25
1777316400000,84.51,84.6,84.38,84.42,12922.73
1777316700000,84.42,84.43,84.36,84.41,4942.97
1777317000000,84.41,84.45,84.33,84.42,12342.31
1777317300000,84.41,84.44,84.33,84.33,15647.79
1777317600000,84.34,84.36,84.13,84.14,48630.69
1777317900000,84.14,84.16,83.98,84.01,33121.25
1777318200000,84.0,84.04,83.77,84.04,58867.95
1777318500000,84.04,84.12,84.02,84.07,13183.02
1777318800000,84.07,84.15,84.07,84.15,9283.27
1777319100000,84.15,84.19,84.11,84.17,6513.68
1777319400000,84.17,84.19,84.1,84.13,7257.81
1777319700000,84.12,84.15,83.98,84.13,23312.74
1777320000000,84.12,84.22,84.09,84.22,12937.29
1777320300000,84.22,84.28,84.12,84.16,15317.6
1777320600000,84.17,84.21,84.11,84.12,6575.5
1777320900000,84.12,84.22,84.12,84.18,5478.2
1777321200000,84.19,84.25,84.16,84.23,15531.8
1777321500000,84.23,84.23,84.18,84.22,5678.93
1777321800000,84.22,84.26,84.2,84.2,3899.86
1777322100000,84.21,84.3,84.2,84.23,9324.96
1777322400000,84.23,84.25,84.17,84.24,2465.87
1777322700000,84.23,84.25,84.15,84.15,8319.2
1777323000000,84.16,84.2,84.15,84.16,1505.68
1777323300000,84.17,84.29,84.14,84.23,12576.66
1777323600000,84.22,84.22,84.09,84.11,5441.58
1777323900000,84.11,84.15,84.09,84.15,7106.14
1777324200000,84.15,84.19,84.06,84.19,19546.79
1777324500000,84.18,84.22,84.14,84.16,7119.57
1777324800000,84.15,84.21,84.14,84.16,3261.56
1777325100000,84.16,84.31,84.15,84.27,6806.65
1777325400000,84.26,84.41,84.26,84.37,10326.81
1777325700000,84.37,84.43,84.36,84.39,6331.97
1777326000000,84.39,84.44,84.35,84.4,13100.27
1777326300000,84.4,84.41,84.29,84.34,5041.35
1777326600000,84.34,84.36,84.27,84.27,3269.33
1777326900000,84.27,84.3,84.21,84.21,5957.47
1777327200000,84.22,84.25,84.14,84.19,10367.66
1777327500000,84.19,84.34,84.14,84.29,9352.22
1777327800000,84.29,84.34,84.27,84.32,2844.65
1777328100000,84.32,84.37,84.3,84.31,13791.48
1777328400000,84.32,84.33,84.29,84.32,5274.67
1777328700000,84.32,84.45,84.31,84.44,8718.61
1777329000000,84.45,84.56,84.41,84.41,19309.37
1777329300000,84.42,84.47,84.39,84.43,7970.36
1777329600000,84.44,84.47,84.42,84.43,2477.17
1777329900000,84.43,84.55,84.43,84.53,7048.35
1777330200000,84.52,84.53,84.46,84.51,11875.39
1777330500000,84.5,84.51,84.46,84.49,13836.22
1777330800000,84.48,84.5,84.44,84.46,5946.78
1777331100000,84.47,84.47,84.4,84.41,2971.51
1777331400000,84.41,84.45,84.4,84.41,4625.61
1777331700000,84.42,84.66,84.41,84.55,34983.11
1777332000000,84.55,84.61,84.54,84.55,8905.84
1777332300000,84.55,84.61,84.55,84.59,5820.4
1777332600000,84.6,84.66,84.59,84.66,12496.41
1777332900000,84.66,84.7,84.64,84.65,29644.5
1777333200000,84.66,84.74,84.64,84.71,18582.64
1777333500000,84.71,84.72,84.63,84.67,27474.44
1777333800000,84.67,84.84,84.62,84.84,21745.09
1777334100000,84.84,84.86,84.74,84.76,11021.58
1777334400000,84.77,84.78,84.64,84.66,17481.05
1777334700000,84.66,84.78,84.64,84.77,14328.08
1777335000000,84.77,84.8,84.64,84.69,11861.06
1777335300000,84.68,84.76,84.65,84.65,8131.43
1777335600000,84.65,84.67,84.56,84.57,12913.7
1777335900000,84.58,84.6,84.54,84.58,11255.19
1777336200000,84.59,84.64,84.54,84.57,7969.52
1777336500000,84.57,84.75,84.56,84.71,8225.82
1777336800000,84.71,84.82,84.7,84.79,14662.27
1777337100000,84.78,84.89,84.76,84.82,9818.16
1777337400000,84.82,84.82,84.7,84.78,9812.34
1777337700000,84.79,84.85,84.76,84.76,5891.62
1777338000000,84.76,84.78,84.69,84.75,5467.45
1777338300000,84.75,84.83,84.73,84.75,16578.24
1777338600000,84.74,84.78,84.73,84.75,8713.19
1777338900000,84.75,84.76,84.62,84.62,6883.28
1777339200000,84.63,84.7,84.61,84.61,7934.66
1777339500000,84.62,84.64,84.52,84.58,18247.99
1777339800000,84.57,84.58,84.38,84.38,20028.4
1777340100000,84.38,84.52,84.37,84.5,17092.46
1777340400000,84.5,84.53,84.4,84.42,14440.96
1777340700000,84.43,84.48,84.36,84.42,13569.19
1777341000000,84.41,84.44,84.36,84.43,7201.46
1777341300000,84.43,84.43,84.35,84.36,13208.38
1777341600000,84.36,84.45,84.3,84.41,13331.51
1777341900000,84.41,84.44,84.36,84.38,5360.96
1777342200000,84.38,84.43,84.37,84.42,5814.83
1777342500000,84.42,84.57,84.32,84.53,53124.23
1777342800000,84.54,84.59,84.44,84.45,30312.49
1777343100000,84.45,84.46,84.31,84.31,13996.77
1777343400000,84.31,84.32,84.19,84.25,18301.93
1777343700000,84.25,84.25,83.95,83.96,44606.26
1777344000000,83.96,84.02,83.89,83.9,34614.92
1777344300000,83.9,83.99,83.84,83.97,12671.55
1777344600000,83.97,84.14,83.97,84.12,28396.41
1777344900000,84.11,84.14,84.04,84.12,10555.4
1777345200000,84.12,84.13,84.03,84.04,14071.32
1777345500000,84.04,84.1,83.97,84.05,23430.97
1777345800000,84.04,84.1,84.04,84.08,3812.85
1777346100000,84.08,84.11,84.04,84.04,8373.81
1777346400000,84.04,84.09,83.98,83.99,6370.2
1777346700000,83.98,84.06,83.98,84.01,15207.59
1777347000000,84.01,84.09,83.98,84.06,10090.97
1777347300000,84.06,84.06,83.97,84.03,18053.46
1777347600000,84.02,84.03,83.97,84.01,4726.32
1777347900000,84.01,84.09,84.0,84.07,7747.07
1777348200000,84.08,84.1,84.03,84.1,10619.35
1777348500000,84.1,84.15,84.09,84.13,4431.96
1777348800000,84.12,84.16,84.11,84.11,7867.66
1777349100000,84.12,84.13,84.07,84.1,5562.76
1777349400000,84.1,84.2,84.09,84.2,18257.21
1777349700000,84.2,84.39,83.95,83.96,130354.48
1777350000000,83.95,84.01,83.83,83.89,111835.93
1777350300000,83.89,83.92,83.78,83.88,44377.08
1777350600000,83.87,83.93,83.83,83.92,11159.65
1777350900000,83.92,83.93,83.85,83.91,16042.27
1777351200000,83.91,84.01,83.9,83.95,18726.03
1777351500000,83.95,84.08,83.95,84.07,9549.74
1777351800000,84.06,84.11,84.03,84.1,7992.1
1777352100000,84.1,84.1,84.02,84.02,5879.77
1777352400000,84.03,84.12,84.03,84.11,9475.44
1777352700000,84.12,84.24,84.11,84.15,22279.98
1777353000000,84.16,84.18,84.13,84.16,7097.51
1777353300000,84.16,84.17,84.09,84.16,6059.57
1777353600000,84.16,84.23,84.14,84.23,10060.22
1777353900000,84.22,84.4,84.22,84.33,27693.62
1777354200000,84.33,84.39,84.29,84.33,15652.8
1777354500000,84.33,84.34,84.23,84.25,25411.98
1777354800000,84.25,84.25,84.13,84.18,13902.48
1777355100000,84.18,84.25,84.18,84.24,4824.45
1777355400000,84.24,84.35,84.02,84.07,99484.68
1777355700000,84.07,84.19,84.03,84.15,39300.95
1777356000000,84.16,84.21,84.13,84.2,18371.68
1777356300000,84.2,84.27,84.2,84.23,8122.74
1777356600000,84.23,84.27,84.2,84.22,5351.19
1777356900000,84.22,84.23,84.13,84.15,6558.82
1777357200000,84.14,84.16,84.01,84.03,10609.8
1777357500000,84.03,84.18,83.98,84.17,21413.77
1777357800000,84.17,84.23,84.06,84.11,22144.81
1777358100000,84.11,84.13,83.91,83.95,35691.29
1777358400000,83.95,83.98,83.62,83.67,66528.77
1777358700000,83.67,83.95,83.63,83.91,71390.06
1777359000000,83.92,84.06,83.91,83.94,37496.35
1777359300000,83.94,83.97,83.88,83.89,6322.97
1777359600000,83.88,83.93,83.84,83.89,12509.75
1777359900000,83.9,83.92,83.81,83.82,10407.45
1777360200000,83.82,83.85,83.75,83.77,10368.92
1777360500000,83.77,83.8,83.57,83.63,38600.65
1777360800000,83.63,83.79,83.6,83.75,14356.3
1777361100000,83.75,83.77,83.69,83.76,13045.23
1777361400000,83.75,83.87,83.74,83.81,15209.07
1777361700000,83.81,83.95,83.81,83.92,21872.43
1777362000000,83.91,83.97,83.91,83.94,17989.87
1777362300000,83.94,83.96,83.89,83.93,12703.51
1777362600000,83.93,83.99,83.92,83.95,24923.84
1777362900000,83.95,84.01,83.93,83.96,14912.69
1777363200000,83.97,83.98,83.85,83.85,15597.67
1777363500000,83.84,83.91,83.83,83.85,6096.01
1777363800000,83.85,83.93,83.85,83.9,7002.31
1777364100000,83.9,84.1,83.89,84.01,13961.29
1777364400000,84.02,84.07,84.0,84.0,6220.83
1777364700000,84.0,84.11,83.98,84.1,18361.54
1777365000000,84.11,84.14,84.04,84.09,12729.72
1777365300000,84.09,84.09,83.98,83.99,7488.52
1777365600000,84.0,84.0,83.77,83.77,46176.9
1777365900000,83.77,83.84,83.7,83.79,39611.59
1777366200000,83.8,83.82,83.72,83.81,9694.38
1777366500000,83.82,83.91,83.81,83.9,11186.27
1777366800000,83.9,83.91,83.78,83.82,8559.09
1777367100000,83.82,83.88,83.81,83.88,4166.35
1777367400000,83.88,83.88,83.84,83.86,3157.33
1777367700000,83.87,83.92,83.81,83.91,3674.25
1777368000000,83.92,83.92,83.8,83.81,6351.18
1777368300000,83.81,83.87,83.77,83.87,15125.01
1777368600000,83.86,83.87,83.71,83.73,10523.88
1777368900000,83.73,83.76,83.67,83.73,6396.7
1777369200000,83.74,83.74,83.68,83.71,5310.99
1777369500000,83.71,83.71,83.58,83.6,19215.25
1777369800000,83.59,83.64,83.36,83.64,94230.0
1777370100000,83.63,83.67,83.54,83.59,10875.66
1777370400000,83.58,83.74,83.58,83.68,17151.31
1777370700000,83.68,83.69,83.61,83.66,6726.88
1777371000000,83.65,83.68,83.62,83.64,8989.05
1777371300000,83.64,83.71,83.58,83.71,13270.24
1777371600000,83.7,83.73,83.66,83.67,7611.09
1777371900000,83.66,83.7,83.66,83.67,3560.53
1777372200000,83.67,83.76,83.65,83.73,7680.47
1777372500000,83.72,83.73,83.68,83.68,3076.13
1777372800000,83.68,83.75,83.68,83.73,4115.13
1777373100000,83.72,83.76,83.69,83.75,6291.56
1777373400000,83.75,83.76,83.71,83.74,9972.7
1777373700000,83.74,83.76,83.68,83.76,7833.68
1777374000000,83.76,83.8,83.64,83.68,18295.2
1777374300000,83.69,83.72,83.59,83.65,7881.55
1777374600000,83.64,83.66,83.57,83.59,12844.19
1777374900000,83.59,83.63,83.45,83.51,47093.75
1777375200000,83.51,83.65,83.5,83.64,9235.17
1777375500000,83.65,83.66,83.49,83.6,12394.55
1777375800000,83.6,83.61,83.5,83.56,19504.4
1777376100000,83.56,83.58,83.4,83.44,29758.44
1777376400000,83.44,83.54,83.41,83.54,11939.92
1777376700000,83.53,83.54,83.22,83.26,61141.8
1777377000000,83.25,83.35,83.22,83.32,67068.86
1777377300000,83.32,83.4,83.29,83.36,19293.46
1777377600000,83.36,83.4,83.27,83.37,23553.63
1777377900000,83.37,83.45,83.34,83.36,14095.41
1777378200000,83.37,83.47,83.32,83.41,12473.15
1777378500000,83.41,83.42,83.27,83.3,10152.72
1777378800000,83.31,83.55,83.28,83.3,60956.14
1777379100000,83.3,83.31,83.24,83.3,13736.21
1777379400000,83.29,83.37,83.21,83.37,18724.91
1777379700000,83.37,83.45,83.33,83.44,23058.33
1777380000000,83.44,83.61,83.43,83.6,21224.95
1777380300000,83.6,83.69,83.57,83.69,28970.1
1777380600000,83.68,83.7,83.6,83.61,9047.59
1777380900000,83.61,83.66,83.57,83.66,7124.73
1777381200000,83.65,83.66,83.53,83.56,10191.88
1777381500000,83.56,83.57,83.3,83.33,51663.15
1777381800000,83.33,83.4,83.13,83.31,74522.47
1777382100000,83.3,83.32,83.2,83.27,17755.16
1777382400000,83.28,83.37,83.28,83.3,11380.27
1777382700000,83.31,83.52,83.26,83.42,31949.32
1777383000000,83.42,83.45,83.27,83.41,32360.83
1777383300000,83.41,83.66,83.4,83.65,36868.74
1777383600000,83.66,83.74,83.54,83.72,40204.12
1777383900000,83.71,83.96,83.68,83.73,71296.68
1777384200000,83.73,83.73,83.47,83.5,19081.44
1777384500000,83.5,83.56,83.38,83.5,20480.51
1777384800000,83.49,83.49,83.23,83.32,17300.3
1777385100000,83.31,83.46,83.3,83.3,16818.29
1777385400000,83.31,83.34,83.27,83.33,10508.03
1777385700000,83.33,83.4,83.2,83.31,22730.72
1777386000000,83.31,83.39,83.13,83.17,21597.74
1777386300000,83.18,83.21,82.9,83.11,118874.97
1777386600000,83.11,83.27,83.09,83.13,36951.72
1777386900000,83.12,83.12,82.91,83.04,50546.87
1777387200000,83.05,83.17,83.0,83.15,22438.59
1777387500000,83.16,83.2,83.0,83.12,16071.55
1777387800000,83.11,83.2,83.0,83.15,18038.56
1777388100000,83.15,83.37,83.12,83.36,68888.76
1777388400000,83.36,83.44,83.3,83.36,37940.05
1777388700000,83.36,83.38,83.2,83.35,25575.22
1777389000000,83.35,83.39,83.29,83.33,14281.62
1777389300000,83.33,83.41,83.28,83.39,9987.27
1777389600000,83.39,83.46,83.33,83.42,11119.77
1777389900000,83.42,83.45,83.32,83.34,13778.68
1777390200000,83.33,83.35,83.17,83.22,17150.25
1777390500000,83.22,83.34,83.19,83.3,9613.09
1777390800000,83.29,83.42,83.21,83.25,8802.78
1777391100000,83.25,83.35,83.21,83.32,9966.46
1777391400000,83.32,83.47,83.31,83.47,10454.25
1777391700000,83.46,83.46,83.37,83.42,12684.21
1777392000000,83.42,83.48,83.37,83.48,10797.2
1777392300000,83.48,83.49,83.4,83.46,9665.14
1777392600000,83.47,83.52,83.4,83.49,10469.14
1777392900000,83.5,83.5,83.4,83.46,3845.71
1777393200000,83.46,83.72,83.45,83.5,51054.26
1777393500000,83.5,83.54,83.48,83.48,4338.85
1777393800000,83.49,83.54,83.39,83.4,8839.32
1777394100000,83.39,83.4,83.29,83.36,27754.45
1777394400000,83.35,83.4,83.27,83.31,6844.19
1777394700000,83.31,83.4,83.3,83.31,8286.93
1777395000000,83.31,83.65,83.31,83.59,36866.24
1777395300000,83.58,83.62,83.52,83.54,9402.39
1777395600000,83.54,83.62,83.49,83.53,27472.44
1777395900000,83.53,83.54,83.45,83.52,5440.54
1777396200000,83.52,83.52,83.43,83.46,5767.03
1777396500000,83.46,83.47,83.32,83.33,6146.78
1777396800000,83.33,83.48,83.33,83.46,6955.63
1777397100000,83.46,83.51,83.39,83.47,4234.16
1777397400000,83.47,83.62,83.47,83.62,6841.23
1777397700000,83.62,83.77,83.62,83.63,42357.29
1777398000000,83.63,83.7,83.63,83.67,8078.91
1777398300000,83.67,83.7,83.62,83.62,5571.41
1777398600000,83.62,83.65,83.53,83.53,4541.81
1777398900000,83.53,83.62,83.53,83.57,7535.26
1777399200000,83.57,83.65,83.55,83.64,7871.5
1777399500000,83.65,83.71,83.56,83.62,12605.81
1777399800000,83.62,83.66,83.6,83.61,4066.41
1777400100000,83.61,83.73,83.61,83.69,11995.42
1777400400000,83.69,83.75,83.66,83.74,10294.95
1777400700000,83.74,83.79,83.7,83.77,21082.76
1777401000000,83.77,83.79,83.63,83.63,9525.37
1777401300000,83.63,83.7,83.61,83.66,7305.4
1777401600000,83.66,83.66,83.57,83.59,7069.15
1777401900000,83.59,83.62,83.55,83.61,7460.27
1777402200000,83.61,83.68,83.6,83.68,4409.18
1777402500000,83.68,83.76,83.65,83.76,7481.3
1777402800000,83.75,83.77,83.71,83.72,5921.43
1777403100000,83.72,83.79,83.71,83.77,6285.63
1777403400000,83.77,83.78,83.66,83.68,4191.24
1777403700000,83.68,83.74,83.65,83.73,4846.02
1777404000000,83.72,83.75,83.69,83.72,6371.51
1777404300000,83.71,83.75,83.71,83.75,1779.33
1777404600000,83.75,83.78,83.73,83.76,5831.81
1777404900000,83.75,83.83,83.75,83.83,5847.47
1777405200000,83.82,83.91,83.79,83.9,11325.72
1777405500000,83.91,84.02,83.87,83.89,40350.43
1777405800000,83.9,83.95,83.83,83.93,35778.05
1777406100000,83.94,83.97,83.84,83.84,17055.06
1777406400000,83.85,83.94,83.82,83.94,25576.24
1777406700000,83.94,83.95,83.8,83.84,9631.49
1777407000000,83.83,83.88,83.82,83.87,3259.51
1777407300000,83.87,83.87,83.82,83.85,3862.27
1777407600000,83.84,83.85,83.82,83.82,2991.84
1777407900000,83.83,83.86,83.79,83.8,3332.12
1777408200000,83.79,83.88,83.72,83.83,10884.15
1777408500000,83.83,83.84,83.78,83.8,1813.69
1777408800000,83.8,83.8,83.76,83.77,5428.66
1777409100000,83.77,83.81,83.77,83.8,990.13
1777409400000,83.81,83.82,83.78,83.79,4143.99
1777409700000,83.78,83.79,83.73,83.74,3059.5
1777410000000,83.73,83.9,83.73,83.89,15100.34
1777410300000,83.89,83.89,83.77,83.79,11581.31
1777410600000,83.79,83.79,83.68,83.75,12511.35
1777410900000,83.75,83.78,83.73,83.74,3931.29
1777411200000,83.74,83.76,83.71,83.72,10874.97
1777411500000,83.72,83.74,83.66,83.67,7166.39
1777411800000,83.67,83.72,83.67,83.7,6663.05
1777412100000,83.71,83.77,83.66,83.7,5150.88
1777412400000,83.71,83.75,83.64,83.7,6411.55
1777412700000,83.7,83.79,83.67,83.76,8013.7
1777413000000,83.76,83.8,83.58,83.65,56571.46
1777413300000,83.65,83.77,83.65,83.68,16819.22
1777413600000,83.69,83.73,83.68,83.71,9346.74
1777413900000,83.72,83.88,83.71,83.86,23039.31
1777414200000,83.86,83.86,83.64,83.67,13400.05
1777414500000,83.68,83.73,83.66,83.7,24331.66
1777414800000,83.71,83.74,83.67,83.69,12304.73
1777415100000,83.69,83.69,83.62,83.63,12657.69
1777415400000,83.64,83.8,83.53,83.74,105294.09
1777415700000,83.74,83.78,83.66,83.67,15017.13
1777416000000,83.66,83.67,83.62,83.66,3094.96
1777416300000,83.65,83.68,83.63,83.66,3011.95
1777416600000,83.66,83.67,83.62,83.63,4353.62
1777416900000,83.63,83.68,83.63,83.67,2326.53
1777417200000,83.67,83.79,83.6,83.74,42360.11
1777417500000,83.74,83.79,83.7,83.74,24993.57
1777417800000,83.74,83.78,83.72,83.75,4171.96
1777418100000,83.75,83.8,83.75,83.77,3292.68
1777418400000,83.77,83.8,83.76,83.79,1390.45
1777418700000,83.79,83.82,83.72,83.77,7079.01
1777419000000,83.77,83.81,83.76,83.78,7512.15
1777419300000,83.79,83.89,83.74,83.89,42383.05
1777419600000,83.88,83.94,83.82,83.85,39992.76
1777419900000,83.85,83.95,83.85,83.94,13813.51
1777420200000,83.94,84.12,83.94,84.1,67910.28
1777420500000,84.1,84.11,83.88,84.01,81542.75
1777420800000,84.0,84.08,83.99,84.04,37540.21
1777421100000,84.04,84.14,83.99,83.99,49142.94
1777421400000,83.99,84.01,83.91,84.0,19417.19
1777421700000,83.99,84.0,83.85,83.96,20297.42
1777422000000,83.95,83.96,83.87,83.9,5960.25
1777422300000,83.9,83.9,83.81,83.84,21449.92
1777422600000,83.83,83.89,83.8,83.82,12402.98
1777422900000,83.82,83.84,83.8,83.83,17945.93
1777423200000,83.83,83.91,83.83,83.88,7675.77
1777423500000,83.88,83.89,83.81,83.82,9753.46
1777423800000,83.82,84.06,83.75,84.06,98649.52
1777424100000,84.06,84.12,84.0,84.01,14178.17
1777424400000,84.0,84.06,83.93,84.03,12862.1
1777424700000,84.03,84.03,83.75,83.8,11583.81
1777425000000,83.8,83.9,83.8,83.85,7583.76
1777425300000,83.84,83.91,83.78,83.83,15903.95
1777425600000,83.82,83.86,83.8,83.85,12118.13
1777425900000,83.84,83.85,83.8,83.8,8324.37
1777426200000,83.8,83.82,83.75,83.8,10264.59
1777426500000,83.8,83.88,83.79,83.84,6016.83
1777426800000,83.83,83.94,83.83,83.94,3726.75
1777427100000,83.93,84.15,83.89,84.13,20429.27
1777427400000,84.12,84.16,84.02,84.04,30548.92
1777427700000,84.03,84.07,83.99,84.03,10860.23
1777428000000,84.04,84.14,84.02,84.07,11174.79
1777428300000,84.07,84.17,84.06,84.12,17299.69
1777428600000,84.11,84.13,84.06,84.07,4259.73
1777428900000,84.06,84.13,84.04,84.11,9803.4
1777429200000,84.11,84.11,84.02,84.02,9734.99
1777429500000,84.02,84.08,84.0,84.0,5937.65
1777429800000,84.0,84.02,83.88,83.91,28728.32
1777430100000,83.92,83.93,83.89,83.92,6507.61
1777430400000,83.92,83.95,83.9,83.9,9395.95
1777430700000,83.9,83.97,83.88,83.96,2774.7
1777431000000,83.97,84.01,83.96,83.97,9310.01
1777431300000,83.98,84.0,83.95,83.98,3530.09
1777431600000,83.98,84.07,83.98,84.01,9898.76
1777431900000,84.01,84.14,84.01,84.14,18391.87
1777432200000,84.14,84.21,84.14,84.17,15850.26
1777432500000,84.18,84.51,84.16,84.46,70620.81
1777432800000,84.46,84.61,84.46,84.48,82198.87
1777433100000,84.48,84.53,84.44,84.5,15522.65
1777433400000,84.49,84.51,84.33,84.36,31592.36
1777433700000,84.36,84.64,84.35,84.58,33266.79
1777434000000,84.57,84.69,84.5,84.6,30787.3
1777434300000,84.61,84.66,84.49,84.62,27827.97
1777434600000,84.62,84.62,84.5,84.54,12710.96
1777434900000,84.53,84.55,84.5,84.55,12641.67
1777435200000,84.54,84.58,84.39,84.44,23715.76
1777435500000,84.43,84.55,84.42,84.54,21504.52
1777435800000,84.54,84.56,84.51,84.52,11058.32
1777436100000,84.52,84.59,84.52,84.56,22984.62
1777436400000,84.57,84.67,84.53,84.59,19466.49
1777436700000,84.6,84.62,84.54,84.57,4908.1
1777437000000,84.57,84.78,84.54,84.74,44789.94
1777437300000,84.74,84.8,84.69,84.74,38325.63
1777437600000,84.74,85.03,84.74,84.84,140151.69
1777437900000,84.84,84.91,84.83,84.87,19309.47
1777438200000,84.88,84.94,84.86,84.89,24128.12
1777438500000,84.9,84.98,84.86,84.92,31917.74
1777438800000,84.92,84.96,84.66,84.73,71703.31
1777439100000,84.73,84.82,84.68,84.79,35742.26
1777439400000,84.79,84.84,84.77,84.78,11692.66
1777439700000,84.78,84.8,84.72,84.78,7086.39
1777440000000,84.78,84.83,84.77,84.83,4598.38
1777440300000,84.83,84.87,84.8,84.87,8609.89
1777440600000,84.87,84.87,84.79,84.8,10502.27
1777440900000,84.8,84.84,84.79,84.83,14120.06
1777441200000,84.84,84.85,84.8,84.81,8378.84
1777441500000,84.82,84.93,84.81,84.89,19307.35
1777441800000,84.88,84.92,84.84,84.86,11368.22
1777442100000,84.87,84.87,84.78,84.8,10644.4
1777442400000,84.8,84.88,84.77,84.84,17376.85
1777442700000,84.84,84.95,84.81,84.84,32780.51
1777443000000,84.83,84.87,84.76,84.78,17394.5
1777443300000,84.78,84.82,84.76,84.82,18010.3
1777443600000,84.82,84.83,84.76,84.77,9801.17
1777443900000,84.76,84.8,84.72,84.78,31563.98
1777444200000,84.78,84.81,84.7,84.73,16282.61
1777444500000,84.74,84.74,84.64,84.69,20303.39
1777444800000,84.7,84.8,84.69,84.69,11958.11
1777445100000,84.7,84.75,84.66,84.66,15594.34
1777445400000,84.66,84.67,84.5,84.51,40733.68
1777445700000,84.52,84.59,84.48,84.58,13533.86
1777446000000,84.58,84.67,84.56,84.63,15230.55
1777446300000,84.64,84.66,84.61,84.61,6680.8
1777446600000,84.61,84.66,84.57,84.65,5345.15
1777446900000,84.66,84.67,84.57,84.58,9727.2
1777447200000,84.59,84.6,84.57,84.59,18944.98
1777447500000,84.6,84.67,84.57,84.6,8378.37
1777447800000,84.61,84.82,84.61,84.74,17957.26
1777448100000,84.73,84.83,84.7,84.72,18415.74
1777448400000,84.71,84.8,84.71,84.77,12366.9
1777448700000,84.76,84.77,84.65,84.71,13458.1
1777449000000,84.71,84.74,84.65,84.66,3637.34
1777449300000,84.66,84.68,84.62,84.66,13827.34
1777449600000,84.67,84.72,84.61,84.63,10601.99
1777449900000,84.63,84.65,84.48,84.53,34073.97
1777450200000,84.52,84.6,84.5,84.56,23673.63
1777450500000,84.57,84.63,84.52,84.63,9264.75
1777450800000,84.63,84.68,84.58,84.63,8515.99
1777451100000,84.63,84.66,84.59,84.6,7915.08
1777451400000,84.59,84.59,84.39,84.42,32013.9
1777451700000,84.42,84.47,84.39,84.45,10710.32
1777452000000,84.45,84.45,84.32,84.44,36964.66
1777452300000,84.45,84.47,84.4,84.41,10223.78
1777452600000,84.42,84.46,84.41,84.45,5434.8
1777452900000,84.45,84.48,84.43,84.48,4674.45
1777453200000,84.48,84.5,84.44,84.49,6418.56
1777453500000,84.49,84.51,84.44,84.48,4373.72
1777453800000,84.48,84.59,84.43,84.57,14530.47
1777454100000,84.57,84.67,84.55,84.67,15775.12
1777454400000,84.68,84.76,84.66,84.73,18619.89
1777454700000,84.73,84.73,84.64,84.68,20300.98
1777455000000,84.68,84.83,84.66,84.79,22570.65
1777455300000,84.79,84.87,84.77,84.82,19735.11
1777455600000,84.83,84.83,84.74,84.82,11316.97
1777455900000,84.82,85.56,84.76,85.34,174319.7
1777456200000,85.33,85.46,85.15,85.36,124086.2
1777456500000,85.37,85.42,84.94,85.26,162005.81
1777456800000,85.27,85.38,85.22,85.3,26311.78
1777457100000,85.3,85.41,85.27,85.38,35831.34
1777457400000,85.37,85.41,85.3,85.4,26557.63
1777457700000,85.41,85.47,85.37,85.44,47118.61
1777458000000,85.44,85.5,85.35,85.38,36146.59
1777458300000,85.38,85.5,85.37,85.49,14403.09
1777458600000,85.49,85.51,85.38,85.39,25816.38
1777458900000,85.4,85.4,85.25,85.29,45685.01
1777459200000,85.3,85.3,85.09,85.12,63923.12
1777459500000,85.12,85.37,85.12,85.31,39166.49
1777459800000,85.32,85.33,85.25,85.25,13359.32
1777460100000,85.25,85.26,85.1,85.1,21356.22
1777460400000,85.11,85.13,84.88,85.13,35401.01
1777460700000,85.12,85.13,84.95,84.98,24216.15
1777461000000,84.99,85.01,84.93,85.01,14888.07
1777461300000,85.01,85.06,84.97,84.98,7745.18
1777461600000,84.98,84.98,84.9,84.92,14973.82
1777461900000,84.93,84.99,84.86,84.86,27223.71
1777462200000,84.86,84.93,84.84,84.93,10477.7
1777462500000,84.93,85.0,84.9,84.9,12332.7
1777462800000,84.9,84.94,84.85,84.87,6265.5
1777463100000,84.86,84.89,84.76,84.76,27172.82
1777463400000,84.76,84.9,84.73,84.88,17168.58
1777463700000,84.87,84.91,84.85,84.86,12186.78
1777464000000,84.87,84.87,84.53,84.59,69016.72
1777464300000,84.6,84.65,84.5,84.52,40377.92
1777464600000,84.52,84.54,84.27,84.27,46723.79
1777464900000,84.28,84.42,84.2,84.39,64824.56
1777465200000,84.39,84.39,83.87,84.17,168478.71
1777465500000,84.16,84.19,83.99,84.09,48655.02
1777465800000,84.1,84.11,83.89,83.97,48170.71
1777466100000,83.97,84.05,83.93,84.03,30462.83
1777466400000,84.02,84.26,84.02,84.1,47780.37
1777466700000,84.1,84.15,84.04,84.07,15918.56
1777467000000,84.08,84.25,84.07,84.17,15524.38
1777467300000,84.17,84.2,84.14,84.19,11041.45
1777467600000,84.18,84.22,84.09,84.09,18164.06
1777467900000,84.09,84.16,84.08,84.1,15594.3
1777468200000,84.09,84.21,84.08,84.18,13075.61
1777468500000,84.18,84.23,84.1,84.11,11330.02
1777468800000,84.1,84.13,83.9,83.91,22110.67
1777469100000,83.92,83.99,83.87,83.95,39213.62
1777469400000,83.95,84.06,83.72,83.74,69574.09
1777469700000,83.73,83.96,83.61,83.8,67459.56
1777470000000,83.8,83.89,83.74,83.74,21211.01
1777470300000,83.74,83.83,83.56,83.77,92044.26
1777470600000,83.78,83.97,83.77,83.93,53554.36
1777470900000,83.92,84.01,83.9,83.94,35751.22
1777471200000,83.93,83.94,83.74,83.81,30021.42
1777471500000,83.82,83.83,83.65,83.67,34821.89
1777471800000,83.67,83.77,83.59,83.73,29782.87
1777472100000,83.74,83.84,83.65,83.77,23761.09
1777472400000,83.76,83.85,83.7,83.84,19232.84
1777472700000,83.85,83.99,83.84,83.89,34874.56
1777473000000,83.89,83.91,83.7,83.83,43240.71
1777473300000,83.84,83.99,83.79,83.81,40401.46
1777473600000,83.81,83.85,83.74,83.85,18978.2
1777473900000,83.86,83.87,83.78,83.81,11441.88
1777474200000,83.8,83.85,83.66,83.81,18112.77
1777474500000,83.81,83.82,83.75,83.77,4211.28
1777474800000,83.78,83.86,83.48,83.48,52151.56
1777475100000,83.48,83.52,83.37,83.4,58445.5
1777475400000,83.41,83.41,83.03,83.18,129001.53
1777475700000,83.18,83.32,83.08,83.27,113537.75
1777476000000,83.27,83.39,83.23,83.35,31789.01
1777476300000,83.34,83.47,83.33,83.42,21376.46
1777476600000,83.42,83.56,83.37,83.43,37286.17
1777476900000,83.43,83.46,83.05,83.18,61184.8
1777477200000,83.18,83.26,83.07,83.09,52110.84
1777477500000,83.08,83.21,83.07,83.18,41818.05
1777477800000,83.19,83.2,82.89,83.03,125412.12
1777478100000,83.03,83.2,82.94,83.2,50994.87
1777478400000,83.19,83.43,83.11,83.43,42199.17
1777478700000,83.43,83.53,83.37,83.52,30060.8
1777479000000,83.52,83.59,83.41,83.41,20088.26
1777479300000,83.42,83.51,83.14,83.19,42618.17
1777479600000,83.18,83.19,82.99,83.05,54398.91
1777479900000,83.06,83.14,83.05,83.09,26088.1
1777480200000,83.08,83.14,83.0,83.04,25369.12
1777480500000,83.04,83.15,82.96,83.14,27481.56
1777480800000,83.15,83.18,83.07,83.11,11054.69
1777481100000,83.11,83.14,82.97,82.98,26377.94
1777481400000,82.98,83.0,82.87,82.98,46837.25
1777481700000,82.98,83.06,82.93,83.06,12329.16
1777482000000,83.06,83.25,83.06,83.19,25861.88
1777482300000,83.19,83.21,83.0,83.0,23106.12
1777482600000,83.01,83.1,82.98,83.05,35349.32
1777482900000,83.05,83.05,82.96,82.98,17203.55
1777483200000,82.99,83.19,82.98,83.02,39779.63
1777483500000,83.02,83.03,82.67,82.83,94536.84
1777483800000,82.83,82.93,82.79,82.9,21153.66
1777484100000,82.9,82.98,82.88,82.97,32530.61
1777484400000,82.97,83.03,82.94,83.02,21217.34
1777484700000,83.02,83.09,82.93,83.02,14504.12
1777485000000,83.01,83.03,82.93,82.97,17267.06
1777485300000,82.97,83.34,82.94,83.34,47929.99
1777485600000,83.33,83.42,82.87,82.94,79223.75
1777485900000,82.94,82.97,81.48,81.6,451487.4
1777486200000,81.61,82.0,81.37,81.95,269147.93
1777486500000,81.94,81.96,81.65,81.65,90097.21
1777486800000,81.65,82.07,81.53,82.02,53878.33
1777487100000,82.02,82.03,81.47,81.69,96804.43
1777487400000,81.69,81.71,81.34,81.6,77102.26
1777487700000,81.59,82.0,81.54,81.9,112212.61
1777488000000,81.89,81.91,81.76,81.76,38975.94
1777488300000,81.76,81.96,81.73,81.9,15255.28
1777488600000,81.91,82.04,81.9,82.03,31372.35
1777488900000,82.03,82.23,82.03,82.23,23918.88
1777489200000,82.23,82.26,82.11,82.21,46036.83
1777489500000,82.2,82.2,81.99,82.02,41157.72
1777489800000,82.01,82.26,81.95,82.25,29921.31
1777490100000,82.25,82.31,82.13,82.21,21479.05
1777490400000,82.22,82.25,82.14,82.25,10686.92
1777490700000,82.25,82.27,82.2,82.2,4211.48
1777491000000,82.2,82.22,81.92,82.01,22628.32
1777491300000,82.01,82.13,81.99,82.06,5814.98
1777491600000,82.07,82.13,81.96,82.03,15497.24
1777491900000,82.02,82.18,82.0,82.12,7394.36
1777492200000,82.11,82.19,82.05,82.19,17642.01
1777492500000,82.18,82.24,82.05,82.14,16178.91
1777492800000,82.14,82.48,82.11,82.35,56063.96
1777493100000,82.35,82.36,82.22,82.25,14038.43
1777493400000,82.25,82.41,82.2,82.2,64411.42
1777493700000,82.21,82.4,82.17,82.4,64123.77
1777494000000,82.4,82.47,82.37,82.41,13634.66
1777494300000,82.41,82.48,82.4,82.47,4127.37
1777494600000,82.48,82.53,82.43,82.5,21347.71
1777494900000,82.51,82.67,82.47,82.58,15280.65
1777495200000,82.58,82.6,82.4,82.54,26002.98
1777495500000,82.54,82.67,82.51,82.58,15468.88
1777495800000,82.59,82.68,82.55,82.66,7222.09
1777496100000,82.65,82.75,82.57,82.57,15915.13
1777496400000,82.58,82.64,82.47,82.54,24446.24
1777496700000,82.55,82.63,82.48,82.6,10201.6
1777497000000,82.6,82.89,82.59,82.77,32034.72
1777497300000,82.77,82.89,82.73,82.82,29170.96
1777497600000,82.82,82.9,82.78,82.84,8578.76
1777497900000,82.84,82.88,82.79,82.85,7690.13
1777498200000,82.85,83.04,82.8,82.97,19078.26
1777498500000,82.97,83.03,82.94,82.94,8588.08
1777498800000,82.95,83.04,82.94,82.98,16413.44
1777499100000,82.98,83.19,82.91,83.0,26555.25
1777499400000,83.0,83.03,82.84,82.91,16024.5
1777499700000,82.91,82.92,82.84,82.85,6127.78
1777500000000,82.86,82.88,82.74,82.83,25306.95
1777500300000,82.83,82.91,82.82,82.86,12612.38
1777500600000,82.86,82.91,82.81,82.9,5561.38
1777500900000,82.9,82.98,82.9,82.93,8874.23
1777501200000,82.94,82.94,82.86,82.86,4586.06
1777501500000,82.87,82.87,82.8,82.83,8522.52
1777501800000,82.82,82.99,82.82,82.97,5207.69
1777502100000,82.97,83.01,82.96,82.99,4459.3
1777502400000,82.99,83.0,82.97,82.98,3146.53
1777502700000,82.98,83.08,82.95,83.05,38739.1
1777503000000,83.05,83.09,83.02,83.07,24892.49
1777503300000,83.07,83.08,83.01,83.01,5510.38
1777503600000,83.01,83.03,82.92,82.92,14140.81
1777503900000,82.92,83.02,82.92,83.01,2884.56
1777504200000,83.02,83.05,82.98,83.04,2595.47
1777504500000,83.04,83.05,82.93,82.93,5343.14
1777504800000,82.93,82.94,82.78,82.78,10374.29
1777505100000,82.78,83.01,82.78,82.98,42655.74
1777505400000,82.97,83.05,82.96,82.96,19899.04
1777505700000,82.96,82.97,82.9,82.95,5455.36
1777506000000,82.96,83.0,82.91,82.98,8961.64
1777506300000,82.99,83.07,82.89,83.05,21223.05
1777506600000,83.04,83.08,82.99,82.99,11693.81
1777506900000,82.99,83.03,82.99,83.02,7904.62
1777507200000,83.02,83.24,83.02,83.1,38627.37
1777507500000,83.1,83.27,83.04,83.2,37188.27
1777507800000,83.2,83.25,83.12,83.17,22991.46
1777508100000,83.17,83.19,83.07,83.14,21777.5
1777508400000,83.14,83.19,83.07,83.14,10381.59
1777508700000,83.15,83.31,83.14,83.24,19202.52
1777509000000,83.23,83.67,83.23,83.41,101239.03
1777509300000,83.41,83.79,83.41,83.77,68905.26
1777509600000,83.78,83.87,83.5,83.57,107258.34
1777509900000,83.56,83.94,83.56,83.76,43789.47
1777510200000,83.76,83.98,83.75,83.93,31806.21
1777510500000,83.93,83.96,83.76,83.76,19723.95
1777510800000,83.76,83.86,83.73,83.76,20695.73
1777511100000,83.76,83.8,83.62,83.72,60184.52
1777511400000,83.72,83.9,83.67,83.89,37272.03
1777511700000,83.89,83.94,83.82,83.86,35685.0
1777512000000,83.86,83.88,83.72,83.79,11617.35
1777512300000,83.79,83.94,83.79,83.82,9866.08
1777512600000,83.83,83.97,83.8,83.85,19962.21
1777512900000,83.86,83.86,83.65,83.69,10939.42
1777513200000,83.7,83.8,83.66,83.78,6857.54
1777513500000,83.78,83.86,83.76,83.85,9726.46
1777513800000,83.86,83.93,83.8,83.86,13426.68
1777514100000,83.85,83.88,83.69,83.71,17231.35
1777514400000,83.71,83.94,83.71,83.83,28679.65
1777514700000,83.83,83.87,83.76,83.85,6261.28
1777515000000,83.84,83.9,83.78,83.82,8005.71
1777515300000,83.82,83.86,83.74,83.75,4460.13
1777515600000,83.74,83.76,83.6,83.62,52920.84
1777515900000,83.62,83.65,83.46,83.51,44776.99
1777516200000,83.52,83.52,82.83,83.0,128916.9
1777516500000,82.99,83.12,82.63,82.76,49951.8
1777516800000,82.77,82.94,82.77,82.84,20530.58
1777517100000,82.84,82.89,82.64,82.68,29475.7
1777517400000,82.69,82.91,82.69,82.87,11223.0
1777517700000,82.88,83.05,82.87,82.93,23678.39
1777518000000,82.93,83.02,82.9,82.96,17319.15
1777518300000,82.96,82.99,82.88,82.91,6564.78
1777518600000,82.91,83.0,82.87,82.93,8383.06
1777518900000,82.92,83.03,82.86,82.91,15239.62
1777519200000,82.91,82.95,82.88,82.89,5914.93
1777519500000,82.9,83.03,82.81,83.02,19214.89
1777519800000,83.03,83.04,82.91,82.96,5721.08
1777520100000,82.97,83.2,82.96,83.11,15909.06
1777520400000,83.12,83.15,83.06,83.13,7257.13
1777520700000,83.13,83.13,83.03,83.04,7983.66
1777521000000,83.03,83.08,83.02,83.07,5002.3
1777521300000,83.07,83.08,83.01,83.02,3154.44
1777521600000,83.02,83.04,82.88,82.89,21574.83
1777521900000,82.89,82.91,82.68,82.82,24396.22
1777522200000,82.83,82.84,82.74,82.83,6577.92
1777522500000,82.83,82.85,82.62,82.68,11697.37
1777522800000,82.68,82.74,82.61,82.69,10392.69
1777523100000,82.68,82.76,82.68,82.72,11431.44
1777523400000,82.71,82.72,82.43,82.43,32788.33
1777523700000,82.44,82.51,82.33,82.34,24367.67
1777524000000,82.35,82.42,82.34,82.35,18089.14
1777524300000,82.35,82.45,82.33,82.44,15007.06
1777524600000,82.43,82.45,82.37,82.38,5962.37
1777524900000,82.38,82.42,82.33,82.37,5253.55
1777525200000,82.37,82.49,82.28,82.37,36101.57
1777525500000,82.37,82.53,82.37,82.52,4354.68
1777525800000,82.52,82.53,82.47,82.47,7091.22
1777526100000,82.47,82.54,82.42,82.46,6396.4
1777526400000,82.45,82.49,82.4,82.42,5849.7
1777526700000,82.42,82.42,82.11,82.27,29996.05
1777527000000,82.26,82.6,82.25,82.59,17312.71
1777527300000,82.59,82.74,82.58,82.66,33894.31
1777527600000,82.66,82.74,82.63,82.64,8626.95
1777527900000,82.64,82.67,82.58,82.63,9753.71
1777528200000,82.62,82.71,82.6,82.61,7961.18
1777528500000,82.61,82.66,82.52,82.54,9027.58
1777528800000,82.54,82.59,82.49,82.58,13562.66
1777529100000,82.58,82.63,82.55,82.6,12974.33
1777529400000,82.6,82.6,82.5,82.57,5739.01
1777529700000,82.57,82.7,82.56,82.68,8428.4
1777530000000,82.67,82.73,82.63,82.66,15704.71
1777530300000,82.65,82.74,82.65,82.73,3570.39
1777530600000,82.73,82.97,82.73,82.97,27838.94
1777530900000,82.96,83.04,82.91,82.92,27094.45
1777531200000,82.91,82.93,82.83,82.85,7493.13
1777531500000,82.84,82.89,82.78,82.83,6281.94
1777531800000,82.83,82.92,82.82,82.91,5558.11
1777532100000,82.9,82.94,82.86,82.89,3139.96
1777532400000,82.89,82.95,82.88,82.94,3736.86
1777532700000,82.95,83.02,82.83,82.98,20917.3
1777533000000,82.98,83.04,82.95,83.0,7785.91
1777533300000,83.0,83.06,82.98,82.98,5320.88
1777533600000,82.98,83.04,82.96,83.04,7858.39
1777533900000,83.04,83.06,83.0,83.03,11493.22
1777534200000,83.03,83.24,83.01,83.21,30790.02
1777534500000,83.21,83.22,83.09,83.17,16011.91
1777534800000,83.18,83.19,83.12,83.18,15065.65
1777535100000,83.18,83.31,83.15,83.3,29011.58
1777535400000,83.3,83.34,83.16,83.23,17835.06
1777535700000,83.23,83.37,83.21,83.32,24648.94
1777536000000,83.32,83.33,83.19,83.31,29431.91
1777536300000,83.32,83.39,83.24,83.31,13570.36
1777536600000,83.3,83.32,83.24,83.26,8144.03
1777536900000,83.27,83.27,83.14,83.22,26310.89
1777537200000,83.22,83.34,83.15,83.22,18126.6
1777537500000,83.22,83.32,83.2,83.21,11544.19
1777537800000,83.2,83.22,83.14,83.15,11152.23
1777538100000,83.14,83.15,83.09,83.15,14645.14
1777538400000,83.14,83.19,83.11,83.19,8594.13
1777538700000,83.19,83.22,83.14,83.18,17406.3
1777539000000,83.17,83.19,83.1,83.16,14624.95
1777539300000,83.16,83.18,83.08,83.09,2655.63
1777539600000,83.09,83.12,83.07,83.12,5182.86
1777539900000,83.12,83.15,83.04,83.14,10141.75
1777540200000,83.14,83.15,83.05,83.11,13732.26
1777540500000,83.1,83.17,83.08,83.08,6857.76
1777540800000,83.08,83.12,83.03,83.11,4348.17
1777541100000,83.11,83.29,83.11,83.28,12179.65
1777541400000,83.28,83.53,83.28,83.32,40537.55
1777541700000,83.31,83.4,83.31,83.36,9996.24
1777542000000,83.36,83.37,83.19,83.2,18720.92
1777542300000,83.2,83.27,83.18,83.22,8504.9
1777542600000,83.23,83.26,83.2,83.22,6445.48
1777542900000,83.23,83.24,83.1,83.11,13648.08
1777543200000,83.11,83.17,83.06,83.14,9801.66
1777543500000,83.15,83.18,83.11,83.13,4589.51
1777543800000,83.13,83.13,82.96,82.98,29527.85
1777544100000,82.97,83.02,82.92,82.92,16205.13
1777544400000,82.93,82.98,82.92,82.92,14680.77
1777544700000,82.93,82.98,82.89,82.89,11637.66
1777545000000,82.9,83.01,82.89,82.94,15686.57
1777545300000,82.94,83.03,82.93,82.98,11507.61
1777545600000,82.98,82.99,82.92,82.97,10283.92
1777545900000,82.98,83.03,82.93,82.94,7400.32
1777546200000,82.95,82.99,82.91,82.95,7199.4
1777546500000,82.95,82.99,82.93,82.97,3237.72
1777546800000,82.97,83.02,82.96,83.02,7511.94
1777547100000,83.03,83.18,82.98,83.15,26865.88
1777547400000,83.15,83.34,83.15,83.2,19571.44
1777547700000,83.2,83.3,83.19,83.23,10688.65
1777548000000,83.22,83.24,83.15,83.15,5050.99
1777548300000,83.15,83.26,83.14,83.22,11067.21
1777548600000,83.23,83.23,83.08,83.13,5893.49
1777548900000,83.13,83.2,83.09,83.09,4447.52
1777549200000,83.08,83.08,82.86,82.89,18943.86
1777549500000,82.89,82.98,82.76,82.98,25831.73
1777549800000,82.98,83.0,82.9,82.94,7467.09
1777550100000,82.95,82.99,82.94,82.96,2879.06
1777550400000,82.96,83.09,82.95,83.04,9192.62
1777550700000,83.04,83.08,82.97,83.0,8165.36
1777551000000,83.0,83.1,82.99,83.1,6750.54
1777551300000,83.09,83.26,83.09,83.23,15450.32
1777551600000,83.24,83.44,83.22,83.4,28709.65
1777551900000,83.41,83.43,83.25,83.27,31585.87
1777552200000,83.28,83.34,83.23,83.25,17257.18
1777552500000,83.25,83.28,83.21,83.27,6967.57
1777552800000,83.28,83.28,83.15,83.18,12455.81
1777553100000,83.17,83.21,83.16,83.18,8457.49
1777553400000,83.17,83.26,83.13,83.18,17669.6
1777553700000,83.19,83.21,83.16,83.18,2611.79
1777554000000,83.17,83.26,83.17,83.24,7540.98
1777554300000,83.23,83.24,83.17,83.19,6698.7
1777554600000,83.19,83.21,83.09,83.1,13839.98
1777554900000,83.11,83.17,83.1,83.13,2764.82
1777555200000,83.13,83.18,83.1,83.11,7436.98
1777555500000,83.11,83.11,82.98,83.02,8868.55
1777555800000,83.02,83.09,82.82,83.04,30163.23
1777556100000,83.03,83.17,82.97,83.15,16961.57
1777556400000,83.16,83.49,83.14,83.49,34702.24
1777556700000,83.48,83.52,83.23,83.32,26383.09
1777557000000,83.31,83.36,83.17,83.19,13984.8
1777557300000,83.18,83.32,83.12,83.15,13406.19
1777557600000,83.15,83.36,83.12,83.27,7850.62
1777557900000,83.27,83.35,83.07,83.16,19232.51
1777558200000,83.15,83.17,82.98,83.1,17896.89
1777558500000,83.1,83.11,82.62,82.84,50046.18
1777558800000,82.83,82.98,82.79,82.89,16768.83
1777559100000,82.88,82.96,82.7,82.96,21908.29
1777559400000,82.96,83.28,82.9,82.99,33878.8
1777559700000,83.0,83.08,82.87,82.88,22563.12
1777560000000,82.88,83.1,82.86,83.06,20721.87
1777560300000,83.06,83.24,83.02,83.22,15594.39
1777560600000,83.21,83.33,83.17,83.19,23754.11
1777560900000,83.18,83.22,83.06,83.19,18492.03
1777561200000,83.19,83.31,82.97,83.1,32687.73
1777561500000,83.09,83.25,83.03,83.25,13228.65
1777561800000,83.25,83.29,83.14,83.28,14831.39
1777562100000,83.27,83.29,83.17,83.24,5565.03
1777562400000,83.25,83.26,83.17,83.23,15049.26
1777562700000,83.23,83.47,83.17,83.47,56378.54
1777563000000,83.47,83.8,83.33,83.36,90652.32
1777563300000,83.36,83.38,83.24,83.32,17230.88
1777563600000,83.31,83.34,83.18,83.27,10657.59
1777563900000,83.26,83.27,83.12,83.26,7608.72
1777564200000,83.25,83.38,83.24,83.35,11464.9
1777564500000,83.36,83.43,83.3,83.31,13983.91
1777564800000,83.3,83.36,83.16,83.33,19873.81
1777565100000,83.33,83.39,83.27,83.27,10940.8
1777565400000,83.27,83.37,83.24,83.34,5761.69
1777565700000,83.33,83.34,83.24,83.25,5111.44
1777566000000,83.24,83.27,83.17,83.18,5587.07
1777566300000,83.18,83.18,83.05,83.17,15153.68
1777566600000,83.18,83.2,83.1,83.19,8458.84
1777566900000,83.19,83.2,83.11,83.18,4683.03
1777567200000,83.18,83.2,83.13,83.15,8160.5
1777567500000,83.16,83.18,83.11,83.18,6081.2
1777567800000,83.17,83.2,83.06,83.11,4907.9
1777568100000,83.1,83.1,82.89,82.96,38670.43
1777568400000,82.97,83.06,82.95,83.0,16366.76
1777568700000,83.0,83.09,82.99,83.08,6384.5
1777569000000,83.07,83.07,82.89,82.99,8246.39
1777569300000,82.98,82.98,82.82,82.92,14710.65
1777569600000,82.92,82.95,82.88,82.91,5076.1
1777569900000,82.91,82.93,82.87,82.88,5444.3
1777570200000,82.88,83.04,82.83,82.93,16485.9
1777570500000,82.92,82.95,82.88,82.92,10729.02
1777570800000,82.92,82.95,82.9,82.95,3148.99
1777571100000,82.95,83.02,82.94,83.0,7576.69
1777571400000,82.99,83.02,82.95,83.0,4011.34
1777571700000,83.01,83.06,82.98,82.99,3914.59
1777572000000,82.99,83.26,82.99,83.2,15354.55
1777572300000,83.21,83.21,83.06,83.12,4300.62
1777572600000,83.11,83.11,83.03,83.03,6766.2
1777572900000,83.03,83.24,83.02,83.17,4910.71
1777573200000,83.17,83.18,83.11,83.14,2863.0
1777573500000,83.13,83.13,83.0,83.02,10429.59
1777573800000,83.01,83.09,82.95,83.02,6568.31
1777574100000,83.01,83.06,83.01,83.05,2019.3
1777574400000,83.05,83.15,83.02,83.1,6170.6
1777574700000,83.1,83.14,83.09,83.13,5630.54
1777575000000,83.13,83.21,83.11,83.11,5095.06
1777575300000,83.11,83.12,83.02,83.02,4498.85
1777575600000,83.02,83.06,82.97,83.0,7414.99
1777575900000,82.99,83.16,82.99,83.12,6886.69
1777576200000,83.12,83.23,83.11,83.15,14104.18
1777576500000,83.15,83.16,83.08,83.09,6484.23
1777576800000,83.08,83.14,83.04,83.13,7493.67
1777577100000,83.13,83.16,83.09,83.12,2478.43
1777577400000,83.12,83.19,83.11,83.16,4610.85
1777577700000,83.16,83.23,83.16,83.23,3501.13
1777578000000,83.23,83.25,83.19,83.21,4023.27
1777578300000,83.21,83.21,83.11,83.13,3242.79
1777578600000,83.13,83.15,83.01,83.05,9900.57
1777578900000,83.04,83.08,82.97,82.99,16207.44
1777579200000,82.99,83.03,82.93,82.97,14864.12
1777579500000,82.98,83.03,82.97,83.02,4444.41
1777579800000,83.01,83.11,82.97,83.06,6300.5
1777580100000,83.07,83.1,82.99,83.04,3479.81
1777580400000,83.03,83.16,83.03,83.1,3937.69
1777580700000,83.1,83.1,83.06,83.09,1456.04
1777581000000,83.09,83.12,83.02,83.1,7284.33
1777581300000,83.1,83.15,83.1,83.14,2726.62
1777581600000,83.13,83.16,83.09,83.12,1349.78
1777581900000,83.11,83.14,83.05,83.12,3279.12
1777582200000,83.12,83.13,83.09,83.09,2760.71
1777582500000,83.09,83.11,83.05,83.05,1174.8
1777582800000,83.05,83.09,83.05,83.08,3623.09
1777583100000,83.08,83.1,83.01,83.02,3664.97
1777583400000,83.01,83.11,83.01,83.1,2727.49
1777583700000,83.1,83.11,83.03,83.03,1531.66
1777584000000,83.03,83.07,82.97,82.99,2832.91
1777584300000,82.99,83.01,82.92,82.94,5042.42
1777584600000,82.94,82.99,82.92,82.98,3870.75
1777584900000,82.99,83.03,82.96,82.96,3354.62
1777585200000,82.96,83.02,82.94,82.96,5282.07
1777585500000,82.96,82.96,82.86,82.91,7741.14
1777585800000,82.9,82.93,82.84,82.85,4758.5
1777586100000,82.84,82.89,82.8,82.83,6571.68
1777586400000,82.84,82.92,82.77,82.81,20838.28
1777586700000,82.81,82.87,82.79,82.8,8583.04
1777587000000,82.8,82.88,82.77,82.87,6324.13
1777587300000,82.87,82.97,82.85,82.91,14177.62
1777587600000,82.9,82.94,82.9,82.93,1509.24
1777587900000,82.93,82.98,82.92,82.97,2058.19
1777588200000,82.97,83.0,82.86,82.88,7503.43
1777588500000,82.88,82.89,82.77,82.81,8839.03
1777588800000,82.82,82.88,82.81,82.87,3677.68
1777589100000,82.87,82.88,82.82,82.87,7388.81
1777589400000,82.87,82.9,82.78,82.8,11829.32
1777589700000,82.8,82.82,82.74,82.82,8348.48
1777590000000,82.81,82.87,82.81,82.86,11116.79
1777590300000,82.86,82.92,82.8,82.81,4570.58
1777590600000,82.81,82.92,82.8,82.91,3397.21
1777590900000,82.91,82.95,82.91,82.93,3169.01
1777591200000,82.94,82.96,82.91,82.95,2315.4
1777591500000,82.96,82.97,82.91,82.97,1541.56
1777591800000,82.97,83.05,82.97,82.98,15902.49
1777592100000,82.99,83.01,82.98,82.99,1938.47
1777592400000,82.99,83.0,82.96,82.98,1360.38
1777592700000,82.98,83.01,82.95,83.0,2114.45
1777593000000,83.01,83.05,83.0,83.02,2611.62
1777593300000,83.02,83.05,82.97,83.04,17264.9
1777593600000,83.04,83.28,83.02,83.25,16956.71
1777593900000,83.24,83.27,83.17,83.25,7060.67
1777594200000,83.25,83.27,83.2,83.21,9956.04
1777594500000,83.22,83.32,83.22,83.25,18486.07
1777594800000,83.24,83.25,83.19,83.2,3771.67
1777595100000,83.2,83.25,83.19,83.23,3560.63
1777595400000,83.24,83.29,83.12,83.15,21479.51
1777595700000,83.16,83.21,83.15,83.19,11515.4
1777596000000,83.19,83.28,83.19,83.27,4318.46
1777596300000,83.27,83.38,83.16,83.16,21148.99
1777596600000,83.17,83.19,83.13,83.15,5721.23
1777596900000,83.16,83.18,83.09,83.15,8445.33
1777597200000,83.16,83.2,83.15,83.19,2352.32
1777597500000,83.19,83.43,83.19,83.33,11076.96
1777597800000,83.33,83.39,83.25,83.32,16538.05
1777598100000,83.32,83.41,83.32,83.4,5778.8
1777598400000,83.39,83.41,83.35,83.36,5362.19
1777598700000,83.36,83.37,83.3,83.32,5071.91
1777599000000,83.32,83.36,83.3,83.35,5944.0
1777599300000,83.36,83.4,83.35,83.4,3685.85
1777599600000,83.4,83.51,83.38,83.51,21861.78
1777599900000,83.5,83.61,83.47,83.58,80786.95
1777600200000,83.58,83.64,83.57,83.6,11881.94
1777600500000,83.6,83.64,83.56,83.57,10107.79
1777600800000,83.58,83.61,83.52,83.57,16604.09
1777601100000,83.56,83.69,83.54,83.66,10637.73
1777601400000,83.66,83.66,83.59,83.59,11339.29
1777601700000,83.6,83.66,83.54,83.54,8664.23
1777602000000,83.55,83.55,83.46,83.5,16153.65
1777602300000,83.5,83.52,83.48,83.5,2847.88
1777602600000,83.5,83.52,83.42,83.43,12852.31
1777602900000,83.44,83.52,83.43,83.49,6332.91
1777603200000,83.49,83.51,83.47,83.48,2589.51
1777603500000,83.48,83.74,83.46,83.72,59876.99
1777603800000,83.72,83.82,83.58,83.6,100833.07
1777604100000,83.59,83.6,83.52,83.59,11023.15
1777604400000,83.58,83.58,83.53,83.54,6247.69
1777604700000,83.54,83.68,83.53,83.65,11599.51
1777605000000,83.66,83.71,83.59,83.59,7986.04
1777605300000,83.6,84.09,83.59,84.09,80683.35
1777605600000,84.09,84.37,83.97,84.14,171470.71
1777605900000,84.15,84.23,84.04,84.1,37023.23
1777606200000,84.1,84.2,84.06,84.11,37445.09
1777606500000,84.12,84.18,83.93,83.95,22648.97
1777606800000,83.94,83.97,83.8,83.95,30543.87
1777607100000,83.95,84.0,83.91,83.94,11464.04
1777607400000,83.95,83.99,83.9,83.91,9511.53
1777607700000,83.91,83.91,83.82,83.87,11336.97
1777608000000,83.87,83.97,83.85,83.93,26921.07
1777608300000,83.93,84.04,83.9,83.94,34540.44
1777608600000,83.94,83.98,83.87,83.88,11719.29
1777608900000,83.88,83.98,83.87,83.98,7968.86
1777609200000,83.98,83.98,83.89,83.93,13000.42
1777609500000,83.92,83.96,83.64,83.7,39571.31
1777609800000,83.69,83.76,83.65,83.76,66691.54
1777610100000,83.76,83.81,83.75,83.81,6263.83
1777610400000,83.8,83.83,83.73,83.81,11052.03
1777610700000,83.82,83.85,83.78,83.83,5462.61
1777611000000,83.83,83.87,83.8,83.81,10718.58
1777611300000,83.81,83.83,83.77,83.79,4398.49
1777611600000,83.79,83.87,83.71,83.87,13948.69
1777611900000,83.87,84.17,83.86,84.1,75511.25
1777612200000,84.11,84.22,84.07,84.07,55040.21
1777612500000,84.07,84.08,83.93,83.95,12161.97
1777612800000,83.94,84.02,83.94,83.99,8627.12
1777613100000,83.99,84.01,83.93,83.94,2643.01
1777613400000,83.93,83.98,83.92,83.97,11141.8
1777613700000,83.98,84.08,83.91,84.07,30903.58
1777614000000,84.06,84.13,84.04,84.09,18320.42
1777614300000,84.1,84.15,84.05,84.11,10353.72
1777614600000,84.11,84.12,84.05,84.05,3703.29
1777614900000,84.05,84.07,84.0,84.03,4473.67
1777615200000,84.03,84.05,83.99,84.03,14182.58
1777615500000,84.02,84.1,84.01,84.05,6981.38
1777615800000,84.05,84.09,83.99,84.09,6949.26
1777616100000,84.09,84.15,84.09,84.12,7195.86
1777616400000,84.11,84.12,84.04,84.07,4420.28
1777616700000,84.06,84.1,84.03,84.03,5231.13
1777617000000,84.03,84.04,83.96,83.99,5278.89
1777617300000,83.99,84.02,83.86,83.9,12824.26
1777617600000,83.89,83.92,83.79,83.88,41807.53
1777617900000,83.88,83.88,83.74,83.76,13141.32
1777618200000,83.76,83.78,83.65,83.76,22833.51
1777618500000,83.77,83.92,83.76,83.81,11789.52
1777618800000,83.81,83.85,83.72,83.75,22883.21
1777619100000,83.75,83.88,83.75,83.87,8390.86
1777619400000,83.88,83.93,83.85,83.88,9692.12
1777619700000,83.88,83.94,83.83,83.88,17914.56
1777620000000,83.88,83.95,83.73,83.74,58580.18
1777620300000,83.75,83.77,83.64,83.64,14473.8
1777620600000,83.64,83.84,83.63,83.8,75752.54
1777620900000,83.79,83.82,83.77,83.79,9112.58
1777621200000,83.79,83.82,83.64,83.7,56484.56
1777621500000,83.7,83.87,83.7,83.84,45039.72
1777621800000,83.83,83.91,83.83,83.91,8584.55
1777622100000,83.91,83.92,83.88,83.92,15747.4
1777622400000,83.92,83.93,83.86,83.89,24079.14
1777622700000,83.9,83.93,83.88,83.93,3965.65
1777623000000,83.93,84.12,83.93,84.12,20288.62
1777623300000,84.12,84.27,84.08,84.11,51435.54
1777623600000,84.11,84.2,84.08,84.17,21202.69
1777623900000,84.17,84.17,84.11,84.11,17120.17
1777624200000,84.12,84.14,84.08,84.09,20583.42
1777624500000,84.09,84.11,84.03,84.1,27702.67
1777624800000,84.09,84.16,84.08,84.11,11962.68
1777625100000,84.11,84.12,84.07,84.12,7302.5
1777625400000,84.12,84.15,84.11,84.12,7806.01
1777625700000,84.13,84.15,84.12,84.14,3523.04
1777626000000,84.14,84.14,84.03,84.05,8260.0
1777626300000,84.06,84.09,84.05,84.06,2809.09
1777626600000,84.07,84.1,84.06,84.09,2494.45
1777626900000,84.09,84.09,83.95,84.0,27011.8
1777627200000,84.0,84.02,83.92,83.98,9758.87
1777627500000,83.98,84.0,83.95,84.0,6230.62
1777627800000,83.99,83.99,83.92,83.95,11598.72
1777628100000,83.94,83.96,83.91,83.92,10910.94
1777628400000,83.92,84.04,83.88,84.03,16351.43
1777628700000,84.03,84.03,83.88,83.89,12632.63
1777629000000,83.89,83.96,83.88,83.9,7231.99
1777629300000,83.9,83.93,83.9,83.92,7624.04
1777629600000,83.92,83.92,83.85,83.85,5252.27
1777629900000,83.86,83.89,83.83,83.84,4278.13
1777630200000,83.83,83.83,83.64,83.79,54450.78
1777630500000,83.78,83.89,83.76,83.89,15477.54
1777630800000,83.89,84.04,83.87,83.97,10442.05
1777631100000,83.97,83.98,83.91,83.94,11296.83
1777631400000,83.93,83.97,83.85,83.87,8693.43
1777631700000,83.88,83.88,83.78,83.79,4172.81
1777632000000,83.79,83.82,83.78,83.82,4284.17
1777632300000,83.82,83.87,83.82,83.87,1763.9
1777632600000,83.87,83.89,83.86,83.88,2070.62
1777632900000,83.88,83.93,83.87,83.91,6547.42
1777633200000,83.9,83.96,83.86,83.89,6015.44
1777633500000,83.89,83.9,83.85,83.88,4102.4
1777633800000,83.89,83.93,83.87,83.92,6691.28
1777634100000,83.92,84.01,83.89,84.01,13665.41
1777634400000,84.01,84.18,83.92,83.94,23789.96
1777634700000,83.95,83.98,83.86,83.87,11920.42
1777635000000,83.88,83.94,83.87,83.87,5678.76
1777635300000,83.88,83.89,83.82,83.88,8067.86
1777635600000,83.87,83.92,83.85,83.91,8378.98
1777635900000,83.91,83.92,83.83,83.86,6472.57
1777636200000,83.87,83.92,83.86,83.91,2530.98
1777636500000,83.91,83.99,83.9,83.99,2381.02
1777636800000,83.99,84.02,83.88,83.98,16814.28
1777637100000,83.99,83.99,83.89,83.92,24069.4
1777637400000,83.91,84.2,83.88,84.05,25063.83
1777637700000,84.04,84.22,84.04,84.18,36515.16
1777638000000,84.19,84.34,84.18,84.31,112219.7
1777638300000,84.31,84.42,84.3,84.32,43353.07
1777638600000,84.32,84.55,84.32,84.37,70682.87
1777638900000,84.36,84.52,84.34,84.4,38412.1
1777639200000,84.4,84.47,84.28,84.28,31332.87
1777639500000,84.29,84.37,84.27,84.33,20055.73
1777639800000,84.34,84.37,84.27,84.27,8505.31
1777640100000,84.27,84.31,84.22,84.23,12031.41
1777640400000,84.23,84.47,84.23,84.44,22393.42
1777640700000,84.44,84.52,84.43,84.45,20239.63
1777641000000,84.45,84.61,84.43,84.49,39987.38
1777641300000,84.49,84.56,84.41,84.43,26544.11
1777641600000,84.44,84.45,84.38,84.4,15158.94
1777641900000,84.39,84.4,84.33,84.35,10828.19
1777642200000,84.35,84.58,84.28,84.47,44354.75
1777642500000,84.48,84.55,84.31,84.33,37187.19
1777642800000,84.32,84.37,84.19,84.28,35813.81
1777643100000,84.29,84.36,84.21,84.32,22182.92
1777643400000,84.31,84.78,84.31,84.65,97758.31
1777643700000,84.66,84.82,84.53,84.57,41586.86
1777644000000,84.57,84.7,84.44,84.52,62621.15
1777644300000,84.51,84.56,84.38,84.46,24908.21
1777644600000,84.46,84.65,84.4,84.41,30863.48
1777644900000,84.4,84.46,84.27,84.3,20945.44
1777645200000,84.29,84.39,84.26,84.28,15736.17
1777645500000,84.28,84.28,84.06,84.12,117243.88
1777645800000,84.12,84.14,84.01,84.04,21014.63
1777646100000,84.04,84.09,83.82,84.05,59084.09
1777646400000,84.05,84.2,84.03,84.14,15925.2
1777646700000,84.14,84.3,84.11,84.26,23076.77
1777647000000,84.25,84.27,84.11,84.12,19917.67
1777647300000,84.12,84.19,84.11,84.16,12703.97
1777647600000,84.15,84.17,83.95,84.06,22143.8
1777647900000,84.07,84.11,84.03,84.11,11677.35
1777648200000,84.1,84.25,84.07,84.25,11790.26
1777648500000,84.24,84.37,84.23,84.34,24188.36
1777648800000,84.34,84.43,84.27,84.27,22339.49
1777649100000,84.28,84.35,84.27,84.32,7867.6
1777649400000,84.32,84.4,84.32,84.39,9051.14
1777649700000,84.39,84.58,84.35,84.48,36281.64
1777650000000,84.48,84.53,84.44,84.45,15789.15
1777650300000,84.46,84.48,84.44,84.46,10820.89
1777650600000,84.47,84.47,83.98,84.33,96717.7
1777650900000,84.33,84.42,84.26,84.42,23833.05
1777651200000,84.41,84.59,84.4,84.49,22094.29
1777651500000,84.5,84.51,84.29,84.29,15222.83
1777651800000,84.29,84.33,84.21,84.21,12722.49
1777652100000,84.21,84.25,84.14,84.17,19147.52
1777652400000,84.17,84.43,84.08,84.22,65147.13
1777652700000,84.22,84.34,84.11,84.25,29700.59
1777653000000,84.24,84.28,84.08,84.19,14814.69
1777653300000,84.19,84.23,84.11,84.23,5334.08
1777653600000,84.23,84.27,84.17,84.19,4544.82
1777653900000,84.19,84.19,84.11,84.12,3374.15
1777654200000,84.13,84.24,84.11,84.22,9392.8
1777654500000,84.22,84.26,83.95,83.96,33911.55
1777654800000,83.97,84.04,83.89,83.89,28342.4
1777655100000,83.89,84.04,83.88,84.02,12942.4
1777655400000,84.02,84.18,84.02,84.17,10464.58
1777655700000,84.18,84.2,84.08,84.13,7533.5
1777656000000,84.13,84.14,84.04,84.07,5867.84
1777656300000,84.07,84.08,83.9,83.94,11305.98
1777656600000,83.95,83.97,83.86,83.92,15690.88
1777656900000,83.91,84.17,83.9,84.15,16422.8
1777657200000,84.14,84.18,84.04,84.07,9863.25
1777657500000,84.07,84.09,84.03,84.08,4817.83
1777657800000,84.09,84.16,84.05,84.11,8641.76
1777658100000,84.12,84.23,84.09,84.19,10158.25
1777658400000,84.18,84.19,84.09,84.16,5370.24
1777658700000,84.16,84.23,84.11,84.16,8987.2
1777659000000,84.16,84.23,84.15,84.19,5397.28
1777659300000,84.18,84.21,84.09,84.2,3087.61
1777659600000,84.2,84.28,84.13,84.14,12376.78
1777659900000,84.14,84.15,84.04,84.15,18830.69
1777660200000,84.15,84.15,84.05,84.08,6611.67
1777660500000,84.08,84.12,84.01,84.11,5510.37
1777660800000,84.11,84.11,83.99,83.99,8451.61
1777661100000,84.0,84.0,83.96,84.0,3702.2
1777661400000,84.0,84.0,83.96,83.96,4685.22
1777661700000,83.97,83.98,83.93,83.94,4225.01
1777662000000,83.94,83.97,83.9,83.96,8688.84
1777662300000,83.97,84.03,83.96,84.01,5310.43
1777662600000,84.0,84.02,83.95,84.0,6260.42
1777662900000,84.0,84.0,83.75,83.86,15460.14
1777663200000,83.86,83.91,83.84,83.9,5752.89
1777663500000,83.9,83.96,83.89,83.9,5706.81
1777663800000,83.89,83.9,83.8,83.84,7047.9
1777664100000,83.84,83.84,83.8,83.83,18469.96
1777664400000,83.83,83.84,83.77,83.8,17073.2
1777664700000,83.79,83.82,83.73,83.77,17192.0
1777665000000,83.77,83.81,83.74,83.77,11539.38
1777665300000,83.76,83.87,83.73,83.83,5421.83
1777665600000,83.84,83.88,83.76,83.81,13021.49
1777665900000,83.81,83.81,83.68,83.8,13819.06
1777666200000,83.8,83.81,83.78,83.79,4085.35
1777666500000,83.8,83.83,83.74,83.77,8852.21
1777666800000,83.77,83.78,83.65,83.69,14891.68
1777667100000,83.68,83.79,83.68,83.77,9390.45
1777667400000,83.76,83.8,83.7,83.71,34039.32
1777667700000,83.7,83.75,83.67,83.68,2623.45
1777668000000,83.68,83.68,83.49,83.58,44377.9
1777668300000,83.57,83.67,83.56,83.59,4704.24
1777668600000,83.58,83.61,83.26,83.43,39342.85
1777668900000,83.42,83.44,83.27,83.44,21088.39
1777669200000,83.44,83.53,83.4,83.42,20571.76
1777669500000,83.42,83.45,83.38,83.45,12272.98
1777669800000,83.45,83.52,83.43,83.48,11890.05
1777670100000,83.48,83.54,83.44,83.52,4385.28
1777670400000,83.51,83.57,83.5,83.54,5249.6
1777670700000,83.54,83.62,83.52,83.55,4415.51
1777671000000,83.55,83.72,83.54,83.66,14585.17
1777671300000,83.67,83.71,83.65,83.7,11124.31
1777671600000,83.7,83.76,83.58,83.63,18502.63
1777671900000,83.64,83.7,83.6,83.69,8786.77
1777672200000,83.69,83.7,83.62,83.69,4100.78
1777672500000,83.68,83.72,83.66,83.67,2174.88
1777672800000,83.67,83.77,83.64,83.69,11184.02
1777673100000,83.68,83.72,83.64,83.72,2824.62
1777673400000,83.72,83.72,83.65,83.67,5138.96
1777673700000,83.67,83.79,83.65,83.78,10774.59
1777674000000,83.78,83.84,83.76,83.83,7868.81
1777674300000,83.83,83.85,83.75,83.76,6407.81
1777674600000,83.75,83.77,83.7,83.7,4303.03
1777674900000,83.69,83.69,83.65,83.67,7466.94
1777675200000,83.67,83.7,83.65,83.68,4894.17
1777675500000,83.69,83.69,83.53,83.57,9246.75
1777675800000,83.57,83.66,83.54,83.66,5676.25
1777676100000,83.66,83.73,83.65,83.71,7529.1
1777676400000,83.7,83.71,83.64,83.7,13064.87
1777676700000,83.69,83.71,83.64,83.66,12284.99
1777677000000,83.66,83.78,83.66,83.76,14048.11
1777677300000,83.75,83.84,83.52,83.53,81541.32
1777677600000,83.53,83.63,83.51,83.62,11287.7
1777677900000,83.62,83.64,83.51,83.54,8815.46
1777678200000,83.54,83.59,83.53,83.58,5440.36
1777678500000,83.58,83.65,83.58,83.65,6585.42
1777678800000,83.65,83.69,83.63,83.63,2908.37
1777679100000,83.64,83.69,83.63,83.67,2351.24
1777679400000,83.66,83.7,83.64,83.65,4617.32
1777679700000,83.64,83.73,83.64,83.71,4645.94
1777680000000,83.71,83.73,83.66,83.66,10323.24
1777680300000,83.65,83.66,83.61,83.63,5681.4
1777680600000,83.63,83.64,83.6,83.62,7944.98
1777680900000,83.62,83.62,83.55,83.57,3829.29
1777681200000,83.56,83.64,83.53,83.64,9077.29
1777681500000,83.64,83.66,83.47,83.49,21941.26
1777681800000,83.48,83.55,83.48,83.5,14521.62
1777682100000,83.5,83.66,83.38,83.65,110019.57
1777682400000,83.65,83.71,83.64,83.71,13434.72
1777682700000,83.7,83.74,83.64,83.71,9679.19
1777683000000,83.72,83.83,83.71,83.77,8683.28
1777683300000,83.77,83.79,83.75,83.79,4514.14
1777683600000,83.78,83.79,83.72,83.75,5303.2
1777683900000,83.75,83.87,83.74,83.87,21569.38
1777684200000,83.87,83.88,83.8,83.86,7610.3
1777684500000,83.85,83.85,83.76,83.78,6938.19
1777684800000,83.78,83.8,83.74,83.8,7065.02
1777685100000,83.8,83.8,83.75,83.8,4310.01
1777685400000,83.8,83.93,83.79,83.91,10423.24
1777685700000,83.91,83.91,83.8,83.9,7689.63
1777686000000,83.89,83.93,83.85,83.93,8734.97
1777686300000,83.92,83.97,83.89,83.95,10290.49
1777686600000,83.95,84.01,83.93,83.99,24380.39
1777686900000,83.98,84.0,83.94,84.0,20084.12
1777687200000,84.0,84.2,83.89,83.93,153546.24
1777687500000,83.93,83.93,83.84,83.86,10916.93
1777687800000,83.86,84.0,83.8,83.93,90486.54
1777688100000,83.92,83.99,83.91,83.99,10748.05
1777688400000,83.99,83.99,83.92,83.93,6999.87
1777688700000,83.92,83.95,83.86,83.87,5882.46
1777689000000,83.87,83.9,83.85,83.88,15064.64
1777689300000,83.88,83.97,83.88,83.97,5069.16
1777689600000,83.96,83.99,83.88,83.88,7105.69
1777689900000,83.88,83.93,83.86,83.86,7854.01
1777690200000,83.87,84.06,83.87,83.95,81779.36
1777690500000,83.95,83.98,83.89,83.89,5906.27
1777690800000,83.89,83.9,83.84,83.89,8958.9
1777691100000,83.88,83.89,83.75,83.76,8031.12
1777691400000,83.75,83.77,83.66,83.73,36554.35
1777691700000,83.73,83.79,83.69,83.76,8727.74
1777692000000,83.75,83.86,83.75,83.84,9171.23
1777692300000,83.83,83.87,83.81,83.82,10875.95
1777692600000,83.81,83.88,83.78,83.86,5093.55
1777692900000,83.86,83.93,83.79,83.79,8804.87
1777693200000,83.79,83.8,83.74,83.76,2321.32
1777693500000,83.76,83.76,83.73,83.75,2443.2
1777693800000,83.74,83.79,83.74,83.76,3631.73
1777694100000,83.77,83.83,83.76,83.76,7486.32
1777694400000,83.76,83.79,83.72,83.72,7512.42
1777694700000,83.72,83.73,83.58,83.63,46405.02
1777695000000,83.63,83.65,83.61,83.62,10515.01
1777695300000,83.62,83.65,83.59,83.64,7539.77
1777695600000,83.64,83.65,83.59,83.61,5426.57
1777695900000,83.62,83.64,83.61,83.62,5827.57
1777696200000,83.62,83.67,83.6,83.65,7225.15
1777696500000,83.66,83.71,83.65,83.65,4713.5
1777696800000,83.64,83.65,83.58,83.61,6452.77
1777697100000,83.6,83.62,83.51,83.59,18024.58
1777697400000,83.58,83.59,83.51,83.57,16519.58
1777697700000,83.57,83.59,83.53,83.58,5063.11
1777698000000,83.59,83.59,83.53,83.58,7017.3
1777698300000,83.57,83.63,83.57,83.59,6200.95
1777698600000,83.59,83.61,83.5,83.54,16428.37
1777698900000,83.53,83.55,83.49,83.5,9002.73
1777699200000,83.49,83.55,83.49,83.55,6094.57
1777699500000,83.55,83.59,83.53,83.59,5279.34
1777699800000,83.58,83.66,83.58,83.62,7504.85
1777700100000,83.63,83.66,83.6,83.65,5334.08
1777700400000,83.65,83.66,83.63,83.63,4160.7
1777700700000,83.63,83.69,83.6,83.62,10933.17
1777701000000,83.62,83.67,83.59,83.66,6326.54
1777701300000,83.66,83.67,83.63,83.63,2443.53
1777701600000,83.63,83.69,83.63,83.68,7276.28
1777701900000,83.68,83.72,83.67,83.68,5615.77
1777702200000,83.67,83.69,83.6,83.6,4839.21
1777702500000,83.61,83.65,83.61,83.63,1709.48
1777702800000,83.62,83.63,83.54,83.57,4639.61
1777703100000,83.58,83.6,83.51,83.52,9610.75
1777703400000,83.51,83.55,83.51,83.55,7739.21
1777703700000,83.54,83.6,83.54,83.59,17925.89
1777704000000,83.58,83.61,83.57,83.59,6792.83
1777704300000,83.59,83.67,83.59,83.66,5274.77
1777704600000,83.66,83.74,83.64,83.73,10382.17
1777704900000,83.73,83.8,83.71,83.76,10893.91
1777705200000,83.76,83.8,83.73,83.75,8170.96
1777705500000,83.74,83.75,83.73,83.74,1204.9
1777705800000,83.73,83.75,83.7,83.73,8630.79
1777706100000,83.73,83.75,83.71,83.72,7830.02
1777706400000,83.72,83.76,83.71,83.74,3117.73
1777706700000,83.73,83.75,83.72,83.73,4743.72
1777707000000,83.73,83.74,83.67,83.68,11532.39
1777707300000,83.67,83.72,83.67,83.69,2174.11
1777707600000,83.69,83.7,83.64,83.7,5747.62
1777707900000,83.7,83.72,83.66,83.66,3204.27
1777708200000,83.66,83.69,83.65,83.68,3967.54
1777708500000,83.68,83.7,83.66,83.67,1934.64
1777708800000,83.67,83.67,83.57,83.63,7967.38
1777709100000,83.62,83.64,83.6,83.63,5744.5
1777709400000,83.63,83.67,83.62,83.66,3780.57
1777709700000,83.65,83.66,83.6,83.63,4396.93
1777710000000,83.63,83.68,83.63,83.67,3480.67
1777710300000,83.67,83.69,83.65,83.66,5298.81
1777710600000,83.67,83.74,83.66,83.73,10355.05
1777710900000,83.73,83.75,83.7,83.74,3742.05
1777711200000,83.73,83.79,83.73,83.77,5962.98
1777711500000,83.77,83.81,83.76,83.81,11623.75
1777711800000,83.8,83.83,83.8,83.81,8546.45
1777712100000,83.8,83.81,83.76,83.78,5821.21
1777712400000,83.79,83.8,83.77,83.79,3606.57
1777712700000,83.8,83.83,83.78,83.82,4199.18
1777713000000,83.82,83.84,83.81,83.81,5110.43
1777713300000,83.82,83.87,83.8,83.87,10130.0
1777713600000,83.87,83.92,83.86,83.9,11459.0
1777713900000,83.89,83.9,83.86,83.86,4962.51
1777714200000,83.86,83.92,83.8,83.92,6081.66
1777714500000,83.92,84.0,83.91,83.92,21413.25
1777714800000,83.92,83.95,83.89,83.91,14580.06
1777715100000,83.91,83.99,83.91,83.95,16072.62
1777715400000,83.96,84.01,83.95,84.0,12064.41
1777715700000,84.0,84.11,83.92,83.95,77751.11
1777716000000,83.95,83.96,83.91,83.95,8912.3
1777716300000,83.96,83.96,83.89,83.92,6101.4
1777716600000,83.91,83.93,83.9,83.91,10005.12
1777716900000,83.91,83.93,83.88,83.9,6371.3
1777717200000,83.89,83.9,83.82,83.83,8476.07
1777717500000,83.84,83.86,83.82,83.86,3724.22
1777717800000,83.86,83.86,83.81,83.85,1544.75
1777718100000,83.85,83.86,83.83,83.86,1335.61
1777718400000,83.85,83.89,83.84,83.89,3348.91
1777718700000,83.89,83.89,83.85,83.89,5156.15
1777719000000,83.89,83.9,83.87,83.87,1287.0
1777719300000,83.87,83.91,83.87,83.89,807.68
1777719600000,83.88,83.89,83.8,83.81,5989.07
1777719900000,83.8,83.83,83.77,83.77,4765.18
1777720200000,83.77,83.78,83.72,83.73,4008.23
1777720500000,83.72,83.75,83.72,83.73,4157.36
1777720800000,83.73,83.75,83.71,83.74,8706.4
1777721100000,83.74,83.74,83.7,83.7,9149.06
1777721400000,83.7,83.71,83.61,83.62,13776.5
1777721700000,83.61,83.68,83.46,83.66,108738.06
1777722000000,83.66,83.67,83.59,83.64,17449.75
1777722300000,83.64,83.64,83.55,83.57,23252.88
1777722600000,83.57,83.62,83.56,83.61,7448.35
1777722900000,83.61,83.64,83.6,83.64,6952.35
1777723200000,83.63,83.68,83.62,83.68,45212.76
1777723500000,83.68,83.77,83.66,83.7,20779.41
1777723800000,83.71,83.75,83.7,83.74,3443.21
1777724100000,83.74,83.81,83.74,83.8,14930.05
1777724400000,83.8,83.86,83.78,83.85,11135.67
1777724700000,83.86,84.01,83.85,84.0,35013.12
1777725000000,84.0,84.04,83.81,83.86,71360.89
1777725300000,83.87,83.9,83.76,83.78,11197.6
1777725600000,83.79,83.93,83.71,83.88,57541.35
1777725900000,83.87,83.9,83.86,83.89,6140.69
1777726200000,83.9,83.96,83.75,83.77,67985.93
1777726500000,83.78,83.85,83.77,83.81,26055.8
1777726800000,83.81,83.93,83.8,83.92,9158.98
1777727100000,83.92,83.94,83.87,83.92,8674.18
1777727400000,83.92,84.03,83.91,83.94,25534.94
1777727700000,83.94,83.94,83.89,83.91,7617.12
1777728000000,83.91,83.96,83.9,83.9,3692.19
1777728300000,83.9,83.92,83.87,83.88,4195.38
1777728600000,83.89,83.9,83.85,83.87,6175.55
1777728900000,83.87,83.88,83.82,83.84,3188.24
1777729200000,83.84,83.93,83.84,83.91,9646.63
1777729500000,83.91,83.92,83.86,83.86,3404.42
1777729800000,83.87,83.87,83.82,83.85,22682.03
1777730100000,83.86,83.94,83.85,83.89,4971.51
1777730400000,83.89,83.93,83.84,83.92,9492.54
1777730700000,83.92,83.95,83.88,83.89,4447.01
1777731000000,83.88,83.9,83.86,83.89,2044.76
1777731300000,83.88,83.95,83.88,83.93,2255.04
1777731600000,83.93,83.96,83.91,83.92,5671.92
1777731900000,83.93,84.04,83.91,83.94,13001.25
1777732200000,83.94,84.0,83.91,83.99,5587.03
1777732500000,83.99,84.01,83.9,83.91,9856.08
1777732800000,83.91,83.91,83.89,83.9,750.18
1777733100000,83.9,83.97,83.9,83.96,2105.57
1777733400000,83.96,84.02,83.92,83.92,7162.26
1777733700000,83.92,83.94,83.91,83.92,1814.02
1777734000000,83.92,83.94,83.91,83.94,2241.16
1777734300000,83.94,84.01,83.93,83.94,3310.84
1777734600000,83.95,83.95,83.92,83.94,3026.82
1777734900000,83.93,83.94,83.87,83.88,7502.07
1777735200000,83.87,83.95,83.87,83.94,3476.71
1777735500000,83.94,83.95,83.92,83.95,1462.11
1777735800000,83.94,83.96,83.9,83.96,3013.36
1777736100000,83.96,83.96,83.92,83.94,3754.1
1777736400000,83.94,83.95,83.93,83.93,5089.39
1777736700000,83.92,83.95,83.9,83.94,4082.32
1777737000000,83.94,84.0,83.93,84.0,5930.89
1777737300000,84.0,84.01,83.98,83.99,5133.63
1777737600000,83.99,84.02,83.97,83.98,7575.76
1777737900000,83.99,84.03,83.97,84.01,18664.28
1777738200000,84.01,84.07,84.0,84.06,19643.2
1777738500000,84.05,84.13,84.03,84.11,17145.26
1777738800000,84.12,84.17,84.07,84.07,14397.38
1777739100000,84.08,84.09,84.02,84.03,10278.0
1777739400000,84.03,84.04,83.99,84.0,13907.31
1777739700000,84.0,84.07,84.0,84.06,3747.44
1777740000000,84.06,84.12,84.03,84.05,6504.5
1777740300000,84.05,84.11,84.04,84.11,2458.34
1777740600000,84.11,84.19,84.1,84.17,7431.12
1777740900000,84.17,84.23,84.1,84.15,15107.16
1777741200000,84.15,84.17,84.06,84.09,12635.19
1777741500000,84.09,84.1,84.03,84.09,16134.37
1777741800000,84.08,84.1,84.04,84.05,5429.28
1777742100000,84.05,84.07,84.02,84.02,3031.3
1777742400000,84.03,84.03,83.98,83.99,8811.31
1777742700000,83.99,84.03,83.98,84.0,5021.89
1777743000000,84.01,84.07,84.0,84.07,3059.66
1777743300000,84.07,84.1,84.04,84.06,1720.0
1777743600000,84.07,84.07,83.97,83.99,4386.77
1777743900000,83.99,84.0,83.96,83.97,5469.94
1777744200000,83.96,83.99,83.95,83.99,7060.33
1777744500000,83.98,84.0,83.97,84.0,1380.98
1777744800000,83.99,84.01,83.91,83.93,6265.43
1777745100000,83.92,83.95,83.91,83.92,7099.71
1777745400000,83.92,83.93,83.88,83.91,9038.5
1777745700000,83.92,84.03,83.91,84.01,3393.4
1777746000000,84.02,84.08,84.01,84.05,2451.57
1777746300000,84.05,84.08,84.04,84.08,3802.73
1777746600000,84.07,84.14,84.05,84.11,4672.0
1777746900000,84.12,84.15,84.08,84.08,6867.73
1777747200000,84.09,84.13,84.08,84.11,5999.21
1777747500000,84.1,84.15,84.1,84.14,2704.89
1777747800000,84.14,84.16,84.12,84.14,2333.13
1777748100000,84.14,84.16,84.12,84.12,750.6
1777748400000,84.13,84.17,84.11,84.16,8102.84
1777748700000,84.17,84.18,84.16,84.17,1645.93
1777749000000,84.18,84.26,84.17,84.24,10055.85
1777749300000,84.23,84.24,84.16,84.17,6959.06
1777749600000,84.17,84.18,84.13,84.16,4510.33
1777749900000,84.16,84.18,84.15,84.16,1663.55
1777750200000,84.15,84.19,84.13,84.18,1459.27
1777750500000,84.18,84.18,84.16,84.17,541.49
1777750800000,84.17,84.23,84.16,84.2,3683.53
1777751100000,84.19,84.2,84.16,84.2,1339.09
1777751400000,84.2,84.2,84.15,84.15,1356.66
1777751700000,84.16,84.18,84.15,84.18,674.1
1777752000000,84.18,84.19,84.1,84.12,3424.88
1777752300000,84.12,84.12,84.11,84.12,1393.18
1777752600000,84.12,84.13,84.1,84.12,1768.05
1777752900000,84.12,84.14,84.11,84.13,954.48
1777753200000,84.13,84.15,84.12,84.12,1336.0
1777753500000,84.13,84.13,84.11,84.13,1367.21
1777753800000,84.13,84.16,84.12,84.13,1974.19
1777754100000,84.14,84.17,84.13,84.17,2454.44
1777754400000,84.16,84.17,84.09,84.1,2752.65
1777754700000,84.11,84.12,84.04,84.08,8015.11
1777755000000,84.08,84.16,84.07,84.14,2559.87
1777755300000,84.14,84.15,84.11,84.15,1201.21
1777755600000,84.15,84.17,84.13,84.14,1148.77
1777755900000,84.14,84.16,84.13,84.13,3142.0
1777756200000,84.14,84.15,84.11,84.12,4720.14
1777756500000,84.13,84.2,84.12,84.2,1435.29
1777756800000,84.2,84.21,84.19,84.21,981.77
1777757100000,84.2,84.3,84.2,84.3,14218.3
1777757400000,84.3,84.4,84.29,84.4,23247.26
1777757700000,84.4,84.95,84.35,84.66,170853.9
1777758000000,84.65,84.68,84.51,84.61,27491.54
1777758300000,84.61,84.77,84.6,84.7,38616.17
1777758600000,84.7,84.86,84.51,84.51,75877.27
1777758900000,84.52,84.6,84.5,84.52,10131.43
1777759200000,84.51,84.61,84.38,84.43,17979.47
1777759500000,84.43,84.48,84.38,84.42,9141.82
1777759800000,84.41,84.43,84.37,84.4,3927.18
1777760100000,84.4,84.4,84.21,84.22,16479.37
1777760400000,84.22,84.23,84.03,84.05,36034.19
1777760700000,84.06,84.28,84.02,84.19,45028.58
1777761000000,84.2,84.32,84.19,84.32,9288.01
1777761300000,84.33,84.34,84.21,84.21,7154.08
1777761600000,84.22,84.27,84.15,84.19,9998.36
1777761900000,84.2,84.3,84.19,84.28,15311.7
1777762200000,84.29,84.45,84.25,84.41,19139.15
1777762500000,84.41,84.52,84.39,84.41,8745.26
1777762800000,84.41,84.41,84.28,84.32,8193.37
1777763100000,84.31,84.33,84.26,84.29,6750.68
1777763400000,84.29,84.34,84.27,84.34,8119.96
1777763700000,84.34,84.4,84.33,84.35,11309.14
1777764000000,84.36,84.42,84.33,84.38,7699.33
1777764300000,84.38,84.44,84.36,84.44,6423.05
1777764600000,84.44,84.47,84.42,84.42,11649.87
1777764900000,84.43,84.44,84.35,84.36,9827.39
1777765200000,84.35,84.37,84.32,84.34,4524.47
1777765500000,84.33,84.34,84.26,84.31,12667.03
1777765800000,84.3,84.38,84.26,84.38,17836.41
1777766100000,84.38,84.45,84.18,84.24,74804.28
1777766400000,84.24,84.28,84.15,84.16,12938.8
1777766700000,84.16,84.16,84.04,84.07,25722.33
1777767000000,84.06,84.07,83.93,83.95,26565.05
1777767300000,83.95,84.07,83.77,84.05,95900.16
1777767600000,84.04,84.09,84.0,84.02,14882.4
1777767900000,84.01,84.1,84.01,84.1,6732.46
1777768200000,84.09,84.17,84.08,84.14,16444.15
1777768500000,84.14,84.15,84.11,84.14,4409.99
1777768800000,84.14,84.14,84.01,84.06,20872.22
1777769100000,84.06,84.06,83.9,83.94,11049.88
1777769400000,83.94,84.0,83.93,83.99,7146.05
1777769700000,84.0,84.05,83.98,84.05,2696.34
1777770000000,84.04,84.05,83.76,83.94,18113.69
1777770300000,83.94,83.99,83.9,83.94,6096.54
1777770600000,83.95,83.95,83.9,83.95,3539.04
1777770900000,83.95,83.98,83.78,83.8,9011.64
1777771200000,83.8,83.84,83.74,83.84,12089.74
1777771500000,83.83,83.86,83.8,83.84,6399.27
1777771800000,83.84,83.84,83.73,83.76,30896.11
1777772100000,83.75,83.77,83.69,83.72,14983.53
1777772400000,83.71,83.75,83.7,83.74,6468.49
1777772700000,83.73,83.79,83.71,83.79,3990.33
1777773000000,83.78,83.79,83.7,83.71,3580.37
1777773300000,83.71,83.73,83.7,83.71,4224.09
1777773600000,83.7,83.77,83.65,83.75,45414.86
1777773900000,83.75,83.77,83.72,83.73,11929.57
1777774200000,83.73,83.74,83.57,83.64,16186.47
1777774500000,83.65,83.67,83.59,83.6,9664.06
1777774800000,83.61,83.61,83.56,83.58,19298.4
1777775100000,83.58,83.6,83.56,83.56,5464.13
1777775400000,83.57,83.67,83.56,83.65,10365.42
1777775700000,83.65,83.65,83.56,83.6,10455.25
1777776000000,83.59,83.62,83.58,83.59,7799.55
1777776300000,83.6,83.66,83.59,83.64,12845.12
1777776600000,83.63,83.68,83.63,83.65,10863.08
1777776900000,83.64,83.65,83.61,83.64,4399.01
1777777200000,83.63,83.64,83.54,83.55,21230.33
1777777500000,83.55,83.59,83.55,83.58,8016.84
1777777800000,83.58,83.59,83.53,83.54,9685.53
1777778100000,83.54,83.57,83.53,83.56,3988.72
1777778400000,83.56,83.6,83.53,83.53,9578.06
1777778700000,83.54,83.61,83.53,83.57,3708.95
1777779000000,83.57,83.68,83.57,83.66,8970.83
1777779300000,83.66,83.69,83.66,83.66,6932.49
1777779600000,83.67,83.67,83.56,83.57,9585.83
1777779900000,83.57,83.63,83.54,83.63,9561.72
1777780200000,83.62,83.65,83.6,83.63,4538.8
1777780500000,83.63,83.64,83.6,83.61,4994.21
1777780800000,83.6,83.65,83.56,83.57,33011.25
1777781100000,83.57,83.61,83.52,83.52,12332.86
1777781400000,83.52,83.59,83.52,83.56,3667.16
1777781700000,83.57,83.6,83.56,83.56,5253.8
1777782000000,83.57,83.6,83.54,83.59,7786.46
1777782300000,83.59,83.63,83.57,83.63,6476.79
1777782600000,83.62,83.67,83.62,83.65,13047.77
1777782900000,83.65,83.67,83.62,83.65,2906.51
1777783200000,83.65,83.69,83.63,83.65,15967.43
1777783500000,83.65,83.66,83.62,83.62,7983.17
1777783800000,83.62,83.67,83.61,83.66,3234.35
1777784100000,83.66,83.67,83.63,83.63,6937.47
1777784400000,83.63,83.75,83.63,83.74,20099.83
1777784700000,83.74,83.79,83.72,83.75,15222.58
1777785000000,83.75,83.78,83.73,83.75,8700.44
1777785300000,83.76,83.79,83.7,83.7,14791.47
1777785600000,83.7,83.73,83.7,83.71,3018.56
1777785900000,83.7,83.73,83.68,83.72,11510.22
1777786200000,83.71,83.74,83.69,83.72,5286.35
1777786500000,83.73,83.73,83.68,83.68,10692.73
1777786800000,83.69,83.69,83.62,83.62,13146.07
1777787100000,83.61,83.71,83.61,83.71,4563.29
1777787400000,83.7,83.71,83.68,83.69,3752.36
1777787700000,83.7,83.7,83.69,83.69,786.47
1777788000000,83.69,83.69,83.63,83.65,6179.55
1777788300000,83.65,83.67,83.61,83.63,7486.64
1777788600000,83.63,83.68,83.59,83.6,4555.91
1777788900000,83.59,83.63,83.59,83.61,3686.75
1777789200000,83.61,83.62,83.6,83.6,8976.46
1777789500000,83.6,83.61,83.53,83.56,10829.88
1777789800000,83.56,83.62,83.56,83.6,4216.9
1777790100000,83.61,83.63,83.59,83.6,6947.2
1777790400000,83.59,83.64,83.58,83.63,12154.93
1777790700000,83.63,83.65,83.61,83.64,12160.99
1777791000000,83.63,83.83,83.63,83.77,22998.34
1777791300000,83.77,83.77,83.68,83.68,10107.66
1777791600000,83.69,83.85,83.68,83.82,23047.9
1777791900000,83.82,83.93,83.8,83.85,36393.79
1777792200000,83.84,83.88,83.77,83.78,9669.81
1777792500000,83.79,83.83,83.78,83.8,3942.1
1777792800000,83.8,83.88,83.8,83.88,3699.02
1777793100000,83.88,83.94,83.86,83.87,14353.87
1777793400000,83.88,83.96,83.87,83.88,6893.15
1777793700000,83.88,83.93,83.87,83.93,4489.2
1777794000000,83.92,83.96,83.87,83.87,7131.34
1777794300000,83.88,83.93,83.85,83.88,6457.57
1777794600000,83.88,83.89,83.82,83.82,8779.02
1777794900000,83.82,83.85,83.78,83.81,9620.57
1777795200000,83.82,83.91,83.81,83.9,4056.25
1777795500000,83.9,83.95,83.89,83.89,6593.75
1777795800000,83.88,83.93,83.88,83.92,3835.27
1777796100000,83.91,83.97,83.91,83.91,11713.6
1777796400000,83.92,83.94,83.83,83.85,8994.55
1777796700000,83.85,83.86,83.79,83.81,8392.6
1777797000000,83.82,83.84,83.76,83.77,5486.93
1777797300000,83.77,83.88,83.77,83.86,14981.5
1777797600000,83.85,83.88,83.83,83.87,3776.12
1777797900000,83.87,83.91,83.86,83.86,2914.72
1777798200000,83.87,83.9,83.84,83.84,4422.37
1777798500000,83.84,83.87,83.83,83.83,6485.11
1777798800000,83.84,83.86,83.82,83.84,3043.91
1777799100000,83.84,83.92,83.83,83.92,11517.87
1777799400000,83.91,83.92,83.89,83.89,3994.29
1777799700000,83.89,83.92,83.85,83.86,6363.65
1777800000000,83.87,83.94,83.86,83.93,8918.32
1777800300000,83.94,84.0,83.94,83.96,16445.64
1777800600000,83.96,83.98,83.85,83.88,9788.87
1777800900000,83.88,84.06,83.88,84.04,29260.24
1777801200000,84.04,84.04,83.95,83.95,21130.86
1777801500000,83.95,83.97,83.9,83.96,11871.26
1777801800000,83.96,84.03,83.95,84.0,12367.67
1777802100000,84.0,84.01,83.98,84.0,4498.78
1777802400000,84.0,84.01,83.95,83.95,5422.93
1777802700000,83.96,83.96,83.86,83.93,9973.45
1777803000000,83.93,83.98,83.91,83.95,6501.85
1777803300000,83.96,83.97,83.94,83.96,2556.47
1777803600000,83.97,83.97,83.9,83.91,6909.98
1777803900000,83.9,83.91,83.87,83.89,4836.65
1777804200000,83.9,83.99,83.89,83.96,6174.37
1777804500000,83.97,83.97,83.91,83.91,8896.54
1777804800000,83.92,83.95,83.89,83.89,5779.3
1777805100000,83.9,83.9,83.78,83.79,12653.17
1777805400000,83.79,83.82,83.77,83.81,12630.09
1777805700000,83.8,83.81,83.75,83.76,6836.48
1777806000000,83.76,83.77,83.68,83.73,37535.5
1777806300000,83.72,83.8,83.71,83.8,6247.9
1777806600000,83.79,83.92,83.79,83.84,10924.87
1777806900000,83.84,83.87,83.81,83.81,4217.26
1777807200000,83.82,83.82,83.8,83.81,2666.68
1777807500000,83.81,83.84,83.81,83.81,2782.88
1777807800000,83.81,83.95,83.81,83.94,6576.64
1777808100000,83.93,83.99,83.9,83.92,15761.48
1777808400000,83.92,84.1,83.92,84.02,35353.09
1777808700000,84.02,84.14,83.96,84.08,35944.12
1777809000000,84.07,84.09,83.94,83.95,9893.11
1777809300000,83.94,83.95,83.88,83.89,10448.83
1777809600000,83.9,84.03,83.9,83.99,9429.91
1777809900000,83.99,84.1,83.96,84.05,8956.53
1777810200000,84.04,84.2,84.04,84.13,23835.19
1777810500000,84.13,84.14,84.03,84.04,20440.69
1777810800000,84.04,84.08,84.02,84.06,6440.14
1777811100000,84.06,84.1,84.03,84.07,4420.17
1777811400000,84.07,84.09,84.01,84.06,5032.37
1777811700000,84.06,84.07,84.02,84.03,2563.45
1777812000000,84.03,84.08,84.02,84.08,8156.04
1777812300000,84.08,84.12,84.06,84.08,3627.06
1777812600000,84.08,84.09,84.04,84.04,5362.46
1777812900000,84.05,84.06,84.01,84.04,4191.59
1777813200000,84.05,84.06,84.0,84.06,9130.77
1777813500000,84.06,84.1,84.06,84.1,4528.6
1777813800000,84.1,84.16,84.1,84.15,11438.06
1777814100000,84.14,84.16,84.02,84.02,10969.94
1777814400000,84.03,84.09,84.03,84.07,4103.85
1777814700000,84.07,84.07,83.97,84.04,12280.0
1777815000000,84.04,84.09,84.02,84.07,17257.92
1777815300000,84.06,84.1,84.06,84.08,2970.3
1777815600000,84.08,84.08,83.94,83.98,14399.5
1777815900000,83.98,84.04,83.93,83.97,15848.8
1777816200000,83.96,84.04,83.96,84.01,6301.62
1777816500000,84.01,84.07,84.01,84.04,7589.91
1777816800000,84.04,84.17,84.03,84.14,10393.24
1777817100000,84.13,84.18,84.1,84.15,8625.24
1777817400000,84.15,84.2,84.14,84.19,3359.29
1777817700000,84.19,84.27,84.15,84.22,17257.12
1777818000000,84.21,84.21,84.09,84.17,11704.09
1777818300000,84.17,84.22,84.15,84.21,3595.19
1777818600000,84.21,84.28,84.19,84.28,14768.89
1777818900000,84.28,84.3,84.25,84.28,16198.56
1777819200000,84.28,84.29,84.24,84.28,7479.1
1777819500000,84.28,84.31,84.2,84.23,14431.66
1777819800000,84.23,84.37,84.23,84.34,14338.29
1777820100000,84.34,84.4,84.29,84.31,12988.09
1777820400000,84.3,84.38,84.3,84.31,22659.0
1777820700000,84.32,84.34,84.24,84.24,12501.94
1777821000000,84.25,84.26,84.2,84.23,12530.55
1777821300000,84.24,84.28,84.23,84.28,9866.2
1777821600000,84.28,84.28,84.19,84.23,17602.6
1777821900000,84.23,84.31,84.23,84.29,19567.72
1777822200000,84.29,84.35,84.21,84.22,8952.19
1777822500000,84.21,84.24,84.14,84.15,9540.74
1777822800000,84.15,84.18,84.12,84.15,4983.82
1777823100000,84.16,84.17,84.07,84.07,16329.1
1777823400000,84.08,84.11,84.05,84.06,6769.77
1777823700000,84.07,84.11,84.06,84.11,8178.68
1777824000000,84.11,84.17,84.08,84.1,13211.29
1777824300000,84.11,84.12,83.97,84.0,20384.08
1777824600000,84.0,84.0,83.95,84.0,5641.48
1777824900000,84.0,84.03,83.96,83.97,7106.48
1777825200000,83.97,84.09,83.94,84.06,19710.92
1777825500000,84.05,84.11,84.05,84.09,6480.05
1777825800000,84.09,84.17,84.08,84.17,6424.27
1777826100000,84.17,84.25,84.11,84.14,12210.71
1777826400000,84.15,84.16,84.12,84.15,3737.69
1777826700000,84.15,84.16,84.11,84.12,2411.56
1777827000000,84.12,84.16,84.11,84.12,4506.22
1777827300000,84.12,84.13,84.07,84.08,4562.84
1777827600000,84.09,84.09,83.94,84.0,25571.53
1777827900000,84.0,84.07,83.98,84.02,7339.77
1777828200000,84.03,84.15,84.02,84.12,9765.43
1777828500000,84.12,84.21,84.12,84.21,6301.99
1777828800000,84.2,84.26,84.15,84.23,13849.08
1777829100000,84.23,84.26,84.17,84.17,7600.5
1777829400000,84.18,84.23,84.16,84.21,2448.57
1777829700000,84.22,84.28,84.2,84.21,4491.37
1777830000000,84.2,84.24,84.18,84.21,2864.94
1777830300000,84.21,84.21,84.15,84.2,2846.28
1777830600000,84.19,84.2,84.14,84.16,2073.2
1777830900000,84.16,84.18,84.13,84.15,1787.7
1777831200000,84.15,84.16,84.1,84.11,2985.02
1777831500000,84.1,84.13,84.09,84.12,5350.61
1777831800000,84.11,84.12,84.09,84.11,2127.21
1777832100000,84.11,84.14,84.05,84.14,3967.35
1777832400000,84.14,84.14,84.1,84.12,3228.54
1777832700000,84.13,84.22,84.12,84.16,2389.19
1777833000000,84.17,84.19,84.09,84.1,7325.32
1777833300000,84.09,84.18,84.09,84.15,8806.64
1777833600000,84.15,84.2,84.14,84.19,1396.3
1777833900000,84.19,84.24,84.19,84.24,7020.08
1777834200000,84.24,84.29,84.23,84.25,11049.3
1777834500000,84.24,84.25,84.19,84.23,4978.16
1777834800000,84.23,84.25,84.21,84.23,4933.76
1777835100000,84.23,84.3,84.22,84.26,2754.69
1777835400000,84.26,84.26,84.21,84.24,3974.35
1777835700000,84.23,84.25,84.21,84.23,2770.72
1777836000000,84.23,84.26,84.21,84.25,2648.69
1777836300000,84.24,84.27,84.24,84.26,3152.92
1777836600000,84.25,84.47,84.25,84.42,16270.55
1777836900000,84.42,84.44,84.35,84.38,5273.49
1777837200000,84.38,84.4,84.36,84.4,4533.12
1777837500000,84.39,84.42,84.32,84.36,6018.59
1777837800000,84.35,84.38,84.34,84.34,3407.81
1777838100000,84.34,84.35,84.32,84.32,3934.89
1777838400000,84.33,84.41,84.31,84.33,11467.61
1777838700000,84.33,84.36,84.32,84.34,2268.56
1777839000000,84.34,84.39,84.32,84.32,3833.2
1777839300000,84.32,84.37,84.29,84.34,10615.34
1777839600000,84.35,84.54,84.34,84.48,17625.59
1777839900000,84.48,84.52,84.42,84.46,6972.53
1777840200000,84.47,84.53,84.44,84.47,6343.26
1777840500000,84.46,84.7,84.46,84.5,68347.37
1777840800000,84.5,84.52,84.4,84.41,10154.89
1777841100000,84.41,84.44,84.21,84.21,21567.72
1777841400000,84.22,84.32,84.21,84.27,7724.19
1777841700000,84.27,84.31,84.25,84.29,5884.47
1777842000000,84.29,84.31,84.21,84.26,5541.72
1777842300000,84.25,84.31,84.25,84.28,12406.08
1777842600000,84.28,84.41,84.27,84.41,15936.25
1777842900000,84.4,84.41,84.35,84.35,2649.94
1777843200000,84.36,84.37,84.3,84.3,1899.53
1777843500000,84.31,84.4,84.24,84.28,35177.33
1777843800000,84.28,84.35,84.25,84.32,12560.39
1777844100000,84.31,84.34,84.26,84.28,5905.99
1777844400000,84.27,84.27,83.79,83.93,62642.88
1777844700000,83.93,83.96,83.81,83.92,16720.1
1777845000000,83.92,84.03,83.9,84.02,10713.38
1777845300000,84.03,84.1,84.01,84.1,14426.47
1777845600000,84.1,84.6,84.1,84.51,64490.75
1777845900000,84.5,84.52,84.31,84.39,14417.0
1777846200000,84.38,84.83,84.38,84.72,60756.47
1777846500000,84.72,84.96,84.53,84.75,83794.44
1777846800000,84.75,84.75,84.43,84.48,35412.44
1777847100000,84.49,84.58,84.45,84.55,9396.82
1777847400000,84.54,84.59,84.42,84.58,8231.66
1777847700000,84.59,84.6,84.47,84.55,3725.11
1777848000000,84.54,84.76,84.54,84.7,14237.0
1777848300000,84.71,84.82,84.69,84.76,15197.16
1777848600000,84.76,84.78,84.58,84.58,24576.39
1777848900000,84.59,84.65,84.58,84.64,11186.75
1777849200000,84.64,84.74,84.58,84.74,10786.45
1777849500000,84.73,84.75,84.56,84.58,8266.71
1777849800000,84.57,84.57,84.44,84.5,22264.55
1777850100000,84.51,84.54,84.36,84.43,64549.94
1777850400000,84.43,84.43,83.93,84.12,42950.77
1777850700000,84.12,84.13,83.99,84.03,39965.44
1777851000000,84.02,84.13,83.95,83.97,20396.11
1777851300000,83.97,84.06,83.93,84.04,19484.14
1777851600000,84.04,84.06,83.92,83.97,26923.05
1777851900000,83.97,83.97,83.84,83.9,28370.38
1777852200000,83.9,83.92,83.85,83.91,11472.41
1777852500000,83.91,83.91,83.82,83.87,19314.43
1777852800000,83.87,83.88,83.66,83.72,54501.3
1777853100000,83.73,83.79,83.62,83.66,35938.93
1777853400000,83.67,83.74,83.57,83.73,74982.69
1777853700000,83.74,83.75,83.57,83.6,23572.2
1777854000000,83.6,83.62,83.35,83.41,119367.49
1777854300000,83.4,83.45,83.3,83.39,45497.25
1777854600000,83.39,83.5,83.33,83.46,88354.07
1777854900000,83.47,83.47,83.34,83.36,13790.75
1777855200000,83.36,83.43,83.35,83.4,23978.42
1777855500000,83.41,83.56,83.41,83.55,14161.66
1777855800000,83.54,83.58,83.47,83.55,11145.23
1777856100000,83.55,83.8,83.54,83.75,41470.57
1777856400000,83.75,83.85,83.57,83.6,37919.13
1777856700000,83.61,83.69,83.58,83.69,3806.33
1777857000000,83.68,83.69,83.57,83.65,9713.38
1777857300000,83.64,83.72,83.52,83.52,36170.23
1777857600000,83.52,83.55,83.37,83.42,54359.46
1777857900000,83.42,83.55,83.4,83.52,50892.62
1777858200000,83.53,84.41,83.51,84.16,157472.77
1777858500000,84.17,84.21,83.93,84.05,33806.08
1777858800000,84.05,84.12,83.94,83.96,18564.04
1777859100000,83.97,84.23,83.96,84.23,26118.41
1777859400000,84.22,84.57,84.19,84.38,124177.13
1777859700000,84.39,84.88,84.39,84.73,168516.55
1777860000000,84.73,85.24,84.73,84.94,268779.28
1777860300000,84.94,85.12,84.9,85.11,70335.95
1777860600000,85.1,85.13,84.94,84.96,74495.49
1777860900000,84.96,85.13,84.87,85.05,73229.07
1777861200000,85.05,85.18,84.86,84.87,79383.11
1777861500000,84.86,85.03,84.68,85.0,96721.92
1777861800000,85.0,85.24,85.0,85.12,43105.44
1777862100000,85.13,85.49,85.09,85.35,132650.29
1777862400000,85.35,85.58,85.32,85.45,117521.72
1777862700000,85.46,85.5,85.3,85.4,41803.94
1777863000000,85.4,85.53,85.38,85.43,26835.52
1777863300000,85.43,85.51,85.19,85.2,28131.59
1777863600000,85.21,85.31,85.15,85.27,42740.8
1777863900000,85.27,85.46,85.26,85.39,15264.04
1777864200000,85.38,85.54,85.38,85.52,32285.06
1777864500000,85.53,85.53,85.38,85.41,26375.62
1777864800000,85.41,85.53,85.29,85.3,39870.16
1777865100000,85.29,85.33,85.19,85.26,29147.86
1777865400000,85.27,85.33,85.26,85.27,18157.98
1777865700000,85.26,85.28,85.16,85.18,21852.48
1777866000000,85.18,85.21,85.06,85.19,17669.88
1777866300000,85.2,85.36,85.14,85.32,20092.95
1777866600000,85.31,85.37,85.29,85.33,13984.34
1777866900000,85.33,85.38,85.31,85.37,11444.58
1777867200000,85.38,85.46,85.35,85.43,24627.62
1777867500000,85.43,85.45,85.34,85.38,20941.32
1777867800000,85.39,85.51,85.34,85.48,20964.65
1777868100000,85.49,85.75,85.46,85.67,59858.32
1777868400000,85.67,85.77,85.46,85.52,80263.93
1777868700000,85.51,85.66,85.51,85.64,12462.21
1777869000000,85.64,85.79,85.64,85.78,92195.67
1777869300000,85.78,85.87,85.72,85.72,84437.09
1777869600000,85.72,85.8,85.72,85.77,10608.15
1777869900000,85.77,85.82,85.74,85.74,21424.54
1777870200000,85.75,85.79,85.68,85.75,37629.6
1777870500000,85.75,85.75,85.65,85.72,23117.49
1777870800000,85.72,85.76,85.6,85.62,25622.05
1777871100000,85.63,85.75,85.56,85.65,21219.01
1777871400000,85.64,85.65,85.47,85.62,50151.89
1777871700000,85.62,85.62,85.39,85.41,64648.95
1777872000000,85.41,85.45,85.35,85.41,23672.36
1777872300000,85.4,85.44,85.33,85.36,37518.71
1777872600000,85.35,85.37,85.29,85.33,36464.97
1777872900000,85.33,85.46,85.32,85.45,9945.09
1777873200000,85.46,85.46,85.39,85.44,21662.35
1777873500000,85.45,85.45,85.35,85.36,5377.32
1777873800000,85.36,85.39,85.32,85.33,12980.56
1777874100000,85.32,85.36,85.32,85.34,6152.24
1777874400000,85.33,85.37,85.24,85.25,16169.93
1777874700000,85.24,85.25,85.15,85.22,23725.44
1777875000000,85.21,85.32,85.2,85.25,25170.58
1777875300000,85.25,85.25,85.04,85.05,72196.63
1777875600000,85.05,85.06,84.79,84.84,68804.87
1777875900000,84.84,84.84,84.44,84.75,143672.96
1777876200000,84.76,84.78,84.66,84.68,46370.28
1777876500000,84.68,84.73,84.62,84.64,26230.73
1777876800000,84.64,84.77,84.49,84.69,134542.05
1777877100000,84.69,84.94,84.69,84.86,36211.84
1777877400000,84.86,84.96,84.79,84.85,44099.61
1777877700000,84.85,84.88,84.79,84.82,14292.96
1777878000000,84.82,84.91,84.7,84.85,33714.55
1777878300000,84.85,84.92,84.82,84.85,19598.45
1777878600000,84.85,84.91,84.82,84.9,6234.25
1777878900000,84.91,84.96,84.83,84.85,9507.68
1777879200000,84.86,84.9,84.83,84.84,5411.29
1777879500000,84.83,84.88,84.76,84.8,9591.28
1777879800000,84.79,84.8,84.67,84.69,14476.01
1777880100000,84.7,84.73,84.62,84.66,18484.86
1777880400000,84.66,84.83,84.65,84.83,10699.96
1777880700000,84.83,84.94,84.78,84.92,12519.09
1777881000000,84.92,84.92,84.81,84.85,7563.38
1777881300000,84.85,84.88,84.81,84.82,6358.66
1777881600000,84.81,84.81,84.64,84.65,17659.08
1777881900000,84.64,84.73,84.56,84.72,20070.31
1777882200000,84.73,84.79,84.71,84.78,9810.06
1777882500000,84.79,84.81,84.67,84.7,5835.26
1777882800000,84.71,84.72,84.6,84.68,9023.27
1777883100000,84.67,84.77,84.62,84.75,22867.06
1777883400000,84.75,84.84,84.72,84.75,6944.85
1777883700000,84.75,84.78,84.71,84.76,9422.0
1777884000000,84.75,84.78,84.71,84.72,7565.32
1777884300000,84.71,84.76,84.71,84.76,4918.62
1777884600000,84.75,84.76,84.64,84.76,10194.86
1777884900000,84.75,84.83,84.7,84.7,11911.67
1777885200000,84.71,84.77,84.62,84.74,13605.01
1777885500000,84.74,84.74,84.68,84.73,8093.89
1777885800000,84.73,84.82,84.71,84.73,17199.3
1777886100000,84.72,84.74,84.7,84.7,13320.62
1777886400000,84.7,84.73,84.69,84.72,10893.44
1777886700000,84.72,84.87,84.72,84.76,12927.25
1777887000000,84.76,84.94,84.73,84.93,20614.81
1777887300000,84.93,84.98,84.88,84.96,12209.35
1777887600000,84.96,85.18,84.96,85.09,68949.16
1777887900000,85.1,85.11,84.97,85.11,20764.6
1777888200000,85.1,85.15,85.08,85.12,10206.65
1777888500000,85.11,85.12,84.95,84.99,20731.32
1777888800000,84.99,85.02,84.21,84.26,223477.41
1777889100000,84.25,84.29,83.55,83.83,346337.52
1777889400000,83.83,83.83,83.55,83.79,139923.58
1777889700000,83.78,83.8,83.37,83.4,197270.14
1777890000000,83.39,83.49,83.26,83.31,124119.06
1777890300000,83.31,83.52,83.19,83.48,86768.91
1777890600000,83.48,84.02,83.34,84.01,300035.2
1777890900000,84.01,84.13,83.92,83.98,106577.15
1777891200000,83.99,84.1,83.97,83.99,23491.35
1777891500000,83.99,84.15,83.96,84.1,44612.19
1777891800000,84.11,84.13,83.99,83.99,16783.83
1777892100000,83.99,84.05,83.88,83.97,24564.84
1777892400000,83.97,84.08,83.89,83.91,28919.53
1777892700000,83.92,84.04,83.91,84.03,14312.5
1777893000000,84.03,84.08,83.95,84.0,31893.71
1777893300000,84.01,84.07,83.94,84.04,12987.92
1777893600000,84.05,84.08,83.86,83.86,14833.39
1777893900000,83.86,83.89,83.82,83.84,21341.38
1777894200000,83.84,83.87,83.77,83.87,16751.28
1777894500000,83.86,84.01,83.78,83.85,21326.37
1777894800000,83.86,83.93,83.81,83.88,18773.0
1777895100000,83.89,83.92,83.83,83.83,13235.44
1777895400000,83.84,83.97,83.82,83.92,6022.2
1777895700000,83.93,83.96,83.89,83.89,21765.48
1777896000000,83.89,83.91,83.79,83.86,32769.36
1777896300000,83.87,83.92,83.8,83.82,4489.89
1777896600000,83.82,83.91,83.81,83.89,7064.02
1777896900000,83.89,84.09,83.81,84.06,25147.28
1777897200000,84.06,84.1,84.0,84.05,14800.93
1777897500000,84.05,84.07,84.01,84.01,9384.79
1777897800000,84.01,84.04,83.9,83.91,6966.68
1777898100000,83.92,84.04,83.91,83.93,10239.8
1777898400000,83.94,84.04,83.92,84.03,5582.86
1777898700000,84.03,84.04,83.96,84.01,5722.28
1777899000000,84.01,84.02,83.97,83.99,2080.35
1777899300000,83.99,84.01,83.83,83.84,16906.17
1777899600000,83.84,83.84,83.54,83.76,92646.23
1777899900000,83.75,83.95,83.7,83.95,13215.19
1777900200000,83.95,84.16,83.94,83.97,35146.03
1777900500000,83.97,84.1,83.94,84.06,11635.51
1777900800000,84.07,84.12,84.02,84.02,21981.06
1777901100000,84.03,84.09,84.0,84.08,5151.23
1777901400000,84.08,84.23,84.05,84.2,31114.77
1777901700000,84.19,84.29,84.0,84.11,33842.99
1777902000000,84.11,84.15,84.03,84.03,13010.64
1777902300000,84.04,84.17,83.96,84.03,18477.82
1777902600000,84.02,84.06,83.88,83.91,17666.5
1777902900000,83.92,83.98,83.85,83.94,10282.48
1777903200000,83.94,84.03,83.79,83.82,37118.21
1777903500000,83.81,83.92,83.72,83.77,46410.85
1777903800000,83.78,84.25,83.77,84.19,18554.74
1777904100000,84.19,84.26,84.15,84.22,29045.31
1777904400000,84.21,84.48,84.21,84.46,36020.82
1777904700000,84.46,84.66,84.39,84.39,77949.66
1777905000000,84.4,84.67,84.38,84.54,40415.67
1777905300000,84.54,84.77,84.54,84.69,48590.34
1777905600000,84.69,84.76,84.59,84.59,39280.24
1777905900000,84.59,85.07,84.59,84.92,112068.3
1777906200000,84.93,85.25,84.92,85.19,105209.17
1777906500000,85.2,85.29,84.9,84.94,88179.61
1777906800000,84.95,85.14,84.88,84.9,59222.23
1777907100000,84.89,84.99,84.81,84.83,76623.8
1777907400000,84.83,84.89,84.7,84.81,40107.83
1777907700000,84.81,84.97,84.24,84.26,77312.85
1777908000000,84.26,84.36,83.86,84.25,235046.27
1777908300000,84.25,84.63,84.23,84.42,144187.15
1777908600000,84.43,84.5,84.17,84.38,50725.73
1777908900000,84.38,84.46,84.24,84.39,32812.76
1777909200000,84.38,84.52,84.3,84.5,14153.26
1777909500000,84.49,84.55,84.27,84.33,16576.67
1777909800000,84.32,84.46,84.03,84.44,59763.84
1777910100000,84.44,84.59,84.35,84.43,22217.39
1777910400000,84.44,84.51,84.39,84.45,16948.93
1777910700000,84.45,84.47,83.97,84.14,119086.93
1777911000000,84.13,84.13,83.99,84.04,32472.69
1777911300000,84.03,84.54,83.92,84.46,65784.77
1777911600000,84.46,84.77,84.43,84.56,123586.63
1777911900000,84.56,84.65,84.44,84.52,24017.27
1777912200000,84.51,84.55,84.41,84.55,15717.29
1777912500000,84.55,84.62,84.46,84.5,36988.35
1777912800000,84.5,84.68,84.5,84.59,11120.06
1777913100000,84.6,84.62,84.54,84.57,9021.21
1777913400000,84.58,84.58,84.45,84.46,16203.13
1777913700000,84.47,84.48,84.38,84.46,16188.33
1777914000000,84.45,84.74,84.44,84.7,26500.11
1777914300000,84.71,84.82,84.65,84.79,22715.59
1777914600000,84.79,84.91,84.72,84.77,21441.57
1777914900000,84.77,84.97,84.69,84.93,39610.05
1777915200000,84.93,84.94,84.82,84.89,14368.08
1777915500000,84.9,84.94,84.77,84.87,10689.95
1777915800000,84.86,84.88,84.69,84.7,15971.25
1777916100000,84.7,84.8,84.64,84.79,14877.61
1777916400000,84.79,84.85,84.74,84.75,6754.26
1777916700000,84.76,84.91,84.72,84.85,4720.44
1777917000000,84.86,85.19,84.86,84.95,69002.89
1777917300000,84.95,85.06,84.9,84.91,20456.74
1777917600000,84.91,85.02,84.85,85.0,22440.17
1777917900000,85.01,85.01,84.9,84.95,11009.73
1777918200000,84.95,85.01,84.91,84.93,11218.31
1777918500000,84.92,84.92,84.84,84.86,13789.55
1777918800000,84.85,84.9,84.78,84.78,20961.7
1777919100000,84.79,84.8,84.69,84.78,38479.99
1777919400000,84.79,84.82,84.74,84.81,9455.17
1777919700000,84.81,84.81,84.75,84.79,8106.65
1777920000000,84.8,84.81,84.68,84.69,7899.93
1777920300000,84.68,84.71,84.61,84.7,23097.15
1777920600000,84.7,84.71,84.54,84.63,31068.45
1777920900000,84.63,84.71,84.62,84.71,7012.07
1777921200000,84.72,84.74,84.56,84.56,8111.84
1777921500000,84.57,84.67,84.48,84.6,30157.08
1777921800000,84.59,84.6,84.54,84.59,4103.69
1777922100000,84.59,84.59,84.45,84.49,14939.1
1777922400000,84.5,84.53,84.46,84.48,8281.28
1777922700000,84.48,84.49,84.36,84.44,13994.43
1777923000000,84.45,84.47,84.4,84.4,3271.42
1777923300000,84.4,84.47,84.33,84.36,10987.94
1777923600000,84.35,84.4,84.33,84.38,6294.88
1777923900000,84.37,84.44,84.34,84.44,8870.99
1777924200000,84.43,84.43,84.34,84.36,8557.31
1777924500000,84.35,84.43,84.33,84.41,9897.82
1777924800000,84.42,84.43,84.23,84.27,21047.92
1777925100000,84.27,84.32,84.24,84.25,4674.96
1777925400000,84.25,84.32,84.25,84.29,2552.25
1777925700000,84.3,84.35,84.11,84.12,14440.32
1777926000000,84.13,84.22,84.07,84.18,16543.66
1777926300000,84.18,84.23,84.17,84.2,8831.46
1777926600000,84.19,84.2,84.11,84.14,6393.4
1777926900000,84.13,84.14,84.02,84.04,44778.19
1777927200000,84.03,84.09,84.0,84.04,12537.25
1777927500000,84.03,84.09,84.03,84.08,6485.22
1777927800000,84.08,84.08,84.01,84.01,6638.52
1777928100000,84.01,84.06,84.01,84.03,6700.5
1777928400000,84.02,84.17,84.02,84.14,12024.19
1777928700000,84.14,84.17,84.11,84.12,12770.03
1777929000000,84.13,84.21,84.12,84.21,10780.12
1777929300000,84.21,84.22,84.17,84.2,2750.48
1777929600000,84.2,84.33,84.2,84.3,10326.75
1777929900000,84.29,84.31,84.25,84.29,5809.52
1777930200000,84.28,84.38,84.28,84.36,6999.44
1777930500000,84.36,84.4,84.34,84.35,7115.76
1777930800000,84.36,84.41,84.32,84.36,8592.8
1777931100000,84.37,84.43,84.36,84.42,2790.31
1777931400000,84.42,84.46,84.36,84.39,5331.88
1777931700000,84.4,84.4,84.36,84.37,1212.67
1777932000000,84.37,84.51,84.34,84.4,12043.56
1777932300000,84.41,84.45,84.37,84.4,6606.88
1777932600000,84.4,84.46,84.39,84.43,17350.33
1777932900000,84.44,84.48,84.29,84.31,15538.43
1777933200000,84.31,84.31,84.24,84.29,11229.41
1777933500000,84.29,84.34,84.28,84.28,6379.1
1777933800000,84.29,84.29,84.13,84.15,10563.19
1777934100000,84.15,84.23,84.13,84.2,6624.21
1777934400000,84.2,84.23,84.14,84.15,2742.65
1777934700000,84.14,84.24,84.13,84.22,10527.15
1777935000000,84.22,84.22,84.13,84.13,8579.96
1777935300000,84.13,84.16,84.11,84.15,5600.83
1777935600000,84.16,84.16,84.05,84.11,7440.48
1777935900000,84.11,84.12,84.03,84.04,10731.66
1777936200000,84.04,84.09,84.01,84.08,9829.9
1777936500000,84.08,84.09,83.99,84.07,14901.76
1777936800000,84.06,84.07,84.02,84.04,9181.92
1777937100000,84.05,84.17,84.04,84.16,6426.09
1777937400000,84.15,84.15,84.01,84.05,5288.42
1777937700000,84.04,84.06,83.95,84.06,7429.55
1777938000000,84.06,84.06,84.0,84.02,2552.09
1777938300000,84.01,84.06,84.0,84.04,8170.59
1777938600000,84.04,84.08,84.0,84.06,13250.95
1777938900000,84.05,84.06,84.02,84.03,11251.16
1777939200000,84.03,84.15,83.99,84.1,36566.14
1777939500000,84.11,84.14,84.07,84.08,8308.71
1777939800000,84.07,84.13,84.07,84.1,5869.63
1777940100000,84.1,84.1,84.04,84.07,4603.75
1777940400000,84.06,84.07,83.97,84.0,9203.54
1777940700000,83.99,84.02,83.97,83.99,6104.34
1777941000000,83.99,84.2,83.98,84.16,12330.96
1777941300000,84.17,84.21,84.13,84.16,9937.67
1777941600000,84.16,84.18,84.09,84.18,7231.1
1777941900000,84.18,84.21,84.13,84.15,9003.01
1777942200000,84.15,84.3,84.15,84.28,15196.11
1777942500000,84.28,84.29,84.21,84.26,5171.5
1777942800000,84.25,84.29,84.08,84.17,18127.47
1777943100000,84.18,84.3,84.17,84.3,10918.57
1777943400000,84.31,84.36,84.28,84.29,49797.87
1777943700000,84.29,84.33,84.23,84.26,10894.18
1777944000000,84.25,84.35,84.24,84.32,12908.59
1777944300000,84.32,84.33,84.26,84.29,3755.74
1777944600000,84.29,84.29,84.14,84.18,5792.54
1777944900000,84.18,84.36,84.18,84.26,11570.65
1777945200000,84.27,84.36,84.26,84.31,6799.14
1777945500000,84.31,84.37,84.31,84.33,5901.54
1777945800000,84.33,84.43,84.33,84.38,9661.2
1777946100000,84.38,84.39,84.35,84.37,7409.49
1777946400000,84.36,84.59,84.3,84.56,29733.76
1777946700000,84.56,84.58,84.44,84.48,13909.29
1777947000000,84.47,84.55,84.43,84.55,11465.47
1777947300000,84.55,84.58,84.51,84.52,8956.62
1777947600000,84.52,84.55,84.47,84.55,8340.94
1777947900000,84.55,84.64,84.48,84.49,18303.66
1777948200000,84.49,84.58,84.49,84.58,7968.93
1777948500000,84.59,84.75,84.58,84.68,20037.08
1777948800000,84.68,84.7,84.56,84.69,20453.59
1777949100000,84.69,84.77,84.38,84.4,29889.01
1777949400000,84.41,84.48,84.41,84.43,10738.72
1777949700000,84.43,84.47,84.39,84.47,7226.02
1777950000000,84.47,84.5,84.36,84.38,13535.46
1777950300000,84.38,84.42,84.36,84.41,3589.68
1777950600000,84.4,84.61,84.4,84.55,14319.48
1777950900000,84.56,84.63,84.51,84.63,8471.52
1777951200000,84.62,84.72,84.62,84.66,16755.77
1777951500000,84.67,84.69,84.62,84.68,18697.95
1777951800000,84.67,84.7,84.62,84.66,9398.7
1777952100000,84.66,84.94,84.66,84.76,44817.09
1777952400000,84.76,84.85,84.76,84.78,23463.18
1777952700000,84.78,84.83,84.71,84.75,10948.17
1777953000000,84.76,84.77,84.71,84.73,12311.58
1777953300000,84.73,84.76,84.68,84.73,13149.74
1777953600000,84.73,84.84,84.7,84.77,12523.89
1777953900000,84.78,84.86,84.73,84.74,9200.64
1777954200000,84.74,84.74,84.64,84.66,19806.82
1777954500000,84.66,84.71,84.65,84.65,40770.2
1777954800000,84.65,84.69,84.59,84.6,14841.57
1777955100000,84.6,84.86,84.56,84.64,109720.55
1777955400000,84.65,84.65,84.56,84.6,12374.23
1777955700000,84.59,84.68,84.59,84.65,11399.49
1777956000000,84.66,84.67,84.62,84.62,8142.32
1777956300000,84.62,84.82,84.56,84.77,19030.98
1777956600000,84.78,84.85,84.74,84.75,13519.09
1777956900000,84.75,84.79,84.73,84.75,3605.39
1777957200000,84.74,84.78,84.68,84.72,14538.42
1777957500000,84.73,84.81,84.7,84.81,12682.97
1777957800000,84.81,84.9,84.79,84.79,19548.22
1777958100000,84.8,84.9,84.8,84.84,15308.87
1777958400000,84.84,84.99,84.8,84.96,16490.57
1777958700000,84.95,84.97,84.87,84.91,17283.79
1777959000000,84.92,84.95,84.86,84.94,16993.62
1777959300000,84.95,85.13,84.92,84.99,62217.62
1777959600000,84.98,85.04,84.9,84.9,22304.46
1777959900000,84.91,84.93,84.81,84.84,30314.05
1777960200000,84.85,85.02,84.85,85.01,15465.05
1777960500000,85.01,85.06,84.89,84.89,51060.66
1777960800000,84.9,84.95,84.78,84.78,13587.14
1777961100000,84.79,84.82,84.73,84.81,6725.16
1777961400000,84.8,84.83,84.77,84.79,9729.63
1777961700000,84.79,84.8,84.71,84.71,10408.6
1777962000000,84.72,84.72,84.54,84.6,32974.88
1777962300000,84.6,84.63,84.58,84.6,8979.72
1777962600000,84.59,84.68,84.59,84.66,10719.08
1777962900000,84.65,84.71,84.57,84.57,19509.99
1777963200000,84.57,84.6,84.51,84.57,25023.19
1777963500000,84.56,84.72,84.51,84.69,80347.48
1777963800000,84.7,84.8,84.69,84.8,12279.9
1777964100000,84.79,84.97,84.77,84.95,28856.59
1777964400000,84.95,85.0,84.77,84.86,75030.59
1777964700000,84.86,84.86,84.74,84.74,15647.84
1777965000000,84.75,84.93,84.74,84.88,62675.37
1777965300000,84.88,84.88,84.83,84.87,8426.37
1777965600000,84.88,84.99,84.87,84.95,7471.09
1777965900000,84.95,84.97,84.9,84.91,7251.26
1777966200000,84.91,84.99,84.89,84.98,8522.59
1777966500000,84.99,85.04,84.96,85.01,21498.74
1777966800000,85.02,85.03,84.94,84.94,9950.92
1777967100000,84.94,84.97,84.8,84.89,15568.97
1777967400000,84.89,84.92,84.87,84.87,4685.0
1777967700000,84.87,84.89,84.83,84.83,15030.87
1777968000000,84.84,84.87,84.81,84.83,12100.84
1777968300000,84.83,84.86,84.82,84.85,6140.91
1777968600000,84.84,84.87,84.81,84.83,6334.97
1777968900000,84.84,84.87,84.71,84.75,11294.46
1777969200000,84.74,84.81,84.74,84.8,9891.12
1777969500000,84.8,84.83,84.7,84.76,10842.68
1777969800000,84.76,84.81,84.76,84.8,10335.54
1777970100000,84.79,84.82,84.71,84.72,12515.73
1777970400000,84.72,84.75,84.65,84.67,15165.69
1777970700000,84.68,84.74,84.67,84.73,6410.39
1777971000000,84.73,84.77,84.72,84.75,3058.06
1777971300000,84.74,84.77,84.7,84.75,4293.6
1777971600000,84.75,84.76,84.64,84.65,18130.65
1777971900000,84.64,84.66,84.6,84.64,9146.04
1777972200000,84.65,84.65,84.55,84.55,14891.27
1777972500000,84.56,84.62,84.54,84.57,14432.67
1777972800000,84.56,84.58,84.46,84.49,16378.67
1777973100000,84.5,84.57,84.49,84.53,16232.01
1777973400000,84.54,84.62,84.5,84.51,9832.48
1777973700000,84.5,84.51,84.41,84.44,16116.97
1777974000000,84.44,84.5,84.44,84.48,11965.49
1777974300000,84.49,84.54,84.48,84.48,8824.2
1777974600000,84.48,84.5,84.44,84.48,9031.38
1777974900000,84.48,84.51,84.46,84.5,5789.45
1777975200000,84.5,84.51,84.4,84.48,17108.34
1777975500000,84.49,84.58,84.48,84.57,13220.56
1777975800000,84.58,84.63,84.56,84.56,12277.54
1777976100000,84.56,84.68,84.56,84.67,19307.1
1777976400000,84.67,84.72,84.66,84.69,13014.03
1777976700000,84.7,84.79,84.69,84.74,14298.75
1777977000000,84.75,84.87,84.73,84.87,18191.73
1777977300000,84.86,84.9,84.79,84.85,19620.4
1777977600000,84.86,84.88,84.8,84.8,7978.15
1777977900000,84.81,84.84,84.79,84.8,6815.19
1777978200000,84.81,84.82,84.72,84.72,12076.26
1777978500000,84.72,84.87,84.72,84.87,11284.47
1777978800000,84.86,84.89,84.78,84.86,14761.3
1777979100000,84.86,84.87,84.82,84.86,11955.39
1777979400000,84.85,84.88,84.8,84.85,11060.09
1777979700000,84.85,84.85,84.66,84.71,19990.46
1777980000000,84.7,84.81,84.69,84.78,8272.89
1777980300000,84.79,84.86,84.78,84.81,7375.24
1777980600000,84.81,84.86,84.77,84.86,7330.96
1777980900000,84.86,84.93,84.82,84.86,13479.99
1777981200000,84.86,84.93,84.85,84.9,19072.14
1777981500000,84.9,84.96,84.88,84.91,15543.53
1777981800000,84.92,84.92,84.79,84.86,8361.55
1777982100000,84.85,84.94,84.85,84.94,4454.02
1777982400000,84.93,84.95,84.86,84.91,14557.5
1777982700000,84.91,84.98,84.89,84.93,10351.05
1777983000000,84.94,85.06,84.94,85.05,25540.18
1777983300000,85.05,85.11,84.99,85.01,33366.79
1777983600000,85.02,85.07,85.01,85.04,13568.29
1777983900000,85.03,85.22,85.03,85.18,40395.51
1777984200000,85.18,85.3,85.17,85.17,40377.28
1777984500000,85.17,85.2,85.1,85.18,13280.22
1777984800000,85.19,85.21,85.17,85.19,12179.99
1777985100000,85.19,85.27,85.19,85.23,50939.38
1777985400000,85.24,85.31,85.21,85.3,23224.85
1777985700000,85.3,85.33,85.27,85.27,45836.47
1777986000000,85.27,85.73,85.27,85.69,178457.49
1777986300000,85.69,86.06,85.68,85.93,137348.71
1777986600000,85.92,85.98,85.85,85.85,51035.67
1777986900000,85.85,85.92,85.78,85.81,60149.07
1777987200000,85.8,85.94,85.77,85.83,44280.14
1777987500000,85.83,85.84,85.63,85.67,37510.43
1777987800000,85.67,85.75,85.59,85.67,46390.28
1777988100000,85.67,85.67,85.5,85.5,36858.54
1777988400000,85.49,85.51,85.36,85.51,61532.32
1777988700000,85.51,85.83,85.49,85.81,30273.6
1777989000000,85.81,85.94,85.61,85.62,35866.5
1777989300000,85.61,85.65,85.39,85.59,43947.02
1777989600000,85.59,85.7,85.47,85.69,116078.99
1777989900000,85.69,85.73,85.56,85.62,38479.35
1777990200000,85.62,85.7,85.32,85.36,60748.78
1777990500000,85.36,85.53,85.15,85.3,175324.15
1777990800000,85.3,85.47,85.14,85.47,79994.79
1777991100000,85.46,85.6,85.46,85.55,25876.74
1777991400000,85.54,85.69,85.48,85.53,24777.33
1777991700000,85.53,85.58,85.19,85.31,40708.61
1777992000000,85.32,85.39,85.21,85.32,19675.76
1777992300000,85.31,85.32,85.15,85.26,30872.08
1777992600000,85.26,85.41,85.2,85.41,21567.28
1777992900000,85.41,85.45,85.37,85.44,14765.17
1777993200000,85.45,85.54,85.31,85.53,13791.35
1777993500000,85.53,85.67,85.45,85.62,20661.65
1777993800000,85.62,85.86,85.56,85.69,31966.34
1777994100000,85.69,85.7,85.58,85.59,76606.14
1777994400000,85.59,85.83,85.58,85.66,53839.61
1777994700000,85.66,85.71,85.58,85.66,31244.52
1777995000000,85.67,85.76,85.5,85.51,30737.19
1777995300000,85.51,85.7,85.51,85.64,11377.42
1777995600000,85.64,85.66,85.53,85.58,7675.22
1777995900000,85.58,85.62,85.54,85.58,15506.5
1777996200000,85.58,85.59,85.44,85.49,32141.13
1777996500000,85.5,85.55,85.46,85.47,6604.46
1777996800000,85.48,85.56,85.48,85.52,14714.99
1777997100000,85.52,85.66,85.5,85.6,26740.83
1777997400000,85.6,85.64,85.52,85.55,16082.59
1777997700000,85.55,85.58,85.45,85.56,16961.17
1777998000000,85.56,85.66,85.46,85.5,10048.7
1777998300000,85.5,85.5,85.32,85.42,11811.81
1777998600000,85.43,85.43,85.24,85.29,36808.82
1777998900000,85.3,85.32,85.09,85.18,54894.83
1777999200000,85.19,85.19,85.0,85.09,50293.8
1777999500000,85.1,85.22,85.07,85.18,23869.32
1777999800000,85.18,85.33,85.18,85.26,13323.17
1778000100000,85.25,85.29,85.24,85.28,6458.73
1778000400000,85.28,85.37,85.21,85.3,16930.78
1778000700000,85.31,85.31,85.08,85.13,15321.23
1778001000000,85.12,85.26,85.1,85.25,8899.29
1778001300000,85.26,85.39,85.24,85.39,12742.06
1778001600000,85.4,85.51,85.34,85.37,24230.31
1778001900000,85.37,85.45,85.36,85.39,10588.57
1778002200000,85.38,85.39,85.29,85.33,12647.06
1778002500000,85.33,85.4,85.31,85.32,5527.29
1778002800000,85.32,85.39,85.29,85.39,9693.73
1778003100000,85.38,85.45,85.34,85.4,14352.64
1778003400000,85.4,85.46,85.39,85.43,3690.77
1778003700000,85.43,85.48,85.41,85.44,6201.44
1778004000000,85.44,85.48,85.4,85.44,17164.68
1778004300000,85.44,85.62,85.44,85.58,27373.75
1778004600000,85.57,85.8,85.57,85.78,53642.49
1778004900000,85.78,85.79,85.58,85.64,20246.31
1778005200000,85.64,85.66,85.6,85.6,7039.4
1778005500000,85.6,85.7,85.6,85.67,7259.76
1778005800000,85.67,85.69,85.57,85.63,18051.98
1778006100000,85.63,85.68,85.61,85.61,2644.72
1778006400000,85.62,85.7,85.6,85.69,7371.04
1778006700000,85.7,85.81,85.69,85.78,6037.41
1778007000000,85.78,85.83,85.76,85.82,9630.74
1778007300000,85.82,85.86,85.8,85.85,32314.04
1778007600000,85.85,85.92,85.79,85.85,17255.64
1778007900000,85.85,85.92,85.83,85.92,11780.96
1778008200000,85.92,85.93,85.88,85.89,11586.87
1778008500000,85.88,86.17,85.88,86.12,57684.78
1778008800000,86.12,86.12,86.02,86.1,13979.1
1778009100000,86.09,86.37,86.09,86.22,104904.96
1778009400000,86.22,86.4,86.19,86.29,42773.36
1778009700000,86.3,86.33,86.15,86.25,22776.59
1778010000000,86.25,86.5,86.24,86.48,39973.74
1778010300000,86.47,86.48,86.39,86.4,22834.26
1778010600000,86.39,86.4,86.29,86.4,15320.67
1778010900000,86.39,86.54,86.35,86.47,41309.19
1778011200000,86.47,86.74,86.46,86.72,76898.98
1778011500000,86.71,86.72,86.37,86.5,55845.76
1778011800000,86.5,86.74,86.49,86.71,30290.37
1778012100000,86.7,86.71,86.52,86.61,40270.08
1778012400000,86.62,86.66,86.57,86.59,12100.08
1778012700000,86.58,86.74,86.55,86.59,24671.01
1778013000000,86.58,86.86,86.58,86.83,30193.3
1778013300000,86.82,86.89,86.75,86.76,30140.83
1778013600000,86.75,86.81,86.68,86.73,26758.14
1778013900000,86.73,86.75,86.55,86.58,25073.19
1778014200000,86.59,86.65,86.57,86.58,12460.42
1778014500000,86.58,86.63,86.54,86.61,9650.9
1778014800000,86.61,86.92,86.54,86.81,46880.35
1778015100000,86.8,86.84,86.7,86.76,11901.39
1778015400000,86.76,86.78,86.57,86.58,17697.3
1778015700000,86.58,86.66,86.44,86.49,64640.71
1778016000000,86.49,86.53,86.41,86.51,15032.86
1778016300000,86.52,86.69,86.51,86.55,21311.86
1778016600000,86.55,86.57,86.29,86.3,30704.88
1778016900000,86.29,86.48,86.21,86.44,38067.54
1778017200000,86.44,86.45,86.33,86.38,13363.28
1778017500000,86.37,86.5,86.33,86.49,17217.19
1778017800000,86.5,86.66,86.5,86.61,15506.43
1778018100000,86.62,86.7,86.6,86.69,26789.9
1778018400000,86.7,86.96,86.69,86.85,35162.47
1778018700000,86.85,86.9,86.61,86.65,11813.42
1778019000000,86.65,86.66,86.55,86.62,21298.54
1778019300000,86.62,86.64,86.52,86.63,9663.04
1778019600000,86.63,86.71,86.6,86.68,6166.78
1778019900000,86.69,86.92,86.68,86.77,14376.7
1778020200000,86.78,86.79,86.42,86.45,49266.87
1778020500000,86.45,86.52,86.31,86.37,31253.9
1778020800000,86.38,86.47,86.16,86.35,37493.95
1778021100000,86.35,86.37,86.24,86.32,17357.76
1778021400000,86.32,86.79,86.3,86.62,82440.66
1778021700000,86.62,86.7,86.53,86.53,11891.62
1778022000000,86.53,86.57,86.37,86.48,18714.87
1778022300000,86.48,86.5,86.4,86.47,7001.01
1778022600000,86.47,86.64,86.46,86.64,8169.81
1778022900000,86.64,86.64,86.46,86.5,7561.93
1778023200000,86.49,86.53,86.39,86.39,11646.88
1778023500000,86.4,86.41,86.27,86.28,14178.99
1778023800000,86.27,86.37,86.19,86.24,44762.35
1778024100000,86.23,86.24,86.12,86.17,29286.65
1778024400000,86.17,86.35,86.15,86.31,28090.97
1778024700000,86.31,86.39,86.3,86.39,14093.09
1778025000000,86.39,86.4,86.26,86.29,18227.85
1778025300000,86.29,86.32,86.24,86.24,8973.33
1778025600000,86.24,86.39,86.23,86.32,32078.62
1778025900000,86.33,86.33,86.23,86.29,20584.1
1778026200000,86.29,86.36,86.26,86.26,15151.9
1778026500000,86.26,86.46,86.25,86.32,40845.43
1778026800000,86.33,86.33,86.07,86.16,20252.56
1778027100000,86.17,86.25,86.06,86.12,36125.47
1778027400000,86.12,86.3,86.08,86.28,25196.23
1778027700000,86.27,86.38,86.25,86.34,15533.37
1778028000000,86.34,86.39,86.28,86.33,14012.93
1778028300000,86.33,86.38,86.11,86.17,26407.11
1778028600000,86.18,86.5,86.18,86.46,23318.38
1778028900000,86.46,86.51,86.33,86.34,15705.75
1778029200000,86.34,86.47,86.26,86.47,17006.9
1778029500000,86.47,86.53,86.42,86.48,12787.97
1778029800000,86.49,86.52,86.45,86.52,5913.14
1778030100000,86.52,86.82,86.51,86.75,63461.31
1778030400000,86.76,86.82,86.69,86.8,27869.63
1778030700000,86.8,86.83,86.69,86.71,22640.89
1778031000000,86.72,86.87,86.71,86.87,11425.54
1778031300000,86.86,86.88,86.72,86.8,13005.19
1778031600000,86.8,86.83,86.76,86.79,15611.77
1778031900000,86.79,86.93,86.76,86.82,27079.97
1778032200000,86.83,87.0,86.81,86.85,43799.2
1778032500000,86.85,86.86,86.71,86.81,18109.6
1778032800000,86.81,86.83,86.68,86.69,22471.05
1778033100000,86.68,86.8,86.61,86.79,47853.04
1778033400000,86.79,86.84,86.75,86.78,12199.2
1778033700000,86.79,86.79,86.69,86.73,15095.23
1778034000000,86.73,86.82,86.68,86.8,21568.23
1778034300000,86.8,86.82,86.53,86.54,24943.79
1778034600000,86.54,86.54,86.36,86.37,17793.79
1778034900000,86.37,86.49,86.34,86.44,15420.8
1778035200000,86.43,86.59,86.43,86.51,8687.8
1778035500000,86.51,86.71,86.48,86.71,13573.64
1778035800000,86.71,86.76,86.63,86.71,18474.5
1778036100000,86.71,86.88,86.71,86.85,18552.69
1778036400000,86.86,87.19,86.83,87.19,101426.71
1778036700000,87.19,87.3,87.0,87.04,56506.2
1778037000000,87.04,87.06,86.96,86.98,22635.4
1778037300000,86.98,87.04,86.93,87.03,14810.52
1778037600000,87.02,87.28,87.01,87.24,34413.79
1778037900000,87.24,87.42,87.04,87.17,44383.06
1778038200000,87.18,87.34,87.16,87.29,20752.1
1778038500000,87.3,87.43,87.27,87.29,25987.22
1778038800000,87.28,87.3,87.19,87.25,16385.08
1778039100000,87.26,87.27,87.18,87.2,18249.74
1778039400000,87.2,87.29,87.18,87.19,18630.7
1778039700000,87.19,87.39,87.19,87.29,35676.38
1778040000000,87.29,87.41,87.21,87.26,42482.78
1778040300000,87.26,87.38,87.24,87.29,10660.44
1778040600000,87.3,87.33,87.23,87.27,22491.81
1778040900000,87.28,87.3,87.16,87.21,12016.71
1778041200000,87.21,87.21,87.09,87.11,12711.43
1778041500000,87.11,87.14,87.0,87.0,18748.8
1778041800000,87.01,87.02,86.87,86.91,24865.39
1778042100000,86.91,86.97,86.9,86.91,13453.76
1778042400000,86.91,86.93,86.86,86.9,16096.0
1778042700000,86.89,86.96,86.83,86.92,13592.07
1778043000000,86.93,86.93,86.63,86.88,73479.52
1778043300000,86.87,86.88,86.76,86.76,23608.44
1778043600000,86.76,86.85,86.71,86.84,20163.07
1778043900000,86.84,86.9,86.79,86.85,12016.11
1778044200000,86.85,86.89,86.78,86.83,9299.0
1778044500000,86.83,86.91,86.77,86.9,11006.2
1778044800000,86.9,86.95,86.87,86.94,9081.51
1778045100000,86.95,87.03,86.92,87.0,17191.53
1778045400000,87.0,87.1,86.98,87.07,13109.81
1778045700000,87.06,87.08,86.87,86.95,69560.88
1778046000000,86.94,87.3,86.92,87.09,113085.64
1778046300000,87.09,87.19,87.02,87.17,17403.6
1778046600000,87.18,87.35,87.17,87.3,38471.86
1778046900000,87.29,87.42,87.28,87.35,28429.91
1778047200000,87.35,87.43,87.34,87.39,25288.39
1778047500000,87.4,87.53,87.27,87.28,54769.84
1778047800000,87.29,87.3,87.18,87.26,23680.53
1778048100000,87.25,87.27,87.12,87.16,13993.35
1778048400000,87.15,87.25,87.12,87.22,12635.48
1778048700000,87.23,87.25,87.17,87.21,7470.53
1778049000000,87.21,87.28,87.13,87.23,5642.34
1778049300000,87.22,87.36,87.22,87.3,11288.74
1778049600000,87.3,87.37,87.24,87.37,16704.7
1778049900000,87.37,87.44,87.31,87.43,15296.58
1778050200000,87.43,87.46,87.37,87.45,35997.39
1778050500000,87.46,87.49,87.41,87.44,11433.69
1778050800000,87.45,87.55,87.45,87.46,27304.93
1778051100000,87.46,87.65,87.41,87.64,31369.14
1778051400000,87.63,87.71,87.48,87.5,50610.31
1778051700000,87.5,87.58,87.44,87.56,22881.51
1778052000000,87.57,87.78,87.53,87.74,38201.14
1778052300000,87.73,87.88,87.71,87.72,55115.84
1778052600000,87.72,87.75,87.64,87.68,23290.89
1778052900000,87.68,87.78,87.68,87.76,16084.5
1778053200000,87.77,87.8,87.7,87.71,15400.17
1778053500000,87.71,87.8,87.71,87.75,9956.88
1778053800000,87.75,87.75,87.6,87.63,20491.01
1778054100000,87.63,87.69,87.54,87.66,31628.46
1778054400000,87.65,87.8,87.6,87.8,22679.49
1778054700000,87.8,87.94,87.79,87.85,41983.7
1778055000000,87.85,87.96,87.77,87.85,43034.64
1778055300000,87.84,87.85,87.78,87.79,16848.5
1778055600000,87.79,87.93,87.74,87.9,35586.58
1778055900000,87.91,87.94,87.78,87.84,43222.61
1778056200000,87.84,88.26,87.83,88.1,118375.58
1778056500000,88.11,88.28,88.1,88.13,47786.72
1778056800000,88.13,88.27,88.12,88.26,22913.65
1778057100000,88.26,88.39,88.2,88.21,58602.44
1778057400000,88.21,88.86,88.17,88.78,183469.01
1778057700000,88.77,89.19,88.72,88.99,208522.03
1778058000000,88.98,89.05,88.62,88.69,74779.77
1778058300000,88.69,88.93,88.62,88.74,66696.7
1778058600000,88.75,88.91,88.74,88.75,31737.06
1778058900000,88.76,88.89,88.73,88.76,39318.35
1778059200000,88.77,88.81,88.55,88.61,74705.41
1778059500000,88.61,88.79,88.56,88.79,29582.99
1778059800000,88.79,89.28,88.74,89.01,113896.83
1778060100000,89.0,89.19,88.97,89.16,62517.38
1778060400000,89.17,89.23,89.09,89.2,62815.1
1778060700000,89.2,89.2,89.01,89.13,38324.78
1778061000000,89.12,89.22,89.01,89.19,20942.86
1778061300000,89.19,89.62,89.18,89.44,147677.52
1778061600000,89.43,89.47,89.28,89.33,47529.12
1778061900000,89.33,89.33,89.17,89.25,30147.44
1778062200000,89.26,89.56,89.26,89.46,42211.64
1778062500000,89.46,89.58,89.38,89.56,47959.22
1778062800000,89.57,89.66,89.46,89.52,41247.59
1778063100000,89.51,89.56,89.41,89.47,27045.97
1778063400000,89.47,89.62,89.44,89.55,18999.33
1778063700000,89.55,89.65,89.47,89.53,24211.48
1778064000000,89.54,89.6,89.46,89.53,26789.33
1778064300000,89.54,89.61,89.37,89.38,27021.77
1778064600000,89.38,89.49,89.35,89.45,34678.58
1778064900000,89.45,89.45,89.31,89.33,25927.77
1778065200000,89.33,89.44,89.27,89.38,29514.54
1778065500000,89.38,89.53,89.35,89.42,20933.07
1778065800000,89.42,89.5,89.42,89.47,13640.02
1778066100000,89.48,89.71,89.46,89.66,76763.61
1778066400000,89.65,89.94,89.64,89.92,67467.82
1778066700000,89.92,90.04,89.56,89.56,87048.25
1778067000000,89.57,89.63,89.55,89.61,31023.23
1778067300000,89.61,89.75,89.6,89.73,14425.47
1778067600000,89.73,89.81,89.45,89.48,62428.2
1778067900000,89.48,89.58,89.42,89.54,23013.14
1778068200000,89.54,89.79,89.54,89.74,31101.6
1778068500000,89.74,89.82,89.7,89.81,16978.16
1778068800000,89.82,89.92,89.6,89.63,39703.69
1778069100000,89.64,89.75,89.58,89.65,36380.14
1778069400000,89.65,89.73,89.46,89.46,40468.53
1778069700000,89.47,89.6,89.45,89.48,43367.89
1778070000000,89.49,89.75,89.48,89.66,28224.04
1778070300000,89.65,89.66,89.57,89.58,17116.01
1778070600000,89.58,89.75,89.57,89.74,24891.07
1778070900000,89.75,89.8,89.67,89.67,11785.91
1778071200000,89.67,89.7,89.6,89.68,14054.51
1778071500000,89.69,89.83,89.66,89.79,22277.73
1778071800000,89.79,89.87,89.62,89.67,38940.0
1778072100000,89.66,89.7,89.49,89.6,45542.78
1778072400000,89.61,89.61,89.12,89.16,129893.39
1778072700000,89.16,89.26,88.37,88.73,225991.36
1778073000000,88.72,89.06,88.7,88.86,88759.03
1778073300000,88.86,89.01,88.64,88.64,68050.98
1778073600000,88.64,88.77,88.54,88.62,57274.53
1778073900000,88.63,88.65,88.31,88.48,78245.5
1778074200000,88.47,88.77,88.34,88.74,90812.4
1778074500000,88.74,88.76,88.34,88.43,48913.85
1778074800000,88.42,88.69,88.4,88.64,52221.92
1778075100000,88.64,88.66,88.02,88.27,108730.48
1778075400000,88.27,88.31,88.06,88.27,86264.03
1778075700000,88.27,88.39,88.16,88.28,27912.14
1778076000000,88.28,88.32,87.71,87.72,107466.83
1778076300000,87.71,87.98,87.42,87.98,244770.85
1778076600000,87.98,88.06,87.8,88.06,83434.78
1778076900000,88.06,88.11,87.84,87.96,50855.46
1778077200000,87.95,88.24,87.95,88.22,105054.2
1778077500000,88.21,88.43,88.14,88.15,76478.29
1778077800000,88.14,88.49,88.13,88.43,39639.8
1778078100000,88.42,88.49,88.34,88.46,36704.04
1778078400000,88.45,88.59,88.36,88.59,31245.62
1778078700000,88.59,88.79,88.46,88.57,61737.02
1778079000000,88.57,88.61,88.33,88.38,25850.88
1778079300000,88.38,88.46,88.26,88.34,17061.54
1778079600000,88.34,88.54,88.32,88.54,35991.21
1778079900000,88.53,88.58,88.46,88.47,18768.04
1778080200000,88.47,88.5,88.26,88.34,24964.73
1778080500000,88.34,88.83,88.34,88.81,39678.75
1778080800000,88.81,88.92,88.77,88.82,39789.4
1778081100000,88.83,88.86,88.67,88.69,19863.91
1778081400000,88.7,88.8,88.69,88.74,10885.27
1778081700000,88.73,88.74,88.49,88.5,19278.95
1778082000000,88.51,88.86,88.5,88.75,44142.01
1778082300000,88.74,88.99,88.74,88.87,29345.18
1778082600000,88.88,88.95,88.81,88.94,16511.16
1778082900000,88.95,89.01,88.86,88.91,16332.57
1778083200000,88.9,88.94,88.78,88.91,19310.33
1778083500000,88.92,89.04,88.87,89.04,30976.24
1778083800000,89.04,89.14,89.0,89.0,30100.26
1778084100000,89.0,89.09,88.9,88.9,19949.13
1778084400000,88.9,88.92,88.59,88.76,55298.87
1778084700000,88.76,88.84,88.61,88.65,17060.93
1778085000000,88.66,88.82,88.53,88.81,27069.54
1778085300000,88.8,89.02,88.69,89.01,16407.96
1778085600000,89.0,89.23,88.95,89.17,33346.62
1778085900000,89.16,89.33,89.16,89.32,23205.26
1778086200000,89.32,89.46,89.21,89.21,45857.47
1778086500000,89.22,89.25,89.08,89.11,26025.58
1778086800000,89.12,89.36,89.08,89.31,20422.49
1778087100000,89.31,89.38,89.15,89.15,22007.75
1778087400000,89.14,89.25,89.13,89.16,11209.48
1778087700000,89.16,89.17,88.85,88.96,43201.18
1778088000000,88.96,89.17,88.95,89.1,17522.41
1778088300000,89.09,89.1,88.97,88.98,12115.63
1778088600000,88.98,89.03,88.89,88.91,16578.04
1778088900000,88.91,88.97,88.88,88.96,7431.12
1778089200000,88.96,89.02,88.88,88.89,28963.53
1778089500000,88.9,88.92,88.54,88.69,93728.92
1778089800000,88.68,88.74,88.64,88.7,12292.14
1778090100000,88.7,88.79,88.64,88.78,21611.89
1778090400000,88.78,88.86,88.7,88.71,13294.0
1778090700000,88.7,88.78,88.62,88.72,14966.01
1778091000000,88.72,88.72,88.44,88.7,47635.24
1778091300000,88.71,88.91,88.69,88.78,30166.01
1778091600000,88.78,88.82,88.71,88.71,8176.77
1778091900000,88.7,88.87,88.69,88.8,9127.07
1778092200000,88.8,88.87,88.55,88.72,13031.42
1778092500000,88.71,88.75,88.64,88.7,11513.63
1778092800000,88.7,88.96,88.69,88.91,32293.63
1778093100000,88.91,89.04,88.82,88.82,32124.41
1778093400000,88.82,88.97,88.79,88.94,17993.82
1778093700000,88.95,89.1,88.93,88.93,8939.79
1778094000000,88.92,89.15,88.91,89.05,12572.73
1778094300000,89.05,89.14,89.0,89.09,6022.67
1778094600000,89.09,89.1,88.91,88.91,8872.9
1778094900000,88.91,89.02,88.86,89.01,7844.64
1778095200000,89.01,89.23,89.01,89.01,14787.93
1778095500000,89.01,89.06,88.95,89.02,6660.77
1778095800000,89.02,89.02,88.87,88.87,8467.26
1778096100000,88.87,89.12,88.84,89.11,9456.64
1778096400000,89.11,89.15,88.99,89.06,5278.81
1778096700000,89.06,89.14,89.0,89.0,5464.35
1778097000000,89.01,89.18,89.0,89.18,14557.52
1778097300000,89.18,89.27,89.1,89.21,14398.88
1778097600000,89.21,89.4,89.16,89.4,16808.39
1778097900000,89.39,89.45,89.33,89.41,17385.46
1778098200000,89.4,89.49,89.37,89.44,19443.96
1778098500000,89.44,89.53,89.43,89.48,35163.21
1778098800000,89.49,89.5,89.36,89.41,11711.49
1778099100000,89.41,89.59,89.36,89.37,16028.87
1778099400000,89.36,89.42,89.14,89.23,68243.61
1778099700000,89.24,89.27,89.07,89.12,16669.67
1778100000000,89.12,89.17,88.95,88.96,11825.26
1778100300000,88.97,89.02,88.88,88.89,10485.38
1778100600000,88.89,88.97,88.87,88.95,8120.11
1778100900000,88.94,89.14,88.93,89.13,10121.69
1778101200000,89.14,89.2,89.1,89.19,8395.48
1778101500000,89.18,89.35,89.13,89.34,19531.91
1778101800000,89.34,89.35,89.01,89.19,24765.67
1778102100000,89.19,89.32,89.18,89.24,16958.21
1778102400000,89.24,89.33,89.22,89.33,10271.58
1778102700000,89.33,89.4,89.24,89.37,18081.59
1778103000000,89.36,89.49,89.28,89.4,13341.45
1778103300000,89.41,89.53,89.4,89.53,11703.95
1778103600000,89.53,89.54,89.42,89.45,7363.23
1778103900000,89.45,89.47,89.35,89.41,10262.49
1778104200000,89.41,89.53,89.4,89.49,9490.98
1778104500000,89.49,89.53,89.39,89.44,10007.71
1778104800000,89.44,89.51,89.31,89.43,30191.78
1778105100000,89.44,89.5,89.27,89.27,18926.31
1778105400000,89.28,89.32,89.19,89.31,9455.6
1778105700000,89.31,89.32,89.19,89.2,11358.37
1778106000000,89.19,89.2,89.06,89.1,16093.77
1778106300000,89.1,89.12,89.02,89.03,13000.29
1778106600000,89.04,89.18,89.03,89.11,13416.48
1778106900000,89.11,89.13,89.03,89.05,6065.23
1778107200000,89.04,89.09,89.04,89.09,6426.76
1778107500000,89.09,89.15,88.97,89.03,16028.86
1778107800000,89.03,89.2,89.02,89.18,4768.16
1778108100000,89.18,89.18,89.02,89.02,4866.0
1778108400000,89.03,89.03,88.61,88.73,53829.18
1778108700000,88.73,89.0,88.72,88.96,24443.22
1778109000000,88.96,89.06,88.9,88.91,17308.45
1778109300000,88.91,89.02,88.91,88.97,9044.29
1778109600000,88.96,89.11,88.96,89.11,14829.19
1778109900000,89.11,89.12,89.05,89.1,11685.24
1778110200000,89.11,89.12,89.02,89.08,8381.75
1778110500000,89.07,89.07,88.98,88.99,7537.74
1778110800000,88.98,89.1,88.95,89.05,3934.03
1778111100000,89.06,89.09,88.97,89.02,13136.17
1778111400000,89.02,89.13,88.97,89.13,8740.43
1778111700000,89.13,89.14,89.07,89.11,4052.22
1778112000000,89.12,89.22,89.11,89.15,22954.02
1778112300000,89.15,89.17,88.96,88.97,15567.27
1778112600000,88.97,89.11,88.94,88.96,22123.14
1778112900000,88.97,88.97,88.82,88.94,22394.93
1778113200000,88.95,88.95,88.71,88.78,33736.2
1778113500000,88.77,88.77,88.6,88.61,21635.01
1778113800000,88.6,88.64,88.47,88.55,45441.5
1778114100000,88.56,88.64,88.48,88.51,41454.05
1778114400000,88.5,88.51,88.18,88.27,56496.55
1778114700000,88.27,88.5,88.2,88.45,57153.83
1778115000000,88.45,88.48,88.17,88.23,58230.78
1778115300000,88.23,88.42,88.15,88.28,30787.0
1778115600000,88.28,88.36,88.07,88.09,36881.91
1778115900000,88.09,88.22,87.82,88.18,113685.52
1778116200000,88.18,88.35,88.15,88.33,28832.08
1778116500000,88.33,88.36,88.06,88.13,36191.39
1778116800000,88.13,88.31,87.86,88.26,44342.97
1778117100000,88.26,88.36,88.22,88.35,18726.26
1778117400000,88.35,88.47,88.19,88.19,25555.84
1778117700000,88.19,88.34,88.19,88.31,16800.21
1778118000000,88.31,88.38,88.23,88.29,13890.56
1778118300000,88.3,88.3,88.17,88.28,27953.11
1778118600000,88.29,88.31,88.03,88.1,24970.55
1778118900000,88.1,88.31,88.09,88.26,55457.1
1778119200000,88.27,88.34,88.13,88.16,29397.44
1778119500000,88.15,88.16,88.0,88.02,21026.2
1778119800000,88.02,88.09,87.91,87.93,26701.19
1778120100000,87.94,88.03,87.9,87.9,18326.55
1778120400000,87.9,88.05,87.85,87.9,48823.73
1778120700000,87.9,87.94,87.83,87.88,22472.77
1778121000000,87.89,88.04,87.75,88.01,49020.95
1778121300000,88.02,88.04,87.91,87.92,22933.05
1778121600000,87.92,87.96,87.88,87.9,12071.51
1778121900000,87.91,88.0,87.88,87.99,17955.71
1778122200000,87.99,88.12,87.96,88.08,16942.43
1778122500000,88.08,88.18,88.06,88.1,14365.18
1778122800000,88.1,88.1,88.02,88.03,22440.65
1778123100000,88.02,88.08,87.95,87.98,9727.47
1778123400000,87.98,88.02,87.89,87.92,6787.07
1778123700000,87.92,88.02,87.92,87.98,7378.79
1778124000000,87.97,87.98,87.6,87.7,118302.38
1778124300000,87.69,87.86,87.67,87.85,33128.3
1778124600000,87.84,87.84,87.64,87.69,33770.69
1778124900000,87.69,87.85,87.69,87.84,19479.68
1778125200000,87.84,87.93,87.84,87.93,12487.23
1778125500000,87.94,87.97,87.91,87.95,11109.38
1778125800000,87.94,88.0,87.87,87.87,6716.06
1778126100000,87.87,87.87,87.7,87.71,27996.84
1778126400000,87.71,87.8,87.67,87.71,15968.83
1778126700000,87.71,87.76,87.65,87.7,14736.5
1778127000000,87.69,87.99,87.69,87.96,13208.17
1778127300000,87.95,88.06,87.92,88.05,22319.97
1778127600000,88.04,88.13,88.03,88.1,11244.63
1778127900000,88.11,88.17,88.03,88.07,23844.77
1778128200000,88.08,88.19,88.04,88.1,15300.46
1778128500000,88.1,88.15,88.02,88.03,12060.37
1778128800000,88.03,88.04,87.94,87.94,36441.03
1778129100000,87.94,88.11,87.94,88.09,7765.11
1778129400000,88.1,88.28,88.04,88.28,36775.72
1778129700000,88.27,88.33,88.23,88.32,20395.4
1778130000000,88.32,88.59,88.3,88.59,41391.98
1778130300000,88.59,88.6,88.45,88.49,26614.8
1778130600000,88.49,88.87,88.47,88.52,82998.81
1778130900000,88.52,88.62,88.49,88.5,20716.7
1778131200000,88.51,88.51,88.4,88.45,22839.57
1778131500000,88.45,88.6,88.39,88.55,36030.1
1778131800000,88.56,88.62,88.51,88.51,24249.88
1778132100000,88.52,88.64,88.5,88.5,10202.05
1778132400000,88.51,88.52,88.42,88.42,25388.92
1778132700000,88.43,88.61,88.31,88.52,79825.84
1778133000000,88.52,88.58,88.48,88.56,17251.27
1778133300000,88.57,88.62,88.5,88.62,14240.62
1778133600000,88.62,88.63,88.54,88.63,24568.32
1778133900000,88.64,88.64,88.33,88.46,31437.64
1778134200000,88.46,88.53,88.18,88.19,80349.61
1778134500000,88.19,88.3,88.18,88.25,25090.41
1778134800000,88.26,88.36,88.21,88.28,16060.3
1778135100000,88.28,88.45,88.25,88.44,7337.47
1778135400000,88.45,88.87,88.44,88.87,42124.5
1778135700000,88.87,89.05,88.87,88.96,81776.98
1778136000000,88.96,89.14,88.95,89.11,60833.47
1778136300000,89.11,89.13,88.93,89.04,43951.26
1778136600000,89.04,89.15,89.04,89.13,20318.45
1778136900000,89.12,89.25,89.09,89.22,54975.54
1778137200000,89.23,89.24,89.12,89.21,34058.72
1778137500000,89.22,89.37,89.08,89.14,71206.83
1778137800000,89.15,89.49,89.13,89.48,42023.38
1778138100000,89.48,89.56,89.33,89.43,43857.24
1778138400000,89.42,89.53,89.41,89.47,18414.7
1778138700000,89.48,89.59,89.43,89.56,36341.25
1778139000000,89.57,90.03,89.56,89.98,177502.59
1778139300000,89.99,90.35,89.95,90.21,129682.74
1778139600000,90.22,90.34,90.09,90.14,40394.03
1778139900000,90.14,90.39,90.14,90.24,82682.61
1778140200000,90.25,90.3,89.97,90.01,53541.23
1778140500000,90.02,90.15,89.91,90.12,46337.6
1778140800000,90.12,90.2,90.04,90.06,46318.72
1778141100000,90.05,90.22,90.02,90.21,27336.87
1778141400000,90.21,90.21,90.0,90.1,32528.41
1778141700000,90.11,90.12,89.67,89.71,51999.58
1778142000000,89.71,89.79,89.64,89.75,61257.12
1778142300000,89.76,89.8,89.59,89.79,35503.26
1778142600000,89.79,89.94,89.65,89.69,23978.67
1778142900000,89.69,89.72,89.5,89.69,39821.34
1778143200000,89.7,89.77,89.55,89.57,46793.49
1778143500000,89.58,89.63,89.45,89.61,22036.12
1778143800000,89.61,89.77,89.58,89.63,21100.29
1778144100000,89.63,89.63,89.45,89.55,32767.29
1778144400000,89.55,89.55,89.31,89.33,40185.44
1778144700000,89.33,89.5,89.28,89.49,35857.48
1778145000000,89.5,89.52,89.41,89.5,9762.9
1778145300000,89.51,89.52,89.4,89.52,11669.49
1778145600000,89.51,89.54,89.34,89.41,18984.36
1778145900000,89.4,89.42,89.15,89.24,52718.13
1778146200000,89.23,89.51,89.2,89.43,88619.14
1778146500000,89.44,89.52,89.26,89.28,24414.1
1778146800000,89.28,89.38,89.21,89.25,22908.04
1778147100000,89.24,89.4,89.24,89.39,19328.98
1778147400000,89.4,89.42,89.28,89.39,14096.7
1778147700000,89.39,89.44,89.37,89.41,14034.09
1778148000000,89.42,89.49,89.33,89.43,14366.41
1778148300000,89.42,89.44,89.29,89.29,9346.83
1778148600000,89.29,89.3,88.99,89.11,39505.32
1778148900000,89.11,89.22,89.06,89.08,23629.6
1778149200000,89.08,89.11,88.99,89.0,37381.26
1778149500000,89.0,89.02,88.71,88.75,71289.83
1778149800000,88.75,88.91,88.72,88.87,45514.58
1778150100000,88.88,89.0,88.8,88.98,22699.17
1778150400000,88.98,89.16,88.97,89.14,22936.09
1778150700000,89.14,89.18,89.04,89.06,18316.72
1778151000000,89.06,89.16,89.03,89.15,14969.07
1778151300000,89.14,89.18,89.11,89.11,6660.96
1778151600000,89.12,89.38,89.12,89.37,40500.43
1778151900000,89.37,89.65,89.35,89.48,109362.79
1778152200000,89.47,89.47,89.34,89.42,22691.06
1778152500000,89.41,89.45,89.31,89.4,13320.14
1778152800000,89.4,89.61,89.35,89.57,17681.13
1778153100000,89.57,89.58,89.37,89.37,28428.46
1778153400000,89.38,89.53,89.37,89.46,10753.83
1778153700000,89.46,89.49,89.37,89.47,10129.05
1778154000000,89.47,89.59,89.47,89.56,10208.15
1778154300000,89.55,89.59,89.38,89.38,14598.22
1778154600000,89.38,89.44,89.22,89.42,39874.58
1778154900000,89.43,89.55,89.41,89.5,18032.31
1778155200000,89.51,89.77,89.46,89.7,34201.93
1778155500000,89.7,89.74,89.61,89.7,12919.79
1778155800000,89.7,89.94,89.7,89.93,29335.16
1778156100000,89.93,90.04,89.74,89.85,78238.16
1778156400000,89.85,89.86,89.69,89.74,59354.3
1778156700000,89.73,89.9,89.72,89.86,20604.41
1778157000000,89.86,89.94,89.78,89.81,19370.01
1778157300000,89.82,89.88,89.78,89.83,14361.36
1778157600000,89.83,89.86,89.75,89.83,15322.11
1778157900000,89.84,89.89,89.59,89.69,16858.94
1778158200000,89.69,89.75,89.62,89.71,10466.01
1778158500000,89.71,89.73,89.61,89.7,11592.07
1778158800000,89.7,89.7,89.48,89.51,31972.24
1778159100000,89.52,89.52,89.22,89.24,40072.26
1778159400000,89.25,89.3,88.95,89.06,94245.23
1778159700000,89.06,89.44,89.05,89.33,74739.92
1778160000000,89.33,89.48,89.27,89.38,15441.82
1778160300000,89.37,89.37,89.09,89.19,35288.83
1778160600000,89.19,89.2,88.95,89.1,39095.18
1778160900000,89.11,89.17,88.91,88.94,46936.1
1778161200000,88.94,89.04,88.85,88.86,36175.11
1778161500000,88.87,88.96,88.31,88.49,192178.4
1778161800000,88.5,88.71,88.37,88.62,55372.54
1778162100000,88.62,88.73,88.55,88.6,41839.66
1778162400000,88.6,88.68,88.45,88.52,28067.11
1778162700000,88.51,88.58,88.41,88.52,28369.53
1778163000000,88.53,88.86,88.49,88.83,64648.61
1778163300000,88.83,88.83,88.42,88.46,54239.32
1778163600000,88.47,88.55,88.37,88.46,30925.55
1778163900000,88.47,88.57,88.4,88.44,44919.01
1778164200000,88.44,88.5,88.12,88.15,98089.55
1778164500000,88.15,88.2,87.78,87.95,184033.67
1778164800000,87.95,88.04,87.8,87.96,83162.05
1778165100000,87.95,88.14,87.9,88.06,117864.55
1778165400000,88.06,88.27,88.05,88.18,51665.27
1778165700000,88.18,88.25,88.0,88.11,32664.83
1778166000000,88.11,88.27,88.01,88.22,33978.24
1778166300000,88.21,88.43,88.03,88.42,52225.65
1778166600000,88.42,88.44,88.24,88.29,20386.48
1778166900000,88.29,88.47,88.05,88.05,47550.64
1778167200000,88.05,88.13,87.84,87.98,75635.59
1778167500000,87.97,88.1,87.74,88.01,80803.7
1778167800000,88.02,88.33,87.96,88.26,46680.49
1778168100000,88.26,88.42,88.24,88.32,28591.24
1778168400000,88.32,88.44,88.26,88.36,16386.68
1778168700000,88.35,88.48,88.34,88.46,20264.26
1778169000000,88.46,88.53,88.31,88.4,36879.18
1778169300000,88.39,88.43,88.18,88.26,32794.2
1778169600000,88.26,88.45,88.2,88.28,22185.33
1778169900000,88.28,88.29,88.08,88.27,83598.77
1778170200000,88.28,88.32,88.12,88.31,26025.39
1778170500000,88.3,88.31,88.04,88.11,34334.81
1778170800000,88.11,88.5,88.08,88.45,50233.85
1778171100000,88.46,88.7,88.45,88.64,72401.14
1778171400000,88.65,88.74,88.5,88.5,36919.74
1778171700000,88.5,88.5,88.3,88.4,24313.55
1778172000000,88.4,88.51,88.36,88.48,11188.88
1778172300000,88.49,88.71,88.44,88.63,30703.64
1778172600000,88.63,88.65,88.44,88.52,19581.71
1778172900000,88.53,88.6,88.25,88.39,16661.21
1778173200000,88.39,88.52,88.28,88.42,22815.48
1778173500000,88.42,88.58,88.37,88.42,12928.01
1778173800000,88.41,88.55,88.35,88.53,5904.81
1778174100000,88.52,88.55,88.18,88.22,25406.7
1778174400000,88.21,88.43,88.17,88.38,46999.42
1778174700000,88.39,88.56,87.9,88.11,78692.68
1778175000000,88.12,88.38,88.08,88.35,32510.19
1778175300000,88.36,88.49,88.32,88.43,21245.22
1778175600000,88.44,88.52,88.42,88.43,18689.65
1778175900000,88.44,88.51,88.32,88.4,4997.07
1778176200000,88.39,88.49,88.34,88.48,11540.77
1778176500000,88.48,88.82,88.42,88.75,69821.56
1778176800000,88.76,88.94,88.73,88.87,31017.4
1778177100000,88.87,88.91,88.78,88.79,11571.31
1778177400000,88.8,88.8,88.65,88.77,17424.56
1778177700000,88.77,88.84,88.73,88.76,10858.26
1778178000000,88.76,88.88,88.74,88.84,11824.64
1778178300000,88.85,88.91,88.8,88.81,11130.75
1778178600000,88.82,89.04,88.81,88.92,24304.32
1778178900000,88.92,88.97,88.81,88.91,8186.94
1778179200000,88.92,88.94,88.51,88.58,64581.94
1778179500000,88.59,88.64,88.37,88.37,22544.33
1778179800000,88.38,88.4,88.18,88.31,57035.77
1778180100000,88.32,88.67,88.32,88.54,36705.84
1778180400000,88.53,88.57,88.31,88.31,12807.26
1778180700000,88.32,88.4,88.27,88.31,29440.0
1778181000000,88.32,88.56,88.3,88.5,11830.83
1778181300000,88.5,88.54,88.21,88.25,11213.38
1778181600000,88.25,88.37,88.21,88.22,5631.96
1778181900000,88.22,88.29,88.16,88.24,10924.58
1778182200000,88.25,88.4,88.24,88.38,9511.08
1778182500000,88.39,88.59,88.35,88.57,9461.52
1778182800000,88.57,88.68,88.49,88.49,8319.89
1778183100000,88.5,88.55,88.44,88.54,7538.31
1778183400000,88.55,88.69,88.25,88.35,49866.0
1778183700000,88.34,88.47,88.31,88.4,16863.61
1778184000000,88.4,88.82,88.32,88.63,52139.1
1778184300000,88.63,88.65,88.54,88.6,4721.07
1778184600000,88.61,88.64,88.47,88.48,7301.76
1778184900000,88.48,88.53,88.42,88.44,9961.34
1778185200000,88.45,88.54,88.38,88.49,5326.28
1778185500000,88.49,88.54,88.43,88.52,3263.95
1778185800000,88.52,88.52,88.36,88.36,17702.42
1778186100000,88.36,88.42,88.15,88.16,17885.82
1778186400000,88.16,88.23,88.11,88.18,34253.01
1778186700000,88.18,88.22,88.08,88.21,17513.96
1778187000000,88.21,88.23,88.08,88.08,9027.81
1778187300000,88.08,88.09,87.99,88.01,16977.76
1778187600000,88.01,88.08,87.96,88.07,9253.1
1778187900000,88.07,88.09,87.61,87.62,79212.8
1778188200000,87.62,87.92,87.61,87.83,63386.35
1778188500000,87.83,88.05,87.72,88.02,24877.55
1778188800000,88.02,88.05,87.84,88.0,18982.81
1778189100000,87.99,88.12,87.99,88.11,8059.31
1778189400000,88.11,88.18,88.03,88.13,11092.91
1778189700000,88.13,88.18,88.06,88.1,7098.35
1778190000000,88.1,88.11,87.94,87.94,10987.3
1778190300000,87.94,88.04,87.93,88.02,13634.57
1778190600000,88.02,88.02,87.95,88.01,11824.43
1778190900000,88.02,88.06,87.91,87.93,8817.99
1778191200000,87.93,87.93,87.73,87.73,35035.31
1778191500000,87.73,87.82,87.64,87.79,41802.05
1778191800000,87.8,87.97,87.72,87.91,31360.39
1778192100000,87.91,88.04,87.88,88.04,13490.81
1778192400000,88.03,88.18,88.03,88.1,20235.81
1778192700000,88.1,88.13,87.97,87.97,10941.72
1778193000000,87.98,88.1,87.76,87.77,32199.66
1778193300000,87.77,87.89,87.77,87.89,10475.53
1778193600000,87.89,87.93,87.78,87.83,23045.94
1778193900000,87.83,87.95,87.83,87.93,4928.54
1778194200000,87.93,88.04,87.91,88.03,5594.97
1778194500000,88.03,88.13,88.01,88.04,20178.43
1778194800000,88.05,88.2,88.01,88.2,15075.32
1778195100000,88.19,88.24,88.13,88.23,18814.49
1778195400000,88.23,88.26,88.14,88.17,12491.87
1778195700000,88.18,88.24,88.05,88.05,10425.98
1778196000000,88.05,88.22,88.05,88.18,5322.39
1778196300000,88.19,88.32,88.18,88.2,10422.61
1778196600000,88.21,88.25,88.15,88.16,12129.47
1778196900000,88.16,88.32,88.15,88.28,8378.28
1778197200000,88.28,88.35,88.26,88.35,9821.27
1778197500000,88.34,88.43,88.33,88.42,11009.27
1778197800000,88.43,88.45,88.37,88.4,8215.37
1778198100000,88.39,88.41,88.37,88.39,6452.38
1778198400000,88.4,88.52,88.36,88.48,32889.85
1778198700000,88.49,88.6,88.48,88.54,19412.76
1778199000000,88.55,88.61,88.51,88.53,8100.67
1778199300000,88.54,88.54,88.4,88.52,39473.26
1778199600000,88.52,88.56,88.43,88.56,6004.79
1778199900000,88.55,88.58,88.33,88.38,19265.1
1778200200000,88.38,88.42,88.35,88.37,6754.22
1778200500000,88.37,88.4,88.25,88.26,8475.4
1778200800000,88.26,88.32,88.25,88.27,8880.18
1778201100000,88.28,88.28,88.13,88.2,83579.23
1778201400000,88.2,88.2,88.1,88.13,11067.25
1778201700000,88.13,88.23,88.06,88.23,15288.21
1778202000000,88.23,88.33,88.23,88.24,6881.37
1778202300000,88.24,88.24,88.1,88.18,10610.03
1778202600000,88.18,88.18,87.94,87.97,15643.77
1778202900000,87.98,88.1,87.87,88.09,29066.68
1778203200000,88.1,88.13,88.02,88.06,8315.73
1778203500000,88.07,88.16,88.04,88.15,4555.67
1778203800000,88.16,88.25,88.14,88.22,8584.38
1778204100000,88.21,88.22,88.1,88.17,5412.15
1778204400000,88.18,88.24,88.16,88.16,7183.77
1778204700000,88.16,88.21,88.11,88.12,7235.25
1778205000000,88.12,88.14,88.09,88.1,3015.55
1778205300000,88.1,88.17,88.09,88.09,8294.73
1778205600000,88.1,88.13,87.79,87.88,32714.73
1778205900000,87.88,87.92,87.74,87.85,18731.61
1778206200000,87.85,87.94,87.84,87.9,13743.3
1778206500000,87.9,87.9,87.56,87.6,124334.27
1778206800000,87.61,87.83,87.57,87.79,56013.65
1778207100000,87.8,87.87,87.76,87.87,25061.96
1778207400000,87.86,88.31,87.82,88.2,49137.81
1778207700000,88.2,88.25,87.95,88.01,21631.75
1778208000000,88.02,88.11,88.0,88.07,7897.99
1778208300000,88.08,88.21,88.08,88.2,9158.75
1778208600000,88.2,88.23,88.07,88.1,11571.21
1778208900000,88.1,88.11,87.95,88.02,16010.09
1778209200000,88.02,88.03,87.65,87.69,32030.52
1778209500000,87.69,87.86,87.57,87.86,39259.41
1778209800000,87.85,87.99,87.84,87.95,13517.85
1778210100000,87.94,88.23,87.94,88.12,21594.76
1778210400000,88.12,88.18,88.11,88.14,6951.7
1778210700000,88.14,88.17,88.06,88.15,13690.17
1778211000000,88.15,88.33,88.15,88.28,23451.24
1778211300000,88.29,88.29,88.23,88.27,9071.02
1778211600000,88.27,88.31,88.2,88.25,11114.41
1778211900000,88.24,88.28,88.13,88.16,12276.17
1778212200000,88.16,88.27,88.15,88.24,10014.94
1778212500000,88.24,88.25,88.15,88.18,7031.45
1778212800000,88.17,88.28,88.16,88.22,5548.39
1778213100000,88.22,88.25,88.2,88.23,4140.12
1778213400000,88.23,88.29,88.21,88.29,10406.44
1778213700000,88.29,88.32,88.2,88.3,18363.25
1778214000000,88.31,88.33,88.27,88.29,10471.42
1778214300000,88.29,88.3,88.22,88.28,5352.87
1778214600000,88.28,88.28,88.13,88.13,33006.69
1778214900000,88.14,88.19,88.08,88.11,17256.72
1778215200000,88.11,88.12,87.96,88.07,54685.29
1778215500000,88.08,88.14,88.06,88.1,8854.19
1778215800000,88.09,88.19,88.03,88.15,5437.42
1778216100000,88.16,88.16,88.1,88.12,4393.79
1778216400000,88.12,88.17,88.03,88.1,11717.98
1778216700000,88.09,88.15,88.07,88.13,5369.37
1778217000000,88.13,88.25,88.08,88.16,10537.28
1778217300000,88.15,88.32,88.14,88.17,15421.46
1778217600000,88.17,88.19,88.07,88.17,10841.27
1778217900000,88.18,88.24,88.16,88.22,16329.47
1778218200000,88.22,88.35,88.21,88.29,14152.86
1778218500000,88.28,88.32,88.23,88.28,6191.67
1778218800000,88.27,88.36,88.27,88.32,9660.44
1778219100000,88.31,88.37,88.12,88.19,28656.32
1778219400000,88.2,88.22,88.12,88.12,4709.59
1778219700000,88.13,88.14,87.99,87.99,10353.48
1778220000000,87.99,88.0,87.77,87.97,66348.54
1778220300000,87.97,87.98,87.83,87.89,35752.59
1778220600000,87.89,88.1,87.85,88.05,25547.94
1778220900000,88.05,88.19,88.04,88.14,13578.5
1778221200000,88.14,88.18,88.09,88.1,10835.72
1778221500000,88.11,88.24,87.99,87.99,77035.76
1778221800000,88.0,88.03,87.83,87.85,32569.97
1778222100000,87.86,87.99,87.76,87.98,26775.04
1778222400000,87.99,88.07,87.93,87.98,22602.08
1778222700000,87.99,88.02,87.86,87.9,17076.07
1778223000000,87.9,87.99,87.9,87.97,9542.25
1778223300000,87.98,88.0,87.88,88.0,8581.2
1778223600000,87.99,87.99,87.85,87.9,7605.85
1778223900000,87.9,87.9,87.7,87.83,28484.23
1778224200000,87.83,87.85,87.73,87.74,10239.23
1778224500000,87.73,87.82,87.71,87.77,19059.9
1778224800000,87.77,87.84,87.59,87.7,113832.24
1778225100000,87.71,87.78,87.66,87.78,20162.63
1778225400000,87.78,87.9,87.76,87.84,25204.42
1778225700000,87.84,87.98,87.83,87.94,23845.02
1778226000000,87.94,88.07,87.93,88.03,11490.62
1778226300000,88.02,88.18,88.0,88.14,27120.37
1778226600000,88.15,88.17,88.02,88.15,13191.84
1778226900000,88.15,88.19,88.1,88.18,25230.75
1778227200000,88.18,88.24,88.17,88.24,30412.79
1778227500000,88.24,88.3,88.13,88.2,106440.34
1778227800000,88.2,88.27,88.16,88.17,40913.09
1778228100000,88.18,88.22,88.11,88.12,14007.2
1778228400000,88.12,88.15,88.0,88.01,57787.0
1778228700000,88.01,88.25,87.96,88.18,88630.16
1778229000000,88.18,88.25,88.12,88.25,21823.09
1778229300000,88.24,88.43,88.24,88.42,57411.92
1778229600000,88.42,88.48,88.33,88.41,39832.74
1778229900000,88.42,88.58,88.4,88.47,63980.43
1778230200000,88.48,88.49,88.4,88.46,25085.76
1778230500000,88.47,88.47,88.3,88.32,42476.66
1778230800000,88.32,88.33,88.16,88.24,17431.11
1778231100000,88.25,88.49,88.24,88.42,26287.83
1778231400000,88.43,88.51,88.4,88.51,29948.25
1778231700000,88.5,88.55,88.47,88.52,30701.37
1778232000000,88.53,88.7,88.52,88.59,49172.14
1778232300000,88.59,88.68,88.5,88.51,21083.56
1778232600000,88.51,88.58,88.45,88.53,30310.71
1778232900000,88.53,88.55,88.44,88.46,10007.68
1778233200000,88.46,88.47,88.4,88.4,13102.85
1778233500000,88.41,88.42,88.25,88.33,17781.15
1778233800000,88.32,88.34,88.25,88.33,15811.67
1778234100000,88.33,88.39,88.27,88.37,24641.39
1778234400000,88.37,88.54,88.37,88.51,20114.55
1778234700000,88.51,88.51,88.22,88.28,16002.75
1778235000000,88.28,88.4,88.28,88.34,16673.17
1778235300000,88.34,88.41,88.3,88.38,6970.24
1778235600000,88.38,88.44,88.3,88.42,3579.37
1778235900000,88.42,88.46,88.36,88.4,3362.41
1778236200000,88.41,88.55,88.4,88.54,14646.96
1778236500000,88.54,88.64,88.51,88.58,11851.73
1778236800000,88.58,88.66,88.53,88.62,18438.91
1778237100000,88.62,88.65,88.57,88.63,33498.55
1778237400000,88.64,88.68,88.64,88.66,19824.05
1778237700000,88.66,88.72,88.56,88.57,38041.95
1778238000000,88.58,88.68,88.52,88.59,20526.31
1778238300000,88.58,88.63,88.51,88.53,37016.86
1778238600000,88.53,88.53,88.42,88.53,36654.5
1778238900000,88.53,88.59,88.49,88.57,6708.56
1778239200000,88.57,88.67,88.51,88.62,10277.6
1778239500000,88.61,88.65,88.58,88.59,10004.84
1778239800000,88.59,88.63,88.53,88.58,8540.42
1778240100000,88.59,88.64,88.52,88.55,2958.71
1778240400000,88.56,88.58,88.44,88.46,29720.96
1778240700000,88.46,88.62,88.46,88.58,7405.56
1778241000000,88.58,88.64,88.56,88.62,4179.76
1778241300000,88.63,88.63,88.55,88.59,12077.06
1778241600000,88.6,88.65,88.53,88.54,12693.03
1778241900000,88.53,88.61,88.52,88.53,6649.51
1778242200000,88.54,88.56,88.44,88.55,27463.92
1778242500000,88.54,88.59,88.53,88.56,8517.4
1778242800000,88.55,88.56,88.45,88.49,4500.64
1778243100000,88.5,88.69,88.45,88.65,21383.36
1778243400000,88.65,88.82,88.41,88.6,62146.51
1778243700000,88.6,88.63,88.52,88.55,10140.69
1778244000000,88.55,88.69,88.55,88.67,22005.16
1778244300000,88.66,88.68,88.5,88.51,21287.45
1778244600000,88.51,88.52,88.35,88.49,39586.43
1778244900000,88.5,88.56,88.3,88.4,22477.27
1778245200000,88.4,88.53,88.36,88.44,22708.97
1778245500000,88.44,88.5,88.23,88.34,48056.93
1778245800000,88.34,88.41,88.1,88.22,63808.67
1778246100000,88.23,88.38,88.23,88.32,18222.32
1778246400000,88.32,88.45,88.32,88.45,11290.52
1778246700000,88.44,88.44,88.22,88.25,18076.09
1778247000000,88.25,88.45,88.2,88.43,18505.19
1778247300000,88.44,88.47,88.07,88.08,22497.26
1778247600000,88.08,88.1,87.95,88.05,53425.19
1778247900000,88.05,88.35,88.04,88.26,32825.09
1778248200000,88.26,88.38,88.22,88.24,10839.03
1778248500000,88.24,88.29,88.21,88.27,11845.98
1778248800000,88.28,88.58,88.28,88.58,38551.62
1778249100000,88.57,88.78,88.51,88.71,50348.48
1778249400000,88.71,88.82,88.62,88.78,52867.1
1778249700000,88.78,89.35,88.73,89.26,145606.85
1778250000000,89.26,89.34,89.11,89.32,82175.58
1778250300000,89.33,89.36,89.0,89.0,62306.87
1778250600000,89.0,89.07,88.56,89.04,113802.75
1778250900000,89.03,89.18,88.82,89.14,51209.34
1778251200000,89.15,89.19,89.06,89.16,27985.33
1778251500000,89.16,89.18,88.95,89.06,48998.35
1778251800000,89.07,89.19,88.96,89.18,21049.95
1778252100000,89.19,89.19,89.0,89.1,24778.99
1778252400000,89.1,89.24,88.89,88.89,37565.59
1778252700000,88.9,89.01,88.8,88.89,48107.34
1778253000000,88.89,89.03,88.77,88.84,32178.55
1778253300000,88.85,88.86,88.6,88.64,68743.4
1778253600000,88.65,88.79,88.37,88.41,54326.37
1778253900000,88.41,88.54,88.36,88.54,28530.09
1778254200000,88.53,88.78,88.4,88.77,43710.32
1778254500000,88.77,89.02,88.7,89.01,24838.12
1778254800000,89.0,89.25,88.97,89.1,50627.95
1778255100000,89.11,89.31,89.07,89.2,31639.93
1778255400000,89.19,89.47,89.19,89.47,30408.35
1778255700000,89.47,89.56,89.41,89.55,71132.72
1778256000000,89.55,89.59,89.3,89.37,72300.49
1778256300000,89.37,89.53,89.32,89.39,21009.31
1778256600000,89.4,89.49,89.37,89.42,15076.76
1778256900000,89.42,89.56,89.33,89.46,19501.94
1778257200000,89.45,89.67,89.35,89.67,52051.77
1778257500000,89.67,89.74,89.52,89.54,46461.24
1778257800000,89.54,89.6,89.4,89.59,53502.58
1778258100000,89.59,89.68,89.48,89.55,22933.85
1778258400000,89.55,89.69,89.47,89.68,52476.77
1778258700000,89.67,89.72,89.5,89.52,27423.29
1778259000000,89.51,89.68,89.45,89.53,22633.21
1778259300000,89.52,89.65,89.45,89.54,18831.54
1778259600000,89.53,89.73,89.52,89.7,19348.75
1778259900000,89.69,89.81,89.62,89.64,33171.99
1778260200000,89.64,89.77,89.55,89.73,40205.05
1778260500000,89.73,89.96,89.7,89.94,32138.26
1778260800000,89.95,90.06,89.88,89.92,123395.42
1778261100000,89.92,90.32,89.9,90.28,79620.65
1778261400000,90.27,91.74,90.27,91.56,703671.03
1778261700000,91.57,91.94,91.43,91.83,236833.93
1778262000000,91.84,91.89,91.38,91.47,147501.1
1778262300000,91.47,91.72,91.38,91.72,106107.62
1778262600000,91.71,91.79,91.56,91.73,79329.11
1778262900000,91.73,91.82,91.46,91.62,55243.28
1778263200000,91.63,92.03,91.6,91.72,164255.03
1778263500000,91.71,91.77,91.64,91.73,22871.41
1778263800000,91.74,91.88,91.72,91.85,26681.84
1778264100000,91.85,92.25,91.72,92.09,115502.02
1778264400000,92.1,92.29,92.05,92.21,61009.67
1778264700000,92.21,92.36,92.13,92.25,67099.33
1778265000000,92.24,92.53,92.21,92.43,80080.02
1778265300000,92.43,92.53,92.21,92.47,89423.02
1778265600000,92.48,92.5,92.21,92.28,64384.18
1778265900000,92.27,92.4,92.24,92.29,23841.99
1778266200000,92.29,92.5,92.26,92.41,47382.95
1778266500000,92.41,92.43,92.21,92.27,62686.37
1778266800000,92.28,92.29,92.0,92.01,80122.84
1778267100000,92.01,92.42,92.01,92.34,51226.46
1778267400000,92.35,92.4,92.3,92.36,19996.97
1778267700000,92.36,92.72,92.36,92.63,94938.85
1778268000000,92.62,92.73,92.43,92.44,93571.99
1778268300000,92.44,92.7,92.44,92.7,33016.54
1778268600000,92.69,92.76,92.53,92.54,95388.83
1778268900000,92.53,92.61,92.38,92.4,49401.0
1778269200000,92.4,92.51,92.36,92.42,35599.08
1778269500000,92.42,92.54,92.38,92.49,20615.08
1778269800000,92.49,92.57,92.47,92.5,16738.57
1778270100000,92.5,92.55,92.37,92.55,28494.91
1778270400000,92.55,92.61,92.27,92.3,50681.02
1778270700000,92.3,92.38,92.17,92.29,39955.96
1778271000000,92.29,92.4,92.27,92.36,25001.87
1778271300000,92.36,92.43,92.16,92.17,41310.19
1778271600000,92.17,92.45,92.16,92.41,31561.89
1778271900000,92.42,92.44,92.33,92.44,14200.85
1778272200000,92.44,92.45,92.18,92.42,33718.13
1778272500000,92.41,92.42,92.27,92.32,9392.31
1778272800000,92.32,92.35,92.24,92.29,19343.45
1778273100000,92.3,92.33,92.23,92.26,10242.06
1778273400000,92.26,92.27,92.04,92.05,27703.35
1778273700000,92.06,92.08,91.97,92.06,36720.23
1778274000000,92.05,92.16,92.0,92.11,24883.01
1778274300000,92.11,92.19,91.81,91.84,30570.33
1778274600000,91.83,91.9,91.68,91.86,58018.83
1778274900000,91.86,92.01,91.83,91.97,32048.76
1778275200000,91.97,92.08,91.94,91.94,16072.63
1778275500000,91.94,92.01,91.83,91.88,8289.27
1778275800000,91.88,92.07,91.88,92.05,28846.76
1778276100000,92.05,92.26,92.05,92.22,19028.77
1778276400000,92.22,92.35,92.16,92.32,23606.83
1778276700000,92.33,92.34,92.24,92.27,18380.42
1778277000000,92.28,92.3,92.2,92.27,13737.69
1778277300000,92.27,92.27,92.2,92.25,20274.15
1778277600000,92.25,92.46,92.22,92.44,30634.82
1778277900000,92.44,92.56,92.42,92.46,30556.67
1778278200000,92.46,92.59,92.43,92.58,14293.71
1778278500000,92.59,92.66,92.46,92.48,22712.58
1778278800000,92.48,92.53,92.41,92.48,8052.27
1778279100000,92.47,92.48,92.35,92.37,9141.92
1778279400000,92.38,92.44,92.33,92.34,7172.22
1778279700000,92.33,92.42,92.3,92.3,8332.63
1778280000000,92.3,92.35,92.28,92.32,6015.25
1778280300000,92.32,92.4,92.32,92.37,14309.62
1778280600000,92.38,92.39,92.21,92.22,6762.22
1778280900000,92.22,92.26,92.2,92.25,12506.38
1778281200000,92.25,92.25,92.18,92.18,13516.36
1778281500000,92.18,92.18,92.01,92.04,25555.58
1778281800000,92.04,92.13,91.98,91.98,10988.62
1778282100000,91.99,92.06,91.88,92.04,24667.45
1778282400000,92.05,92.07,91.91,91.91,12990.23
1778282700000,91.91,91.96,91.88,91.9,7314.05
1778283000000,91.89,91.93,91.79,91.87,23099.79
1778283300000,91.86,91.86,91.7,91.72,17730.07
1778283600000,91.72,91.89,91.71,91.76,52121.0
1778283900000,91.77,91.87,91.74,91.83,8299.36
1778284200000,91.83,91.93,91.81,91.83,13367.11
1778284500000,91.84,91.98,91.84,91.96,32680.42
1778284800000,91.96,92.0,91.81,91.82,23597.75
1778285100000,91.83,91.93,91.8,91.88,19392.03
1778285400000,91.88,92.05,91.88,92.03,18356.88
1778285700000,92.03,92.19,92.02,92.1,32455.42
1778286000000,92.11,92.36,92.1,92.24,29781.43
1778286300000,92.25,92.32,92.21,92.31,11065.88
1778286600000,92.32,92.5,92.32,92.44,35858.72
1778286900000,92.44,92.49,92.36,92.4,33929.43
1778287200000,92.4,92.43,92.27,92.32,12598.34
1778287500000,92.33,92.56,92.32,92.46,29543.67
1778287800000,92.46,92.47,92.35,92.44,16385.16
1778288100000,92.44,92.46,92.35,92.42,17771.65
1778288400000,92.42,92.46,92.37,92.42,17937.75
1778288700000,92.41,92.63,92.39,92.61,16504.64
1778289000000,92.6,92.66,92.58,92.62,18776.49
1778289300000,92.63,92.65,92.46,92.5,15399.04
1778289600000,92.49,92.52,92.4,92.44,14052.75
1778289900000,92.44,92.5,92.41,92.41,9388.68
1778290200000,92.42,92.6,92.41,92.58,19666.61
1778290500000,92.57,92.88,92.53,92.77,67633.77
1778290800000,92.78,93.27,92.77,93.14,183811.81
1778291100000,93.14,93.28,93.04,93.04,74804.65
1778291400000,93.04,93.8,92.95,93.65,309966.12
1778291700000,93.64,93.71,93.42,93.42,81224.74
1778292000000,93.43,93.52,93.18,93.42,60681.1
1778292300000,93.41,93.74,93.35,93.7,73660.0
1778292600000,93.69,93.71,93.41,93.52,32709.53
1778292900000,93.51,93.58,93.44,93.46,20108.25
1778293200000,93.45,93.53,93.28,93.37,28246.08
1778293500000,93.37,93.39,93.29,93.38,14245.09
1778293800000,93.37,93.53,93.37,93.49,26028.5
1778294100000,93.48,93.58,93.44,93.45,21018.09
1778294400000,93.45,93.47,93.34,93.41,17271.76
1778294700000,93.41,93.43,93.25,93.31,23083.62
1778295000000,93.3,93.43,93.24,93.4,17174.23
1778295300000,93.39,93.44,93.34,93.44,16917.66
1778295600000,93.43,93.48,93.34,93.48,12958.53
1778295900000,93.47,93.6,93.45,93.49,23203.08
1778296200000,93.5,93.64,93.48,93.5,25441.65
1778296500000,93.5,93.69,93.5,93.6,23646.78
1778296800000,93.6,93.69,93.56,93.59,21728.0
1778297100000,93.59,93.64,93.52,93.59,10208.75
1778297400000,93.59,93.59,93.45,93.5,30605.9
1778297700000,93.5,93.52,93.38,93.42,16200.29
1778298000000,93.42,93.47,93.34,93.46,15860.79
1778298300000,93.46,93.64,93.41,93.53,24402.03
1778298600000,93.53,93.65,93.47,93.61,22329.51
1778298900000,93.61,93.62,93.57,93.57,8727.45
1778299200000,93.57,93.72,93.57,93.69,26802.39
1778299500000,93.68,94.12,93.68,93.95,165516.96
1778299800000,93.95,93.97,93.82,93.87,30678.21
1778300100000,93.88,93.88,93.64,93.65,28604.57
1778300400000,93.66,93.7,93.58,93.59,25255.25
1778300700000,93.59,93.6,93.45,93.57,26433.55
1778301000000,93.56,93.67,93.54,93.64,16918.69
1778301300000,93.64,93.64,93.45,93.46,20423.67
1778301600000,93.46,93.55,93.35,93.38,38007.63
1778301900000,93.39,93.52,93.37,93.46,27988.03
1778302200000,93.46,93.56,93.34,93.35,29517.55
1778302500000,93.36,93.44,93.04,93.16,112123.42
1778302800000,93.16,93.18,92.86,92.92,88708.13
1778303100000,92.93,93.02,92.77,92.84,92514.93
1778303400000,92.84,93.12,92.83,93.06,82578.55
1778303700000,93.06,93.33,93.06,93.29,31054.39
1778304000000,93.28,93.48,93.28,93.42,31911.1
1778304300000,93.42,93.48,93.37,93.44,12950.88
1778304600000,93.44,93.54,93.39,93.52,19927.91
1778304900000,93.52,93.65,93.52,93.61,25222.88
1778305200000,93.62,93.66,93.57,93.63,18623.7
1778305500000,93.64,93.74,93.55,93.61,46027.67
1778305800000,93.61,93.66,93.57,93.65,19427.34
1778306100000,93.65,93.72,93.63,93.68,8428.57
1778306400000,93.69,93.94,93.65,93.85,39860.58
1778306700000,93.85,93.94,93.84,93.88,33551.61
1778307000000,93.89,94.07,93.75,93.83,108877.29
1778307300000,93.82,93.83,93.56,93.57,59396.57
1778307600000,93.58,93.65,93.49,93.51,30933.02
1778307900000,93.51,93.53,93.44,93.49,18151.08
1778308200000,93.5,93.57,93.45,93.46,16686.02
1778308500000,93.45,93.47,93.16,93.22,40272.53
1778308800000,93.23,93.45,93.15,93.36,111220.28
1778309100000,93.37,93.52,93.3,93.52,27370.88
1778309400000,93.51,93.51,93.36,93.42,16850.94
1778309700000,93.41,93.49,93.4,93.47,12761.83
1778310000000,93.47,93.62,93.46,93.52,21782.63
1778310300000,93.53,93.53,93.29,93.33,19045.63
1778310600000,93.32,93.46,93.32,93.42,28226.51
1778310900000,93.43,93.65,93.42,93.56,16144.76
1778311200000,93.56,93.74,93.54,93.73,29963.39
1778311500000,93.73,93.75,93.59,93.61,12884.96
1778311800000,93.62,93.91,93.61,93.88,41076.49
1778312100000,93.87,93.92,93.73,93.79,20159.07
1778312400000,93.78,93.95,93.58,93.67,94299.51
1778312700000,93.66,93.72,93.59,93.67,17412.95
1778313000000,93.66,93.75,93.63,93.63,7181.8
1778313300000,93.62,93.76,93.62,93.68,17139.91
1778313600000,93.68,93.79,93.64,93.67,50003.82
1778313900000,93.68,93.68,93.6,93.61,13591.36
1778314200000,93.61,93.77,93.61,93.77,12878.13
1778314500000,93.76,93.79,93.69,93.72,18162.16
1778314800000,93.72,93.75,93.69,93.74,13546.15
1778315100000,93.74,93.84,93.71,93.78,14076.55
1778315400000,93.79,93.89,93.71,93.73,22675.64
1778315700000,93.72,93.77,93.67,93.69,11240.48
1778316000000,93.68,93.74,93.66,93.68,9982.04
1778316300000,93.68,93.69,93.64,93.67,9380.11
1778316600000,93.67,93.75,93.63,93.68,9293.99
1778316900000,93.67,93.68,93.62,93.63,8889.0
1778317200000,93.64,93.64,93.54,93.55,9952.95
1778317500000,93.56,93.64,93.56,93.62,6815.6
1778317800000,93.61,93.62,93.44,93.44,20758.58
1778318100000,93.44,93.45,92.99,93.09,113766.76
1778318400000,93.09,93.38,93.06,93.37,48108.57
1778318700000,93.37,93.44,93.29,93.39,62350.55
1778319000000,93.38,93.39,93.16,93.33,33441.58
1778319300000,93.33,93.4,93.26,93.3,6899.69
1778319600000,93.3,93.34,93.24,93.26,12195.88
1778319900000,93.25,93.34,93.21,93.22,16709.01
1778320200000,93.22,93.24,93.12,93.21,29173.03
1778320500000,93.21,93.24,93.17,93.24,19270.16
1778320800000,93.24,93.24,93.05,93.13,29209.13
1778321100000,93.13,93.17,93.07,93.1,25424.2
1778321400000,93.1,93.24,93.1,93.22,17362.98
1778321700000,93.22,93.44,93.22,93.39,23285.06
1778322000000,93.39,93.46,93.2,93.26,29072.95
1778322300000,93.26,93.39,93.25,93.3,11043.18
1778322600000,93.3,93.46,93.28,93.45,10438.13
1778322900000,93.45,93.52,93.4,93.5,23917.43
1778323200000,93.51,93.54,93.42,93.44,15754.71
1778323500000,93.44,93.45,93.31,93.32,4041.57
1778323800000,93.32,93.39,93.3,93.33,7542.63
1778324100000,93.32,93.38,93.31,93.33,6011.06
1778324400000,93.33,93.39,93.27,93.39,15999.68
1778324700000,93.4,93.42,93.34,93.41,4627.31
1778325000000,93.4,93.5,93.4,93.46,9223.43
1778325300000,93.47,93.54,93.42,93.51,9143.52
1778325600000,93.5,93.6,93.5,93.58,16340.0
1778325900000,93.59,93.62,93.55,93.61,6963.4
1778326200000,93.6,93.62,93.54,93.57,11068.91
1778326500000,93.57,93.58,93.51,93.54,3747.22
1778326800000,93.55,93.55,93.51,93.52,6310.03
1778327100000,93.52,93.6,93.48,93.49,10068.29
1778327400000,93.49,93.57,93.47,93.51,8225.34
1778327700000,93.51,93.63,93.49,93.55,22204.45
1778328000000,93.55,93.66,93.53,93.63,7322.28
1778328300000,93.63,93.68,93.4,93.45,12414.27
1778328600000,93.44,93.56,93.44,93.45,8228.52
1778328900000,93.45,93.46,93.31,93.45,18426.33
1778329200000,93.46,93.6,93.45,93.6,13051.79
1778329500000,93.61,93.64,93.51,93.55,8474.52
1778329800000,93.54,93.54,93.38,93.39,13745.93
1778330100000,93.39,93.39,93.24,93.24,14178.94
1778330400000,93.24,93.29,93.2,93.28,22961.71
1778330700000,93.28,93.4,93.25,93.39,8487.59
1778331000000,93.39,93.43,93.36,93.38,9378.63
1778331300000,93.37,93.4,93.29,93.38,16032.43
1778331600000,93.38,93.41,93.23,93.31,9282.84
1778331900000,93.31,93.34,93.18,93.31,14328.2
1778332200000,93.32,93.38,93.27,93.33,7323.9
1778332500000,93.33,93.37,93.21,93.21,5079.01
1778332800000,93.21,93.22,93.05,93.15,40007.91
1778333100000,93.14,93.24,93.1,93.18,11995.19
1778333400000,93.18,93.2,93.12,93.13,10480.05
1778333700000,93.13,93.21,93.08,93.08,19862.76
1778334000000,93.07,93.23,92.95,93.23,57028.99
1778334300000,93.23,93.33,93.2,93.32,15198.03
1778334600000,93.33,93.37,93.25,93.35,13811.93
1778334900000,93.35,93.41,93.31,93.41,15424.09
1778335200000,93.4,93.41,93.21,93.28,10015.62
1778335500000,93.27,93.31,93.19,93.2,17963.93
1778335800000,93.21,93.29,93.13,93.19,17694.14
1778336100000,93.19,93.23,93.07,93.17,20606.68
1778336400000,93.16,93.22,92.97,93.05,30034.05
1778336700000,93.05,93.05,92.86,92.97,55045.83
1778337000000,92.97,93.08,92.94,92.99,24765.1
1778337300000,92.99,93.0,92.93,93.0,25983.14
1778337600000,92.99,93.04,92.93,92.98,21233.92
1778337900000,92.98,93.06,92.88,92.95,60814.16
1778338200000,92.95,92.95,92.73,92.85,61557.47
1778338500000,92.85,92.86,92.75,92.82,23965.81
1778338800000,92.82,92.92,92.75,92.77,24709.65
1778339100000,92.78,92.8,92.51,92.55,64426.8
1778339400000,92.55,92.56,92.33,92.5,108419.18
1778339700000,92.5,92.69,92.5,92.57,37708.45
1778340000000,92.56,92.71,92.56,92.66,24988.47
1778340300000,92.66,92.83,92.66,92.79,26631.03
1778340600000,92.79,92.93,92.75,92.78,39323.29
1778340900000,92.78,92.93,92.78,92.89,40624.97
1778341200000,92.89,92.9,92.65,92.67,35046.49
1778341500000,92.67,92.81,92.66,92.77,17958.04
1778341800000,92.77,92.88,92.73,92.87,16216.43
1778342100000,92.86,92.96,92.82,92.95,27070.5
1778342400000,92.95,92.99,92.79,92.82,41927.05
1778342700000,92.82,93.04,92.79,92.95,104456.52
1778343000000,92.94,93.03,92.92,93.02,32236.99
1778343300000,93.02,93.19,93.01,93.09,65695.62
1778343600000,93.08,93.26,93.05,93.12,43201.7
1778343900000,93.11,93.19,92.88,92.88,35696.51
1778344200000,92.88,92.9,92.78,92.8,36217.31
1778344500000,92.81,92.87,92.74,92.78,19279.36
1778344800000,92.77,92.78,92.63,92.69,21572.9
1778345100000,92.69,92.85,92.64,92.81,64504.03
1778345400000,92.8,92.86,92.73,92.77,10540.51
1778345700000,92.78,92.82,92.65,92.72,19428.48
1778346000000,92.72,92.92,92.72,92.9,13341.14
1778346300000,92.9,93.06,92.9,93.01,47927.77
1778346600000,93.01,93.07,92.93,92.96,30076.55
1778346900000,92.95,93.01,92.9,92.98,19090.12
1778347200000,92.98,93.08,92.93,93.05,13232.67
1778347500000,93.05,93.19,93.05,93.17,19037.37
1778347800000,93.17,93.4,93.15,93.39,41319.4
1778348100000,93.39,93.48,93.27,93.3,22607.39
1778348400000,93.3,93.45,93.29,93.32,31812.71
1778348700000,93.33,93.35,93.09,93.12,19703.36
1778349000000,93.12,93.2,93.12,93.14,12889.68
1778349300000,93.13,93.2,93.07,93.16,18514.79
1778349600000,93.16,93.28,93.15,93.18,15230.42
1778349900000,93.17,93.2,93.14,93.19,6867.78
1778350200000,93.2,93.2,93.1,93.16,6200.7
1778350500000,93.16,93.28,93.13,93.21,7342.58
1778350800000,93.2,93.26,93.14,93.25,5863.83
1778351100000,93.25,93.6,93.25,93.51,59816.66
1778351400000,93.52,93.55,93.38,93.39,17036.29
1778351700000,93.39,93.4,93.3,93.34,14311.92
1778352000000,93.35,93.36,93.28,93.32,7811.28
1778352300000,93.33,93.34,93.23,93.29,9656.38
1778352600000,93.29,93.31,93.26,93.27,6098.31
1778352900000,93.27,93.34,93.24,93.32,5180.79
1778353200000,93.32,93.34,93.21,93.23,7055.23
1778353500000,93.23,93.37,93.21,93.34,10153.0
1778353800000,93.34,93.35,93.3,93.31,3246.38
1778354100000,93.31,93.31,93.2,93.25,4836.35
1778354400000,93.25,93.3,93.23,93.26,6158.75
1778354700000,93.26,93.3,93.17,93.3,10055.32
1778355000000,93.29,93.32,93.26,93.29,4373.48
1778355300000,93.29,93.38,93.27,93.37,4446.54
1778355600000,93.37,93.43,93.29,93.39,25423.09
1778355900000,93.38,93.44,93.33,93.44,11200.47
1778356200000,93.44,93.52,93.44,93.51,8218.74
1778356500000,93.51,93.53,93.44,93.46,8726.69
1778356800000,93.46,93.47,93.36,93.38,5933.34
1778357100000,93.37,93.4,93.31,93.32,4101.09
1778357400000,93.31,93.32,93.27,93.27,3852.81
1778357700000,93.27,93.27,93.2,93.21,8374.45
1778358000000,93.2,93.25,93.18,93.18,6944.29
1778358300000,93.18,93.24,93.16,93.23,3659.06
1778358600000,93.24,93.25,93.09,93.13,11197.51
1778358900000,93.13,93.2,93.12,93.2,2351.99
1778359200000,93.2,93.25,93.16,93.2,6824.28
1778359500000,93.19,93.2,93.13,93.16,2772.95
1778359800000,93.17,93.25,93.16,93.18,2732.78
1778360100000,93.19,93.24,93.18,93.2,2802.29
1778360400000,93.2,93.27,93.19,93.23,4885.23
1778360700000,93.23,93.3,93.22,93.26,6248.25
1778361000000,93.27,93.37,93.26,93.3,10796.73
1778361300000,93.3,93.39,93.3,93.32,6357.3
1778361600000,93.31,93.34,93.26,93.27,4824.27
1778361900000,93.26,93.34,93.19,93.31,5541.32
1778362200000,93.3,93.33,93.23,93.28,5134.37
1778362500000,93.27,93.35,93.27,93.28,1180.75
1778362800000,93.28,93.4,93.27,93.37,4614.9
1778363100000,93.36,93.39,93.33,93.36,1719.27
1778363400000,93.35,93.42,93.3,93.39,4998.59
1778363700000,93.38,93.49,93.38,93.42,11389.69
1778364000000,93.43,93.46,93.3,93.34,14015.91
1778364300000,93.34,93.37,93.29,93.31,3650.11
1778364600000,93.31,93.37,93.28,93.32,5579.38
1778364900000,93.31,93.35,93.3,93.31,2918.12
1778365200000,93.31,93.32,93.24,93.27,2605.75
1778365500000,93.26,93.39,93.26,93.34,7742.99
1778365800000,93.33,93.33,93.15,93.26,7500.19
1778366100000,93.25,93.31,93.21,93.31,2165.65
1778366400000,93.3,93.44,93.27,93.41,7976.39
1778366700000,93.41,93.42,93.27,93.28,2688.78
1778367000000,93.27,93.33,93.24,93.24,2159.42
1778367300000,93.23,93.28,93.22,93.27,4080.27
1778367600000,93.27,93.43,93.26,93.31,5406.06
1778367900000,93.32,93.34,93.2,93.25,10432.53
1778368200000,93.25,93.27,93.2,93.22,8397.16
1778368500000,93.23,93.25,93.17,93.17,2973.27
1778368800000,93.17,93.2,93.13,93.14,6941.97
1778369100000,93.14,93.16,93.08,93.1,11380.28
1778369400000,93.1,93.13,93.04,93.06,15523.13
1778369700000,93.07,93.09,93.01,93.01,15385.3
1778370000000,93.02,93.03,93.0,93.0,18905.78
1778370300000,93.01,93.1,93.0,93.1,11498.53
1778370600000,93.1,93.15,93.09,93.14,4619.0
1778370900000,93.14,93.14,93.06,93.06,16983.15
1778371200000,93.06,93.11,92.93,92.93,14157.74
1778371500000,92.93,93.04,92.86,93.02,31439.41
1778371800000,93.01,93.15,93.01,93.12,22848.46
1778372100000,93.12,93.16,93.08,93.15,7607.77
1778372400000,93.15,93.29,93.15,93.2,21693.09
1778372700000,93.2,93.23,93.1,93.13,6425.57
1778373000000,93.12,93.12,92.97,93.08,22495.81
1778373300000,93.09,93.1,92.96,93.04,14996.15
1778373600000,93.03,93.08,92.95,92.99,9435.99
1778373900000,92.99,93.03,92.9,92.97,17235.83
1778374200000,92.97,92.97,92.89,92.94,9918.03
1778374500000,92.94,92.98,92.89,92.97,8226.72
1778374800000,92.98,92.98,92.82,92.89,16952.07
1778375100000,92.89,92.9,92.78,92.86,22778.25
1778375400000,92.87,92.87,92.79,92.79,11855.99
1778375700000,92.8,92.87,92.68,92.76,17672.61
1778376000000,92.76,92.79,92.55,92.58,44727.79
1778376300000,92.58,92.64,92.53,92.57,26234.71
1778376600000,92.58,92.79,92.57,92.69,37333.26
1778376900000,92.69,92.75,92.64,92.67,8661.07
1778377200000,92.67,92.75,92.65,92.73,5682.99
1778377500000,92.72,92.77,92.72,92.76,7012.6
1778377800000,92.76,92.94,92.75,92.93,20302.7
1778378100000,92.92,92.93,92.85,92.91,14544.99
1778378400000,92.9,92.91,92.75,92.85,6929.64
1778378700000,92.86,92.92,92.83,92.89,9453.34
1778379000000,92.9,92.91,92.78,92.83,14577.88
1778379300000,92.84,92.94,92.82,92.84,9999.52
1778379600000,92.84,93.01,92.82,92.98,19195.51
1778379900000,92.98,93.06,92.94,93.01,22332.84
1778380200000,93.0,93.03,92.9,92.94,10114.06
1778380500000,92.95,93.03,92.91,92.91,7282.38
1778380800000,92.91,92.92,92.84,92.89,6897.72
1778381100000,92.9,93.02,92.84,93.01,23818.59
1778381400000,93.02,93.04,92.9,92.95,19505.06
1778381700000,92.95,93.04,92.77,92.99,83744.83
1778382000000,93.0,93.12,92.96,93.12,20479.71
1778382300000,93.12,93.13,93.05,93.08,17816.64
1778382600000,93.08,93.15,93.08,93.11,14613.82
1778382900000,93.12,93.19,93.11,93.18,7571.15
1778383200000,93.18,93.2,92.96,93.09,65522.6
1778383500000,93.09,93.1,93.01,93.09,14892.04
1778383800000,93.09,93.15,92.99,93.14,8973.59
1778384100000,93.14,93.39,93.14,93.35,41343.21
1778384400000,93.36,93.44,93.29,93.33,23850.73
1778384700000,93.33,93.42,93.31,93.4,23096.05
1778385000000,93.4,93.42,93.35,93.38,11279.19
1778385300000,93.38,93.4,93.34,93.34,9113.88
1778385600000,93.35,93.4,93.23,93.24,23162.28
1778385900000,93.24,93.31,93.21,93.3,8365.22
1778386200000,93.31,93.31,93.21,93.27,17651.13
1778386500000,93.27,93.42,93.24,93.24,28945.52
1778386800000,93.24,93.25,93.14,93.18,29592.08
1778387100000,93.17,93.28,93.17,93.27,3434.02
1778387400000,93.28,93.48,93.27,93.37,43000.8
1778387700000,93.38,93.42,93.37,93.39,7504.08
1778388000000,93.39,93.43,93.31,93.31,4153.2
1778388300000,93.31,93.33,93.24,93.28,7590.69
1778388600000,93.29,93.38,93.28,93.35,3625.66
1778388900000,93.35,93.38,93.29,93.29,7523.88
1778389200000,93.28,93.29,93.18,93.25,8678.98
1778389500000,93.24,93.29,93.18,93.23,4279.47
1778389800000,93.23,93.27,93.2,93.27,4901.11
1778390100000,93.27,93.37,93.26,93.31,4554.05
1778390400000,93.3,93.42,93.25,93.41,7616.82
1778390700000,93.41,93.44,93.36,93.38,11173.4
1778391000000,93.38,93.44,93.35,93.39,5092.67
1778391300000,93.4,93.41,93.34,93.37,5168.52
1778391600000,93.37,93.38,93.32,93.35,4535.49
1778391900000,93.35,93.39,93.29,93.33,10467.11
1778392200000,93.34,93.34,93.25,93.26,13157.66
1778392500000,93.26,93.31,93.26,93.26,8126.36
1778392800000,93.27,93.38,93.23,93.33,12196.92
1778393100000,93.33,93.35,93.3,93.32,3297.68
1778393400000,93.32,93.32,93.22,93.29,4760.61
1778393700000,93.3,93.3,93.24,93.24,4691.9
1778394000000,93.24,93.33,93.22,93.28,8147.13
1778394300000,93.28,93.28,93.19,93.22,7964.64
1778394600000,93.22,93.28,93.21,93.27,3336.39
1778394900000,93.27,93.33,93.24,93.31,8801.15
1778395200000,93.31,93.37,93.24,93.31,20392.96
1778395500000,93.32,93.35,93.31,93.34,4088.66
1778395800000,93.34,93.42,93.33,93.37,25281.5
1778396100000,93.37,93.38,93.32,93.35,11066.4
1778396400000,93.36,93.59,93.35,93.45,37590.65
1778396700000,93.45,93.53,93.41,93.43,15687.8
1778397000000,93.43,93.47,93.33,93.33,13738.24
1778397300000,93.34,93.45,93.32,93.42,8407.08
1778397600000,93.42,93.54,93.41,93.52,15247.14
1778397900000,93.52,93.54,93.47,93.49,9673.47
1778398200000,93.48,93.5,93.43,93.48,12895.58
1778398500000,93.47,93.57,93.47,93.52,11565.92
1778398800000,93.53,93.53,93.41,93.47,7741.49
1778399100000,93.47,93.54,93.43,93.5,9579.36
1778399400000,93.49,93.51,93.4,93.43,7746.96
1778399700000,93.44,93.46,93.38,93.39,10267.75
1778400000000,93.39,93.46,93.35,93.43,8207.66
1778400300000,93.42,93.89,93.42,93.83,89006.01
1778400600000,93.84,94.03,93.69,93.69,101253.78
1778400900000,93.69,93.82,93.62,93.72,45901.83
1778401200000,93.72,93.97,93.7,93.95,42201.96
1778401500000,93.95,94.0,93.8,93.84,27929.44
1778401800000,93.85,93.98,93.78,93.84,65465.6
1778402100000,93.84,93.9,93.83,93.88,18246.59
1778402400000,93.88,93.9,93.83,93.83,15425.97
1778402700000,93.83,93.99,93.81,93.95,24810.13
1778403000000,93.96,93.99,93.9,93.99,23774.33
1778403300000,93.99,94.0,93.94,93.99,19186.83
1778403600000,93.99,94.82,93.99,94.66,418201.33
1778403900000,94.67,94.67,94.42,94.53,61580.81
1778404200000,94.52,94.53,94.36,94.42,39026.09
1778404500000,94.41,94.48,94.31,94.45,25434.62
1778404800000,94.45,94.45,94.3,94.39,31172.01
1778405100000,94.4,94.5,94.39,94.46,36360.24
1778405400000,94.46,94.58,94.41,94.46,28934.28
1778405700000,94.45,94.45,94.24,94.39,50667.5
1778406000000,94.39,94.41,94.17,94.24,66011.6
1778406300000,94.25,94.4,94.22,94.36,26452.51
1778406600000,94.35,94.38,94.2,94.26,12908.08
1778406900000,94.26,94.31,94.19,94.26,34401.85
1778407200000,94.26,94.33,93.96,94.03,66321.86
1778407500000,94.04,94.15,93.86,93.99,94885.87
1778407800000,93.98,93.99,93.73,93.77,66859.75
1778408100000,93.77,93.78,93.56,93.59,128054.4
1778408400000,93.59,93.79,93.58,93.79,51772.72
1778408700000,93.79,93.81,93.71,93.78,29032.77
1778409000000,93.79,93.85,93.67,93.76,27980.82
1778409300000,93.76,93.79,93.68,93.73,12970.37
1778409600000,93.73,93.77,93.68,93.73,14265.72
1778409900000,93.72,93.77,93.59,93.63,24041.73
1778410200000,93.63,93.88,93.63,93.81,49691.65
1778410500000,93.81,93.85,93.79,93.79,17780.82
1778410800000,93.8,93.96,93.76,93.85,35109.17
1778411100000,93.85,93.88,93.72,93.72,15543.68
1778411400000,93.73,93.84,93.7,93.73,18877.13
1778411700000,93.74,93.78,93.53,93.54,46646.4
1778412000000,93.54,93.55,92.85,93.19,270331.71
1778412300000,93.2,93.32,93.14,93.26,55190.97
1778412600000,93.26,93.31,93.23,93.3,30815.66
1778412900000,93.29,93.32,93.2,93.26,40766.53
1778413200000,93.26,93.36,93.17,93.29,39022.36
1778413500000,93.29,93.44,93.28,93.34,27421.77
1778413800000,93.34,93.39,93.31,93.39,15978.92
1778414100000,93.39,93.56,93.36,93.49,50411.86
1778414400000,93.5,93.58,93.31,93.39,30186.39
1778414700000,93.39,93.4,93.3,93.32,25694.53
1778415000000,93.33,93.45,93.3,93.41,12140.53
1778415300000,93.41,93.48,93.31,93.35,9049.64
1778415600000,93.35,93.38,93.3,93.37,12779.92
1778415900000,93.38,93.41,93.24,93.34,16377.26
1778416200000,93.34,93.4,93.3,93.3,11029.17
1778416500000,93.3,93.33,93.24,93.33,21186.07
1778416800000,93.33,93.34,93.27,93.33,8777.79
1778417100000,93.33,93.41,93.32,93.34,22766.02
1778417400000,93.34,93.37,93.24,93.27,15496.17
1778417700000,93.27,93.3,93.15,93.25,31903.75
1778418000000,93.26,93.35,93.19,93.3,9368.15
1778418300000,93.3,93.47,93.18,93.32,49767.36
1778418600000,93.33,93.44,93.28,93.37,27945.23
1778418900000,93.37,93.47,93.33,93.45,26904.31
1778419200000,93.45,93.69,93.42,93.68,64875.23
1778419500000,93.67,93.73,93.58,93.62,37312.41
1778419800000,93.61,93.73,93.54,93.71,28625.45
1778420100000,93.71,93.72,93.64,93.64,12753.87
1778420400000,93.64,93.7,93.58,93.69,16758.28
1778420700000,93.7,93.8,93.63,93.79,27336.06
1778421000000,93.78,93.94,93.78,93.82,47168.28
1778421300000,93.82,93.84,93.66,93.72,25684.17
1778421600000,93.71,93.83,93.69,93.77,25230.42
1778421900000,93.78,93.79,93.66,93.78,23172.87
1778422200000,93.78,93.93,93.77,93.82,21155.27
1778422500000,93.81,93.83,93.71,93.81,15131.54
1778422800000,93.82,93.82,93.68,93.76,11301.14
1778423100000,93.76,93.77,93.65,93.69,13549.28
1778423400000,93.69,93.98,93.69,93.91,32060.47
1778423700000,93.91,94.03,93.82,93.96,22746.93
1778424000000,93.96,94.09,93.86,93.88,45011.9
1778424300000,93.87,93.93,93.62,93.72,37416.19
1778424600000,93.72,94.02,93.69,93.93,33348.73
1778424900000,93.93,93.98,93.81,93.84,19246.56
1778425200000,93.83,94.14,93.83,94.02,36178.01
1778425500000,94.02,94.14,93.94,93.98,44502.6
1778425800000,93.99,94.26,93.93,94.23,52499.8
1778426100000,94.23,94.3,94.12,94.19,44434.9
1778426400000,94.2,94.36,94.11,94.2,31330.77
1778426700000,94.2,94.36,94.17,94.29,66474.76
1778427000000,94.3,94.46,94.3,94.36,77481.62
1778427300000,94.35,94.6,94.32,94.48,86253.52
1778427600000,94.48,94.61,94.43,94.51,64347.05
1778427900000,94.5,94.68,94.42,94.47,86436.43
1778428200000,94.47,94.59,94.31,94.4,60871.17
1778428500000,94.39,94.5,94.38,94.48,35560.44
1778428800000,94.48,94.51,94.26,94.3,82456.24
1778429100000,94.3,94.41,94.22,94.39,55384.28
1778429400000,94.4,94.6,94.37,94.45,71700.7
1778429700000,94.46,94.48,94.11,94.24,72384.69
1778430000000,94.25,94.29,94.21,94.22,49020.48
1778430300000,94.23,94.38,94.08,94.31,64421.4
1778430600000,94.31,94.4,94.27,94.36,19551.68
1778430900000,94.36,94.54,94.26,94.53,48723.86
1778431200000,94.54,94.8,94.53,94.64,90077.17
1778431500000,94.64,94.95,94.58,94.75,85169.72
1778431800000,94.76,94.82,94.68,94.71,29343.11
1778432100000,94.71,94.87,94.7,94.75,33895.0
1778432400000,94.75,95.15,94.75,95.07,127967.56
1778432700000,95.08,95.16,94.86,94.88,70006.08
1778433000000,94.89,95.33,94.88,95.15,148336.77
1778433300000,95.14,95.41,95.09,95.38,154258.2
1778433600000,95.38,95.88,95.37,95.72,287611.21
1778433900000,95.71,95.91,95.63,95.86,57432.74
1778434200000,95.86,96.12,95.74,95.75,159803.58
1778434500000,95.75,95.79,95.58,95.7,78682.16
1778434800000,95.7,95.9,95.66,95.9,26051.21
1778435100000,95.89,95.9,95.63,95.73,33945.82
1778435400000,95.73,96.29,95.71,96.18,137611.03
1778435700000,96.18,96.47,96.18,96.44,134541.32
1778436000000,96.44,96.45,96.1,96.18,56833.02
1778436300000,96.19,96.25,96.06,96.18,43107.79
1778436600000,96.19,96.66,96.18,96.61,105661.12
1778436900000,96.61,96.63,96.34,96.42,74568.7
1778437200000,96.43,96.82,96.41,96.64,87545.31
1778437500000,96.64,96.79,96.51,96.57,76714.13
1778437800000,96.57,96.85,96.54,96.66,68080.29
1778438100000,96.67,96.68,96.46,96.58,64664.37
1778438400000,96.58,96.69,96.47,96.53,36560.22
1778438700000,96.54,96.72,96.51,96.7,35155.93
1778439000000,96.7,96.71,96.5,96.5,24747.18
1778439300000,96.5,96.51,96.35,96.37,32756.59
1778439600000,96.38,96.38,95.68,95.88,126302.69
1778439900000,95.89,96.14,95.89,96.12,63970.62
1778440200000,96.12,96.27,96.06,96.13,38226.46
1778440500000,96.14,96.45,96.08,96.27,36075.48
1778440800000,96.27,96.63,96.23,96.62,41089.77
1778441100000,96.62,96.83,96.52,96.75,51118.55
1778441400000,96.75,96.82,96.6,96.67,44570.59
1778441700000,96.67,96.67,96.4,96.46,52622.72
1778442000000,96.46,96.59,96.4,96.55,22840.99
1778442300000,96.55,96.59,96.39,96.42,14746.34
1778442600000,96.43,96.45,96.19,96.26,25801.92
1778442900000,96.26,96.45,96.26,96.43,20516.59
1778443200000,96.43,96.5,96.3,96.33,19496.38
1778443500000,96.34,96.56,96.34,96.56,14284.32
1778443800000,96.55,96.55,95.91,95.91,40652.88
1778444100000,95.91,95.97,95.47,95.7,113611.28
1778444400000,95.7,96.01,95.63,95.71,62714.72
1778444700000,95.71,95.87,95.67,95.76,44905.49
1778445000000,95.75,95.76,95.08,95.33,84268.18
1778445300000,95.34,95.52,95.27,95.29,88665.14
1778445600000,95.3,95.42,94.76,94.85,84828.85
1778445900000,94.86,94.87,93.48,93.59,353637.73
1778446200000,93.59,94.61,93.36,94.22,289843.45
1778446500000,94.23,94.53,94.17,94.46,80207.09
1778446800000,94.45,94.97,94.4,94.83,103917.59
1778447100000,94.82,95.18,94.74,95.12,76626.58
1778447400000,95.12,95.18,94.51,94.6,90154.06
1778447700000,94.6,95.11,94.58,95.0,37531.47
1778448000000,95.0,95.1,94.76,95.01,51816.44
1778448300000,95.02,95.28,94.93,95.26,22833.92
1778448600000,95.26,95.48,95.18,95.41,44072.48
1778448900000,95.4,95.54,94.96,94.99,36479.91
1778449200000,94.99,95.34,94.99,95.33,27705.83
1778449500000,95.33,95.53,95.31,95.33,35457.49
1778449800000,95.33,95.42,95.13,95.13,31186.26
1778450100000,95.13,95.24,95.0,95.01,44520.84
1778450400000,95.0,95.76,94.82,95.26,115375.68
1778450700000,95.26,95.53,95.2,95.39,41606.76
1778451000000,95.39,95.62,95.36,95.44,25167.93
1778451300000,95.45,95.58,95.25,95.52,78650.63
1778451600000,95.52,95.57,95.34,95.51,46631.36
1778451900000,95.51,96.05,95.48,95.7,114358.75
1778452200000,95.71,96.32,95.49,96.18,158305.15
1778452500000,96.19,96.22,95.77,95.86,49252.08
1778452800000,95.86,95.98,95.82,95.9,18649.03
1778453100000,95.89,96.08,95.89,96.06,32175.0
1778453400000,96.06,96.2,95.85,96.05,43924.12
1778453700000,96.06,96.28,96.05,96.18,38395.69
1778454000000,96.18,96.4,96.06,96.27,51222.76
1778454300000,96.27,96.37,96.15,96.33,30013.92
1778454600000,96.32,96.43,96.11,96.18,27584.51
1778454900000,96.17,96.26,95.92,96.04,33317.53
1778455200000,96.04,96.15,95.92,96.14,26644.61
1778455500000,96.14,96.6,96.14,96.28,86293.55
1778455800000,96.29,96.54,96.2,96.49,50973.65
1778456100000,96.49,96.92,96.45,96.73,130772.9
1778456400000,96.73,96.74,96.48,96.65,38856.25
1778456700000,96.64,96.66,96.46,96.56,17591.66
1778457000000,96.57,96.57,96.37,96.39,23549.92
1778457300000,96.38,96.46,96.28,96.43,24297.23
1778457600000,96.42,96.6,96.4,96.42,29555.86
1778457900000,96.42,96.56,96.26,96.27,31358.77
1778458200000,96.28,96.36,96.06,96.19,71288.32
1778458500000,96.2,96.21,95.88,95.97,82349.62
1778458800000,95.98,96.36,95.86,96.35,48997.54
1778459100000,96.36,96.5,96.01,96.08,37254.59
1778459400000,96.09,96.64,96.02,96.42,42389.5
1778459700000,96.41,96.53,96.34,96.37,29698.68
1778460000000,96.37,96.39,95.84,95.92,48933.16
1778460300000,95.93,96.07,95.77,95.91,41698.75
1778460600000,95.91,95.92,95.3,95.41,84206.78
1778460900000,95.41,95.78,95.31,95.75,50838.41
1778461200000,95.75,95.79,95.33,95.38,35054.32
1778461500000,95.38,95.58,95.29,95.52,21371.31
1778461800000,95.51,96.02,95.41,95.83,40189.87
1778462100000,95.84,96.34,95.73,96.27,60512.83
1778462400000,96.27,96.36,96.11,96.25,30253.2
1778462700000,96.26,96.3,96.02,96.06,13977.17
1778463000000,96.06,96.2,95.79,95.94,31122.04
1778463300000,95.94,96.02,95.81,95.9,27696.95
1778463600000,95.9,96.27,95.76,95.96,66235.1
1778463900000,95.96,96.21,95.75,96.19,29112.32
1778464200000,96.2,96.24,95.96,95.96,21456.76
1778464500000,95.97,96.09,95.91,96.02,9368.37
1778464800000,96.02,96.09,95.91,95.98,28414.8
1778465100000,95.98,96.0,95.64,95.71,28213.35
1778465400000,95.71,95.85,95.63,95.78,34198.9
1778465700000,95.77,95.78,95.48,95.6,39303.31
1778466000000,95.6,95.65,95.36,95.6,30524.33
1778466300000,95.61,95.67,95.5,95.53,15346.46
1778466600000,95.52,95.58,95.11,95.33,67906.21
1778466900000,95.33,95.42,95.25,95.39,27918.07
1778467200000,95.39,95.44,95.27,95.34,16354.17
1778467500000,95.34,95.4,95.16,95.21,97082.9
1778467800000,95.21,95.39,95.2,95.37,20422.15
1778468100000,95.38,95.38,95.24,95.28,7564.49
1778468400000,95.28,95.32,94.98,95.09,76894.4
1778468700000,95.09,95.21,94.89,94.99,68866.09
1778469000000,95.0,95.03,94.65,94.69,77639.0
1778469300000,94.69,94.96,94.63,94.91,56422.24
1778469600000,94.91,94.97,94.73,94.88,36137.58
1778469900000,94.88,94.95,94.68,94.7,38890.63
1778470200000,94.69,94.82,94.53,94.55,38127.96
1778470500000,94.56,94.7,94.43,94.62,87209.91
1778470800000,94.62,94.82,94.58,94.82,25232.73
1778471100000,94.82,94.92,94.74,94.74,23760.05
1778471400000,94.74,94.84,94.7,94.78,26194.83
1778471700000,94.77,94.8,94.7,94.73,5882.25
1778472000000,94.72,94.78,94.53,94.6,51039.74
1778472300000,94.59,94.68,94.4,94.41,28335.18
1778472600000,94.42,94.52,94.39,94.46,40493.71
1778472900000,94.46,94.64,94.46,94.58,13901.18
1778473200000,94.57,94.79,94.55,94.76,11711.36
1778473500000,94.76,94.85,94.71,94.79,20101.29
1778473800000,94.79,95.0,94.79,94.99,30805.51
1778474100000,94.98,95.06,94.96,95.04,21772.21
1778474400000,95.04,95.13,94.94,95.09,17686.45
1778474700000,95.1,95.15,94.89,94.89,17593.71
1778475000000,94.89,95.15,94.88,95.13,17970.11
1778475300000,95.12,95.13,94.9,94.91,23591.56
1778475600000,94.91,95.25,94.89,95.24,84581.72
1778475900000,95.24,95.27,95.09,95.2,23916.81
1778476200000,95.2,95.31,95.1,95.1,19928.01
1778476500000,95.1,95.38,95.1,95.37,16647.0
1778476800000,95.38,95.43,95.35,95.41,33508.29
1778477100000,95.42,95.55,95.37,95.54,51437.6
1778477400000,95.54,95.84,95.51,95.83,60396.63
1778477700000,95.83,95.84,95.56,95.6,23617.59
1778478000000,95.6,95.67,95.44,95.45,18494.34
1778478300000,95.46,95.64,95.42,95.62,31529.85
1778478600000,95.62,95.7,95.49,95.69,40686.26
1778478900000,95.69,95.75,95.6,95.66,20433.5
1778479200000,95.66,95.8,95.6,95.79,18212.16
1778479500000,95.8,95.92,95.67,95.88,26022.11
1778479800000,95.88,96.13,95.86,95.89,84964.02
1778480100000,95.89,95.92,95.67,95.79,29063.55
1778480400000,95.79,96.03,95.75,95.98,20512.65
1778480700000,95.98,95.98,95.9,95.93,19076.43
1778481000000,95.92,95.97,95.66,95.69,25917.52
1778481300000,95.68,95.77,95.64,95.7,26576.93
1778481600000,95.7,95.7,95.38,95.55,34208.65
1778481900000,95.56,95.61,95.37,95.38,31731.19
1778482200000,95.38,95.6,95.37,95.49,21869.47
1778482500000,95.49,95.55,95.45,95.45,11256.05
1778482800000,95.45,95.46,95.24,95.25,29036.1
1778483100000,95.26,95.35,95.2,95.32,27605.25
1778483400000,95.33,95.45,95.23,95.32,16623.75
1778483700000,95.33,95.5,95.2,95.5,18004.15
1778484000000,95.5,95.53,95.34,95.38,25621.43
1778484300000,95.38,95.4,95.19,95.27,12744.33
1778484600000,95.27,95.33,95.11,95.2,23213.26
1778484900000,95.21,95.35,95.2,95.33,28215.02
1778485200000,95.32,95.43,95.22,95.26,15830.23
1778485500000,95.25,95.41,95.25,95.32,13357.55
1778485800000,95.33,95.5,95.32,95.32,49845.46
1778486100000,95.33,95.34,95.25,95.29,38614.0
1778486400000,95.29,95.33,95.02,95.13,81559.83
1778486700000,95.13,95.2,94.86,94.91,68517.06
1778487000000,94.91,95.06,94.86,95.02,52425.88
1778487300000,95.01,95.09,94.9,95.04,17361.93
1778487600000,95.04,95.05,94.91,95.0,12518.98
1778487900000,95.0,95.05,94.57,94.57,81348.28
1778488200000,94.58,94.7,94.53,94.65,61832.97
1778488500000,94.65,94.86,94.63,94.73,19587.82
1778488800000,94.73,94.9,94.71,94.88,23254.5
1778489100000,94.88,94.96,94.87,94.95,24494.34
1778489400000,94.96,94.96,94.84,94.84,15213.8
1778489700000,94.85,94.88,94.67,94.74,18047.57
1778490000000,94.73,94.95,94.71,94.94,20053.53
1778490300000,94.94,95.2,94.93,95.19,29643.09
1778490600000,95.2,95.2,95.11,95.17,25812.08
1778490900000,95.18,95.21,95.09,95.09,18542.91
1778491200000,95.09,95.22,95.08,95.14,9899.9
1778491500000,95.14,95.24,95.12,95.19,14015.72
1778491800000,95.2,95.25,95.12,95.17,8906.6
1778492100000,95.18,95.2,95.06,95.1,5808.96
1778492400000,95.11,95.17,95.01,95.12,11067.61
1778492700000,95.11,95.3,95.06,95.24,15020.16
1778493000000,95.25,95.25,95.15,95.21,16712.12
1778493300000,95.22,95.31,95.16,95.24,9387.4
1778493600000,95.24,95.3,95.15,95.18,17246.29
1778493900000,95.18,95.37,95.12,95.35,19669.35
1778494200000,95.36,95.48,95.3,95.31,26132.33
1778494500000,95.31,95.53,95.27,95.44,28862.42
1778494800000,95.44,95.53,95.38,95.48,21867.8
1778495100000,95.48,95.53,95.38,95.45,38502.16
1778495400000,95.45,95.53,95.3,95.3,16720.7
1778495700000,95.3,95.33,95.06,95.12,39474.24
1778496000000,95.11,95.23,95.11,95.19,11751.87
1778496300000,95.18,95.24,95.05,95.17,10842.22
1778496600000,95.17,95.23,95.11,95.15,10135.84
1778496900000,95.14,95.17,95.0,95.02,17354.02
1778497200000,95.02,95.12,95.0,95.04,19910.12
1778497500000,95.04,95.08,94.99,95.04,5697.34
1778497800000,95.04,95.06,94.86,94.97,44762.74
1778498100000,94.97,95.26,94.97,95.18,17773.69
1778498400000,95.18,95.24,95.13,95.17,14422.57
1778498700000,95.18,95.2,95.1,95.14,10068.0
1778499000000,95.14,95.32,95.12,95.31,15296.18
1778499300000,95.32,95.46,95.31,95.4,31634.13
1778499600000,95.41,95.43,95.27,95.28,9970.03
1778499900000,95.27,95.32,95.14,95.14,13412.32
1778500200000,95.15,95.17,94.97,95.12,16079.78
1778500500000,95.13,95.21,95.08,95.21,6148.51
1778500800000,95.22,95.35,95.03,95.06,32236.97
1778501100000,95.06,95.08,94.81,94.84,49793.6
1778501400000,94.83,94.85,94.68,94.7,28414.92
1778501700000,94.69,94.9,94.63,94.79,68648.08
1778502000000,94.8,95.28,94.76,95.18,31759.87
1778502300000,95.18,95.26,95.09,95.15,19718.46
1778502600000,95.14,95.23,95.05,95.05,16183.61
1778502900000,95.05,95.13,94.94,95.0,33847.39
1778503200000,94.99,95.05,94.93,94.98,12261.1
1778503500000,94.98,95.16,94.84,94.93,34503.05
1778503800000,94.93,94.94,94.64,94.85,42671.66
1778504100000,94.85,94.86,94.72,94.76,13108.36
1778504400000,94.76,95.19,94.72,95.14,46022.11
1778504700000,95.14,95.33,95.07,95.25,28066.18
1778505000000,95.25,95.29,95.15,95.22,16123.83
1778505300000,95.23,95.28,95.07,95.08,18313.69
1778505600000,95.08,95.26,95.06,95.22,18203.71
1778505900000,95.22,95.22,95.02,95.09,11681.85
1778506200000,95.1,95.13,94.73,94.75,52596.05
1778506500000,94.74,94.84,94.46,94.77,168206.88
1778506800000,94.78,95.43,94.75,95.3,119033.79
1778507100000,95.3,95.4,95.17,95.33,62802.72
1778507400000,95.33,95.39,94.95,94.96,23455.36
1778507700000,94.95,95.2,94.85,95.16,29019.02
1778508000000,95.17,95.73,95.16,95.57,87107.32
1778508300000,95.57,95.83,95.57,95.74,65519.48
1778508600000,95.75,95.77,95.48,95.65,58167.87
1778508900000,95.65,95.7,95.47,95.49,19126.9
1778509200000,95.49,95.49,95.0,95.07,61880.81
1778509500000,95.06,95.11,94.69,94.69,78722.9
1778509800000,94.7,94.96,94.23,94.52,243492.86
1778510100000,94.51,94.95,94.43,94.91,71158.28
1778510400000,94.91,94.95,94.6,94.6,37815.95
1778510700000,94.6,94.62,94.33,94.42,59368.37
1778511000000,94.42,94.99,94.37,94.82,155622.43
1778511300000,94.82,95.15,94.77,95.1,80886.32
1778511600000,95.11,95.14,94.82,94.96,53749.9
1778511900000,94.96,95.04,94.9,95.0,22279.84
1778512200000,95.0,95.43,94.96,95.27,57449.54
1778512500000,95.28,95.6,95.28,95.39,53819.74
1778512800000,95.38,95.66,95.31,95.59,42607.96
1778513100000,95.58,96.44,95.57,96.17,239455.41
1778513400000,96.17,96.41,95.95,95.96,105990.98
1778513700000,95.96,96.17,95.95,96.07,35246.01
1778514000000,96.07,96.1,95.87,95.87,35895.52
1778514300000,95.87,96.04,95.81,95.96,37091.49
1778514600000,95.96,96.42,95.95,96.38,54742.11
1778514900000,96.37,96.76,96.37,96.75,152917.03
1778515200000,96.74,96.77,96.44,96.54,87242.52
1778515500000,96.53,97.59,96.51,97.45,276280.07
1778515800000,97.44,97.95,97.42,97.88,284909.28
1778516100000,97.89,97.94,97.3,97.51,182130.63
1778516400000,97.51,97.65,97.35,97.57,71505.52
1778516700000,97.57,97.62,97.17,97.38,72810.61
1778517000000,97.37,97.8,97.36,97.64,85205.55
1778517300000,97.65,97.71,97.44,97.64,57974.63
1778517600000,97.64,97.68,96.95,97.23,94908.04
1778517900000,97.23,97.74,97.2,97.6,85329.68
1778518200000,97.61,97.71,97.36,97.4,43266.62
1778518500000,97.41,97.43,97.26,97.28,36608.68
1778518800000,97.29,97.42,96.82,97.16,87302.27
1778519100000,97.15,97.27,96.9,97.06,64720.76
1778519400000,97.06,97.27,97.02,97.12,31485.51
1778519700000,97.11,97.45,97.08,97.39,48471.44
1778520000000,97.39,97.45,97.16,97.26,29930.98
1778520300000,97.26,97.29,97.05,97.18,20129.02
1778520600000,97.17,97.23,96.93,97.03,43149.06
1778520900000,97.04,97.66,97.03,97.53,43307.48
1778521200000,97.54,97.85,97.41,97.76,71873.25
1778521500000,97.77,97.91,97.57,97.7,51077.29
1778521800000,97.69,97.88,97.69,97.7,31428.92
1778522100000,97.7,97.83,97.63,97.71,25458.87
1778522400000,97.71,97.9,97.64,97.88,25376.93
1778522700000,97.88,98.04,97.75,97.79,77562.97
1778523000000,97.79,97.84,97.45,97.5,73774.33
1778523300000,97.51,97.56,97.22,97.37,49175.8
1778523600000,97.37,97.55,97.36,97.4,27960.01
1778523900000,97.39,97.65,97.27,97.5,40528.69
1778524200000,97.5,97.62,97.4,97.49,25257.83
1778524500000,97.49,97.53,97.34,97.47,21519.39
1778524800000,97.47,97.54,97.34,97.42,23407.88
1778525100000,97.41,97.72,97.28,97.55,78423.96
1778525400000,97.54,97.59,97.23,97.32,18920.63
1778525700000,97.31,97.45,97.2,97.23,21540.34
1778526000000,97.23,97.3,96.96,97.15,57703.24
1778526300000,97.15,97.4,97.11,97.39,18329.0
1778526600000,97.39,97.49,97.31,97.41,20770.69
1778526900000,97.41,97.46,97.3,97.44,14586.79
1778527200000,97.44,97.8,97.44,97.67,37135.12
1778527500000,97.68,97.78,97.62,97.65,26986.96
1778527800000,97.65,97.86,97.63,97.75,22258.24
1778528100000,97.75,97.91,97.73,97.9,12768.79
1778528400000,97.89,98.36,97.89,98.09,106274.96
1778528700000,98.09,98.15,97.97,98.14,21781.89
1778529000000,98.14,98.19,97.99,98.02,15258.96
1778529300000,98.02,98.23,97.93,98.12,45528.23
1778529600000,98.12,98.27,98.08,98.23,33222.26
1778529900000,98.22,98.32,98.15,98.24,24484.32
1778530200000,98.24,98.25,97.74,97.83,86141.44
1778530500000,97.83,98.03,97.76,97.98,26147.04
1778530800000,97.98,98.01,97.81,97.94,21050.98
1778531100000,97.94,97.95,97.7,97.74,26352.71
1778531400000,97.75,97.94,97.67,97.93,13438.75
1778531700000,97.92,97.96,97.74,97.79,8742.96
1778532000000,97.78,97.8,97.58,97.75,19339.64
1778532300000,97.75,97.86,97.72,97.78,14600.14
1778532600000,97.77,97.77,97.64,97.66,10605.94
1778532900000,97.65,97.66,97.53,97.57,17509.93
1778533200000,97.56,97.7,97.54,97.59,13756.42
1778533500000,97.58,97.6,97.35,97.37,15194.73
1778533800000,97.36,97.6,97.36,97.56,20445.8
1778534100000,97.56,97.62,97.41,97.42,12947.19
1778534400000,97.42,97.52,97.4,97.48,8057.24
1778534700000,97.49,97.6,97.49,97.49,6824.06
1778535000000,97.49,97.52,97.4,97.48,11023.78
1778535300000,97.49,97.74,97.46,97.54,22233.9
1778535600000,97.55,97.63,97.47,97.54,10624.57
1778535900000,97.53,97.53,97.44,97.47,7664.3
1778536200000,97.47,97.5,97.34,97.46,18124.56
1778536500000,97.46,97.51,97.25,97.33,11251.11
1778536800000,97.33,97.72,97.32,97.69,30911.37
1778537100000,97.68,97.7,97.33,97.41,9756.22
1778537400000,97.41,97.47,97.32,97.42,11695.21
1778537700000,97.41,97.59,97.38,97.59,19052.07
1778538000000,97.59,97.65,97.37,97.47,9022.14
1778538300000,97.47,97.48,97.3,97.4,9960.24
1778538600000,97.4,97.52,97.37,97.38,18004.71
1778538900000,97.38,97.53,97.36,97.5,5329.57
1778539200000,97.51,97.55,97.46,97.54,6568.39
1778539500000,97.55,97.67,97.49,97.58,12988.77
1778539800000,97.58,97.78,97.56,97.59,12933.34
1778540100000,97.59,97.61,97.53,97.59,7809.75
1778540400000,97.58,97.6,97.3,97.42,30739.16
1778540700000,97.42,97.46,97.27,97.28,27162.53
1778541000000,97.27,97.5,97.24,97.42,31468.06
1778541300000,97.41,97.44,97.25,97.29,16733.57
1778541600000,97.28,97.3,97.11,97.22,18873.25
1778541900000,97.22,97.22,97.04,97.11,24388.67
1778542200000,97.1,97.26,97.07,97.22,13644.5
1778542500000,97.22,97.41,97.21,97.38,9936.13
1778542800000,97.39,97.45,97.32,97.36,7747.32
1778543100000,97.36,97.39,97.22,97.24,9794.08
1778543400000,97.24,97.33,97.22,97.27,5271.69
1778543700000,97.27,97.38,97.23,97.3,11857.61
1778544000000,97.3,97.37,97.12,97.23,18897.45
1778544300000,97.22,97.25,97.11,97.24,22102.95
1778544600000,97.23,97.37,97.17,97.19,36615.61
1778544900000,97.19,97.43,97.18,97.31,20048.21
1778545200000,97.31,97.39,97.2,97.2,9627.04
1778545500000,97.21,97.41,97.16,97.38,16612.66
1778545800000,97.39,97.53,97.35,97.45,15845.91
1778546100000,97.45,97.54,97.38,97.45,17729.0
1778546400000,97.44,97.49,97.29,97.34,6684.96
1778546700000,97.34,97.48,97.32,97.46,18623.04
1778547000000,97.46,97.57,97.44,97.49,12383.01
1778547300000,97.49,97.61,97.39,97.45,15032.65
1778547600000,97.45,97.6,97.22,97.27,14867.05
1778547900000,97.27,97.35,97.06,97.14,32559.6
1778548200000,97.15,97.17,96.95,96.99,72951.84
1778548500000,97.0,97.01,96.63,96.86,114648.5
1778548800000,96.86,96.89,96.53,96.86,76827.88
1778549100000,96.85,96.94,96.7,96.78,29537.24
1778549400000,96.77,96.77,96.3,96.39,116678.45
1778549700000,96.39,96.45,95.87,95.93,264773.72
1778550000000,95.93,96.08,95.45,96.08,193305.0
1778550300000,96.07,96.26,95.94,96.24,66672.97
1778550600000,96.23,96.4,96.22,96.27,84581.81
1778550900000,96.26,96.31,96.12,96.22,20724.12
1778551200000,96.21,96.52,96.14,96.5,36995.78
1778551500000,96.49,96.66,96.42,96.59,34074.49
1778551800000,96.59,96.66,96.51,96.56,28535.2
1778552100000,96.56,96.59,96.12,96.13,27762.31
1778552400000,96.13,96.4,96.09,96.31,17808.96
1778552700000,96.31,96.55,96.3,96.53,26540.22
1778553000000,96.53,96.56,96.35,96.37,20321.08
1778553300000,96.36,96.4,96.21,96.3,29520.64
1778553600000,96.3,96.41,96.28,96.32,17408.24
1778553900000,96.33,96.46,96.31,96.38,14201.91
1778554200000,96.39,96.61,96.38,96.57,32476.06
1778554500000,96.56,96.57,96.41,96.5,6187.4
1778554800000,96.5,96.59,96.43,96.43,7916.16
1778555100000,96.43,96.5,96.34,96.45,14506.39
1778555400000,96.46,96.46,96.24,96.33,9625.19
1778555700000,96.33,96.33,96.19,96.2,17085.81
1778556000000,96.2,96.3,96.04,96.16,44557.55
1778556300000,96.16,96.21,96.1,96.15,13864.56
1778556600000,96.15,96.32,96.15,96.24,11504.31
1778556900000,96.24,96.33,96.19,96.25,8875.64
1778557200000,96.25,96.33,96.2,96.29,5851.12
1778557500000,96.29,96.29,96.0,96.1,27186.15
1778557800000,96.09,96.12,96.0,96.04,20750.85
1778558100000,96.04,96.09,95.99,96.09,14348.63
1778558400000,96.09,96.09,96.01,96.08,11760.34
1778558700000,96.08,96.16,96.03,96.09,13003.76
1778559000000,96.09,96.15,96.05,96.08,18115.96
1778559300000,96.08,96.32,96.04,96.24,17853.98
1778559600000,96.23,96.32,96.21,96.26,19913.5
1778559900000,96.26,96.29,96.18,96.22,7979.94
1778560200000,96.23,96.3,96.22,96.29,4972.62
1778560500000,96.28,96.4,96.25,96.39,18127.22
1778560800000,96.39,96.39,96.27,96.27,10512.0
1778561100000,96.27,96.47,96.27,96.45,18999.14
1778561400000,96.46,96.46,96.24,96.32,12520.41
1778561700000,96.32,96.36,96.28,96.31,5558.18
1778562000000,96.3,96.43,96.27,96.4,26188.6
1778562300000,96.41,96.45,96.27,96.27,20746.81
1778562600000,96.27,96.31,96.11,96.31,27954.99
1778562900000,96.3,96.52,96.3,96.51,20090.35
1778563200000,96.51,96.55,96.45,96.53,11273.3
1778563500000,96.53,96.66,96.51,96.57,24440.2
1778563800000,96.57,96.65,96.42,96.45,16364.88
1778564100000,96.46,96.72,96.46,96.68,14336.45
1778564400000,96.67,96.71,96.56,96.57,11834.81
1778564700000,96.58,96.69,96.52,96.69,8381.08
1778565000000,96.69,96.69,96.53,96.58,7142.21
1778565300000,96.58,96.68,96.5,96.5,6464.27
1778565600000,96.51,96.64,96.42,96.64,13074.96
1778565900000,96.64,96.64,96.51,96.58,8486.29
1778566200000,96.58,96.64,96.57,96.64,4278.76
1778566500000,96.63,96.82,96.63,96.75,18251.46
1778566800000,96.75,96.94,96.75,96.8,26016.88
1778567100000,96.8,96.87,96.66,96.67,15985.77
1778567400000,96.68,96.72,96.34,96.37,35246.88
1778567700000,96.38,96.47,96.31,96.36,21242.19
1778568000000,96.36,96.44,96.26,96.32,24618.61
1778568300000,96.31,96.37,96.26,96.27,19120.03
1778568600000,96.26,96.26,96.1,96.21,26280.48
1778568900000,96.2,96.21,96.11,96.14,16036.8
1778569200000,96.13,96.14,95.96,95.99,54799.55
1778569500000,95.99,96.04,95.73,96.0,72198.32
1778569800000,96.0,96.22,95.98,96.18,21783.82
1778570100000,96.19,96.21,95.97,96.17,14828.01
1778570400000,96.17,96.27,96.1,96.25,12680.24
1778570700000,96.24,96.25,96.0,96.0,16502.96
1778571000000,96.01,96.18,95.97,96.17,14640.5
1778571300000,96.16,96.18,96.04,96.08,13148.43
1778571600000,96.08,96.13,95.99,96.0,17249.85
1778571900000,95.99,96.05,95.79,96.03,52693.59
1778572200000,96.02,96.25,96.02,96.13,36922.21
1778572500000,96.12,96.13,95.93,95.99,10411.07
1778572800000,95.98,96.1,95.65,95.69,99220.89
1778573100000,95.68,95.85,95.59,95.75,52551.72
1778573400000,95.75,95.75,95.54,95.55,48190.21
1778573700000,95.56,95.6,95.35,95.53,128724.66
1778574000000,95.53,95.83,95.53,95.67,40925.81
1778574300000,95.67,95.67,95.54,95.59,34222.24
1778574600000,95.59,95.69,95.58,95.68,18121.22
1778574900000,95.69,95.8,95.68,95.73,23485.91
1778575200000,95.73,95.8,95.52,95.78,87254.22
1778575500000,95.79,95.87,95.69,95.72,23174.17
1778575800000,95.72,95.82,95.51,95.6,46563.5
1778576100000,95.6,95.67,95.52,95.61,18121.34
1778576400000,95.6,95.69,95.51,95.67,21840.31
1778576700000,95.67,95.67,95.41,95.58,29903.46
1778577000000,95.57,95.59,95.31,95.35,61852.24
1778577300000,95.35,95.48,95.25,95.48,42244.1
1778577600000,95.47,95.55,95.43,95.53,21379.74
1778577900000,95.53,95.56,95.45,95.48,17377.66
1778578200000,95.47,95.89,95.47,95.88,80964.97
1778578500000,95.87,95.95,95.84,95.94,33053.04
1778578800000,95.95,96.03,95.91,95.94,43497.68
1778579100000,95.94,96.01,95.79,95.84,34438.1
1778579400000,95.83,95.84,95.7,95.74,19294.63
1778579700000,95.73,95.77,95.68,95.75,11507.24
1778580000000,95.74,95.84,95.71,95.74,29729.28
1778580300000,95.74,95.88,95.73,95.86,14622.81
1778580600000,95.87,95.94,95.66,95.66,90476.53
1778580900000,95.66,95.66,95.45,95.53,40868.06
1778581200000,95.52,95.54,95.09,95.35,102439.53
1778581500000,95.35,95.4,95.26,95.4,30222.06
1778581800000,95.4,95.43,95.08,95.13,39550.47
1778582100000,95.13,95.28,95.04,95.12,92165.8
1778582400000,95.12,95.2,95.0,95.1,49142.33
1778582700000,95.1,95.14,94.88,94.94,70587.58
1778583000000,94.94,95.09,94.9,94.99,47291.47
1778583300000,94.99,94.99,94.9,94.97,22209.93
1778583600000,94.98,95.0,94.82,94.92,43208.44
1778583900000,94.92,94.94,94.61,94.89,98224.39
1778584200000,94.89,95.0,94.72,94.76,39256.67
1778584500000,94.76,94.78,94.55,94.65,82451.59
1778584800000,94.64,94.71,94.59,94.62,38374.03
1778585100000,94.62,94.76,94.62,94.71,27497.62
1778585400000,94.71,94.81,94.71,94.77,34318.89
1778585700000,94.77,94.8,94.7,94.76,23125.93
1778586000000,94.76,94.89,94.74,94.87,30037.0
1778586300000,94.87,94.89,94.75,94.81,28749.53
1778586600000,94.8,94.88,94.77,94.85,13508.18
1778586900000,94.85,94.97,94.83,94.94,15120.84
1778587200000,94.94,94.96,94.83,94.84,18999.61
1778587500000,94.84,94.96,94.68,94.96,23518.43
1778587800000,94.95,95.09,94.94,95.06,37899.45
1778588100000,95.05,95.17,95.0,95.12,36350.18
1778588400000,95.12,95.14,94.97,95.0,36766.66
1778588700000,94.99,95.01,94.75,94.84,60905.62
1778589000000,94.83,95.06,94.32,94.8,201112.9
1778589300000,94.8,95.39,94.78,95.38,111229.76
1778589600000,95.38,95.54,95.21,95.27,198945.42
1778589900000,95.26,95.37,95.2,95.35,31358.47
1778590200000,95.35,95.38,95.25,95.29,24791.57
1778590500000,95.29,95.29,95.12,95.16,36386.57
1778590800000,95.17,95.35,95.1,95.26,18550.52
1778591100000,95.25,95.32,95.23,95.27,13941.26
1778591400000,95.27,95.28,94.95,94.96,35375.38
1778591700000,94.96,95.08,94.8,94.81,35947.98
1778592000000,94.82,95.06,94.74,95.03,35019.74
1778592300000,95.03,95.03,94.91,94.94,16109.38
1778592600000,94.94,95.03,94.78,94.84,28401.16
1778592900000,94.84,95.06,94.61,95.06,34465.52
1778593200000,95.07,95.15,94.93,95.1,31335.62
1778593500000,95.11,95.34,94.8,94.92,63391.54
1778593800000,94.91,94.96,94.76,94.87,19116.2
1778594100000,94.86,94.87,94.48,94.65,119181.27
1778594400000,94.65,94.9,94.54,94.82,28874.91
1778594700000,94.82,95.02,94.75,94.85,36273.56
1778595000000,94.84,95.03,94.77,95.01,13053.53
1778595300000,95.01,95.17,94.88,95.09,21332.63
1778595600000,95.1,95.18,95.02,95.11,24311.38
1778595900000,95.12,95.18,94.55,94.74,44402.81
1778596200000,94.73,94.81,94.34,94.53,131695.55
1778596500000,94.53,95.1,94.42,95.02,55312.07
1778596800000,95.02,95.1,94.89,94.9,37689.23
1778597100000,94.89,94.91,94.56,94.66,30899.58
1778597400000,94.66,94.7,94.41,94.55,30742.77
1778597700000,94.55,94.56,94.37,94.51,31123.37
1778598000000,94.51,94.55,94.31,94.51,38978.66
1778598300000,94.51,94.75,94.42,94.72,28737.37
1778598600000,94.73,94.75,94.56,94.57,25961.47
1778598900000,94.57,94.57,94.39,94.46,16561.36
1778599200000,94.46,94.49,93.6,93.66,357134.47
1778599500000,93.66,93.9,93.57,93.81,147826.15
1778599800000,93.81,94.24,93.77,94.14,77687.16
1778600100000,94.14,94.17,94.0,94.01,47830.62
1778600400000,94.02,94.19,93.94,94.1,34034.58
1778600700000,94.1,94.2,93.81,93.87,62313.52
1778601000000,93.88,94.12,93.88,94.07,33118.63
1778601300000,94.08,94.13,93.81,93.82,32831.56
1778601600000,93.82,94.15,93.6,93.94,66926.01
1778601900000,93.94,94.06,93.91,94.02,17854.78
1778602200000,94.02,94.15,93.91,94.06,25741.48
1778602500000,94.06,94.26,93.94,94.2,34743.43
1778602800000,94.2,94.29,94.02,94.12,40149.45
1778603100000,94.11,94.19,94.02,94.12,18132.93
1778603400000,94.13,94.18,94.02,94.05,20003.29
1778603700000,94.05,94.19,94.01,94.03,10122.47
1778604000000,94.02,94.06,93.87,94.04,20336.74
1778604300000,94.03,94.09,93.6,93.76,74753.54
1778604600000,93.75,93.8,93.55,93.8,75947.52
1778604900000,93.79,93.94,93.75,93.8,23053.83
1778605200000,93.8,94.11,93.78,94.07,19930.06
1778605500000,94.06,94.1,93.98,94.0,23359.49
1778605800000,93.99,94.2,93.98,94.2,20194.78
1778606100000,94.2,94.53,94.19,94.39,53690.72
1778606400000,94.39,94.58,94.39,94.5,72784.94
1778606700000,94.49,94.51,94.36,94.42,18645.28
1778607000000,94.42,94.6,94.41,94.58,38109.43
1778607300000,94.59,94.62,94.45,94.52,36805.14
1778607600000,94.51,94.65,94.47,94.61,21572.0
1778607900000,94.62,94.65,94.47,94.48,13271.21
1778608200000,94.49,94.57,94.43,94.55,8930.07
1778608500000,94.55,94.56,94.45,94.48,7935.18
1778608800000,94.48,94.56,94.35,94.53,21320.48
1778609100000,94.53,94.55,94.4,94.46,15314.5
1778609400000,94.47,94.49,94.32,94.41,12490.72
1778609700000,94.41,94.55,94.4,94.48,11032.54
1778610000000,94.48,94.51,94.41,94.43,5659.28
1778610300000,94.44,94.5,94.32,94.39,24090.42
1778610600000,94.39,94.55,94.38,94.5,7144.36
1778610900000,94.49,94.61,94.45,94.53,10807.92
1778611200000,94.52,94.61,94.52,94.57,9181.25
1778611500000,94.57,94.62,94.45,94.52,7111.93
1778611800000,94.52,94.75,94.52,94.68,42351.01
1778612100000,94.68,94.69,94.49,94.51,10071.46
1778612400000,94.51,94.73,94.51,94.73,29423.8
1778612700000,94.73,94.91,94.68,94.88,28336.46
1778613000000,94.87,94.96,94.85,94.9,29392.42
1778613300000,94.89,94.91,94.73,94.74,15760.47
1778613600000,94.74,94.75,94.61,94.67,11297.97
1778613900000,94.66,94.7,94.53,94.53,9478.06
1778614200000,94.53,94.78,94.52,94.78,20918.65
1778614500000,94.78,94.81,94.63,94.72,13079.72
1778614800000,94.72,94.73,94.6,94.66,14200.04
1778615100000,94.67,94.77,94.63,94.74,6965.4
1778615400000,94.74,94.92,94.72,94.8,13868.17
1778615700000,94.81,94.89,94.8,94.89,19338.58
1778616000000,94.88,94.94,94.75,94.92,25948.93
1778616300000,94.92,94.93,94.82,94.83,11142.62
1778616600000,94.83,94.88,94.78,94.85,10429.5
1778616900000,94.85,94.92,94.8,94.87,4285.41
1778617200000,94.87,94.89,94.81,94.82,6970.15
1778617500000,94.82,94.9,94.81,94.9,3508.34
1778617800000,94.9,94.9,94.67,94.73,21151.08
1778618100000,94.74,94.78,94.64,94.65,6133.24
1778618400000,94.65,94.7,94.6,94.7,8913.98
1778618700000,94.69,94.77,94.62,94.63,9651.1
1778619000000,94.62,94.72,94.57,94.71,4860.54
1778619300000,94.71,94.72,94.65,94.71,4043.79
1778619600000,94.71,94.81,94.68,94.8,11984.84
1778619900000,94.81,94.82,94.73,94.75,6901.47
1778620200000,94.75,94.78,94.68,94.72,5595.14
1778620500000,94.72,94.76,94.67,94.67,2709.5
1778620800000,94.67,94.72,94.66,94.72,3992.84
1778621100000,94.72,94.72,94.64,94.7,3833.57
1778621400000,94.7,94.74,94.53,94.57,7540.26
1778621700000,94.56,94.68,94.56,94.63,14140.74
1778622000000,94.62,94.69,94.59,94.65,6200.41
1778622300000,94.65,94.66,94.44,94.48,13722.3
1778622600000,94.48,94.57,94.48,94.53,6472.71
1778622900000,94.54,94.69,94.54,94.63,9134.29
1778623200000,94.63,94.92,94.63,94.88,24411.58
1778623500000,94.88,94.99,94.77,94.77,24536.14
1778623800000,94.77,94.8,94.67,94.69,4976.11
1778624100000,94.69,94.81,94.66,94.8,8381.6
1778624400000,94.8,94.82,94.75,94.8,6713.0
1778624700000,94.79,94.8,94.69,94.69,3245.56
1778625000000,94.7,94.78,94.65,94.66,3596.13
1778625300000,94.65,94.68,94.59,94.67,3007.3
1778625600000,94.68,94.72,94.65,94.7,5409.1
1778625900000,94.7,94.7,94.63,94.66,4955.72
1778626200000,94.66,94.73,94.65,94.68,4974.89
1778626500000,94.68,94.74,94.61,94.62,2676.93
1778626800000,94.62,94.71,94.6,94.64,3218.06
1778627100000,94.64,94.67,94.59,94.64,6409.31
1778627400000,94.64,94.71,94.42,94.52,21867.11
1778627700000,94.52,94.62,94.51,94.59,4377.34
1778628000000,94.59,94.64,94.56,94.62,4753.82
1778628300000,94.62,94.68,94.6,94.62,4186.27
1778628600000,94.63,94.63,94.47,94.47,5313.11
1778628900000,94.47,94.48,94.35,94.42,16164.74
1778629200000,94.41,94.44,94.35,94.37,11761.38
1778629500000,94.37,94.39,94.23,94.32,40325.01
1778629800000,94.31,94.35,94.24,94.3,13690.52
1778630100000,94.3,94.3,94.18,94.24,18085.81
1778630400000,94.24,94.28,93.99,94.13,35733.61
1778630700000,94.14,94.24,94.09,94.1,28239.18
1778631000000,94.09,94.19,94.09,94.11,21769.04
1778631300000,94.12,94.4,94.09,94.38,22545.26
1778631600000,94.39,94.44,94.29,94.4,16440.59
1778631900000,94.4,94.51,94.31,94.32,24575.87
1778632200000,94.32,94.41,94.3,94.37,13419.28
1778632500000,94.36,94.55,94.36,94.55,9590.57
1778632800000,94.54,94.59,94.5,94.52,9669.35
1778633100000,94.52,94.53,94.38,94.39,11309.96
1778633400000,94.38,94.41,94.29,94.4,8110.43
1778633700000,94.4,94.53,94.4,94.43,15287.67
1778634000000,94.43,94.57,94.42,94.57,7700.0
1778634300000,94.56,94.86,94.54,94.82,37536.78
1778634600000,94.82,95.09,94.81,94.96,59050.87
1778634900000,94.97,95.08,94.88,95.06,19951.9
1778635200000,95.07,95.34,95.05,95.27,80459.83
1778635500000,95.27,95.27,95.15,95.21,25914.77
1778635800000,95.22,95.4,95.22,95.27,26322.22
1778636100000,95.27,95.33,95.12,95.23,29563.29
1778636400000,95.23,95.29,95.08,95.21,65040.04
1778636700000,95.2,95.29,95.08,95.24,13710.93
1778637000000,95.24,95.3,95.09,95.11,18084.12
1778637300000,95.1,95.18,95.04,95.13,16680.02
1778637600000,95.12,95.19,94.96,94.98,13695.38
1778637900000,94.98,95.2,94.97,95.2,8135.24
1778638200000,95.2,95.26,95.1,95.15,7527.12
1778638500000,95.15,95.18,95.02,95.04,15380.92
1778638800000,95.04,95.54,95.04,95.41,34535.03
1778639100000,95.4,95.42,95.18,95.26,23909.8
1778639400000,95.26,95.3,95.18,95.23,8960.38
1778639700000,95.23,95.3,95.18,95.19,9008.39
1778640000000,95.18,95.22,95.12,95.21,5302.15
1778640300000,95.21,95.28,95.13,95.17,7106.38
1778640600000,95.18,95.2,95.09,95.09,6735.29
1778640900000,95.09,95.19,95.08,95.18,10998.02
1778641200000,95.17,95.17,95.11,95.14,3569.68
1778641500000,95.14,95.2,95.02,95.08,7439.33
1778641800000,95.09,95.22,95.01,95.01,10161.84
1778642100000,95.01,95.14,95.01,95.09,7287.81
1778642400000,95.08,95.14,95.08,95.11,4458.91
1778642700000,95.11,95.23,95.11,95.21,7280.55
1778643000000,95.21,95.3,95.17,95.24,12543.38
1778643300000,95.25,95.42,95.23,95.35,19926.96
1778643600000,95.35,95.45,95.34,95.43,15949.23
1778643900000,95.43,95.47,95.37,95.45,15675.05
1778644200000,95.45,95.49,95.4,95.47,19549.18
1778644500000,95.48,95.5,95.45,95.5,12837.35
1778644800000,95.5,95.68,95.42,95.6,35312.82
1778645100000,95.59,95.6,95.46,95.47,15688.44
1778645400000,95.46,95.54,95.46,95.51,14517.46
1778645700000,95.52,95.57,95.42,95.57,16660.35
1778646000000,95.56,95.8,95.56,95.69,36099.91
1778646300000,95.7,95.75,95.63,95.67,19201.91
1778646600000,95.67,95.93,95.5,95.53,101735.23
1778646900000,95.52,95.65,95.52,95.57,17206.74
1778647200000,95.56,95.63,95.46,95.51,11952.74
1778647500000,95.5,95.51,95.37,95.51,21056.74
1778647800000,95.51,95.56,95.43,95.51,20396.98
1778648100000,95.51,95.57,95.42,95.43,17982.08
1778648400000,95.42,95.44,95.29,95.38,17736.4
1778648700000,95.38,95.4,95.21,95.23,23099.44
1778649000000,95.23,95.37,95.23,95.32,26143.26
1778649300000,95.31,95.33,95.05,95.09,47646.99
1778649600000,95.09,95.45,95.02,95.41,105695.86
1778649900000,95.41,95.42,95.35,95.37,6314.29
1778650200000,95.37,95.38,95.27,95.27,16925.01
1778650500000,95.27,95.3,95.1,95.14,14748.32
1778650800000,95.14,95.2,95.12,95.17,9116.11
1778651100000,95.16,95.23,95.08,95.21,29489.75
1778651400000,95.22,95.31,95.21,95.21,9528.38
1778651700000,95.21,95.26,95.15,95.2,6021.83
1778652000000,95.2,95.27,95.08,95.26,41497.03
1778652300000,95.27,95.44,95.26,95.4,16513.64
1778652600000,95.4,95.52,95.39,95.52,27462.04
1778652900000,95.52,95.67,95.34,95.37,100451.48
1778653200000,95.37,95.37,95.11,95.22,22779.91
1778653500000,95.22,95.26,95.11,95.22,18764.82
1778653800000,95.21,95.26,95.15,95.15,13935.0
1778654100000,95.15,95.2,95.15,95.16,6644.24
1778654400000,95.16,95.2,95.1,95.19,7456.09
1778654700000,95.18,95.23,95.13,95.14,7221.77
1778655000000,95.14,95.16,95.05,95.14,9525.46
1778655300000,95.13,95.15,95.05,95.05,15031.64
1778655600000,95.05,95.16,95.04,95.11,12150.56
1778655900000,95.12,95.14,95.06,95.13,7054.3
1778656200000,95.13,95.17,95.1,95.15,5151.53
1778656500000,95.16,95.25,95.03,95.03,13315.93
1778656800000,95.03,95.08,94.81,94.91,50776.47
1778657100000,94.91,95.03,94.91,94.91,15829.49
1778657400000,94.91,95.02,94.81,95.02,29499.71
1778657700000,95.01,95.12,94.94,95.02,14976.5
1778658000000,95.02,95.15,95.02,95.13,18039.63
1778658300000,95.12,95.18,95.05,95.05,7474.4
1778658600000,95.05,95.06,94.98,94.98,8721.91
1778658900000,94.98,95.11,94.93,95.07,11211.67
1778659200000,95.08,95.2,95.04,95.17,28276.28
1778659500000,95.18,95.21,95.09,95.11,14207.67
1778659800000,95.1,95.16,95.07,95.09,12052.63
1778660100000,95.1,95.2,95.06,95.07,20256.78
1778660400000,95.07,95.16,95.07,95.12,7283.45
1778660700000,95.13,95.23,95.09,95.09,12134.8
1778661000000,95.1,95.1,94.94,95.09,14805.91
1778661300000,95.1,95.31,95.07,95.31,15877.09
1778661600000,95.31,95.71,95.3,95.67,75615.64
1778661900000,95.67,95.71,95.45,95.45,36070.07
1778662200000,95.46,95.59,95.45,95.47,14214.83
1778662500000,95.48,95.54,95.47,95.51,12864.77
1778662800000,95.51,95.74,95.5,95.71,29528.42
1778663100000,95.71,95.81,95.6,95.67,57605.16
1778663400000,95.67,95.7,95.6,95.64,15935.22
1778663700000,95.63,95.74,95.63,95.69,17103.32
1778664000000,95.7,95.73,95.56,95.6,14409.25
1778664300000,95.6,95.69,95.59,95.67,6805.35
1778664600000,95.67,95.83,95.63,95.68,39336.65
1778664900000,95.68,95.8,95.68,95.75,16742.4
1778665200000,95.75,95.76,95.63,95.66,6298.45
1778665500000,95.65,95.77,95.63,95.69,7685.81
1778665800000,95.69,95.7,95.59,95.68,9559.49
1778666100000,95.67,95.7,95.6,95.65,11691.91
1778666400000,95.66,95.72,95.49,95.57,16900.23
1778666700000,95.58,95.59,95.42,95.49,10305.38
1778667000000,95.48,95.49,95.27,95.3,24159.4
1778667300000,95.3,95.34,95.26,95.32,14942.21
1778667600000,95.32,95.41,95.32,95.39,11319.58
1778667900000,95.39,95.39,95.07,95.07,40141.43
1778668200000,95.08,95.14,95.02,95.03,26426.92
1778668500000,95.02,95.06,94.9,94.9,37544.34
1778668800000,94.9,94.92,94.66,94.78,60357.09
1778669100000,94.79,94.91,94.72,94.73,44519.54
1778669400000,94.73,94.79,94.68,94.76,19171.55
1778669700000,94.76,94.81,94.72,94.72,10190.98
1778670000000,94.72,94.78,94.5,94.51,58053.82
1778670300000,94.51,94.52,94.23,94.43,107781.52
1778670600000,94.43,94.44,94.23,94.33,47232.96
1778670900000,94.33,94.49,94.19,94.36,49368.69
1778671200000,94.35,94.52,94.3,94.46,31383.54
1778671500000,94.46,94.46,94.32,94.33,16341.13
1778671800000,94.32,94.51,94.31,94.49,47030.96
1778672100000,94.49,94.53,94.46,94.52,13048.99
1778672400000,94.53,94.58,94.48,94.58,12928.63
1778672700000,94.58,94.61,94.39,94.39,15016.06
1778673000000,94.4,94.41,94.21,94.3,28151.8
1778673300000,94.29,94.35,94.26,94.28,17015.81
1778673600000,94.27,94.57,94.25,94.53,21715.88
1778673900000,94.52,94.55,94.42,94.52,16168.43
1778674200000,94.51,94.56,94.37,94.47,14722.02
1778674500000,94.47,94.59,94.47,94.54,13685.67
1778674800000,94.54,94.54,93.9,94.05,101856.27
1778675100000,94.06,94.21,94.02,94.13,30279.33
1778675400000,94.13,94.14,93.1,93.54,418808.59
1778675700000,93.55,93.64,92.2,92.56,662976.84
1778676000000,92.56,93.02,92.38,92.97,150324.85
1778676300000,92.97,93.2,92.92,93.11,57068.28
1778676600000,93.11,93.19,92.95,93.0,42380.53
1778676900000,93.01,93.15,92.96,93.12,39082.33
1778677200000,93.11,93.4,93.11,93.39,79533.05
1778677500000,93.38,93.4,93.25,93.35,30087.63
1778677800000,93.34,93.4,93.29,93.31,22748.47
1778678100000,93.31,93.4,93.24,93.27,21519.68
1778678400000,93.27,93.35,93.18,93.28,22843.46
1778678700000,93.29,93.32,93.15,93.22,16664.09
1778679000000,93.22,93.3,93.02,93.13,47619.38
1778679300000,93.13,93.17,92.75,92.85,86309.51
1778679600000,92.85,92.98,92.67,92.84,75085.21
1778679900000,92.84,92.84,91.91,92.24,388056.78
1778680200000,92.25,92.39,92.05,92.38,89521.96
1778680500000,92.39,92.42,92.06,92.25,69855.58
1778680800000,92.25,92.25,91.2,91.87,597818.11
1778681100000,91.86,92.02,91.7,91.91,127371.13
1778681400000,91.91,92.08,91.88,91.99,63515.64
1778681700000,91.98,92.1,91.85,91.94,46798.72
1778682000000,91.94,92.14,91.91,92.02,36432.79
1778682300000,92.01,92.3,91.98,92.18,64931.23
1778682600000,92.18,92.25,91.96,92.07,29444.64
1778682900000,92.08,92.08,91.9,91.97,40522.23
1778683200000,91.98,91.99,91.78,91.78,24983.44
1778683500000,91.79,91.86,91.65,91.68,33613.75
1778683800000,91.68,91.87,91.63,91.76,31496.67
1778684100000,91.76,91.79,91.67,91.74,20043.83
1778684400000,91.73,91.9,91.7,91.73,28814.31
1778684700000,91.74,91.74,90.85,91.34,234804.12
1778685000000,91.33,91.36,90.93,91.0,96898.71
1778685300000,91.0,91.27,90.95,90.95,73812.25
1778685600000,90.95,91.08,90.85,90.97,72268.39
1778685900000,90.96,90.96,90.71,90.83,92553.32
1778686200000,90.83,91.01,90.74,90.99,69627.33
1778686500000,90.99,91.01,90.71,90.73,42670.17
1778686800000,90.72,90.97,90.72,90.81,36994.04
1778687100000,90.8,90.87,90.64,90.74,83609.65
1778687400000,90.74,90.75,90.58,90.7,60287.89
1778687700000,90.69,90.73,90.23,90.39,155301.81
1778688000000,90.39,91.0,90.38,90.9,125976.05
1778688300000,90.89,90.92,90.52,90.55,53770.01
1778688600000,90.56,90.76,90.55,90.7,36648.56
1778688900000,90.7,90.71,90.51,90.56,39028.85
1778689200000,90.56,90.93,90.53,90.81,55838.75
1778689500000,90.8,90.99,90.7,90.93,87738.34
1778689800000,90.92,91.12,90.8,91.1,63849.37
1778690100000,91.1,91.1,90.81,90.97,59979.56
1778690400000,90.97,91.07,90.91,90.95,23896.81
1778690700000,90.94,91.23,90.88,91.18,37792.31
1778691000000,91.18,91.19,90.88,90.93,52873.71
1778691300000,90.94,91.03,90.81,90.83,34497.5
1778691600000,90.82,91.08,90.82,91.05,115696.81
1778691900000,91.06,91.09,90.76,90.83,155488.12
1778692200000,90.83,90.99,90.82,90.96,23314.87
1778692500000,90.96,91.03,90.7,90.87,61485.9
1778692800000,90.88,91.02,90.85,90.85,34260.76
1778693100000,90.85,91.04,90.85,90.92,41947.5
1778693400000,90.93,90.97,90.65,90.7,46261.85
1778693700000,90.7,90.89,90.7,90.8,15608.31
1778694000000,90.8,90.91,90.77,90.9,10997.09
1778694300000,90.9,90.92,90.76,90.89,16062.31
1778694600000,90.9,90.98,90.84,90.84,16671.07
1778694900000,90.84,90.91,90.7,90.84,56915.36
1778695200000,90.84,91.01,90.8,90.85,35311.62
1778695500000,90.85,91.0,90.85,90.96,12742.05
1778695800000,90.97,91.08,90.96,91.01,37852.37
1778696100000,91.02,91.2,90.94,91.19,29625.3
1778696400000,91.19,91.3,91.16,91.25,48304.21
1778696700000,91.25,91.31,91.2,91.26,17606.01
1778697000000,91.27,91.32,91.23,91.32,16918.82
1778697300000,91.32,91.4,91.14,91.21,50194.83
1778697600000,91.22,91.29,90.92,90.95,28317.58
1778697900000,90.94,91.0,90.7,90.84,25345.89
1778698200000,90.84,90.93,90.81,90.92,22891.53
1778698500000,90.92,91.03,90.87,90.88,14320.45
1778698800000,90.87,90.89,90.58,90.66,24001.12
1778699100000,90.66,90.72,90.55,90.6,22021.53
1778699400000,90.6,90.7,90.59,90.59,17167.95
1778699700000,90.59,90.66,90.44,90.56,31854.06
1778700000000,90.56,90.61,90.43,90.5,15062.85
1778700300000,90.5,90.66,90.46,90.61,16795.6
1778700600000,90.6,90.78,90.6,90.73,21334.69
1778700900000,90.72,90.91,90.66,90.84,14863.55
1778701200000,90.83,90.92,90.8,90.84,9852.67
1778701500000,90.84,90.96,90.83,90.85,17046.57
1778701800000,90.85,90.91,90.76,90.84,17376.5
1778702100000,90.85,90.93,90.84,90.9,19150.52
1778702400000,90.9,90.99,90.86,90.95,25728.85
1778702700000,90.95,91.0,90.89,90.93,16932.32
1778703000000,90.94,91.13,90.94,91.04,15922.95
1778703300000,91.05,91.26,91.02,91.21,13263.41
1778703600000,91.21,91.22,91.09,91.13,15922.53
1778703900000,91.14,91.16,91.05,91.08,7013.14
1778704200000,91.07,91.29,91.07,91.23,13616.94
1778704500000,91.23,91.29,91.18,91.21,10303.69
1778704800000,91.22,91.28,91.06,91.09,27463.6
1778705100000,91.08,91.19,91.07,91.07,12726.66
1778705400000,91.07,91.13,91.02,91.11,5312.39
1778705700000,91.12,91.17,91.07,91.17,15054.31
1778706000000,91.18,91.24,91.02,91.11,21157.2
1778706300000,91.12,91.14,90.81,90.83,20242.62
1778706600000,90.83,90.9,90.68,90.9,35980.26
1778706900000,90.89,90.89,90.81,90.89,11203.05
1778707200000,90.88,90.93,90.78,90.83,5811.31
1778707500000,90.82,90.94,90.77,90.85,6349.53
1778707800000,90.86,90.91,90.78,90.83,3743.6
1778708100000,90.84,90.91,90.82,90.9,7348.26
1778708400000,90.9,90.92,90.79,90.85,13010.76
1778708700000,90.86,90.88,90.71,90.85,13739.47
1778709000000,90.86,90.97,90.85,90.92,29418.54
1778709300000,90.93,90.95,90.8,90.82,8220.7
1778709600000,90.82,90.88,90.75,90.79,10397.85
1778709900000,90.78,90.81,90.58,90.81,20710.49
1778710200000,90.8,90.93,90.8,90.9,14226.72
1778710500000,90.9,90.92,90.78,90.78,7618.33
1778710800000,90.78,90.94,90.77,90.94,6447.68
1778711100000,90.93,91.08,90.9,91.08,7269.76
1778711400000,91.07,91.13,90.97,91.04,7550.39
1778711700000,91.03,91.07,90.94,90.99,13258.67
1778712000000,91.0,91.12,90.99,91.02,9704.1
1778712300000,91.02,91.15,91.02,91.08,8726.66
1778712600000,91.08,91.18,91.07,91.14,6467.57
1778712900000,91.15,91.15,91.08,91.12,7220.45
1778713200000,91.11,91.23,91.02,91.05,13052.22
1778713500000,91.04,91.22,91.03,91.21,12377.82
1778713800000,91.21,91.25,91.1,91.19,7244.19
1778714100000,91.19,91.22,91.12,91.13,7264.11
1778714400000,91.14,91.18,91.09,91.15,13120.89
1778714700000,91.16,91.26,91.05,91.16,19036.39
1778715000000,91.16,91.22,91.0,91.04,12214.86
1778715300000,91.05,91.13,91.01,91.06,6297.64
1778715600000,91.05,91.1,91.04,91.09,9179.92
1778715900000,91.09,91.13,91.03,91.04,3021.72
1778716200000,91.05,91.1,91.0,91.1,6666.16
1778716500000,91.1,91.13,91.02,91.11,9041.14
1778716800000,91.11,91.28,91.08,91.23,25128.03
1778717100000,91.22,91.37,91.08,91.32,37397.04
1778717400000,91.31,91.34,91.23,91.32,11826.34
1778717700000,91.32,91.38,91.27,91.27,36946.51
1778718000000,91.28,91.3,91.06,91.13,23424.42
1778718300000,91.13,91.17,91.02,91.12,7673.79
1778718600000,91.12,91.28,91.12,91.27,19533.53
1778718900000,91.27,91.27,91.14,91.19,9740.03
1778719200000,91.19,91.19,91.09,91.17,20157.59
1778719500000,91.17,91.24,91.15,91.19,11474.28
1778719800000,91.18,91.21,91.13,91.18,10135.53
1778720100000,91.18,91.25,91.15,91.15,16756.27
1778720400000,91.15,91.3,91.11,91.26,10518.79
1778720700000,91.26,91.28,91.11,91.15,11519.28
1778721000000,91.14,91.21,91.06,91.12,7899.77
1778721300000,91.12,91.17,90.94,91.14,22398.55
1778721600000,91.13,91.22,91.06,91.11,15388.87
1778721900000,91.11,91.2,91.03,91.05,8712.91
1778722200000,91.06,91.12,90.94,91.1,15001.58
1778722500000,91.1,91.11,90.96,91.1,24231.35
1778722800000,91.1,91.14,90.95,91.05,13025.25
1778723100000,91.05,91.17,90.97,91.11,15736.84
1778723400000,91.12,91.21,91.11,91.19,9870.45
1778723700000,91.18,91.21,91.1,91.11,6508.37
1778724000000,91.1,91.18,91.05,91.06,6927.21
1778724300000,91.05,91.15,91.02,91.12,11618.35
1778724600000,91.12,91.21,91.05,91.05,10312.16
1778724900000,91.06,91.09,90.97,91.02,8170.47
1778725200000,91.01,91.16,91.01,91.13,12852.95
1778725500000,91.13,91.17,91.11,91.12,8361.58
1778725800000,91.11,91.11,90.98,91.05,12519.29
1778726100000,91.04,91.05,90.96,90.99,10894.24
1778726400000,91.0,91.03,90.86,91.01,20936.22
1778726700000,91.01,91.03,90.63,90.64,38689.73
1778727000000,90.64,90.68,90.34,90.6,98865.81
1778727300000,90.6,90.64,90.46,90.51,33181.22
1778727600000,90.52,90.73,90.45,90.68,18452.72
1778727900000,90.68,90.69,89.81,90.26,216321.76
1778728200000,90.25,90.51,90.25,90.45,77228.1
1778728500000,90.46,90.48,90.22,90.3,34279.26
1778728800000,90.31,90.32,89.88,90.11,116909.7
1778729100000,90.12,90.54,90.12,90.49,43170.66
1778729400000,90.5,90.53,90.41,90.48,22082.86
1778729700000,90.47,90.54,90.16,90.2,29423.23
1778730000000,90.19,90.29,90.15,90.24,26745.79
1778730300000,90.25,90.28,89.9,89.93,36594.26
1778730600000,89.93,90.04,89.86,90.03,58517.17
1778730900000,90.03,90.05,89.76,89.88,63298.02
1778731200000,89.89,89.99,89.8,89.87,37111.19
1778731500000,89.88,90.19,89.87,90.19,33161.85
1778731800000,90.18,90.22,90.09,90.16,12977.54
1778732100000,90.16,90.34,90.09,90.28,14198.27
1778732400000,90.29,90.32,90.2,90.26,20422.2
1778732700000,90.26,90.34,90.25,90.26,16912.68
1778733000000,90.26,90.33,90.21,90.24,14005.29
1778733300000,90.23,90.39,90.22,90.39,12168.08
1778733600000,90.39,90.41,90.31,90.37,8742.39
1778733900000,90.36,90.58,90.28,90.5,39194.57
1778734200000,90.51,90.54,90.42,90.48,16749.48
1778734500000,90.49,90.51,90.41,90.43,18904.94
1778734800000,90.42,90.56,90.35,90.53,11451.6
1778735100000,90.53,90.56,90.46,90.52,7767.7
1778735400000,90.52,90.57,90.46,90.48,10751.32
1778735700000,90.48,90.58,90.41,90.56,24926.03
1778736000000,90.55,90.81,90.55,90.8,54589.38
1778736300000,90.79,90.83,90.71,90.81,46691.27
1778736600000,90.81,91.07,90.8,91.01,48584.96
1778736900000,91.01,91.1,90.97,91.05,22326.54
1778737200000,91.05,91.14,90.99,91.04,39826.43
1778737500000,91.05,91.22,91.05,91.14,28756.25
1778737800000,91.14,91.42,91.14,91.27,80817.63
1778738100000,91.26,91.29,91.18,91.23,20859.12
1778738400000,91.22,91.31,91.12,91.23,42850.8
1778738700000,91.22,91.4,91.19,91.19,20382.57
1778739000000,91.2,91.4,91.2,91.39,31545.08
1778739300000,91.39,91.39,91.23,91.3,14451.6
1778739600000,91.3,91.35,91.28,91.31,7688.94
1778739900000,91.32,91.34,91.24,91.27,15973.13
1778740200000,91.27,91.31,91.09,91.11,48299.15
1778740500000,91.1,91.18,91.08,91.17,30866.48
1778740800000,91.16,91.22,91.14,91.19,14950.76
1778741100000,91.2,91.27,91.16,91.22,10440.26
1778741400000,91.22,91.32,91.21,91.32,13720.09
1778741700000,91.32,91.37,91.3,91.35,29861.36
1778742000000,91.34,91.61,91.03,91.08,228869.75
1778742300000,91.08,91.13,90.97,91.03,39739.83
1778742600000,91.04,91.04,90.83,90.87,34199.04
1778742900000,90.87,90.87,90.67,90.75,41907.82
1778743200000,90.76,90.87,90.71,90.74,25749.0
1778743500000,90.75,90.86,90.7,90.77,14884.62
1778743800000,90.77,90.96,90.76,90.92,18944.08
1778744100000,90.92,91.1,90.63,91.06,133117.28
1778744400000,91.07,91.1,90.99,91.02,17576.89
1778744700000,91.02,91.02,90.93,90.97,16053.56
1778745000000,90.98,91.02,90.88,90.93,20301.61
1778745300000,90.94,91.03,90.8,90.84,51295.95
1778745600000,90.83,90.93,90.66,90.72,26818.7
1778745900000,90.71,90.87,90.61,90.85,35095.69
1778746200000,90.85,91.02,90.83,90.98,23840.71
1778746500000,90.97,91.05,90.97,91.0,11010.87
1778746800000,91.01,91.01,90.89,90.91,10016.67
1778747100000,90.91,90.97,90.87,90.92,8844.83
1778747400000,90.92,91.15,90.92,91.15,17130.36
1778747700000,91.15,91.24,91.11,91.23,32832.7
1778748000000,91.22,91.22,91.08,91.13,9757.86
1778748300000,91.12,91.17,90.97,90.97,25619.72
1778748600000,90.97,91.09,90.95,91.05,21755.81
1778748900000,91.05,91.06,90.98,90.99,8318.77
1778749200000,91.0,91.07,90.96,90.97,6321.89
1778749500000,90.97,91.06,90.96,91.02,9035.6
1778749800000,91.02,91.1,90.91,90.91,15774.48
1778750100000,90.91,90.93,90.84,90.93,15793.92
1778750400000,90.93,91.03,90.9,90.9,5479.97
1778750700000,90.91,90.91,90.77,90.82,16841.01
1778751000000,90.81,90.83,90.65,90.82,14601.04
1778751300000,90.82,90.84,90.52,90.6,35004.63
1778751600000,90.59,90.7,90.55,90.63,10212.34
1778751900000,90.63,90.66,90.54,90.61,10585.99
1778752200000,90.62,90.72,90.6,90.69,15126.75
1778752500000,90.69,90.86,90.69,90.8,15483.75
1778752800000,90.79,90.9,90.76,90.82,11945.12
1778753100000,90.83,90.88,90.66,90.71,6558.77
1778753400000,90.71,91.07,90.69,90.87,43693.07
1778753700000,90.87,91.08,90.87,91.04,14058.45
1778754000000,91.05,91.08,90.93,90.94,17859.57
1778754300000,90.93,90.98,90.91,90.95,3509.92
1778754600000,90.94,90.97,90.85,90.95,5355.44
1778754900000,90.95,91.02,90.89,90.89,13977.78
1778755200000,90.89,90.9,90.58,90.72,44764.57
1778755500000,90.73,90.92,90.73,90.92,9457.72
1778755800000,90.93,91.04,90.9,91.03,17337.43
1778756100000,91.04,91.09,90.99,91.0,9921.71
1778756400000,90.99,91.05,90.92,90.98,10148.14
1778756700000,90.98,91.04,90.86,91.04,19146.2
1778757000000,91.03,91.04,90.83,90.83,6109.46
1778757300000,90.84,90.94,90.81,90.89,6578.56
1778757600000,90.89,90.98,90.66,90.69,8006.77
1778757900000,90.69,90.78,90.62,90.68,24216.54
1778758200000,90.68,90.73,90.56,90.62,18106.57
1778758500000,90.62,90.73,90.56,90.67,12554.44
1778758800000,90.68,90.72,90.58,90.6,10962.87
1778759100000,90.6,90.73,90.56,90.64,7026.93
1778759400000,90.64,90.72,90.57,90.72,10405.85
1778759700000,90.71,90.71,90.58,90.58,7854.94
1778760000000,90.57,90.79,90.46,90.78,26683.87
1778760300000,90.77,90.8,90.7,90.79,13208.21
1778760600000,90.79,90.9,90.74,90.82,15291.08
1778760900000,90.82,90.88,90.67,90.72,13990.09
1778761200000,90.73,90.86,90.72,90.84,5951.11
1778761500000,90.85,90.97,90.81,90.86,13213.38
1778761800000,90.86,91.1,90.82,91.09,28648.12
1778762100000,91.1,91.19,91.0,91.07,54912.13
1778762400000,91.06,91.12,90.97,91.06,14715.8
1778762700000,91.07,91.17,91.03,91.16,12662.54
1778763000000,91.16,91.23,91.12,91.18,23808.83
1778763300000,91.18,91.23,91.13,91.16,18433.99
1778763600000,91.16,91.19,91.04,91.18,14363.8
1778763900000,91.18,91.22,91.13,91.2,15096.09
1778764200000,91.2,91.35,91.16,91.3,31091.86
1778764500000,91.31,91.43,91.09,91.13,30393.67
1778764800000,91.13,91.4,91.05,91.33,40622.03
1778765100000,91.33,91.35,91.15,91.18,11979.09
1778765400000,91.19,91.27,91.1,91.14,28910.35
1778765700000,91.14,91.15,90.77,90.99,52711.34
1778766000000,90.98,91.07,90.82,91.05,23725.75
1778766300000,91.05,91.23,91.01,91.16,44537.07
1778766600000,91.17,91.25,90.95,91.06,27056.11
1778766900000,91.06,91.1,90.67,90.72,28850.55
1778767200000,90.71,90.98,90.66,90.9,31741.22
1778767500000,90.9,90.93,90.56,90.85,67343.98
1778767800000,90.85,91.07,90.81,91.01,22784.34
1778768100000,91.01,91.4,90.97,91.37,72480.56
1778768400000,91.38,91.6,91.27,91.5,63686.24
1778768700000,91.51,91.59,91.26,91.43,35443.9
1778769000000,91.43,91.46,91.22,91.3,22077.06
1778769300000,91.3,91.51,91.24,91.46,22659.13
1778769600000,91.45,91.59,91.41,91.56,49721.99
1778769900000,91.55,92.14,91.55,92.02,151440.74
1778770200000,92.01,92.22,91.99,92.18,94003.22
1778770500000,92.18,92.26,92.05,92.2,60525.36
1778770800000,92.2,92.32,92.05,92.12,69413.38
1778771100000,92.11,92.17,91.87,91.94,57178.5
1778771400000,91.94,92.21,91.88,92.21,37891.67
1778771700000,92.21,92.45,92.07,92.45,36018.05
1778772000000,92.45,92.63,92.31,92.49,94413.24
1778772300000,92.49,92.49,92.37,92.42,21282.91
1778772600000,92.41,92.65,92.31,92.39,74755.29
1778772900000,92.39,92.44,92.14,92.21,29310.25
1778773200000,92.2,92.44,92.2,92.41,15684.85
1778773500000,92.42,92.59,92.38,92.58,19176.91
1778773800000,92.58,93.18,92.53,93.14,213280.52
1778774100000,93.14,93.2,92.98,93.1,71242.23
1778774400000,93.09,93.31,93.0,93.0,153739.91
1778774700000,93.0,93.44,92.99,93.41,92619.16
1778775000000,93.41,93.62,93.4,93.46,82286.1
1778775300000,93.46,93.5,93.08,93.14,66147.71
1778775600000,93.15,93.25,93.04,93.11,63052.65
1778775900000,93.1,93.26,93.06,93.25,26421.79
1778776200000,93.25,93.33,93.11,93.11,32353.33
1778776500000,93.11,93.25,92.95,93.09,53306.55
1778776800000,93.09,93.31,93.08,93.18,20008.38
1778777100000,93.17,93.29,92.83,92.83,68460.48
1778777400000,92.83,92.9,92.27,92.43,119740.33
1778777700000,92.44,93.35,92.4,93.28,116291.11
1778778000000,93.27,93.39,93.05,93.28,84888.97
1778778300000,93.29,93.54,93.25,93.31,44726.0
1778778600000,93.3,93.43,92.91,92.99,28741.97
1778778900000,92.98,92.99,92.5,92.51,96400.38
1778779200000,92.5,92.65,92.31,92.46,63207.91
1778779500000,92.45,92.45,92.24,92.36,36755.6
1778779800000,92.37,92.56,92.24,92.54,21234.52
1778780100000,92.54,92.73,92.53,92.6,16163.52
1778780400000,92.59,92.9,92.53,92.87,23962.99
1778780700000,92.88,93.29,92.87,93.11,40849.91
1778781000000,93.11,93.12,92.89,92.95,21204.54
1778781300000,92.96,93.1,92.94,92.97,59684.03
1778781600000,92.97,93.0,92.63,92.72,48934.46
1778781900000,92.72,93.02,92.7,93.01,16761.03
1778782200000,93.02,93.32,92.96,93.31,34741.68
1778782500000,93.31,93.34,93.11,93.31,22759.08
1778782800000,93.31,93.47,93.3,93.46,37835.05
1778783100000,93.46,93.59,93.41,93.52,30062.52
1778783400000,93.52,93.54,93.08,93.11,38899.87
1778783700000,93.12,93.3,93.1,93.24,13218.93
1778784000000,93.24,93.24,93.06,93.16,8380.72
1778784300000,93.16,93.42,93.16,93.34,42738.48
1778784600000,93.35,93.44,93.24,93.29,21634.36
1778784900000,93.29,93.54,93.28,93.38,10933.89
1778785200000,93.39,93.58,93.36,93.39,9355.14
1778785500000,93.39,93.57,93.39,93.46,6666.11
1778785800000,93.46,93.49,93.26,93.34,8961.06
1778786100000,93.33,93.43,93.24,93.43,12731.11
1778786400000,93.43,93.44,93.1,93.12,10067.16
1778786700000,93.12,93.14,92.88,92.9,20580.12
1778787000000,92.91,93.17,92.9,93.15,13672.72
1778787300000,93.14,93.16,92.93,92.97,12877.38
1778787600000,92.97,93.07,92.91,93.03,12162.29
1778787900000,93.02,93.02,92.87,92.87,9359.29
1778788200000,92.87,92.95,92.74,92.9,17244.23
1778788500000,92.89,92.9,92.75,92.86,8493.81
1778788800000,92.86,92.94,92.81,92.91,10948.0
1778789100000,92.9,92.9,92.73,92.76,9470.12
1778789400000,92.75,92.88,92.61,92.61,8003.72
1778789700000,92.61,92.78,92.58,92.61,9434.98
1778790000000,92.6,92.63,92.45,92.62,23383.55
1778790300000,92.62,92.62,92.38,92.5,25982.18
1778790600000,92.5,92.53,92.39,92.4,19720.15
1778790900000,92.4,92.42,92.32,92.35,14512.62
1778791200000,92.35,92.54,92.32,92.52,7879.34
1778791500000,92.52,92.59,92.49,92.55,14799.22
1778791800000,92.55,92.76,92.55,92.65,19191.22
1778792100000,92.65,92.71,92.64,92.69,3006.71
1778792400000,92.69,92.81,92.61,92.64,17121.67
1778792700000,92.64,92.8,92.63,92.8,6967.8
1778793000000,92.79,92.8,92.53,92.57,13830.31
1778793300000,92.57,92.66,92.5,92.56,5933.09
1778793600000,92.56,92.71,92.53,92.67,5720.59
1778793900000,92.67,92.78,92.63,92.72,7316.1
1778794200000,92.73,92.9,92.71,92.82,9542.42
1778794500000,92.83,92.91,92.72,92.83,10783.53
1778794800000,92.82,92.86,92.74,92.75,4125.8
1778795100000,92.74,92.75,92.64,92.73,7506.75
1778795400000,92.72,92.75,92.66,92.75,2077.53
1778795700000,92.74,92.74,92.58,92.66,16707.33
1778796000000,92.67,92.72,92.56,92.69,11061.95
1778796300000,92.68,92.79,92.66,92.78,9162.41
1778796600000,92.78,92.81,92.7,92.79,2390.62
1778796900000,92.79,92.79,92.59,92.6,7264.85
1778797200000,92.61,92.72,92.6,92.7,4574.14
1778797500000,92.7,92.74,92.67,92.72,1497.66
1778797800000,92.71,92.87,92.69,92.79,7902.23
1778798100000,92.79,92.83,92.76,92.8,7164.12
1778798400000,92.79,92.84,92.78,92.82,2766.89
1778798700000,92.81,92.87,92.78,92.8,8249.2
1778799000000,92.8,92.8,92.63,92.63,4499.84
1778799300000,92.63,92.66,92.57,92.6,8040.17
1778799600000,92.59,92.61,92.48,92.48,23931.16
1778799900000,92.48,92.52,92.28,92.32,34353.05
1778800200000,92.34,92.41,92.31,92.38,18547.56
1778800500000,92.38,92.39,92.26,92.32,7751.58
1778800800000,92.31,92.43,92.25,92.41,23169.97
1778801100000,92.4,92.56,92.38,92.52,14791.94
1778801400000,92.51,92.54,92.43,92.43,11009.65
1778801700000,92.44,92.51,92.41,92.41,10541.16
1778802000000,92.4,92.48,92.38,92.45,14698.31
1778802300000,92.44,92.45,92.03,92.15,60808.83
1778802600000,92.14,92.17,92.07,92.12,21879.1
1778802900000,92.11,92.13,92.07,92.11,16938.79
1778803200000,92.1,92.16,92.04,92.11,29195.66
1778803500000,92.12,92.25,92.1,92.19,35214.67
1778803800000,92.19,92.35,92.18,92.34,33514.23
1778804100000,92.34,92.47,92.29,92.41,34875.51
1778804400000,92.4,92.48,92.29,92.45,12093.94
1778804700000,92.45,92.47,92.4,92.43,8424.87
1778805000000,92.43,92.61,92.31,92.53,21733.2
1778805300000,92.52,92.59,92.45,92.48,14153.26
1778805600000,92.48,92.49,92.04,92.26,45090.38
1778805900000,92.26,92.44,92.23,92.41,21896.28
1778806200000,92.42,92.42,92.25,92.3,7856.06
1778806500000,92.3,92.4,92.29,92.37,20909.58
1778806800000,92.37,92.53,92.36,92.48,25563.94
1778807100000,92.48,92.49,92.33,92.35,10461.6
1778807400000,92.34,92.38,92.29,92.35,6125.8
1778807700000,92.35,92.46,92.24,92.34,8076.94
1778808000000,92.33,92.33,92.16,92.24,10868.81
1778808300000,92.23,92.3,92.13,92.14,6552.02
1778808600000,92.13,92.13,91.75,92.0,137254.37
1778808900000,91.99,92.24,91.95,92.13,23483.07
1778809200000,92.13,92.22,92.06,92.16,9545.91
1778809500000,92.15,92.17,91.87,91.94,26083.06
1778809800000,91.94,91.97,91.64,91.87,39671.66
1778810100000,91.87,91.89,91.68,91.69,32251.37
1778810400000,91.69,92.02,91.4,91.96,228347.81
1778810700000,91.97,92.0,91.82,91.9,47792.1
1778811000000,91.89,91.93,91.72,91.85,25114.66
1778811300000,91.86,92.0,91.75,91.83,31943.51
1778811600000,91.84,91.88,91.69,91.87,11983.72
1778811900000,91.87,91.88,91.66,91.68,10746.26
1778812200000,91.68,91.69,91.41,91.53,59128.09
1778812500000,91.53,91.79,91.5,91.67,17362.79
1778812800000,91.68,92.07,91.67,92.04,36738.97
1778813100000,92.04,92.17,92.0,92.01,25556.32
1778813400000,92.01,92.4,92.01,92.37,50834.3
1778813700000,92.37,92.39,92.28,92.31,25371.59
1778814000000,92.3,92.42,92.22,92.24,18409.52
1778814300000,92.24,92.26,92.06,92.12,15485.61
1778814600000,92.12,92.26,92.12,92.19,16108.16
1778814900000,92.19,92.22,92.1,92.2,10820.9
1778815200000,92.21,92.24,92.1,92.24,5120.61
1778815500000,92.25,92.27,92.19,92.23,9524.32
1778815800000,92.23,92.23,91.84,91.88,35223.55
1778816100000,91.87,92.0,91.81,91.9,22804.87
1778816400000,91.9,92.0,91.9,91.94,6891.85
1778816700000,91.94,91.99,91.88,91.88,4644.66
1778817000000,91.89,92.02,91.88,92.02,6218.29
1778817300000,92.02,92.09,92.0,92.0,5305.86
1778817600000,92.0,92.0,91.82,91.86,12381.97
1778817900000,91.85,91.99,91.85,91.91,4407.43
1778818200000,91.91,91.96,91.83,91.94,5625.1
1778818500000,91.94,91.97,91.78,91.8,8904.65
1778818800000,91.8,91.81,91.61,91.77,27543.66
1778819100000,91.77,91.81,91.63,91.67,11304.85
1778819400000,91.66,91.68,91.53,91.68,45116.88
1778819700000,91.69,91.71,91.6,91.68,18967.62
1778820000000,91.69,91.81,91.65,91.66,10989.99
1778820300000,91.66,91.72,91.45,91.51,30911.43
1778820600000,91.5,91.5,91.34,91.38,40868.37
1778820900000,91.39,91.4,91.21,91.23,36431.88
1778821200000,91.24,91.44,91.13,91.43,38157.87
1778821500000,91.43,91.43,91.15,91.32,35072.66
1778821800000,91.32,91.43,91.27,91.42,11293.98
1778822100000,91.42,91.48,91.34,91.42,11500.08
1778822400000,91.42,91.48,91.33,91.45,8030.97
1778822700000,91.44,91.47,91.26,91.3,11017.76
1778823000000,91.31,91.33,90.68,90.69,163210.75
1778823300000,90.69,90.71,90.2,90.52,198169.44
1778823600000,90.51,90.66,90.39,90.6,58425.19
1778823900000,90.6,90.61,90.34,90.45,46108.59
1778824200000,90.45,90.7,90.45,90.63,25278.36
1778824500000,90.63,90.7,90.46,90.55,26322.41
1778824800000,90.55,90.95,90.53,90.67,90332.26
1778825100000,90.67,90.72,90.57,90.64,20126.33
1778825400000,90.65,90.69,90.56,90.62,23215.57
1778825700000,90.63,90.72,90.52,90.52,19900.0
1778826000000,90.51,90.64,90.41,90.58,15764.81
1778826300000,90.58,90.75,90.56,90.75,17422.45
1778826600000,90.76,90.94,90.73,90.8,18452.63
1778826900000,90.81,90.91,90.79,90.91,8128.97
1778827200000,90.9,91.01,90.9,90.97,21634.28
1778827500000,90.97,91.02,90.92,91.0,14631.41
1778827800000,91.0,91.03,90.89,90.93,17119.25
1778828100000,90.93,91.01,90.9,90.95,9708.34
1778828400000,90.95,91.01,90.91,90.92,15717.69
1778828700000,90.92,91.03,90.86,90.96,14409.76
1778829000000,90.95,91.19,90.95,91.16,25272.54
1778829300000,91.16,91.18,91.02,91.09,26678.4
1778829600000,91.09,91.63,91.09,91.49,162830.92
1778829900000,91.49,91.66,91.48,91.51,56064.86
1778830200000,91.51,91.53,91.26,91.32,53063.87
1778830500000,91.33,91.35,91.2,91.32,41649.21
1778830800000,91.33,91.34,91.25,91.3,28429.72
1778831100000,91.31,91.6,91.27,91.56,92189.13
1778831400000,91.57,91.64,91.53,91.58,11765.03
1778831700000,91.59,91.67,91.55,91.55,13190.45
1778832000000,91.56,91.57,91.29,91.35,35641.46
1778832300000,91.35,91.43,91.3,91.42,12502.31
1778832600000,91.42,91.44,91.33,91.41,14165.89
1778832900000,91.41,91.42,91.12,91.19,29966.68
1778833200000,91.19,91.25,91.16,91.23,11175.17
1778833500000,91.23,91.28,91.07,91.1,19106.36
1778833800000,91.1,91.18,90.91,91.17,31097.61
1778834100000,91.18,91.34,91.15,91.31,27740.35
1778834400000,91.32,91.43,91.28,91.39,21372.23
1778834700000,91.39,91.59,91.31,91.56,27128.73
1778835000000,91.57,91.6,91.11,91.18,70245.92
1778835300000,91.17,91.24,91.11,91.23,16470.48
1778835600000,91.23,91.24,91.03,91.09,10046.55
1778835900000,91.09,91.19,90.88,90.92,57948.35
1778836200000,90.92,91.24,90.9,91.16,88317.69
1778836500000,91.16,91.16,91.02,91.05,7690.63
1778836800000,91.05,91.12,90.97,91.1,8174.86
1778837100000,91.11,91.17,91.01,91.16,12041.09
1778837400000,91.16,91.24,91.11,91.23,7565.9
1778837700000,91.24,91.29,91.11,91.2,37357.95
1778838000000,91.19,91.2,90.9,90.91,18611.55
1778838300000,90.91,91.07,90.87,91.04,17078.54
1778838600000,91.04,91.06,90.91,91.01,11993.88
1778838900000,91.01,91.15,90.95,91.11,16556.31
1778839200000,91.12,91.14,90.96,91.01,14234.39
1778839500000,91.01,91.17,90.97,91.14,12349.23
1778839800000,91.14,91.27,91.12,91.2,19286.32
1778840100000,91.2,91.2,90.96,90.96,12047.16
1778840400000,90.96,91.09,90.96,91.09,9572.54
1778840700000,91.09,91.16,91.0,91.04,7126.77
1778841000000,91.05,91.26,91.04,91.16,11270.14
1778841300000,91.15,91.16,91.02,91.04,8222.05
1778841600000,91.04,91.16,90.97,91.16,9598.8
1778841900000,91.17,91.39,91.15,91.24,38467.04
1778842200000,91.24,91.54,91.23,91.44,37628.02
1778842500000,91.44,91.52,91.39,91.42,22076.9
1778842800000,91.43,91.5,91.35,91.35,9542.65
1778843100000,91.35,91.38,91.22,91.24,15395.13
1778843400000,91.24,91.39,91.22,91.38,5438.31
1778843700000,91.38,91.45,91.3,91.35,9137.47
1778844000000,91.35,91.4,91.23,91.25,20244.89
1778844300000,91.24,91.3,91.23,91.28,9764.34
1778844600000,91.28,91.34,91.25,91.29,10484.02
1778844900000,91.3,91.35,91.25,91.25,2915.08
1778845200000,91.25,91.28,91.18,91.24,8366.4
1778845500000,91.24,91.32,91.19,91.19,15390.33
1778845800000,91.19,91.29,91.19,91.27,5681.86
1778846100000,91.28,91.28,91.12,91.21,8138.1
1778846400000,91.2,91.22,91.03,91.06,31997.79
1778846700000,91.06,91.08,90.78,91.01,36203.55
1778847000000,91.02,91.06,90.73,90.73,13973.84
1778847300000,90.73,90.9,90.66,90.89,31938.88
1778847600000,90.89,90.95,90.77,90.8,19460.42
1778847900000,90.8,90.83,90.75,90.81,15166.91
1778848200000,90.81,90.84,90.62,90.84,23235.25
1778848500000,90.84,90.85,90.65,90.69,9612.2
1778848800000,90.69,90.7,90.56,90.6,11729.61
1778849100000,90.6,90.63,90.54,90.57,18199.62
1778849400000,90.57,90.7,90.53,90.58,23214.03
1778849700000,90.57,90.64,90.51,90.62,18327.54
1778850000000,90.63,90.63,90.21,90.31,80169.76
1778850300000,90.31,90.35,90.21,90.26,21977.86
1778850600000,90.25,90.31,90.14,90.29,42463.15
1778850900000,90.28,90.4,90.2,90.4,20737.7
1778851200000,90.39,90.53,90.38,90.49,28903.89
1778851500000,90.5,90.53,90.37,90.43,29719.39
1778851800000,90.43,90.44,89.59,89.88,216172.5
1778852100000,89.87,89.88,89.06,89.24,164375.21
1778852400000,89.23,89.53,89.13,89.19,78746.32
1778852700000,89.18,89.63,89.05,89.47,116781.07
1778853000000,89.47,89.48,88.61,89.28,247169.0
1778853300000,89.28,89.28,88.65,88.85,87102.15
1778853600000,88.85,89.1,88.47,88.83,185072.75
1778853900000,88.83,89.18,88.66,89.06,53774.21
1778854200000,89.07,89.46,89.0,89.3,75381.86
1778854500000,89.31,89.5,89.2,89.37,49516.1
1778854800000,89.38,89.42,89.23,89.26,27896.3
1778855100000,89.27,89.3,88.96,89.06,36405.93
1778855400000,89.06,89.23,88.95,89.11,43936.24
1778855700000,89.1,89.2,89.01,89.09,27874.45
1778856000000,89.09,89.26,89.04,89.08,14467.03
1778856300000,89.07,89.1,88.76,88.89,64855.77
1778856600000,88.89,89.0,88.72,88.97,57655.96
1778856900000,88.98,89.18,88.9,89.0,23881.0
1778857200000,89.0,89.11,88.8,88.94,26546.0
1778857500000,88.94,89.13,88.88,89.12,9637.93
1778857800000,89.12,89.19,89.01,89.03,18563.13
1778858100000,89.03,89.14,88.93,89.12,16753.9
1778858400000,89.11,89.24,89.05,89.07,17392.87
1778858700000,89.08,89.1,88.83,88.97,27599.57
1778859000000,88.97,89.12,88.97,89.04,13832.25
1778859300000,89.04,89.07,88.88,88.94,10996.22
1778859600000,88.93,89.05,88.69,88.76,27224.94
1778859900000,88.76,88.92,88.66,88.81,19627.6
1778860200000,88.8,88.98,88.77,88.96,13963.34
1778860500000,88.97,89.07,88.9,88.99,11239.25
1778860800000,89.0,89.02,88.91,89.0,21680.21
1778861100000,89.0,89.03,88.84,88.94,24524.58
1778861400000,88.94,88.97,88.74,88.91,37142.11
1778861700000,88.9,89.0,88.82,88.99,26873.07
1778862000000,88.99,89.25,88.98,89.21,26139.95
1778862300000,89.2,89.49,89.07,89.42,67084.57
1778862600000,89.43,89.67,89.42,89.55,43030.48
1778862900000,89.54,89.62,89.47,89.58,27087.94
1778863200000,89.59,89.6,89.45,89.47,8063.22
1778863500000,89.47,89.52,89.2,89.43,22302.89
1778863800000,89.43,89.49,89.23,89.3,10757.62
1778864100000,89.3,89.48,89.3,89.48,5441.04
1778864400000,89.47,89.64,89.45,89.57,14872.03
1778864700000,89.57,89.92,89.56,89.76,69157.06
1778865000000,89.76,89.76,89.61,89.66,10348.88
1778865300000,89.67,89.7,89.54,89.66,7979.0
1778865600000,89.66,89.75,89.56,89.69,7749.41
1778865900000,89.69,89.87,89.68,89.73,28027.4
1778866200000,89.72,89.79,89.65,89.73,17962.23
1778866500000,89.74,89.8,89.62,89.77,11979.2
1778866800000,89.77,89.81,89.61,89.64,12991.17
1778867100000,89.65,89.72,89.58,89.67,17116.77
1778867400000,89.67,89.7,89.58,89.7,7728.76
1778867700000,89.7,89.82,89.67,89.78,10327.51
1778868000000,89.78,90.06,89.77,89.95,57118.98
1778868300000,89.96,89.97,89.77,89.84,21509.35
1778868600000,89.83,89.97,89.79,89.92,10576.27
1778868900000,89.93,89.98,89.58,89.61,26973.9
1778869200000,89.61,89.81,89.6,89.79,9025.07
1778869500000,89.78,89.82,89.65,89.72,27202.16
1778869800000,89.72,89.72,89.44,89.6,18409.03
1778870100000,89.6,89.8,89.58,89.76,6802.77
1778870400000,89.76,89.87,89.74,89.85,10857.34
1778870700000,89.86,89.86,89.65,89.84,14808.24
1778871000000,89.84,89.88,89.76,89.84,5367.63
1778871300000,89.84,89.9,89.75,89.76,7043.88
1778871600000,89.77,89.77,89.45,89.5,14383.3
1778871900000,89.49,89.58,89.49,89.49,10349.36
1778872200000,89.49,89.5,89.37,89.46,16559.75
1778872500000,89.46,89.55,89.46,89.5,6142.36
1778872800000,89.5,89.59,89.47,89.56,4368.01
1778873100000,89.55,89.59,89.49,89.51,2564.15
1778873400000,89.52,89.62,89.46,89.52,17440.78
1778873700000,89.52,89.55,89.46,89.5,10422.92
1778874000000,89.5,89.53,89.37,89.39,7166.21
1778874300000,89.39,89.53,89.3,89.5,11498.78
1778874600000,89.5,89.5,89.37,89.4,8610.98
1778874900000,89.41,89.44,89.32,89.39,19930.35
1778875200000,89.38,89.48,89.35,89.4,18862.7
1778875500000,89.4,89.4,89.07,89.2,37637.83
1778875800000,89.2,89.31,89.17,89.25,5767.7
1778876100000,89.25,89.28,89.17,89.2,3766.55
1778876400000,89.19,89.28,89.07,89.22,7021.14
1778876700000,89.22,89.38,89.22,89.37,5553.15
1778877000000,89.38,89.4,89.27,89.3,13161.94
1778877300000,89.3,89.3,89.16,89.17,6363.73
1778877600000,89.17,89.19,89.12,89.13,6853.92
1778877900000,89.12,89.18,89.04,89.11,6101.33
1778878200000,89.11,89.26,89.1,89.23,8148.41
1778878500000,89.23,89.26,89.17,89.24,3574.83
1778878800000,89.25,89.32,89.23,89.25,10342.57
1778879100000,89.25,89.33,89.23,89.32,7699.27
1778879400000,89.32,89.39,89.29,89.37,12417.44
1778879700000,89.37,89.39,89.31,89.37,11462.5
1778880000000,89.37,89.37,89.23,89.26,9929.32
1778880300000,89.27,89.32,89.15,89.24,9168.15
1778880600000,89.23,89.27,89.12,89.15,15079.68
1778880900000,89.15,89.2,89.12,89.14,3727.47
1778881200000,89.13,89.21,89.12,89.19,6970.02
1778881500000,89.18,89.21,89.09,89.09,4543.76
1778881800000,89.1,89.17,89.07,89.13,7929.48
1778882100000,89.13,89.14,88.95,89.02,35041.92
1778882400000,89.03,89.15,89.02,89.13,15337.22
1778882700000,89.13,89.21,89.13,89.21,5205.1
1778883000000,89.2,89.22,89.16,89.16,2828.29
1778883300000,89.17,89.19,89.13,89.16,2706.77
1778883600000,89.15,89.24,89.1,89.22,2584.26
1778883900000,89.21,89.22,89.13,89.17,2639.79
1778884200000,89.18,89.26,89.11,89.13,5562.73
1778884500000,89.13,89.2,89.11,89.18,5502.37
1778884800000,89.19,89.24,89.15,89.22,2407.35
1778885100000,89.21,89.28,89.19,89.24,13353.78
1778885400000,89.23,89.28,89.19,89.24,3007.77
1778885700000,89.24,89.34,89.24,89.29,7756.0
1778886000000,89.3,89.35,89.24,89.29,4527.54
1778886300000,89.29,89.31,89.26,89.28,4396.95
1778886600000,89.27,89.28,89.23,89.24,3353.47
1778886900000,89.23,89.33,89.22,89.3,7748.98
1778887200000,89.3,89.31,89.22,89.25,2594.64
1778887500000,89.25,89.3,89.23,89.25,2171.18
1778887800000,89.25,89.3,89.22,89.25,3346.13
1778888100000,89.25,89.28,89.16,89.25,8398.82
1778888400000,89.25,89.29,89.21,89.28,7212.15
1778888700000,89.28,89.28,89.18,89.23,5923.7
1778889000000,89.23,89.26,89.2,89.22,1855.77
1778889300000,89.22,89.23,89.19,89.19,4402.83
1778889600000,89.19,89.25,89.1,89.25,18775.15
1778889900000,89.25,89.4,89.23,89.33,11396.49
1778890200000,89.32,89.39,89.28,89.37,4673.33
1778890500000,89.38,89.39,89.26,89.26,4217.7
1778890800000,89.27,89.39,89.25,89.33,6027.68
1778891100000,89.34,89.39,89.3,89.3,5271.72
1778891400000,89.31,89.33,89.25,89.27,6070.92
1778891700000,89.27,89.36,89.23,89.35,10581.97
1778892000000,89.35,89.37,89.25,89.25,4462.71
1778892300000,89.25,89.32,89.23,89.28,2356.39
1778892600000,89.28,89.29,89.2,89.21,4655.13
1778892900000,89.22,89.23,89.12,89.19,7164.88
1778893200000,89.19,89.2,89.14,89.18,7197.32
1778893500000,89.19,89.24,89.19,89.2,3819.55
1778893800000,89.19,89.23,89.14,89.22,6113.17
1778894100000,89.23,89.23,89.1,89.18,6630.58
1778894400000,89.18,89.24,89.12,89.12,10017.66
1778894700000,89.12,89.13,88.98,88.98,20032.77
1778895000000,88.99,89.05,88.97,89.04,4898.48
1778895300000,89.04,89.05,88.89,88.94,15409.1
1778895600000,88.95,88.98,88.91,88.96,6311.7
1778895900000,88.96,89.13,88.95,89.06,9644.75
1778896200000,89.06,89.17,89.05,89.13,4576.6
1778896500000,89.12,89.31,89.12,89.24,4852.29
1778896800000,89.24,89.35,89.12,89.26,13820.42
1778897100000,89.26,89.28,89.19,89.22,13848.38
1778897400000,89.22,89.27,89.21,89.26,4806.71
1778897700000,89.27,89.29,89.15,89.21,4990.08
1778898000000,89.21,89.22,89.13,89.14,2494.71
1778898300000,89.14,89.17,89.02,89.04,10053.31
1778898600000,89.04,89.09,88.91,88.99,17748.33
1778898900000,88.99,89.05,88.98,89.0,5021.5
1778899200000,89.0,89.08,88.97,89.05,10298.88
1778899500000,89.04,89.06,89.0,89.02,6756.98
1778899800000,89.02,89.09,89.02,89.08,8646.26
1778900100000,89.08,89.17,89.03,89.15,6211.4
1778900400000,89.15,89.2,89.12,89.17,5516.26
1778900700000,89.18,89.22,89.15,89.18,5899.01
1778901000000,89.18,89.21,89.15,89.15,3433.81
1778901300000,89.16,89.2,89.14,89.17,3862.4
1778901600000,89.17,89.22,89.14,89.17,3127.94
1778901900000,89.17,89.18,89.11,89.17,2333.75
1778902200000,89.18,89.18,89.08,89.13,5473.32
1778902500000,89.12,89.15,89.06,89.1,3781.33
1778902800000,89.1,89.1,88.97,88.97,5527.53
1778903100000,88.97,89.05,88.97,89.0,6149.93
1778903400000,88.99,89.03,88.95,89.02,15727.4
1778903700000,89.02,89.07,88.98,89.0,3653.38
1778904000000,89.0,89.02,88.86,88.99,14189.56
1778904300000,88.99,89.04,88.93,89.0,6334.07
1778904600000,89.0,89.0,88.91,88.93,10494.68
1778904900000,88.92,88.97,88.91,88.91,8441.1
1778905200000,88.92,88.94,88.87,88.87,7319.64
1778905500000,88.88,88.9,88.68,88.73,45750.03
1778905800000,88.74,88.75,88.1,88.18,205982.0
1778906100000,88.18,88.41,88.16,88.37,49870.41
1778906400000,88.36,88.62,88.34,88.59,42444.42
1778906700000,88.59,88.6,88.46,88.53,16276.46
1778907000000,88.53,88.7,88.45,88.69,21363.69
1778907300000,88.69,88.81,88.66,88.81,34273.33
1778907600000,88.81,88.87,88.37,88.57,74036.79
1778907900000,88.57,88.6,88.5,88.55,7598.51
1778908200000,88.56,88.57,88.47,88.55,15048.12
1778908500000,88.55,88.57,88.51,88.53,7703.57
1778908800000,88.53,88.54,88.49,88.51,4529.05
1778909100000,88.51,88.6,88.5,88.53,10405.16
1778909400000,88.53,88.57,88.38,88.41,9206.12
1778909700000,88.4,88.45,88.21,88.33,36274.4
1778910000000,88.32,88.68,88.24,88.57,100062.73
1778910300000,88.58,88.63,88.54,88.61,9982.86
1778910600000,88.6,88.63,88.57,88.6,4897.63
1778910900000,88.6,88.6,88.46,88.53,4256.7
1778911200000,88.52,88.6,88.48,88.56,8923.2
1778911500000,88.56,88.61,88.37,88.38,13147.7
1778911800000,88.38,88.42,88.24,88.31,11436.95
1778912100000,88.3,88.35,88.26,88.28,15418.28
1778912400000,88.28,88.28,88.05,88.17,50174.59
1778912700000,88.18,88.27,88.09,88.24,17403.92
1778913000000,88.24,88.4,88.2,88.37,16761.41
1778913300000,88.37,88.4,88.09,88.09,16873.75
1778913600000,88.1,88.18,87.92,88.04,64456.12
1778913900000,88.05,88.14,87.83,87.87,44281.55
1778914200000,87.87,88.06,87.75,88.05,78592.46
1778914500000,88.04,88.09,87.94,87.96,28800.29
1778914800000,87.96,87.97,87.85,87.9,28283.68
1778915100000,87.9,87.9,87.62,87.63,50987.25
1778915400000,87.63,87.68,86.89,87.14,238410.11
1778915700000,87.14,87.19,86.65,87.03,169651.79
1778916000000,87.03,87.17,86.97,87.14,46095.91
1778916300000,87.15,87.34,87.11,87.31,33162.61
1778916600000,87.3,87.36,87.09,87.3,28506.35
1778916900000,87.3,87.65,87.23,87.59,46489.34
1778917200000,87.6,87.68,87.56,87.59,42207.03
1778917500000,87.59,87.67,87.38,87.43,29313.29
1778917800000,87.44,87.45,87.31,87.33,13434.39
1778918100000,87.33,87.46,87.3,87.4,17562.89
1778918400000,87.4,87.58,87.37,87.55,20100.73
1778918700000,87.55,87.61,87.43,87.48,21785.07
1778919000000,87.49,87.53,87.4,87.42,11332.49
1778919300000,87.43,87.46,87.38,87.43,7974.05
1778919600000,87.43,87.5,87.32,87.45,13658.06
1778919900000,87.44,87.48,87.41,87.43,3826.03
1778920200000,87.43,87.58,87.38,87.44,12634.49
1778920500000,87.43,87.49,87.41,87.45,4891.95
1778920800000,87.45,87.57,87.45,87.52,14969.34
1778921100000,87.52,87.52,87.37,87.43,12983.52
1778921400000,87.43,87.51,87.38,87.51,12426.21
1778921700000,87.51,87.53,87.43,87.44,5348.83
1778922000000,87.43,87.47,87.35,87.42,6958.9
1778922300000,87.43,87.46,87.33,87.35,9363.8
1778922600000,87.35,87.37,87.16,87.19,25502.31
1778922900000,87.2,87.24,85.81,86.02,538889.68
1778923200000,86.02,86.19,85.78,86.05,157881.14
1778923500000,86.05,86.17,85.71,85.93,90465.18
1778923800000,85.93,86.24,85.91,86.2,49527.57
1778924100000,86.2,86.22,86.07,86.17,35765.73
1778924400000,86.17,86.23,86.08,86.09,18976.66
1778924700000,86.1,86.26,85.86,85.92,38670.96
1778925000000,85.93,86.21,85.89,86.19,29731.92
1778925300000,86.19,86.19,85.99,86.0,20537.14
1778925600000,86.0,86.1,85.81,85.92,65660.42
1778925900000,85.92,85.97,85.59,85.71,68424.75
1778926200000,85.71,85.85,85.6,85.79,49244.85
1778926500000,85.79,85.87,85.62,85.75,39895.47
1778926800000,85.76,85.79,85.7,85.76,18257.75
1778927100000,85.76,85.8,85.47,85.64,63946.12
1778927400000,85.64,86.0,85.64,85.9,47022.12
1778927700000,85.9,85.96,85.64,85.75,34897.64
1778928000000,85.74,85.86,85.66,85.76,14755.88
1778928300000,85.75,85.88,85.71,85.85,16850.59
1778928600000,85.84,85.9,85.77,85.86,9200.87
1778928900000,85.86,85.99,85.85,85.96,12250.02
1778929200000,85.97,86.14,85.95,86.1,38328.22
1778929500000,86.1,86.12,86.05,86.08,12034.94
1778929800000,86.08,86.14,86.06,86.1,5794.83
1778930100000,86.1,86.23,86.08,86.22,18093.33
1778930400000,86.22,86.23,86.04,86.1,25711.58
1778930700000,86.1,86.15,86.07,86.13,7947.79
1778931000000,86.13,86.17,86.09,86.15,7265.08
1778931300000,86.14,86.28,86.14,86.2,26399.93
1778931600000,86.21,86.21,86.15,86.18,8501.8
1778931900000,86.17,86.2,86.13,86.14,9913.67
1778932200000,86.15,86.17,86.06,86.13,10927.3
1778932500000,86.12,86.13,86.06,86.06,10840.99
1778932800000,86.06,86.16,85.98,86.1,20648.18
1778933100000,86.1,86.15,86.09,86.11,7178.19
1778933400000,86.11,86.15,86.05,86.12,11666.56
1778933700000,86.13,86.13,85.96,86.02,19538.73
1778934000000,86.01,86.19,86.0,86.11,15263.79
1778934300000,86.11,86.16,86.04,86.12,9829.25
1778934600000,86.12,86.25,86.12,86.25,11533.06
1778934900000,86.24,86.25,86.17,86.23,22097.39
1778935200000,86.23,86.28,86.21,86.25,12204.18
1778935500000,86.24,86.38,86.23,86.3,18139.55
1778935800000,86.3,86.36,86.23,86.25,11597.92
1778936100000,86.24,86.26,86.19,86.2,9421.28
1778936400000,86.19,86.22,86.06,86.13,23104.73
1778936700000,86.13,86.19,86.09,86.16,6695.5
1778937000000,86.16,86.26,86.07,86.11,19126.77
1778937300000,86.11,86.25,86.05,86.25,17755.67
1778937600000,86.24,86.25,86.06,86.09,28693.55
1778937900000,86.09,86.31,86.06,86.25,42927.12
1778938200000,86.26,86.29,86.16,86.16,12593.32
1778938500000,86.15,86.19,86.06,86.17,27429.08
1778938800000,86.18,86.25,86.15,86.21,12267.92
1778939100000,86.21,86.25,86.18,86.2,17862.09
1778939400000,86.2,86.26,86.17,86.21,10362.85
1778939700000,86.21,86.24,86.16,86.2,15079.57
1778940000000,86.21,86.26,86.07,86.07,25146.54
1778940300000,86.07,86.1,86.02,86.02,26695.8
1778940600000,86.02,86.11,86.01,86.07,25658.41
1778940900000,86.07,86.08,86.03,86.05,10982.06
1778941200000,86.06,86.11,86.03,86.1,35126.72
1778941500000,86.1,86.2,86.08,86.13,111838.45
1778941800000,86.14,86.25,86.12,86.2,13191.39
1778942100000,86.21,86.26,86.15,86.18,18890.51
1778942400000,86.18,86.4,86.17,86.4,26998.98
1778942700000,86.4,86.65,86.32,86.41,67218.1
1778943000000,86.41,86.45,86.21,86.26,24257.03
1778943300000,86.26,86.39,86.25,86.34,19489.05
1778943600000,86.33,86.55,86.3,86.49,17150.7
1778943900000,86.49,86.5,86.35,86.39,17804.0
1778944200000,86.39,86.39,86.27,86.31,16212.08
1778944500000,86.31,86.39,86.27,86.3,11676.5
1778944800000,86.3,86.3,86.2,86.3,9481.43
1778945100000,86.3,86.39,86.26,86.27,12252.26
1778945400000,86.27,86.49,86.27,86.46,30542.36
1778945700000,86.45,86.56,86.4,86.53,20581.97
1778946000000,86.52,86.54,86.42,86.5,16687.89
1778946300000,86.5,86.6,86.47,86.6,8676.33
1778946600000,86.6,86.6,86.45,86.46,13876.88
1778946900000,86.47,86.52,86.4,86.43,9770.25
1778947200000,86.43,86.67,86.32,86.61,38893.94
1778947500000,86.61,86.63,86.44,86.46,22793.32
1778947800000,86.46,86.46,86.31,86.32,27685.56
1778948100000,86.32,86.63,86.29,86.61,84051.73
1778948400000,86.62,86.62,86.51,86.58,12532.72
1778948700000,86.59,86.64,86.54,86.57,10607.06
1778949000000,86.56,86.63,86.53,86.63,17201.9
1778949300000,86.62,86.72,86.52,86.71,24317.46
1778949600000,86.71,86.71,86.41,86.51,30106.51
1778949900000,86.51,86.65,86.51,86.64,15413.46
1778950200000,86.64,86.64,86.53,86.59,17127.81
1778950500000,86.59,86.61,86.55,86.57,6027.6
1778950800000,86.57,86.68,86.55,86.68,15447.3
1778951100000,86.67,86.7,86.66,86.67,6290.97
1778951400000,86.67,86.67,86.59,86.66,9308.91
1778951700000,86.66,86.69,86.57,86.69,6084.86
1778952000000,86.69,86.72,86.63,86.69,12654.83
1778952300000,86.69,86.8,86.69,86.75,22021.33
1778952600000,86.76,86.82,86.73,86.82,14226.78
1778952900000,86.81,86.86,86.79,86.8,8981.07
1778953200000,86.8,86.82,86.76,86.77,7893.61
1778953500000,86.77,86.89,86.76,86.87,15817.28
1778953800000,86.88,86.9,86.71,86.74,11900.9
1778954100000,86.74,86.76,86.69,86.73,7312.56
1778954400000,86.72,86.82,86.69,86.69,8546.73
1778954700000,86.7,86.74,86.61,86.63,13960.95
1778955000000,86.64,86.7,86.6,86.68,7075.67
1778955300000,86.69,86.72,86.59,86.61,10218.02
1778955600000,86.62,86.64,86.56,86.61,5333.07
1778955900000,86.61,86.7,86.61,86.69,4401.79
1778956200000,86.68,86.77,86.68,86.75,2859.69
1778956500000,86.75,86.77,86.66,86.67,3890.61
1778956800000,86.68,86.8,86.64,86.74,7250.01
1778957100000,86.74,86.78,86.7,86.7,3834.97
1778957400000,86.71,86.91,86.71,86.78,10700.71
1778957700000,86.79,86.83,86.74,86.75,3064.79
1778958000000,86.76,86.78,86.7,86.77,4062.18
1778958300000,86.77,86.8,86.68,86.72,8683.27
1778958600000,86.72,86.73,86.69,86.71,4016.82
1778958900000,86.72,86.79,86.71,86.74,7073.04
1778959200000,86.74,86.74,86.64,86.66,5311.25
1778959500000,86.66,86.79,86.66,86.75,2963.71
1778959800000,86.75,86.75,86.69,86.75,2943.05
1778960100000,86.75,86.79,86.72,86.76,5142.38
1778960400000,86.76,86.76,86.71,86.75,854.17
1778960700000,86.75,86.81,86.72,86.77,3783.71
1778961000000,86.77,86.8,86.64,86.66,4465.25
1778961300000,86.65,86.66,86.6,86.63,4538.15
1778961600000,86.64,86.71,86.62,86.71,10872.49
1778961900000,86.71,86.77,86.7,86.74,5852.23
1778962200000,86.75,86.82,86.71,86.79,10994.9
1778962500000,86.79,86.84,86.79,86.84,2240.57
1778962800000,86.84,86.84,86.78,86.81,5775.97
1778963100000,86.81,86.84,86.75,86.75,2163.08
1778963400000,86.74,86.75,86.64,86.68,3631.38
1778963700000,86.69,86.73,86.65,86.65,5553.39
1778964000000,86.64,86.67,86.62,86.67,4478.92
1778964300000,86.67,86.68,86.63,86.67,3413.23
1778964600000,86.68,86.69,86.64,86.64,4952.3
1778964900000,86.65,86.69,86.62,86.62,6025.84
1778965200000,86.62,86.7,86.61,86.68,3954.71
1778965500000,86.67,86.72,86.62,86.64,8611.09
1778965800000,86.64,86.67,86.58,86.66,12494.36
1778966100000,86.65,86.65,86.57,86.58,2834.51
1778966400000,86.57,86.64,86.57,86.58,4625.61
1778966700000,86.58,86.66,86.57,86.6,2556.84
1778967000000,86.6,86.63,86.58,86.59,1819.48
1778967300000,86.59,86.62,86.52,86.55,12265.91
1778967600000,86.55,86.58,86.43,86.52,17343.84
1778967900000,86.52,86.54,86.45,86.46,4742.7
1778968200000,86.47,86.57,86.46,86.54,6147.44
1778968500000,86.54,86.57,86.52,86.54,5538.26
1778968800000,86.53,86.58,86.42,86.44,8688.52
1778969100000,86.44,86.47,86.39,86.42,11460.9
1778969400000,86.42,86.54,86.41,86.54,2777.93
1778969700000,86.54,86.59,86.52,86.54,6253.39
1778970000000,86.55,86.64,86.54,86.63,6569.05
1778970300000,86.62,86.63,86.58,86.59,2155.76
1778970600000,86.59,86.62,86.56,86.6,2436.86
1778970900000,86.59,86.61,86.53,86.58,4482.88
1778971200000,86.57,86.58,86.54,86.57,936.11
1778971500000,86.57,86.6,86.5,86.52,3044.0
1778971800000,86.52,86.55,86.49,86.49,1178.07
1778972100000,86.49,86.51,86.46,86.49,2939.97
1778972400000,86.48,86.52,86.44,86.45,6155.29
1778972700000,86.45,86.54,86.43,86.52,4255.26
1778973000000,86.52,86.53,86.51,86.52,2871.63
1778973300000,86.52,86.65,86.51,86.63,6356.03
1778973600000,86.63,86.64,86.53,86.56,5550.75
1778973900000,86.56,86.6,86.56,86.56,3968.8
1778974200000,86.57,86.62,86.55,86.56,4885.21
1778974500000,86.56,86.61,86.53,86.58,4082.22
1778974800000,86.57,86.58,86.54,86.56,825.59
1778975100000,86.56,86.62,86.51,86.52,3917.17
1778975400000,86.52,86.53,86.49,86.5,2169.94
1778975700000,86.49,86.54,86.48,86.49,3723.81
1778976000000,86.49,86.68,86.48,86.61,14807.22
1778976300000,86.61,86.65,86.53,86.6,4980.06
1778976600000,86.6,86.67,86.5,86.51,4334.08
1778976900000,86.5,86.56,86.5,86.51,7212.46
1778977200000,86.51,86.51,86.4,86.49,21445.31
1778977500000,86.5,86.5,86.39,86.44,9497.28
1778977800000,86.44,86.45,86.41,86.43,2904.87
1778978100000,86.43,86.51,86.42,86.43,10499.96
1778978400000,86.43,86.44,86.26,86.28,15834.47
1778978700000,86.27,86.31,86.19,86.25,17862.11
1778979000000,86.25,86.32,86.22,86.25,6920.52
1778979300000,86.25,86.27,85.9,86.08,50971.38
1778979600000,86.07,86.16,85.85,86.12,40139.25
1778979900000,86.11,86.25,86.07,86.23,22854.93
1778980200000,86.23,86.29,86.18,86.19,9795.35
1778980500000,86.18,86.21,86.02,86.05,12283.54
1778980800000,86.05,86.08,85.89,85.97,18978.45
1778981100000,85.97,86.0,85.75,85.82,26698.41
1778981400000,85.82,85.99,85.58,85.79,109984.12
1778981700000,85.78,85.86,85.51,85.86,44225.35
1778982000000,85.86,85.86,85.52,85.72,34138.65
1778982300000,85.72,85.9,85.68,85.72,19790.75
1778982600000,85.72,85.84,85.72,85.8,10069.52
1778982900000,85.81,85.86,85.7,85.7,14710.84
1778983200000,85.7,85.87,85.7,85.86,16333.54
1778983500000,85.86,85.89,85.79,85.87,15230.34
1778983800000,85.88,86.02,85.88,85.95,9742.57
1778984100000,85.95,86.01,85.89,86.01,16997.49
1778984400000,86.0,86.05,85.93,85.98,8063.12
1778984700000,85.97,86.1,85.94,86.07,11688.08
1778985000000,86.08,86.13,85.98,86.03,9823.8
1778985300000,86.03,86.19,85.9,85.95,60821.28
1778985600000,85.96,85.98,85.91,85.94,9929.63
1778985900000,85.93,85.98,85.82,85.84,21245.23
1778986200000,85.84,86.02,85.73,85.94,77082.18
1778986500000,85.93,85.96,85.9,85.95,7125.67
1778986800000,85.94,86.17,85.93,86.14,10379.23
1778987100000,86.14,86.17,86.12,86.15,5109.28
1778987400000,86.14,86.18,86.13,86.15,4387.68
1778987700000,86.14,86.28,86.14,86.18,10339.16
1778988000000,86.18,86.21,86.13,86.15,6278.75
1778988300000,86.14,86.17,86.1,86.17,3097.06
1778988600000,86.18,86.34,86.14,86.31,7378.0
1778988900000,86.31,86.39,86.3,86.36,10357.98
1778989200000,86.35,86.4,86.29,86.39,14429.82
1778989500000,86.38,86.52,86.38,86.51,22995.72
1778989800000,86.51,86.58,86.43,86.47,18765.49
1778990100000,86.46,86.47,86.44,86.45,3959.65
1778990400000,86.45,86.58,86.41,86.57,13062.19
1778990700000,86.56,86.6,86.53,86.58,9778.03
1778991000000,86.57,86.6,86.53,86.59,7563.06
1778991300000,86.59,86.66,86.59,86.64,8488.51
1778991600000,86.65,86.82,86.63,86.79,19644.65
1778991900000,86.78,86.84,86.71,86.75,15193.01
1778992200000,86.74,86.75,86.67,86.7,11505.44
1778992500000,86.69,86.89,86.69,86.82,16340.51
1778992800000,86.83,86.92,86.82,86.87,22361.84
1778993100000,86.86,86.9,86.8,86.81,11721.94
1778993400000,86.8,86.83,86.77,86.79,17490.94
1778993700000,86.79,86.82,86.77,86.79,8407.12
1778994000000,86.79,86.86,86.78,86.84,9265.61
1778994300000,86.84,87.24,86.84,87.1,75930.38
1778994600000,87.1,87.11,87.0,87.01,16403.43
1778994900000,87.01,87.02,86.95,86.95,13101.53
1778995200000,86.96,86.97,86.76,86.94,41563.39
1778995500000,86.94,86.96,86.88,86.9,12015.09
1778995800000,86.9,86.9,86.83,86.89,11639.86
1778996100000,86.9,86.97,86.89,86.95,7184.93
1778996400000,86.94,86.97,86.89,86.91,5947.72
1778996700000,86.91,86.98,86.91,86.98,5417.53
1778997000000,86.97,86.97,86.85,86.86,8599.3
1778997300000,86.86,86.87,86.83,86.86,6788.83
1778997600000,86.85,86.96,86.85,86.92,5207.03
1778997900000,86.91,86.94,86.86,86.92,3552.36
1778998200000,86.92,86.95,86.91,86.95,4589.21
1778998500000,86.95,86.96,86.91,86.94,4675.58
1778998800000,86.94,86.94,86.76,86.79,18864.65
1778999100000,86.78,86.83,86.73,86.83,15694.3
1778999400000,86.82,86.85,86.8,86.85,8641.24
1778999700000,86.85,86.9,86.85,86.89,6162.15
1779000000000,86.88,86.88,86.67,86.68,29677.27
1779000300000,86.69,86.75,86.67,86.71,11471.91
1779000600000,86.72,86.77,86.72,86.77,3977.91
1779000900000,86.76,86.79,86.71,86.79,3041.68
1779001200000,86.79,86.82,86.72,86.79,7068.63
1779001500000,86.78,86.79,86.72,86.76,7183.92
1779001800000,86.75,86.81,86.75,86.77,3743.97
1779002100000,86.77,86.77,86.73,86.74,3380.16
1779002400000,86.74,86.85,86.72,86.85,8951.48
1779002700000,86.85,86.92,86.84,86.86,12852.76
1779003000000,86.86,87.06,86.86,87.05,29286.31
1779003300000,87.04,87.05,86.84,86.93,12957.13
1779003600000,86.93,86.94,86.79,86.89,17876.83
1779003900000,86.88,86.92,86.87,86.91,6276.42
1779004200000,86.9,86.95,86.88,86.93,7665.4
1779004500000,86.93,86.96,86.89,86.93,5089.24
1779004800000,86.93,86.98,86.75,86.79,27914.43
1779005100000,86.79,86.9,86.78,86.89,10868.83
1779005400000,86.9,86.9,86.64,86.72,32290.46
1779005700000,86.72,86.75,86.61,86.7,11588.23
1779006000000,86.69,86.77,86.66,86.73,8055.28
1779006300000,86.72,86.73,86.52,86.61,45445.09
1779006600000,86.61,86.66,86.58,86.61,12120.65
1779006900000,86.6,86.75,86.6,86.69,7991.32
1779007200000,86.68,86.68,86.56,86.64,9628.54
1779007500000,86.64,86.67,86.6,86.67,4396.43
1779007800000,86.67,86.73,86.64,86.71,6215.82
1779008100000,86.7,86.78,86.7,86.78,10183.26
1779008400000,86.78,86.78,86.67,86.67,21871.45
1779008700000,86.68,86.81,86.68,86.77,6197.18
1779009000000,86.77,86.86,86.77,86.85,9336.3
1779009300000,86.85,86.92,86.83,86.9,12672.15
1779009600000,86.91,86.95,86.7,86.8,51583.24
1779009900000,86.79,86.81,86.72,86.81,11130.65
1779010200000,86.8,86.8,86.75,86.77,6316.77
1779010500000,86.78,86.79,86.7,86.76,5922.79
1779010800000,86.76,86.76,86.68,86.68,3789.97
1779011100000,86.68,86.73,86.66,86.71,23482.86
1779011400000,86.71,86.82,86.71,86.79,5452.78
1779011700000,86.79,86.87,86.76,86.83,9576.62
1779012000000,86.83,87.12,86.8,87.04,33246.1
1779012300000,87.05,87.05,86.93,86.98,21872.16
1779012600000,86.99,87.2,86.89,87.08,62047.41
1779012900000,87.08,87.15,87.01,87.04,27295.9
1779013200000,87.03,87.1,86.98,87.08,15268.73
1779013500000,87.08,87.23,87.05,87.08,22113.4
1779013800000,87.07,87.08,86.94,86.96,14128.32
1779014100000,86.96,87.06,86.94,86.94,24038.35
1779014400000,86.95,86.95,86.85,86.88,27946.91
1779014700000,86.87,86.89,86.84,86.89,9682.85
1779015000000,86.89,86.9,86.8,86.81,10694.75
1779015300000,86.81,86.99,86.73,86.93,75418.0
1779015600000,86.94,86.96,86.78,86.87,24364.26
1779015900000,86.87,86.93,86.83,86.93,7690.39
1779016200000,86.94,86.94,86.8,86.8,4357.62
1779016500000,86.81,86.85,86.77,86.77,5993.67
1779016800000,86.78,86.82,86.74,86.8,5367.58
1779017100000,86.81,86.82,86.76,86.77,12405.37
1779017400000,86.78,86.9,86.72,86.85,29372.73
1779017700000,86.86,86.86,86.79,86.8,7778.92
1779018000000,86.81,86.92,86.81,86.9,6540.15
1779018300000,86.9,86.94,86.85,86.87,11579.93
1779018600000,86.87,86.88,86.81,86.81,2046.56
1779018900000,86.81,86.85,86.8,86.84,4652.7
1779019200000,86.84,86.87,86.81,86.82,5309.31
1779019500000,86.82,86.85,86.8,86.84,2770.09
1779019800000,86.85,86.92,86.84,86.84,4500.12
1779020100000,86.85,86.94,86.84,86.85,3517.63
1779020400000,86.84,86.91,86.8,86.87,1925.24
1779020700000,86.87,86.92,86.86,86.87,3862.71
1779021000000,86.87,86.91,86.84,86.88,8485.78
1779021300000,86.89,86.97,86.85,86.88,17054.64
1779021600000,86.88,86.9,86.86,86.89,2596.93
1779021900000,86.89,86.94,86.76,86.76,23605.24
1779022200000,86.77,86.8,86.74,86.77,11258.55
1779022500000,86.76,86.79,86.66,86.7,10307.12
1779022800000,86.71,86.71,86.54,86.66,25398.72
1779023100000,86.65,86.74,86.6,86.6,14266.85
1779023400000,86.6,86.65,86.41,86.45,59734.03
1779023700000,86.44,86.45,86.25,86.38,69199.93
1779024000000,86.38,86.38,86.3,86.32,10314.66
1779024300000,86.33,86.44,86.32,86.43,7462.44
1779024600000,86.43,86.48,86.38,86.47,15072.39
1779024900000,86.48,86.56,86.47,86.51,11832.41
1779025200000,86.51,86.53,86.42,86.45,7250.95
1779025500000,86.44,86.53,86.44,86.49,7078.02
1779025800000,86.48,86.54,86.36,86.38,11356.79
1779026100000,86.38,86.41,86.31,86.35,19407.9
1779026400000,86.35,86.38,86.2,86.33,21503.68
1779026700000,86.33,86.39,86.24,86.28,23679.06
1779027000000,86.27,86.34,86.22,86.28,10050.86
1779027300000,86.29,86.29,85.85,86.11,81778.07
1779027600000,86.1,86.24,86.05,86.2,17401.98
1779027900000,86.19,86.4,86.19,86.28,15467.91
1779028200000,86.28,86.33,86.11,86.22,9235.36
1779028500000,86.22,86.26,86.15,86.17,8145.5
1779028800000,86.18,86.24,86.17,86.23,5384.2
1779029100000,86.24,86.31,86.23,86.29,6176.55
1779029400000,86.29,86.33,86.23,86.33,9165.06
1779029700000,86.33,86.35,86.24,86.25,3870.31
1779030000000,86.24,86.29,86.13,86.26,9362.77
1779030300000,86.26,86.42,86.26,86.38,18406.89
1779030600000,86.38,86.42,86.32,86.32,13236.38
1779030900000,86.32,86.32,86.1,86.29,16776.85
1779031200000,86.29,86.3,86.22,86.27,7887.89
1779031500000,86.26,86.28,86.23,86.24,4264.25
1779031800000,86.25,86.37,86.23,86.35,13077.14
1779032100000,86.35,86.4,86.3,86.36,10299.87
1779032400000,86.35,86.42,86.3,86.37,11368.4
1779032700000,86.36,86.44,86.35,86.4,6189.84
1779033000000,86.4,86.4,86.37,86.38,4307.08
1779033300000,86.37,86.43,86.37,86.38,8832.71
1779033600000,86.39,86.53,86.38,86.46,14755.49
1779033900000,86.46,86.47,86.41,86.43,7276.6
1779034200000,86.43,86.48,86.4,86.46,10120.45
1779034500000,86.46,86.55,86.43,86.49,18576.65
1779034800000,86.49,86.5,86.38,86.48,7853.0
1779035100000,86.49,86.56,86.48,86.56,10879.09
1779035400000,86.55,86.62,86.51,86.54,23805.56
1779035700000,86.53,86.53,86.46,86.49,6432.28
1779036000000,86.49,86.57,86.49,86.51,2673.38
1779036300000,86.5,86.51,86.33,86.37,34275.47
1779036600000,86.36,86.41,86.28,86.41,7602.2
1779036900000,86.4,86.4,86.05,86.24,63985.92
1779037200000,86.25,86.27,86.1,86.23,18776.57
1779037500000,86.24,86.31,86.2,86.29,10348.38
1779037800000,86.28,86.29,86.05,86.1,13681.97
1779038100000,86.1,86.11,85.95,86.09,32521.21
1779038400000,86.09,86.16,86.09,86.14,5271.28
1779038700000,86.14,86.14,86.07,86.12,5547.65
1779039000000,86.13,86.14,85.94,86.1,14790.38
1779039300000,86.1,86.1,85.97,86.08,6431.48
1779039600000,86.07,86.19,86.05,86.18,10551.34
1779039900000,86.18,86.22,86.14,86.22,10298.76
1779040200000,86.21,86.23,86.16,86.16,8180.48
1779040500000,86.16,86.24,86.16,86.19,7140.14
1779040800000,86.19,86.39,86.15,86.3,28843.24
1779041100000,86.3,86.34,86.18,86.18,10348.68
1779041400000,86.18,86.22,86.16,86.17,4333.56
1779041700000,86.16,86.19,86.0,86.01,10308.9
1779042000000,86.0,86.1,85.96,86.1,10989.01
1779042300000,86.09,86.21,86.09,86.21,4548.53
1779042600000,86.2,86.25,86.16,86.18,5066.08
1779042900000,86.18,86.23,86.18,86.21,1691.66
1779043200000,86.21,86.24,86.17,86.17,9193.27
1779043500000,86.17,86.24,86.13,86.22,4137.89
1779043800000,86.21,86.3,86.19,86.3,3859.82
1779044100000,86.29,86.38,86.29,86.37,7754.91
1779044400000,86.36,86.49,86.36,86.46,9191.09
1779044700000,86.46,86.53,86.44,86.45,7073.44
1779045000000,86.45,86.45,86.37,86.41,3624.03
1779045300000,86.41,86.42,86.36,86.39,2860.14
1779045600000,86.39,86.53,86.39,86.43,3377.56
1779045900000,86.44,86.48,86.41,86.41,1709.83
1779046200000,86.42,86.48,86.41,86.45,2271.76
1779046500000,86.45,86.52,86.44,86.52,2744.85
1779046800000,86.53,86.68,86.52,86.62,13209.11
1779047100000,86.62,86.88,86.59,86.84,21509.86
1779047400000,86.83,86.91,86.79,86.8,38496.93
1779047700000,86.8,86.8,86.7,86.73,7467.76
1779048000000,86.73,86.81,86.68,86.72,15806.01
1779048300000,86.71,86.77,86.65,86.65,3693.33
1779048600000,86.66,86.86,86.62,86.71,38367.73
1779048900000,86.71,86.72,86.6,86.61,6074.31
1779049200000,86.6,86.62,86.51,86.6,4989.15
1779049500000,86.61,86.64,86.6,86.6,1867.14
1779049800000,86.6,86.73,86.6,86.62,6624.14
1779050100000,86.62,86.67,86.53,86.58,11216.19
1779050400000,86.59,86.65,86.58,86.62,1207.6
1779050700000,86.63,86.63,86.58,86.62,4935.13
1779051000000,86.63,86.65,86.6,86.62,2331.03
1779051300000,86.63,86.66,86.61,86.64,2140.96
1779051600000,86.64,86.64,86.55,86.61,4003.87
1779051900000,86.61,86.68,86.61,86.67,7437.5
1779052200000,86.67,86.74,86.66,86.69,19775.2
1779052500000,86.7,86.72,86.63,86.72,2713.93
1779052800000,86.72,86.86,86.71,86.86,14023.57
1779053100000,86.85,86.89,86.81,86.89,8926.67
1779053400000,86.88,86.9,86.79,86.84,9458.0
1779053700000,86.84,86.94,86.77,86.78,8525.9
1779054000000,86.78,86.88,86.77,86.85,6664.94
1779054300000,86.85,86.86,86.82,86.83,2349.14
1779054600000,86.83,86.88,86.82,86.84,2892.45
1779054900000,86.85,86.92,86.84,86.88,7077.88
1779055200000,86.88,86.88,86.26,86.6,69883.18
1779055500000,86.6,86.71,86.36,86.39,23967.32
1779055800000,86.4,86.42,86.16,86.3,38499.34
1779056100000,86.3,86.37,86.13,86.16,15487.4
1779056400000,86.16,86.27,86.0,86.12,23811.5
1779056700000,86.12,86.12,85.97,86.07,17052.46
1779057000000,86.08,86.29,86.03,86.26,10799.6
1779057300000,86.26,86.29,86.01,86.25,12045.29
1779057600000,86.24,86.38,86.24,86.28,4033.76
1779057900000,86.28,86.29,86.15,86.22,8316.43
1779058200000,86.21,86.22,85.95,86.03,23421.84
1779058500000,86.03,86.2,86.02,86.18,4822.45
1779058800000,86.19,86.19,86.01,86.09,10828.12
1779059100000,86.08,86.12,85.88,86.03,28034.96
1779059400000,86.03,86.12,86.02,86.02,16032.26
1779059700000,86.01,86.03,85.64,85.89,76062.18
1779060000000,85.89,86.08,85.83,85.99,13062.15
1779060300000,85.98,86.01,85.66,85.75,39458.61
1779060600000,85.75,85.8,85.56,85.79,29196.8
1779060900000,85.79,85.79,85.53,85.55,18166.37
1779061200000,85.56,85.61,83.29,84.45,1457307.0
1779061500000,84.45,84.83,84.32,84.68,166992.57
1779061800000,84.67,85.33,84.58,85.14,159657.43
1779062100000,85.13,85.23,85.06,85.17,61599.78
1779062400000,85.17,85.2,84.69,84.9,78807.13
1779062700000,84.89,84.89,84.55,84.56,55048.05
1779063000000,84.57,84.88,84.33,84.86,104165.43
1779063300000,84.86,85.08,84.76,84.83,36462.62
1779063600000,84.83,85.09,84.82,85.01,24271.04
1779063900000,85.01,85.2,84.93,85.05,38420.81
1779064200000,85.05,85.17,84.82,84.99,38545.09
1779064500000,85.0,85.14,84.85,84.96,77268.63
1779064800000,84.96,85.01,84.83,84.84,22934.56
1779065100000,84.83,84.99,84.81,84.95,20023.57
1779065400000,84.95,85.07,84.85,84.95,26484.06
1779065700000,84.96,85.3,84.95,85.28,42832.33
1779066000000,85.29,85.32,85.08,85.19,19573.35
1779066300000,85.2,85.3,85.09,85.24,15371.59
1779066600000,85.25,85.43,85.13,85.13,33447.88
1779066900000,85.13,85.14,84.82,84.83,43486.51
1779067200000,84.83,84.95,84.62,84.87,68583.77
1779067500000,84.87,84.9,84.68,84.82,29350.86
1779067800000,84.82,84.85,84.57,84.61,65917.96
1779068100000,84.61,84.87,84.6,84.83,19849.9
1779068400000,84.82,84.88,84.62,84.67,21850.0
1779068700000,84.66,84.79,84.48,84.68,34509.45
1779069000000,84.69,84.81,84.63,84.8,11808.1
1779069300000,84.81,85.09,84.76,84.92,31130.7
1779069600000,84.93,85.18,84.82,85.1,31889.55
1779069900000,85.1,85.3,85.01,85.17,23075.65
1779070200000,85.18,85.3,85.1,85.25,18245.89
1779070500000,85.25,85.29,85.01,85.06,43954.16
1779070800000,85.05,85.09,84.91,85.07,19693.09
1779071100000,85.06,85.1,84.96,85.02,5135.02
1779071400000,85.01,85.14,84.95,85.04,8597.8
1779071700000,85.05,85.05,84.84,84.88,11907.13
1779072000000,84.88,84.93,84.8,84.93,6560.44
1779072300000,84.93,85.03,84.89,84.9,8729.31
1779072600000,84.89,84.91,84.67,84.76,32732.82
1779072900000,84.76,84.85,84.72,84.85,7268.43
1779073200000,84.85,85.06,84.83,85.03,13782.87
1779073500000,85.02,85.19,84.99,85.13,10352.53
1779073800000,85.14,85.2,84.92,84.93,9519.32
1779074100000,84.93,85.0,84.89,84.92,9085.57
1779074400000,84.91,84.91,84.77,84.91,12334.39
1779074700000,84.91,84.97,84.8,84.91,6326.43
1779075000000,84.92,84.93,84.69,84.76,15587.44
1779075300000,84.76,84.82,84.67,84.78,10068.32
1779075600000,84.79,84.92,84.75,84.89,17728.39
1779075900000,84.9,84.96,84.87,84.95,12064.09
1779076200000,84.95,84.96,84.75,84.79,7117.62
1779076500000,84.79,84.87,84.77,84.81,6861.56
1779076800000,84.8,84.97,84.79,84.91,6496.62
1779077100000,84.91,84.99,84.89,84.97,12543.17
1779077400000,84.97,85.09,84.92,85.08,13188.42
1779077700000,85.07,85.1,84.9,84.94,10096.88
1779078000000,84.95,84.95,84.6,84.62,27320.2
1779078300000,84.63,84.71,84.54,84.7,22083.03
1779078600000,84.69,84.74,84.63,84.73,9319.51
1779078900000,84.73,84.88,84.72,84.87,10885.57
1779079200000,84.87,85.11,84.87,85.1,24542.47
1779079500000,85.1,85.27,85.07,85.1,19912.67
1779079800000,85.09,85.19,85.0,85.19,17672.22
1779080100000,85.19,85.26,85.1,85.21,16343.93
1779080400000,85.22,85.33,85.17,85.29,24400.18
1779080700000,85.3,85.31,85.19,85.28,9856.7
1779081000000,85.28,85.33,85.22,85.25,22839.11
1779081300000,85.25,85.25,85.1,85.16,13932.96
1779081600000,85.16,85.25,85.13,85.2,9248.72
1779081900000,85.19,85.29,85.16,85.22,15148.58
1779082200000,85.21,85.27,84.91,84.91,89090.75
1779082500000,84.92,84.92,84.8,84.87,19028.39
1779082800000,84.88,84.9,84.6,84.82,82906.74
1779083100000,84.82,84.88,84.78,84.86,20065.81
1779083400000,84.86,84.89,84.8,84.86,11092.02
1779083700000,84.87,84.91,84.75,84.83,12728.45
1779084000000,84.83,84.93,84.74,84.74,18378.63
1779084300000,84.74,84.77,84.24,84.42,135631.43
1779084600000,84.42,84.66,84.27,84.64,51646.67
1779084900000,84.65,84.84,84.55,84.61,25143.4
1779085200000,84.6,84.6,84.22,84.44,59535.88
1779085500000,84.44,84.56,84.42,84.45,33567.37
1779085800000,84.44,84.64,84.31,84.64,21906.25
1779086100000,84.65,84.77,84.42,84.45,73015.75
1779086400000,84.46,84.64,84.46,84.63,10610.65
1779086700000,84.64,84.83,84.6,84.81,11789.63
1779087000000,84.81,84.82,84.61,84.69,13418.67
1779087300000,84.69,84.78,84.66,84.7,6721.72
1779087600000,84.7,84.84,84.7,84.77,20844.92
1779087900000,84.77,84.8,84.68,84.7,10232.89
1779088200000,84.7,84.71,84.55,84.68,23004.08
1779088500000,84.67,84.68,84.46,84.46,11076.23
1779088800000,84.46,84.55,84.34,84.53,17491.47
1779089100000,84.53,84.96,84.52,84.87,30910.78
1779089400000,84.86,84.94,84.79,84.85,12018.16
1779089700000,84.84,84.85,84.73,84.73,5666.61
1779090000000,84.74,84.77,84.48,84.5,13509.46
1779090300000,84.51,84.67,84.5,84.58,9614.86
1779090600000,84.58,84.71,84.53,84.71,4044.55
1779090900000,84.7,84.75,84.62,84.69,14084.72
1779091200000,84.7,84.92,84.69,84.92,24961.3
1779091500000,84.92,84.95,84.8,84.81,20258.72
1779091800000,84.82,84.83,84.74,84.75,10231.23
1779092100000,84.76,84.82,84.7,84.75,6016.83
1779092400000,84.75,84.83,84.72,84.78,5761.72
1779092700000,84.78,84.85,84.77,84.77,3608.97
1779093000000,84.77,84.8,84.6,84.75,7366.12
1779093300000,84.75,84.75,84.54,84.63,10537.06
1779093600000,84.63,84.68,84.61,84.63,7688.81
1779093900000,84.62,84.71,84.59,84.63,4978.5
1779094200000,84.62,84.84,84.62,84.83,13281.94
1779094500000,84.83,84.86,84.8,84.84,6781.39
1779094800000,84.84,84.88,84.65,84.69,18856.73
1779095100000,84.68,84.69,84.6,84.63,16565.92
1779095400000,84.62,84.65,84.52,84.57,12539.73
1779095700000,84.58,84.7,84.54,84.61,6131.5
1779096000000,84.61,84.68,84.61,84.67,4280.69
1779096300000,84.68,84.68,84.55,84.61,4970.57
1779096600000,84.61,84.61,84.49,84.58,10282.77
1779096900000,84.58,84.69,84.58,84.65,7984.46
1779097200000,84.65,84.65,84.55,84.57,4909.93
1779097500000,84.57,84.69,84.54,84.62,6579.9
1779097800000,84.62,84.65,84.47,84.48,9157.96
1779098100000,84.48,84.54,84.41,84.43,20820.68
1779098400000,84.43,84.47,84.3,84.32,25144.08
1779098700000,84.31,84.37,84.16,84.29,52059.13
1779099000000,84.29,84.33,84.19,84.22,9295.34
1779099300000,84.22,84.32,84.19,84.29,26091.68
1779099600000,84.29,84.36,84.17,84.3,24129.08
1779099900000,84.3,84.37,84.25,84.32,19572.81
1779100200000,84.31,84.39,84.24,84.25,14290.25
1779100500000,84.25,84.37,84.18,84.34,11798.51
1779100800000,84.34,84.36,84.23,84.26,9846.04
1779101100000,84.26,84.45,84.26,84.37,10450.43
1779101400000,84.37,84.4,84.29,84.3,9605.85
1779101700000,84.31,84.31,84.18,84.22,12227.93
1779102000000,84.22,84.28,84.04,84.23,34882.52
1779102300000,84.22,84.22,84.05,84.05,13010.73
1779102600000,84.04,84.21,84.04,84.18,18817.38
1779102900000,84.18,84.4,84.16,84.35,12084.08
1779103200000,84.34,84.34,84.23,84.28,8936.19
1779103500000,84.28,84.35,84.25,84.25,6251.38
1779103800000,84.25,84.53,84.16,84.48,20445.58
1779104100000,84.48,84.87,84.35,84.86,53866.4
1779104400000,84.85,85.28,84.79,85.19,116155.97
1779104700000,85.19,85.22,84.96,85.04,38217.66
1779105000000,85.03,85.04,84.85,84.9,25942.5
1779105300000,84.91,85.0,84.89,84.93,18889.46
1779105600000,84.93,85.29,84.93,84.98,66553.37
1779105900000,84.97,85.33,84.97,85.25,32012.12
1779106200000,85.26,85.29,85.14,85.24,22919.86
1779106500000,85.24,85.32,85.11,85.21,40221.99
1779106800000,85.22,85.44,85.18,85.42,30138.48
1779107100000,85.41,85.42,85.12,85.13,26254.45
1779107400000,85.12,85.41,85.03,85.4,36314.48
1779107700000,85.4,85.58,85.35,85.54,40474.95
1779108000000,85.54,85.72,85.5,85.67,60004.86
1779108300000,85.66,85.75,85.5,85.52,35699.27
1779108600000,85.52,85.56,85.42,85.45,30267.76
1779108900000,85.46,85.55,85.41,85.51,13330.53
1779109200000,85.52,85.52,85.22,85.26,47638.15
1779109500000,85.27,85.31,85.19,85.21,25716.3
1779109800000,85.21,85.34,85.2,85.32,9555.48
1779110100000,85.32,85.33,85.18,85.23,12567.8
1779110400000,85.23,85.25,85.17,85.23,11639.0
1779110700000,85.22,85.24,85.07,85.09,16631.57
1779111000000,85.08,85.08,84.66,84.81,82850.76
1779111300000,84.81,84.9,84.25,84.63,112670.97
1779111600000,84.63,84.91,84.36,84.54,60908.03
1779111900000,84.53,84.85,84.38,84.69,45603.86
1779112200000,84.69,84.96,84.66,84.83,46492.48
1779112500000,84.83,84.89,84.56,84.64,24419.97
1779112800000,84.64,84.64,84.35,84.58,19513.67
1779113100000,84.58,84.6,84.36,84.55,52408.6
1779113400000,84.55,84.56,84.28,84.37,22179.23
1779113700000,84.36,84.47,83.92,84.25,98807.64
1779114000000,84.26,84.39,84.18,84.26,45298.65
1779114300000,84.26,84.39,84.14,84.17,24880.06
1779114600000,84.18,84.27,83.76,83.84,86925.0
1779114900000,83.84,84.2,83.67,84.13,77429.94
1779115200000,84.13,84.16,83.97,84.01,33406.59
1779115500000,84.0,84.01,83.67,83.88,56184.25
1779115800000,83.89,84.07,83.82,83.83,41631.77
1779116100000,83.82,83.94,83.74,83.93,34208.22
1779116400000,83.93,83.96,83.54,83.66,78415.0
1779116700000,83.66,83.86,83.58,83.7,30352.59
1779117000000,83.69,84.01,83.69,83.9,29386.05
1779117300000,83.89,83.92,83.65,83.69,18851.1
1779117600000,83.68,83.82,83.67,83.78,16867.76
1779117900000,83.77,83.96,83.65,83.68,31783.23
1779118200000,83.67,83.95,83.58,83.95,61941.72
1779118500000,83.94,84.07,83.92,83.94,29920.0
1779118800000,83.94,84.15,83.92,84.09,29211.48
1779119100000,84.08,84.17,84.06,84.06,12972.89
1779119400000,84.06,84.26,84.04,84.26,22353.26
1779119700000,84.26,84.37,84.12,84.16,22177.53
1779120000000,84.16,84.22,84.05,84.07,20094.75
1779120300000,84.07,84.15,84.04,84.12,14730.79
1779120600000,84.12,84.41,84.09,84.33,37691.93
1779120900000,84.33,84.43,84.31,84.36,23268.02
1779121200000,84.36,84.46,84.12,84.22,30436.23
1779121500000,84.23,84.23,83.96,84.04,41898.93
1779121800000,84.03,84.19,83.94,84.15,18312.52
1779122100000,84.14,84.36,84.14,84.27,18369.02
1779122400000,84.28,84.32,84.18,84.29,6892.88
1779122700000,84.3,84.44,84.26,84.3,22472.64
1779123000000,84.31,84.41,84.25,84.37,12191.86
1779123300000,84.38,84.45,84.27,84.27,16162.11
1779123600000,84.27,84.44,84.17,84.43,12368.57
1779123900000,84.43,84.66,84.4,84.46,24071.41
1779124200000,84.46,84.49,84.3,84.35,7088.9
1779124500000,84.35,84.52,84.35,84.49,14481.3
1779124800000,84.49,84.5,84.35,84.43,7130.84
1779125100000,84.43,84.44,84.36,84.4,6780.81
1779125400000,84.41,84.44,84.26,84.3,9902.25
1779125700000,84.31,84.33,84.22,84.28,9280.49
1779126000000,84.28,84.4,84.25,84.32,7391.14
1779126300000,84.32,84.42,84.25,84.31,7220.65
1779126600000,84.32,84.43,84.32,84.32,6534.65
1779126900000,84.32,84.37,84.27,84.36,9423.6
1779127200000,84.36,84.4,84.14,84.18,11721.56
1779127500000,84.19,84.19,83.95,84.05,18813.59
1779127800000,84.06,84.06,83.92,83.97,11648.72
1779128100000,83.97,83.98,83.7,83.78,31189.23
1779128400000,83.78,83.83,83.65,83.8,20379.8
1779128700000,83.79,83.84,83.42,83.77,64907.62
1779129000000,83.77,83.91,83.72,83.86,12285.89
1779129300000,83.86,83.94,83.76,83.78,12213.38
1779129600000,83.78,83.89,83.75,83.85,13620.36
1779129900000,83.85,83.93,83.73,83.79,8112.39
1779130200000,83.78,83.82,83.65,83.65,10940.3
1779130500000,83.65,83.8,83.45,83.48,56903.95
1779130800000,83.47,84.91,83.45,84.61,221452.79
1779131100000,84.62,84.74,84.26,84.55,42948.07
1779131400000,84.55,84.68,84.48,84.55,34263.63
1779131700000,84.56,84.61,84.41,84.5,24557.36
1779132000000,84.49,84.64,84.41,84.41,13402.18
1779132300000,84.41,84.49,84.28,84.42,18615.11
1779132600000,84.41,84.61,84.38,84.49,11018.4
1779132900000,84.5,84.72,84.5,84.65,16021.32
1779133200000,84.64,84.93,84.61,84.86,27107.17
1779133500000,84.85,84.98,84.8,84.9,55399.53
1779133800000,84.91,85.2,84.88,85.01,37307.33
1779134100000,85.0,85.11,84.93,84.96,24591.56
1779134400000,84.96,85.19,84.96,85.03,36018.0
1779134700000,85.02,85.1,84.95,85.08,14915.58
1779135000000,85.08,85.28,85.07,85.19,12634.77
1779135300000,85.19,85.33,85.18,85.26,16851.46
1779135600000,85.25,85.31,85.16,85.31,17239.44
1779135900000,85.31,85.34,85.27,85.29,5811.18
1779136200000,85.29,85.37,85.17,85.2,11487.3
1779136500000,85.19,85.22,85.09,85.09,17721.47
1779136800000,85.09,85.1,84.95,85.02,15531.15
1779137100000,85.01,85.02,84.84,84.87,15450.38
1779137400000,84.86,84.93,84.78,84.91,12977.63
1779137700000,84.9,84.97,84.83,84.86,8250.03
1779138000000,84.87,84.92,84.73,84.83,15600.4
1779138300000,84.82,84.83,84.75,84.82,8675.08
1779138600000,84.82,85.11,84.76,85.03,21761.36
1779138900000,85.02,85.11,85.01,85.07,6855.15
1779139200000,85.07,85.16,85.06,85.07,8288.95
1779139500000,85.07,85.32,85.07,85.25,17334.15
1779139800000,85.25,85.63,85.25,85.42,39728.86
1779140100000,85.41,85.5,85.35,85.45,31956.02
1779140400000,85.45,85.53,85.39,85.48,10520.98
1779140700000,85.49,85.51,85.39,85.42,16399.76
1779141000000,85.42,85.56,85.41,85.51,15451.2
1779141300000,85.5,85.56,85.5,85.53,10954.39
1779141600000,85.53,85.58,85.4,85.45,23134.61
1779141900000,85.45,85.63,85.45,85.55,13099.06
1779142200000,85.54,85.61,85.48,85.57,8786.55
1779142500000,85.57,85.74,85.52,85.65,23363.99
1779142800000,85.65,85.7,85.57,85.62,9916.84
1779143100000,85.62,85.64,85.49,85.51,18022.64
1779143400000,85.52,85.57,85.46,85.46,12061.0
1779143700000,85.47,85.55,85.47,85.5,3527.14
1779144000000,85.49,85.5,85.31,85.36,18378.35
1779144300000,85.35,85.36,85.25,85.28,12640.32
1779144600000,85.28,85.34,85.23,85.31,14699.2
1779144900000,85.31,85.42,85.28,85.41,8136.43
1779145200000,85.41,85.59,85.39,85.51,11938.27
1779145500000,85.5,85.5,85.38,85.49,6823.49
1779145800000,85.5,85.51,85.42,85.42,6188.02
1779146100000,85.43,85.43,85.35,85.36,13230.57
1779146400000,85.37,85.47,85.33,85.45,2949.75
1779146700000,85.45,85.46,85.4,85.42,6357.11
1779147000000,85.42,85.43,85.31,85.34,10132.03
1779147300000,85.34,85.45,85.33,85.45,10026.19
1779147600000,85.45,85.5,85.42,85.49,9400.94
1779147900000,85.48,85.48,85.29,85.35,11316.26
1779148200000,85.35,85.36,85.21,85.25,6560.06
1779148500000,85.24,85.34,85.23,85.34,15483.4
1779148800000,85.34,85.41,85.29,85.31,9867.9
1779149100000,85.3,85.43,85.27,85.4,4097.82
1779149400000,85.41,85.55,85.41,85.46,21536.67
1779149700000,85.45,85.58,85.43,85.58,11265.91
1779150000000,85.57,85.95,85.56,85.72,72324.11
1779150300000,85.72,85.81,85.71,85.76,19472.92
1779150600000,85.76,85.81,85.76,85.77,3236.04
